player_league_season_id,playerId,playerName,requested_season,requested_level,requested_league_name,teamName,age,k,cluster
676203-2022-110,676203,Marcos Castañon,2022,Low-A,California League,Lake Elsinore Storm,23,4,1
692585-2022-110,692585,Yanquiel Fernández,2022,Low-A,California League,Fresno Grizzlies,19,4,3
687529-2022-110,687529,Grant McCray,2022,Low-A,California League,San Jose Giants,21,4,3
672596-2022-110,672596,Robert Perez Jr.,2022,Low-A,California League,Modesto Nuts,22,4,1
700337-2022-110,700337,Edgar Quero,2022,Low-A,California League,Inland Empire 66ers,19,4,3
691777-2022-110,691777,Max Muncy,2022,Low-A,California League,Stockton Ports,19,4,1
678596-2022-110,678596,Yorlis Rodriguez,2022,Low-A,California League,San Jose Giants,22,4,2
691182-2022-110,691182,Adael Amador,2022,Low-A,California League,Fresno Grizzlies,19,4,2
690924-2022-110,690924,Braxton Fulford,2022,Low-A,California League,Fresno Grizzlies,23,4,2
678577-2022-110,678577,Junior Perez,2022,Low-A,California League,Stockton Ports,20,4,3
692348-2022-110,692348,Aeverson Arteaga,2022,Low-A,California League,San Jose Giants,19,4,3
691285-2022-110,691285,Junior Franco,2022,Low-A,California League,Visalia Rawhide,19,4,4
682648-2022-110,682648,Juan Guerrero,2022,Low-A,California League,Fresno Grizzlies,20,4,2
695490-2022-110,695490,Edwin Arroyo,2022,Low-A,California League,Modesto Nuts,18,4,3
682729-2022-110,682729,Jonatan Clase,2022,Low-A,California League,Modesto Nuts,20,4,4
678832-2022-110,678832,Yunior Garcia,2022,Low-A,California League,Rancho Cucamonga Quakes,20,4,3
694808-2022-110,694808,Zach Kokoska,2022,Low-A,California League,Fresno Grizzlies,23,4,1
691269-2022-110,691269,Adrian Placencia,2022,Low-A,California League,Inland Empire 66ers,19,4,3
682674-2022-110,682674,Victor Bericoto,2022,Low-A,California League,San Jose Giants,20,4,3
701618-2022-110,701618,Damon Keith,2022,Low-A,California League,Rancho Cucamonga Quakes,22,4,3
682877-2022-110,682877,Juan Brito,2022,Low-A,California League,Fresno Grizzlies,20,4,1
668993-2022-110,668993,Justin Farmer,2022,Low-A,California League,Lake Elsinore Storm,23,4,1
695670-2022-110,695670,Harry Ford,2022,Low-A,California League,Modesto Nuts,19,4,3
691177-2022-110,691177,Luis Rodriguez,2022,Low-A,California League,Rancho Cucamonga Quakes,19,4,3
691558-2022-110,691558,Yeiner Fernandez,2022,Low-A,California League,Rancho Cucamonga Quakes,19,4,2
682643-2022-110,682643,Alexander Ramirez,2022,Low-A,California League,Inland Empire 66ers,19,4,3
683341-2022-110,683341,David Calabrese,2022,Low-A,California League,Inland Empire 66ers,19,4,4
702789-2022-110,702789,Austin Gauthier,2022,Low-A,California League,Rancho Cucamonga Quakes,23,4,3
672013-2022-110,672013,T.J. Schofield-Sam,2022,Low-A,California League,Stockton Ports,21,4,2
679751-2022-110,679751,Danny Bautista Jr.,2022,Low-A,California League,Stockton Ports,21,4,2
676004-2022-110,676004,Walking Cabrera,2022,Low-A,California League,Modesto Nuts,21,4,2
683102-2022-110,683102,Garrett Frechette,2022,Low-A,California League,San Jose Giants,21,4,2
691186-2022-110,691186,Arol Vera,2022,Low-A,California League,Inland Empire 66ers,19,4,4
691949-2022-110,691949,Jake Vogel,2022,Low-A,California League,Rancho Cucamonga Quakes,20,4,2
696045-2022-122,696045,Yosy Galan,2022,Low-A,Carolina League,Down East Wood Ducks,21,4,1
700246-2022-122,700246,Carson Williams,2022,Low-A,Carolina League,Charleston RiverDogs,19,4,3
687554-2022-122,687554,DJ Gladney,2022,Low-A,Carolina League,Kannapolis Cannon Ballers,20,4,3
692221-2022-122,692221,Sammy Infante,2022,Low-A,Carolina League,Fredericksburg Nationals,21,4,1
691442-2022-122,691442,Wilfred Veras,2022,Low-A,Carolina League,Kannapolis Cannon Ballers,19,4,3
682634-2022-122,682634,Kevin Alcántara,2022,Low-A,Carolina League,Myrtle Beach Pelicans,19,4,3
681488-2022-122,681488,Logan Cerny,2022,Low-A,Carolina League,Fayetteville Woodpeckers,22,4,1
691616-2022-122,691616,Hedbert Perez,2022,Low-A,Carolina League,Carolina Mudcats,19,4,1
695770-2022-122,695770,Wes Kath,2022,Low-A,Carolina League,Kannapolis Cannon Ballers,19,4,3
682011-2022-122,682011,Tyler Miller,2022,Low-A,Carolina League,Salem Red Sox,22,4,2
682796-2022-122,682796,Eddinson Paulino,2022,Low-A,Carolina League,Salem Red Sox,19,4,2
678652-2022-122,678652,Jesus Chirinos,2022,Low-A,Carolina League,Carolina Mudcats,20,4,3
683170-2022-122,683170,Kadon Morton,2022,Low-A,Carolina League,Augusta GreenJackets,21,4,3
676044-2022-122,676044,Bob Seymour,2022,Low-A,Carolina League,Charleston RiverDogs,23,4,3
701817-2022-122,701817,River Town,2022,Low-A,Carolina League,Columbia Fireflies,22,4,1
695600-2022-122,695600,Carter Jensen,2022,Low-A,Carolina League,Columbia Fireflies,18,4,1
686863-2022-122,686863,Daniel Mateo,2022,Low-A,Carolina League,Down East Wood Ducks,20,4,4
681868-2022-122,681868,Ezequiel Pagan,2022,Low-A,Carolina League,Myrtle Beach Pelicans,21,4,2
696264-2022-122,696264,Tyler Whitaker,2022,Low-A,Carolina League,Fayetteville Woodpeckers,19,4,1
695604-2022-122,695604,T.J. White,2022,Low-A,Carolina League,Fredericksburg Nationals,18,4,3
682633-2022-122,682633,Eduardo Garcia,2022,Low-A,Carolina League,Carolina Mudcats,19,4,3
691938-2022-122,691938,Willy Vasquez,2022,Low-A,Carolina League,Charleston RiverDogs,20,4,3
689047-2022-122,689047,Jacob Wetzel,2022,Low-A,Carolina League,Myrtle Beach Pelicans,22,4,2
680631-2022-122,680631,Oneill Manzueta,2022,Low-A,Carolina League,Charleston RiverDogs,21,4,3
682801-2022-122,682801,Noelberth Romero,2022,Low-A,Carolina League,Delmarva Shorebirds,20,4,2
687071-2022-122,687071,Shane Sasaki,2022,Low-A,Carolina League,Charleston RiverDogs,21,4,4
682722-2022-122,682722,Isaac De León,2022,Low-A,Carolina League,Delmarva Shorebirds,20,4,3
691458-2022-122,691458,Blaze Jordan,2022,Low-A,Carolina League,Salem Red Sox,19,4,2
678733-2022-122,678733,Guillermo Quintana,2022,Low-A,Carolina League,Columbia Fireflies,21,4,2
688500-2022-122,688500,Stephen Paolini,2022,Low-A,Carolina League,Augusta GreenJackets,21,4,1
701649-2022-122,701649,James Triantos,2022,Low-A,Carolina League,Myrtle Beach Pelicans,19,4,2
682900-2022-122,682900,Brainer Bonaci,2022,Low-A,Carolina League,Salem Red Sox,19,4,4
684222-2022-122,684222,Jorge Burgos,2022,Low-A,Carolina League,Lynchburg Hillcats,19,4,2
682679-2022-122,682679,Dayan Frias,2022,Low-A,Carolina League,Lynchburg Hillcats,20,4,3
702416-2022-122,702416,Leosdany Molina,2022,Low-A,Carolina League,Fayetteville Woodpeckers,22,4,2
684852-2022-122,684852,Geraldo Quintero,2022,Low-A,Carolina League,Augusta GreenJackets,20,4,4
680998-2022-122,680998,Branden Boissiere,2022,Low-A,Carolina League,Fredericksburg Nationals,22,4,3
695780-2022-122,695780,Jake Fox,2022,Low-A,Carolina League,Lynchburg Hillcats,19,4,1
694230-2022-122,694230,Hendry Mendez,2022,Low-A,Carolina League,Carolina Mudcats,18,4,2
687526-2022-122,687526,Marcus Smith,2022,Low-A,Carolina League,Down East Wood Ducks,21,4,4
691185-2022-122,691185,Maximo Acosta,2022,Low-A,Carolina League,Down East Wood Ducks,19,4,4
693309-2022-122,693309,Isaiah Greene,2022,Low-A,Carolina League,Lynchburg Hillcats,20,4,4
702457-2022-122,702457,Colby Smelley,2022,Low-A,Carolina League,Kannapolis Cannon Ballers,22,4,3
678841-2022-122,678841,Brandol Mezquita,2022,Low-A,Carolina League,Augusta GreenJackets,20,4,3
686798-2022-122,686798,Yordys Valdes,2022,Low-A,Carolina League,Lynchburg Hillcats,20,4,2
684712-2022-122,684712,Wilber Sanchez,2022,Low-A,Carolina League,Kannapolis Cannon Ballers,20,4,4
687667-2022-122,687667,Luis Valdez,2022,Low-A,Carolina League,Delmarva Shorebirds,22,4,4
696285-2022-122,696285,Jacob Young,2022,Low-A,Carolina League,Fredericksburg Nationals,22,4,4
683427-2022-122,683427,Omar Hernandez,2022,Low-A,Carolina League,Columbia Fireflies,20,4,2
676811-2022-113,676811,Quincy Nieporte,2022,Double-A,Eastern League,Erie SeaWolves,27,4,1
682619-2022-113,682619,Orelvis Martinez,2022,Double-A,Eastern League,New Hampshire Fisher Cats,20,4,1
677595-2022-113,677595,Ronny Mauricio,2022,Double-A,Eastern League,Binghamton Rumble Ponies,21,4,2
687823-2022-113,687823,Aaron Shackelford,2022,Double-A,Eastern League,Altoona Curve,25,4,1
667472-2022-113,667472,Dane Myers,2022,Double-A,Eastern League,Erie SeaWolves,26,4,3
600902-2022-113,600902,Wilson Garcia,2022,Double-A,Eastern League,Harrisburg Senators,28,4,2
686668-2022-113,686668,Brenton Doyle,2022,Double-A,Eastern League,Hartford Yard Goats,24,4,3
669911-2022-113,669911,Michael Toglia,2022,Double-A,Eastern League,Hartford Yard Goats,23,4,1
666149-2022-113,666149,Tyler Fitzgerald,2022,Double-A,Eastern League,Richmond Flying Squirrels,24,4,1
687019-2022-113,687019,Andrés Alvarez,2022,Double-A,Eastern League,Altoona Curve,25,4,1
683146-2022-113,683146,Brett Baty,2022,Double-A,Eastern League,Binghamton Rumble Ponies,22,4,3
665846-2022-113,665846,Jesús Bastidas,2022,Double-A,Eastern League,Somerset Patriots,23,4,1
685382-2022-113,685382,Andrew Navigato,2022,Double-A,Eastern League,Erie SeaWolves,24,4,2
687588-2022-113,687588,Micah Pries,2022,Double-A,Eastern League,Akron RubberDucks,24,4,3
683011-2022-113,683011,Anthony Volpe,2022,Double-A,Eastern League,Somerset Patriots,21,4,1
682266-2022-113,682266,Brett Auerbach,2022,Double-A,Eastern League,Richmond Flying Squirrels,23,4,1
685313-2022-113,685313,Elijah Dunham,2022,Double-A,Eastern League,Somerset Patriots,24,4,4
683766-2022-113,683766,Christian Koss,2022,Double-A,Eastern League,Portland Sea Dogs,24,4,3
665560-2022-113,665560,Jhailyn Ortiz,2022,Double-A,Eastern League,Reading Fightin Phils,23,4,1
678009-2022-113,678009,Parker Meadows,2022,Double-A,Eastern League,Erie SeaWolves,22,4,1
674330-2022-113,674330,Zac Cook,2022,Double-A,Eastern League,New Hampshire Fisher Cats,24,4,1
669898-2022-113,669898,Andrew Daschbach,2022,Double-A,Eastern League,Bowie Baysox,24,4,1
681370-2022-113,681370,Hudson Haskin,2022,Double-A,Eastern League,Bowie Baysox,23,4,2
680862-2022-113,680862,Willie MacIver,2022,Double-A,Eastern League,Hartford Yard Goats,25,4,1
687401-2022-113,687401,Joey Ortiz,2022,Double-A,Eastern League,Bowie Baysox,23,4,2
671655-2022-113,671655,George Valera,2022,Double-A,Eastern League,Akron RubberDucks,21,4,3
625506-2022-113,625506,Aldrem Corredor,2022,Double-A,Eastern League,Reading Fightin Phils,26,4,2
693307-2022-113,693307,Dillon Dingler,2022,Double-A,Eastern League,Erie SeaWolves,23,4,3
672823-2022-113,672823,Sebastian Espino,2022,Double-A,Eastern League,New Hampshire Fisher Cats,22,4,1
663604-2022-113,663604,Brandon Lockridge,2022,Double-A,Eastern League,Somerset Patriots,25,4,2
666165-2022-113,666165,Blake Sabol,2022,Double-A,Eastern League,Altoona Curve,24,4,3
668845-2022-113,668845,Aaron Schunk,2022,Double-A,Eastern League,Hartford Yard Goats,24,4,2
669398-2022-113,669398,Gage Workman,2022,Double-A,Eastern League,Erie SeaWolves,22,4,3
682239-2022-113,682239,Luke Ritter,2022,Double-A,Eastern League,Binghamton Rumble Ponies,25,4,1
677587-2022-113,677587,Brayan Rocchio,2022,Double-A,Eastern League,Akron RubberDucks,21,4,2
677588-2022-113,677588,José Tena,2022,Double-A,Eastern League,Akron RubberDucks,21,4,3
666152-2022-113,666152,David Hamilton,2022,Double-A,Eastern League,Portland Sea Dogs,24,4,4
676847-2022-113,676847,Shane Matheny,2022,Double-A,Eastern League,Richmond Flying Squirrels,26,4,3
620442-2022-113,620442,Wendell Rijo,2022,Double-A,Eastern League,Reading Fightin Phils,26,4,4
676667-2022-113,676667,Justin Connell,2022,Double-A,Eastern League,Harrisburg Senators,23,4,1
666126-2022-113,666126,Carlos Cortes,2022,Double-A,Eastern League,Binghamton Rumble Ponies,25,4,1
671271-2022-113,671271,Jeisson Rosario,2022,Double-A,Eastern League,Somerset Patriots,22,4,2
665782-2022-113,665782,Luis De Los Santos,2022,Double-A,Eastern League,New Hampshire Fisher Cats,24,4,2
678894-2022-113,678894,Liover Peguero,2022,Double-A,Eastern League,Altoona Curve,21,4,2
667663-2022-113,667663,Hunter Stovall,2022,Double-A,Eastern League,Hartford Yard Goats,25,4,2
669707-2022-113,669707,Jared Triolo,2022,Double-A,Eastern League,Altoona Curve,24,4,4
676280-2022-113,676280,Tyler Dearden,2022,Double-A,Eastern League,Portland Sea Dogs,23,4,3
686659-2022-113,686659,Julian Escobedo,2022,Double-A,Eastern League,Akron RubberDucks,24,4,2
669002-2022-113,669002,Connor Scott,2022,Double-A,Eastern League,Altoona Curve,22,4,2
687714-2022-113,687714,Jackson Cluff,2022,Double-A,Eastern League,Harrisburg Senators,25,4,1
670208-2022-113,670208,Matt Fraizer,2022,Double-A,Eastern League,Altoona Curve,24,4,2
682177-2022-113,682177,Daniel Schneemann,2022,Double-A,Eastern League,Akron RubberDucks,25,4,2
696281-2022-113,696281,Wyatt Young,2022,Double-A,Eastern League,Binghamton Rumble Ponies,22,4,3
668667-2022-113,668667,Daniel Cabrera,2022,Double-A,Eastern League,Erie SeaWolves,23,4,2
686555-2022-113,686555,Isaac Collins,2022,Double-A,Eastern League,Hartford Yard Goats,24,4,4
693409-2022-113,693409,César Prieto,2022,Double-A,Eastern League,Bowie Baysox,23,4,2
686639-2022-113,686639,Jack Dunn,2022,Double-A,Eastern League,Harrisburg Senators,25,4,4
666695-2022-113,666695,Jonathan Guzmán,2022,Double-A,Eastern League,Reading Fightin Phils,22,4,2
657075-2022-113,657075,Jeremy Vasquez,2022,Double-A,Eastern League,Binghamton Rumble Ponies,25,4,2
683364-2022-123,683364,Carlos Dominguez,2022,Low-A,Florida State League,St. Lucie Mets,22,4,3
691456-2022-123,691456,Manuel Sequera,2022,Low-A,Florida State League,Lakeland Flying Tigers,19,4,2
684519-2022-123,684519,Omar De Los Santos,2022,Low-A,Florida State League,St. Lucie Mets,22,4,4
678742-2022-123,678742,Rainer Nunez,2022,Low-A,Florida State League,Dunedin Blue Jays,21,4,2
687749-2022-123,687749,Jase Bowen,2022,Low-A,Florida State League,Bradenton Marauders,21,4,3
683550-2022-123,683550,Marcos Cabrera,2022,Low-A,Florida State League,Tampa Tarpons,20,4,1
678803-2022-123,678803,Anthony Garcia,2022,Low-A,Florida State League,Tampa Tarpons,21,4,3
693850-2022-123,693850,Kala'i Rosario,2022,Low-A,Florida State League,Fort Myers Mighty Mussels,19,4,3
686577-2022-123,686577,Keoni Cavaco,2022,Low-A,Florida State League,Fort Myers Mighty Mussels,21,4,3
683493-2022-123,683493,William Lugo,2022,Low-A,Florida State League,St. Lucie Mets,20,4,3
681433-2022-123,681433,Noah Cardenas,2022,Low-A,Florida State League,Fort Myers Mighty Mussels,22,4,1
696135-2022-123,696135,Kahlil Watson,2022,Low-A,Florida State League,Jupiter Hammerheads,19,4,3
680918-2022-123,680918,Brady Allen,2022,Low-A,Florida State League,Jupiter Hammerheads,22,4,3
682625-2022-123,682625,Antonio Gomez,2022,Low-A,Florida State League,Tampa Tarpons,20,4,3
691789-2022-123,691789,Izaac Pacheco,2022,Low-A,Florida State League,Lakeland Flying Tigers,19,4,2
683061-2022-123,683061,Alexander Vargas,2022,Low-A,Florida State League,Tampa Tarpons,20,4,4
682656-2022-123,682656,Sergio Campana,2022,Low-A,Florida State League,Bradenton Marauders,20,4,4
691907-2022-123,691907,Tsung-Che Cheng,2022,Low-A,Florida State League,Bradenton Marauders,20,4,4
691449-2022-123,691449,Roberto Campos,2022,Low-A,Florida State League,Lakeland Flying Tigers,19,4,2
694425-2022-123,694425,Justice Bigbie,2022,Low-A,Florida State League,Lakeland Flying Tigers,23,4,3
695653-2022-123,695653,Noah Miller,2022,Low-A,Florida State League,Fort Myers Mighty Mussels,19,4,4
692405-2022-123,692405,Jeremy Rivas,2022,Low-A,Florida State League,Palm Beach Cardinals,19,4,2
692497-2022-123,692497,Estiven Machado,2022,Low-A,Florida State League,Dunedin Blue Jays,19,4,3
656484-2022-117,656484,Tristan Gray,2022,Triple-A,International League,Durham Bulls,26,4,1
623507-2022-117,623507,Josh Lester,2022,Triple-A,International League,Toledo Mud Hens,27,4,1
669742-2022-117,669742,Darick Hall,2022,Triple-A,International League,Lehigh Valley IronPigs,26,4,1
676551-2022-117,676551,Brewer Hicklen,2022,Triple-A,International League,Omaha Storm Chasers,26,4,3
594953-2022-117,594953,Daniel Palka,2022,Triple-A,International League,Syracuse Mets,30,4,3
592622-2022-117,592622,Mark Payton,2022,Triple-A,International League,Charlotte Knights,30,4,2
572138-2022-117,572138,Jon Singleton,2022,Triple-A,International League,Nashville Sounds,30,4,1
668901-2022-117,668901,Mark Vientos,2022,Triple-A,International League,Syracuse Mets,22,4,3
663609-2022-117,663609,Luken Baker,2022,Triple-A,International League,Memphis Redbirds,25,4,1
656024-2022-117,656024,Carlos Pérez,2022,Triple-A,International League,Charlotte Knights,25,4,2
676475-2022-117,676475,Alec Burleson,2022,Triple-A,International League,Memphis Redbirds,23,4,2
608841-2022-117,608841,Joey Meneses,2022,Triple-A,International League,Rochester Red Wings,30,4,3
643271-2022-117,643271,Narciso Crook,2022,Triple-A,International League,Iowa Cubs,26,4,3
676733-2022-117,676733,Mason Martin,2022,Triple-A,International League,Indianapolis Indians,23,4,1
672724-2022-117,672724,Oswald Peraza,2022,Triple-A,International League,Scranton/Wilkes-Barre RailRiders,22,4,4
621514-2022-117,621514,Christin Stewart,2022,Triple-A,International League,Worcester Red Sox,28,4,1
669065-2022-117,669065,Kyle Stowers,2022,Triple-A,International League,Norfolk Tides,24,4,3
666018-2022-117,666018,Jonathan Aranda,2022,Triple-A,International League,Durham Bulls,24,4,3
670113-2022-117,670113,Jim Haley,2022,Triple-A,International League,Durham Bulls,27,4,3
676059-2022-117,676059,Jordan Westburg,2022,Triple-A,International League,Norfolk Tides,23,4,1
681807-2022-117,681807,David Fry,2022,Triple-A,International League,Columbus Clippers,26,4,2
660613-2022-117,660613,Ronaldo Hernández,2022,Triple-A,International League,Worcester Red Sox,24,4,2
676724-2022-117,676724,Jared Young,2022,Triple-A,International League,Iowa Cubs,26,4,2
680837-2022-117,680837,Ryan Fitzgerald,2022,Triple-A,International League,Worcester Red Sox,28,4,1
670156-2022-117,670156,Miles Mastrobuoni,2022,Triple-A,International League,Durham Bulls,26,4,3
664057-2022-117,664057,Andrew Stevenson,2022,Triple-A,International League,Rochester Red Wings,28,4,4
643603-2022-117,643603,Tyler White,2022,Triple-A,International League,Gwinnett Stripers,31,4,1
607430-2022-117,607430,John Andreoli,2022,Triple-A,International League,St. Paul Saints,32,4,1
593528-2022-117,593528,Jorge Bonifacio,2022,Triple-A,International League,Lehigh Valley IronPigs,29,4,1
680814-2022-117,680814,Peyton Burdick,2022,Triple-A,International League,Jacksonville Jumbo Shrimp,25,4,1
676628-2022-117,676628,Mark Contreras,2022,Triple-A,International League,St. Paul Saints,27,4,3
664314-2022-117,664314,Estevan Florial,2022,Triple-A,International League,Scranton/Wilkes-Barre RailRiders,24,4,3
656514-2022-117,656514,Adam Haseley,2022,Triple-A,International League,Charlotte Knights,26,4,2
680438-2022-117,680438,Robert Neustrom,2022,Triple-A,International League,Norfolk Tides,25,4,1
680118-2022-117,680118,Dairon Blanco,2022,Triple-A,International League,Omaha Storm Chasers,29,4,4
663478-2022-117,663478,Brendon Davis,2022,Triple-A,International League,Toledo Mud Hens,24,4,1
680737-2022-117,680737,Michael Helman,2022,Triple-A,International League,St. Paul Saints,26,4,4
650339-2022-117,650339,Jermaine Palacios,2022,Triple-A,International League,St. Paul Saints,25,4,3
676625-2022-117,676625,Rylan Bannon,2022,Triple-A,International League,Gwinnett Stripers,26,4,1
666164-2022-117,666164,Blake Rutherford,2022,Triple-A,International League,Charlotte Knights,25,4,2
668930-2022-117,668930,Brice Turang,2022,Triple-A,International League,Nashville Sounds,22,4,4
669008-2022-117,669008,Ronnie Dawson,2022,Triple-A,International League,Louisville Bats,27,4,3
664770-2022-117,664770,Nathan Lukes,2022,Triple-A,International League,Buffalo Bisons,27,4,2
578570-2022-117,578570,Juniel Querecuto,2022,Triple-A,International League,Louisville Bats,29,4,1
622569-2022-117,622569,Pablo Reyes,2022,Triple-A,International League,Nashville Sounds,28,4,1
670298-2022-117,670298,Kramer Robertson,2022,Triple-A,International League,Memphis Redbirds,27,4,4
655996-2022-117,655996,Cristian Santana,2022,Triple-A,International League,Louisville Bats,25,4,3
670097-2022-117,670097,Zack Short,2022,Triple-A,International League,Toledo Mud Hens,27,4,1
664051-2022-117,664051,Mitchell Tolman,2022,Triple-A,International League,Columbus Clippers,28,4,3
642197-2022-117,642197,Jamie Westbrook,2022,Triple-A,International League,Toledo Mud Hens,27,4,2
642215-2022-117,642215,Weston Wilson,2022,Triple-A,International League,Nashville Sounds,27,4,1
663662-2022-117,663662,Daz Cameron,2022,Triple-A,International League,Toledo Mud Hens,25,4,1
666137-2022-117,666137,Khalil Lee,2022,Triple-A,International League,Syracuse Mets,24,4,3
669738-2022-117,669738,Jake Noll,2022,Triple-A,International League,Rochester Red Wings,28,4,2
605486-2022-117,605486,Cory Spangenberg,2022,Triple-A,International League,Memphis Redbirds,31,4,3
642162-2022-117,642162,Pat Valaika,2022,Triple-A,International League,Gwinnett Stripers,29,4,2
686823-2022-117,686823,Will Brennan,2022,Triple-A,International League,Columbus Clippers,24,4,2
641512-2022-117,641512,Ben DeLuzio,2022,Triple-A,International League,Memphis Redbirds,27,4,4
687867-2022-117,687867,Clay Dungan,2022,Triple-A,International League,Omaha Storm Chasers,26,4,2
640460-2022-117,640460,Dustin Peterson,2022,Triple-A,International League,Lehigh Valley IronPigs,27,4,2
621545-2022-117,621545,Zach Remillard,2022,Triple-A,International League,Charlotte Knights,28,4,3
680552-2022-117,680552,Travis Swaggerty,2022,Triple-A,International League,Indianapolis Indians,24,4,3
678225-2022-117,678225,Ji Hwan Bae,2022,Triple-A,International League,Indianapolis Indians,22,4,4
624417-2022-117,624417,Bryson Brigman,2022,Triple-A,International League,Jacksonville Jumbo Shrimp,27,4,2
675925-2022-117,675925,Cullen Large,2022,Triple-A,International League,Buffalo Bisons,26,4,3
675649-2022-117,675649,Brian Miller,2022,Triple-A,International League,Jacksonville Jumbo Shrimp,26,4,4
622668-2022-117,622668,Ivan Castillo,2022,Triple-A,International League,Omaha Storm Chasers,27,4,2
661411-2022-117,661411,Lorenzo Cedrola,2022,Triple-A,International League,Louisville Bats,24,4,2
656734-2022-117,656734,Evan Mendoza,2022,Triple-A,International League,Memphis Redbirds,26,4,2
677954-2022-117,677954,Jordan Groshans,2022,Triple-A,International League,Jacksonville Jumbo Shrimp,22,4,2
691503-2022-117,691503,Yolbert Sanchez,2022,Triple-A,International League,Charlotte Knights,25,4,2
592261-2022-117,592261,Delino DeShields,2022,Triple-A,International League,Gwinnett Stripers,29,4,4
691016-2022-118,691016,Tyler Soderstrom,2022,High-A,Midwest League,Lansing Lugnuts,20,4,1
678413-2022-118,678413,Alexfri Planez,2022,High-A,Midwest League,Lake County Captains,20,4,1
682947-2022-118,682947,Jose Ramos,2022,High-A,Midwest League,Great Lakes Loons,21,4,3
683172-2022-118,683172,Joe Naranjo,2022,High-A,Midwest League,Lake County Captains,21,4,1
676002-2022-118,676002,Juan Carlos Negret,2022,High-A,Midwest League,Quad Cities River Bandits,23,4,1
677673-2022-118,677673,Imanol Vargas,2022,High-A,Midwest League,Great Lakes Loons,24,4,3
680799-2022-118,680799,Seth Gray,2022,High-A,Midwest League,Cedar Rapids Kernels,24,4,3
686770-2022-118,686770,Dillan Shrum,2022,High-A,Midwest League,Quad Cities River Bandits,24,4,1
669336-2022-118,669336,Joe Gray Jr.,2022,High-A,Midwest League,Wisconsin Timber Rattlers,22,4,1
678760-2022-118,678760,Eddys Leonard,2022,High-A,Midwest League,Great Lakes Loons,21,4,2
685087-2022-118,685087,Jordan Nwogu,2022,High-A,Midwest League,South Bend Cubs,23,4,1
686523-2022-118,686523,Peyton Wilson,2022,High-A,Midwest League,Quad Cities River Bandits,22,4,3
687724-2022-118,687724,Jake Holton,2022,High-A,Midwest League,West Michigan Whitecaps,24,4,3
695292-2022-118,695292,L.J. Jones,2022,High-A,Midwest League,Peoria Chiefs,23,4,2
681357-2022-118,681357,Cody Morissette,2022,High-A,Midwest League,Beloit Sky Carp,22,4,1
682818-2022-118,682818,Yohendrick Piñango,2022,High-A,Midwest League,South Bend Cubs,20,4,2
686958-2022-118,686958,Jose Torres,2022,High-A,Midwest League,Dayton Dragons,22,4,1
668860-2022-118,668860,Kale Emshoff,2022,High-A,Midwest League,Quad Cities River Bandits,24,4,1
665820-2022-118,665820,Wander Javier,2022,High-A,Midwest League,Cedar Rapids Kernels,23,4,1
687152-2022-118,687152,Darrien Miller,2022,High-A,Midwest League,Wisconsin Timber Rattlers,21,4,1
683357-2022-118,683357,Owen Caissie,2022,High-A,Midwest League,South Bend Cubs,19,4,3
668698-2022-118,668698,Todd Lott,2022,High-A,Midwest League,Peoria Chiefs,24,4,3
676509-2022-118,676509,Josh Crouch,2022,High-A,Midwest League,West Michigan Whitecaps,23,4,2
677577-2022-118,677577,Ynmanol Mariñez,2022,High-A,Midwest League,Beloit Sky Carp,21,4,2
669442-2022-118,669442,Alerick Soularie,2022,High-A,Midwest League,Cedar Rapids Kernels,22,4,1
678218-2022-118,678218,Brandon Valenzuela,2022,High-A,Midwest League,Fort Wayne TinCaps,21,4,1
678391-2022-118,678391,Jorbit Vivas,2022,High-A,Midwest League,Great Lakes Loons,21,4,2
680518-2022-118,680518,Zavier Warren,2022,High-A,Midwest League,Wisconsin Timber Rattlers,23,4,2
689750-2022-118,689750,Jacob Buchberger,2022,High-A,Midwest League,Peoria Chiefs,24,4,2
678648-2022-118,678648,Herard Gonzalez,2022,High-A,Midwest League,Quad Cities River Bandits,21,4,3
702315-2022-118,702315,Bennett Hostetler,2022,High-A,Midwest League,Beloit Sky Carp,24,4,2
682621-2022-118,682621,Gabriel Rodriguez,2022,High-A,Midwest League,Lake County Captains,20,4,2
672537-2022-118,672537,Dalvy Rosario,2022,High-A,Midwest League,Beloit Sky Carp,21,4,4
669360-2022-118,669360,Trei Cruz,2022,High-A,Midwest League,West Michigan Whitecaps,23,4,1
693459-2022-118,693459,Kyler Fedko,2022,High-A,Midwest League,Cedar Rapids Kernels,22,4,1
678285-2022-118,678285,Fabian Pertuz,2022,High-A,Midwest League,South Bend Cubs,21,4,1
678746-2022-118,678746,Diego Hernandez,2022,High-A,Midwest League,Quad Cities River Bandits,21,4,4
686845-2022-118,686845,Tommy Jew,2022,High-A,Midwest League,Peoria Chiefs,24,4,4
671976-2022-118,671976,Tristan Peters,2022,High-A,Midwest League,Wisconsin Timber Rattlers,22,4,3
690984-2022-118,690984,Petey Halpin,2022,High-A,Midwest League,Lake County Captains,20,4,4
681468-2022-118,681468,Corey Rosier,2022,High-A,Midwest League,Fort Wayne TinCaps,22,4,4
672882-2022-118,672882,Ismael Alcantara,2022,High-A,Midwest League,Great Lakes Loons,23,4,2
677731-2022-118,677731,Francisco Hernandez,2022,High-A,Midwest League,Peoria Chiefs,22,4,4
683748-2022-118,683748,Victor Mesa Jr.,2022,High-A,Midwest League,Beloit Sky Carp,20,4,2
696140-2022-118,696140,Ethan Murray,2022,High-A,Midwest League,Wisconsin Timber Rattlers,22,4,4
677605-2022-118,677605,Luis Verdugo,2022,High-A,Midwest League,South Bend Cubs,21,4,2
673062-2022-118,673062,Jarryd Dale,2022,High-A,Midwest League,Fort Wayne TinCaps,21,4,4
701162-2022-118,701162,Ben Malgeri,2022,High-A,Midwest League,West Michigan Whitecaps,22,4,3
686475-2022-118,686475,Tyler Tolbert,2022,High-A,Midwest League,Quad Cities River Bandits,24,4,4
683494-2022-118,683494,Euribiel Angeles,2022,High-A,Midwest League,Lansing Lugnuts,20,4,2
689456-2022-118,689456,Austin Murr,2022,High-A,Midwest League,West Michigan Whitecaps,23,4,2
683083-2022-118,683083,Nasim Nuñez,2022,High-A,Midwest League,Beloit Sky Carp,21,4,4
649810-2022-126,649810,Dariel Gomez,2022,High-A,Northwest League,Everett AquaSox,25,4,1
678681-2022-126,678681,Luis Toribio,2022,High-A,Northwest League,Eugene Emeralds,21,4,1
669477-2022-126,669477,Casey Schmitt,2022,High-A,Northwest League,Eugene Emeralds,23,4,1
685388-2022-126,685388,Colin Simpson,2022,High-A,Northwest League,Spokane Indians,25,4,1
682622-2022-126,682622,Noelvi Marte,2022,High-A,Northwest League,Everett AquaSox,20,4,1
691021-2022-126,691021,A.J. Vukovich,2022,High-A,Northwest League,Hillsboro Hops,20,4,4
687346-2022-126,687346,Gabe Matthews,2022,High-A,Northwest League,Tri-City Dust Devils,24,4,1
682646-2022-126,682646,Jairo Pomares,2022,High-A,Northwest League,Eugene Emeralds,21,4,3
666183-2022-126,666183,Hunter Bishop,2022,High-A,Northwest League,Eugene Emeralds,24,4,3
676678-2022-126,676678,PK Morris,2022,High-A,Northwest League,Vancouver Canadians,23,4,1
681466-2022-126,681466,James Parker,2022,High-A,Northwest League,Everett AquaSox,22,4,1
679734-2022-126,679734,Julio Carreras,2022,High-A,Northwest League,Spokane Indians,22,4,3
677599-2022-126,677599,Miguel Hiraldo,2022,High-A,Northwest League,Vancouver Canadians,21,4,4
682641-2022-126,682641,Luis Matos,2022,High-A,Northwest League,Eugene Emeralds,20,4,2
691728-2022-126,691728,Zac Veen,2022,High-A,Northwest League,Spokane Indians,20,4,4
669208-2022-126,669208,Ryan Bliss,2022,High-A,Northwest League,Hillsboro Hops,22,4,4
700032-2022-126,700032,Victor Labrada,2022,High-A,Northwest League,Everett AquaSox,22,4,4
679754-2022-126,679754,Alberto Rodriguez,2022,High-A,Northwest League,Everett AquaSox,21,4,3
673990-2022-126,673990,Andy Thomas,2022,High-A,Northwest League,Eugene Emeralds,24,4,3
681134-2022-126,681134,Caleb Roberts,2022,High-A,Northwest League,Hillsboro Hops,22,4,3
677347-2022-126,677347,Kyren Paris,2022,High-A,Northwest League,Tri-City Dust Devils,20,4,4
675440-2022-126,675440,Mike Peabody,2022,High-A,Northwest League,Tri-City Dust Devils,23,4,3
678837-2022-126,678837,Bladimir Restituyo,2022,High-A,Northwest League,Spokane Indians,20,4,2
669671-2022-126,669671,Justin Lavey,2022,High-A,Northwest League,Everett AquaSox,24,4,3
677647-2022-126,677647,Eddy Diaz,2022,High-A,Northwest League,Spokane Indians,22,4,4
691011-2022-126,691011,Drew Romo,2022,High-A,Northwest League,Spokane Indians,20,4,2
668577-2022-126,668577,Osmy Gregorio,2022,High-A,Northwest League,Tri-City Dust Devils,24,4,4
677610-2022-126,677610,D'Shawn Knowles,2022,High-A,Northwest League,Tri-City Dust Devils,21,4,3
641829-2022-112,641829,Jason Martin,2022,Triple-A,Pacific Coast League,Oklahoma City Dodgers,26,4,3
667452-2022-112,667452,Corey Julks,2022,Triple-A,Pacific Coast League,Sugar Land Space Cowboys,26,4,1
542208-2022-112,542208,Carlos Pérez,2022,Triple-A,Pacific Coast League,Albuquerque Isotopes,31,4,1
656448-2022-112,656448,Stone Garrett,2022,Triple-A,Pacific Coast League,Reno Aces,26,4,1
686676-2022-112,686676,Korey Lee,2022,Triple-A,Pacific Coast League,Sugar Land Space Cowboys,23,4,1
676116-2022-112,676116,Ryan Noda,2022,Triple-A,Pacific Coast League,Oklahoma City Dodgers,26,4,3
656449-2022-112,656449,Jake Gatewood,2022,Triple-A,Pacific Coast League,Salt Lake Bees,26,4,1
666703-2022-112,666703,Eguy Rosario,2022,Triple-A,Pacific Coast League,El Paso Chihuahuas,22,4,1
592144-2022-112,592144,Wynton Bernard,2022,Triple-A,Pacific Coast League,Albuquerque Isotopes,31,4,3
683737-2022-112,683737,Michael Busch,2022,Triple-A,Pacific Coast League,Oklahoma City Dodgers,24,4,3
669200-2022-112,669200,Mason McCoy,2022,Triple-A,Pacific Coast League,Tacoma Rainiers,27,4,1
663796-2022-112,663796,Coco Montes,2022,Triple-A,Pacific Coast League,Albuquerque Isotopes,25,4,1
656403-2022-112,656403,Drew Ellis,2022,Triple-A,Pacific Coast League,Tacoma Rainiers,26,4,1
605504-2022-112,605504,Dillon Thomas,2022,Triple-A,Pacific Coast League,Salt Lake Bees,29,4,3
621573-2022-112,621573,Austin Dean,2022,Triple-A,Pacific Coast League,Sacramento River Cats,28,4,1
546994-2022-112,546994,C.J. Hinojosa,2022,Triple-A,Pacific Coast League,El Paso Chihuahuas,27,4,2
694175-2022-112,694175,Pedro León,2022,Triple-A,Pacific Coast League,Sugar Land Space Cowboys,24,4,1
678246-2022-112,678246,Miguel Vargas,2022,Triple-A,Pacific Coast League,Oklahoma City Dodgers,22,4,1
625510-2022-112,625510,Erick Mejia,2022,Triple-A,Pacific Coast League,Tacoma Rainiers,27,4,2
670128-2022-112,670128,Taylor Kohlwey,2022,Triple-A,Pacific Coast League,El Paso Chihuahuas,27,4,2
671218-2022-112,671218,Heliot Ramos,2022,Triple-A,Pacific Coast League,Sacramento River Cats,22,4,2
682073-2022-112,682073,David Hensley,2022,Triple-A,Pacific Coast League,Sugar Land Space Cowboys,26,4,3
621008-2022-112,621008,Alex De Goti,2022,Triple-A,Pacific Coast League,Sugar Land Space Cowboys,27,4,2
664954-2022-112,664954,Brett Sullivan,2022,Triple-A,Pacific Coast League,El Paso Chihuahuas,28,4,2
682183-2022-112,682183,Drew Avans,2022,Triple-A,Pacific Coast League,Oklahoma City Dodgers,26,4,3
670148-2022-112,670148,Nate Mondou,2022,Triple-A,Pacific Coast League,Las Vegas Aviators,27,4,3
676900-2022-112,676900,Ryan Dorow,2022,Triple-A,Pacific Coast League,Round Rock Express,26,4,2
657088-2022-112,657088,Forrest Wall,2022,Triple-A,Pacific Coast League,Tacoma Rainiers,26,4,4
666150-2022-112,666150,Dominic Fletcher,2022,Triple-A,Pacific Coast League,Reno Aces,24,4,3
668723-2022-112,668723,Ryan Vilade,2022,Triple-A,Pacific Coast League,Albuquerque Isotopes,23,4,2
642221-2022-112,642221,Kean Wong,2022,Triple-A,Pacific Coast League,Salt Lake Bees,27,4,4
681715-2022-116,681715,Heriberto Hernández,2022,High-A,South Atlantic League,Bowling Green Hot Rods,22,4,3
671113-2022-116,671113,Zach Daniels,2022,High-A,South Atlantic League,Asheville Tourists,23,4,3
676205-2022-116,676205,Tyler Hardman,2022,High-A,South Atlantic League,Hudson Valley Renegades,23,4,3
683593-2022-116,683593,Dariel Lopez,2022,High-A,South Atlantic League,Greensboro Grasshoppers,20,4,3
682868-2022-116,682868,Bryan Ramos,2022,High-A,South Atlantic League,Winston-Salem Dash,20,4,2
686677-2022-116,686677,Landon Stephens,2022,High-A,South Atlantic League,Rome Braves,24,4,1
683090-2022-116,683090,Matthew Lugo,2022,High-A,South Atlantic League,Greenville Drive,21,4,2
676288-2022-116,676288,Baron Radcliff,2022,High-A,South Atlantic League,Jersey Shore BlueClaws,23,4,3
682848-2022-116,682848,Endy Rodríguez,2022,High-A,South Atlantic League,Greensboro Grasshoppers,22,4,1
695257-2022-116,695257,Billy Cook,2022,High-A,South Atlantic League,Aberdeen IronBirds,23,4,1
678900-2022-116,678900,Alexander Ovalles,2022,High-A,South Atlantic League,Bowling Green Hot Rods,21,4,3
695336-2022-116,695336,Thomas Saggese,2022,High-A,South Atlantic League,Hickory Crawdads,20,4,3
700242-2022-116,700242,Trey Sweeney,2022,High-A,South Atlantic League,Hudson Valley Renegades,22,4,1
683227-2022-116,683227,Cody Freeman,2022,High-A,South Atlantic League,Hickory Crawdads,21,4,2
669386-2022-116,669386,Trevor Hauver,2022,High-A,South Atlantic League,Hickory Crawdads,23,4,1
670868-2022-116,670868,Abrahan Gutierrez,2022,High-A,South Atlantic League,Greensboro Grasshoppers,22,4,3
672635-2022-116,672635,Luis Mieses,2022,High-A,South Atlantic League,Winston-Salem Dash,22,4,2
685121-2022-116,685121,Beau Philip,2022,High-A,South Atlantic League,Rome Braves,23,4,3
677060-2022-116,677060,Chad Stevens,2022,High-A,South Atlantic League,Asheville Tourists,23,4,1
694497-2022-116,694497,Evan Carter,2022,High-A,South Atlantic League,Hickory Crawdads,19,4,4
695587-2022-116,695587,Bryson Horne,2022,High-A,South Atlantic League,Rome Braves,23,4,3
670919-2022-116,670919,Luis Santana,2022,High-A,South Atlantic League,Asheville Tourists,22,4,2
694377-2022-116,694377,Nick Yorke,2022,High-A,South Atlantic League,Greenville Drive,20,4,1
701648-2022-116,701648,Aaron Zavala,2022,High-A,South Atlantic League,Hickory Crawdads,22,4,1
671276-2022-116,671276,Yasel Antuna,2022,High-A,South Atlantic League,Wilmington Blue Rocks,22,4,1
682685-2022-116,682685,Cristian Gonzalez,2022,High-A,South Atlantic League,Asheville Tourists,20,4,2
687431-2022-116,687431,Hudson Head,2022,High-A,South Atlantic League,Greensboro Grasshoppers,21,4,3
665827-2022-116,665827,Harvin Mendoza,2022,High-A,South Atlantic League,Winston-Salem Dash,23,4,2
677068-2022-116,677068,Tyler Osik,2022,High-A,South Atlantic League,Winston-Salem Dash,25,4,3
688403-2022-116,688403,Michael Sandle,2022,High-A,South Atlantic League,Asheville Tourists,23,4,2
669451-2022-116,669451,Chris Seise,2022,High-A,South Atlantic League,Hickory Crawdads,23,4,3
675961-2022-116,675961,Alika Williams,2022,High-A,South Atlantic League,Bowling Green Hot Rods,23,4,1
669363-2022-116,669363,Jacob Gonzalez,2022,High-A,South Atlantic League,Greensboro Grasshoppers,24,4,2
665850-2022-116,665850,Cristian Inoa,2022,High-A,South Atlantic League,Hickory Crawdads,22,4,2
694812-2022-116,694812,Tyler McDonough,2022,High-A,South Atlantic League,Greenville Drive,23,4,3
681941-2022-116,681941,Jaylen Palmer,2022,High-A,South Atlantic League,Brooklyn Cyclones,21,4,3
688682-2022-116,688682,Cooper Bowman,2022,High-A,South Atlantic League,Hudson Valley Renegades,22,4,4
682182-2022-116,682182,J.C. Correa,2022,High-A,South Atlantic League,Asheville Tourists,23,4,2
665989-2022-116,665989,Shervyen Newton,2022,High-A,South Atlantic League,Brooklyn Cyclones,23,4,3
672692-2022-116,672692,Jose Peroza,2022,High-A,South Atlantic League,Brooklyn Cyclones,22,4,3
688449-2022-116,688449,TT Bowens,2022,High-A,South Atlantic League,Aberdeen IronBirds,24,4,3
686601-2022-116,686601,Drew Campbell,2022,High-A,South Atlantic League,Rome Braves,24,4,4
668752-2022-116,668752,Duke Ellis,2022,High-A,South Atlantic League,Winston-Salem Dash,24,4,4
666141-2022-116,666141,Drew Mendoza,2022,High-A,South Atlantic League,Wilmington Blue Rocks,24,4,1
681159-2022-116,681159,Ethan Wilson,2022,High-A,South Atlantic League,Jersey Shore BlueClaws,22,4,4
681286-2022-116,681286,JT Schwartz,2022,High-A,South Atlantic League,Brooklyn Cyclones,22,4,3
678362-2022-116,678362,Gilberto Jimenez,2022,High-A,South Atlantic League,Greenville Drive,21,4,4
676045-2022-116,676045,Casey Martin,2022,High-A,South Atlantic League,Jersey Shore BlueClaws,23,4,2
672750-2022-116,672750,Ricardo Méndez,2022,High-A,South Atlantic League,Wilmington Blue Rocks,22,4,2
672566-2022-116,672566,José Sánchez,2022,High-A,South Atlantic League,Wilmington Blue Rocks,21,4,2
677601-2022-116,677601,Keyber Rodriguez,2022,High-A,South Atlantic League,Hickory Crawdads,21,4,2
689822-2022-116,689822,Matt Rudick,2022,High-A,South Atlantic League,Brooklyn Cyclones,23,4,2
702250-2022-116,702250,Jared Carr,2022,High-A,South Atlantic League,Jersey Shore BlueClaws,23,4,4
672479-2022-116,672479,Aldenis Sanchez,2022,High-A,South Atlantic League,Hudson Valley Renegades,23,4,4
656666-2022-111,656666,Drew Lugbauer,2022,Double-A,Southern League,Mississippi Braves,25,4,1
665052-2022-111,665052,Griffin Conine,2022,Double-A,Southern League,Pensacola Blue Wahoos,24,4,3
666632-2022-111,666632,Yonathan Perlaza,2022,Double-A,Southern League,Tennessee Smokies,23,4,1
670286-2022-111,670286,Craig Dedelow,2022,Double-A,Southern League,Birmingham Barons,27,4,1
668664-2022-111,668664,Chase Strumpf,2022,Double-A,Southern League,Tennessee Smokies,24,4,1
687478-2022-111,687478,Cam Devanney,2022,Double-A,Southern League,Biloxi Shuckers,25,4,1
670237-2022-111,670237,Jake Slaughter,2022,Double-A,Southern League,Tennessee Smokies,25,4,4
673461-2022-111,673461,Yoelqui Céspedes,2022,Double-A,Southern League,Birmingham Barons,24,4,4
686759-2022-111,686759,TJ Hopkins,2022,Double-A,Southern League,Chattanooga Lookouts,25,4,1
680574-2022-111,680574,Matt McLain,2022,Double-A,Southern League,Chattanooga Lookouts,22,4,1
670224-2022-111,670224,Kameron Misner,2022,Double-A,Southern League,Montgomery Biscuits,24,4,3
686894-2022-111,686894,Joey Wiemer,2022,Double-A,Southern League,Biloxi Shuckers,23,4,3
689172-2022-111,689172,Brett Wisely,2022,Double-A,Southern League,Montgomery Biscuits,23,4,4
669326-2022-111,669326,Bryce Teodosio,2022,Double-A,Southern League,Rocket City Trash Pandas,23,4,3
682192-2022-111,682192,Paul McIntosh,2022,Double-A,Southern League,Pensacola Blue Wahoos,24,4,3
666186-2022-111,666186,Thomas Dillard,2022,Double-A,Southern League,Biloxi Shuckers,24,4,3
672279-2022-111,672279,Michael Siani,2022,Double-A,Southern League,Chattanooga Lookouts,22,4,4
680589-2022-111,680589,Felix Valerio,2022,Double-A,Southern League,Biloxi Shuckers,21,4,1
668787-2022-111,668787,Bryce Ball,2022,Double-A,Southern League,Tennessee Smokies,23,4,3
670867-2022-111,670867,Kevin Maitan,2022,Double-A,Southern League,Rocket City Trash Pandas,22,4,3
679563-2022-111,679563,José Rodríguez,2022,Double-A,Southern League,Birmingham Barons,21,4,4
687859-2022-111,687859,Troy Johnston,2022,Double-A,Southern League,Pensacola Blue Wahoos,25,4,2
663692-2022-111,663692,Jalen Miller,2022,Double-A,Southern League,Mississippi Braves,25,4,2
641945-2022-111,641945,Preston Palmeiro,2022,Double-A,Southern League,Rocket City Trash Pandas,27,4,2
670869-2022-111,670869,Livan Soto,2022,Double-A,Southern League,Rocket City Trash Pandas,22,4,2
664697-2022-111,664697,Cobie Fletcher-Vance,2022,Double-A,Southern League,Pensacola Blue Wahoos,24,4,2
676629-2022-111,676629,Riley Delgado,2022,Double-A,Southern League,Mississippi Braves,27,4,2
660681-2022-109,660681,Leandro Cedeño,2022,Double-A,Texas League,Amarillo Sod Poodles,23,4,3
669899-2022-109,669899,Ryan Ward,2022,Double-A,Texas League,Tulsa Drillers,24,4,1
681624-2022-109,681624,Andy Pages,2022,Double-A,Texas League,Tulsa Drillers,21,4,1
688760-2022-109,688760,Blaine Crim,2022,Double-A,Texas League,Frisco RoughRiders,25,4,2
686781-2022-109,686781,Brandon Lewis,2022,Double-A,Texas League,Tulsa Drillers,23,4,1
666143-2022-109,666143,Joe Rizzo,2022,Double-A,Texas League,Arkansas Travelers,24,4,2
676595-2022-109,676595,Jake Scheiner,2022,Double-A,Texas League,Arkansas Travelers,26,4,1
688869-2022-109,688869,Justin Dirden,2022,Double-A,Texas League,Corpus Christi Hooks,24,4,3
687799-2022-109,687799,Cade Marlowe,2022,Double-A,Texas League,Arkansas Travelers,25,4,3
668832-2022-109,668832,Kyle McCann,2022,Double-A,Texas League,Midland RockHounds,24,4,3
674671-2022-109,674671,Robbie Glendinning,2022,Double-A,Texas League,Northwest Arkansas Naturals,26,4,3
691023-2022-109,691023,Jordan Walker,2022,Double-A,Texas League,Springfield Cardinals,20,4,3
694376-2022-109,694376,Shay Whitcomb,2022,Double-A,Texas League,Corpus Christi Hooks,23,4,1
687957-2022-109,687957,Dustin Harris,2022,Double-A,Texas League,Frisco RoughRiders,22,4,1
666397-2022-109,666397,Edouard Julien,2022,Double-A,Texas League,Wichita Wind Surge,23,4,3
666197-2022-109,666197,Grae Kessinger,2022,Double-A,Texas League,Corpus Christi Hooks,24,4,1
665890-2022-109,665890,Seuly Matias,2022,Double-A,Texas League,Northwest Arkansas Naturals,23,4,1
677800-2022-109,677800,Wilyer Abreu,2022,Double-A,Texas League,Corpus Christi Hooks,23,4,1
672478-2022-109,672478,Jordan Diaz,2022,Double-A,Texas League,Midland RockHounds,21,4,2
679822-2022-109,679822,Justin Foscue,2022,Double-A,Texas League,Frisco RoughRiders,23,4,1
660857-2022-109,660857,Yorman Rodriguez,2022,Double-A,Texas League,San Antonio Missions,24,4,2
669722-2022-109,669722,Logan Davidson,2022,Double-A,Texas League,Midland RockHounds,24,4,3
676113-2022-109,676113,Zach DeLoach,2022,Double-A,Texas League,Arkansas Travelers,23,4,1
689288-2022-109,689288,Matt Koperniak,2022,Double-A,Texas League,Springfield Cardinals,24,4,2
680716-2022-109,680716,Jonathan Ornelas,2022,Double-A,Texas League,Frisco RoughRiders,22,4,3
670231-2022-109,670231,John Rave,2022,Double-A,Texas League,Northwest Arkansas Naturals,24,4,3
680869-2022-109,680869,Zack Gelof,2022,Double-A,Texas League,Midland RockHounds,22,4,3
678489-2022-109,678489,Jorge Barrosa,2022,Double-A,Texas League,Amarillo Sod Poodles,21,4,4
666124-2022-109,666124,Luke Berryhill,2022,Double-A,Texas League,Corpus Christi Hooks,24,4,3
674646-2022-109,674646,Tucker Bradley,2022,Double-A,Texas League,Northwest Arkansas Naturals,24,4,3
679845-2022-109,679845,Nick Loftin,2022,Double-A,Texas League,Northwest Arkansas Naturals,23,4,2
687659-2022-109,687659,Kaden Polcovich,2022,Double-A,Texas League,Arkansas Travelers,23,4,1
666452-2022-109,666452,Eduardo Diaz,2022,Double-A,Texas League,Amarillo Sod Poodles,24,4,2
689374-2022-109,689374,Jake Means,2022,Double-A,Texas League,Northwest Arkansas Naturals,26,4,1
691026-2022-109,691026,Masyn Winn,2022,Double-A,Texas League,Springfield Cardinals,20,4,4
677223-2022-109,677223,Jack Larsen,2022,Double-A,Texas League,Arkansas Travelers,27,4,2
642736-2022-109,642736,Domingo Leyba,2022,Double-A,Texas League,San Antonio Missions,26,4,1
663618-2022-109,663618,Josh Stowers,2022,Double-A,Texas League,Frisco RoughRiders,25,4,1
687005-2022-109,687005,Kellen Strahm,2022,Double-A,Texas League,Frisco RoughRiders,25,4,3
656431-2022-109,656431,Ti'Quan Forbes,2022,Double-A,Texas League,Amarillo Sod Poodles,25,4,3
667442-2022-109,667442,Connor Hollis,2022,Double-A,Texas League,San Antonio Missions,27,4,3
624523-2022-109,624523,Riley Unroe,2022,Double-A,Texas League,Arkansas Travelers,26,4,4
657144-2022-109,657144,Justin Yurchak,2022,Double-A,Texas League,Tulsa Drillers,25,4,2
680709-2022-109,680709,Nick Dunn,2022,Double-A,Texas League,Springfield Cardinals,25,4,2
680577-2022-109,680577,DaShawn Keirsey Jr.,2022,Double-A,Texas League,Wichita Wind Surge,25,4,4
672359-2022-109,672359,Tirso Ornelas,2022,Double-A,Texas League,San Antonio Missions,22,4,3
682079-2022-109,682079,Chase Calabuig,2022,Double-A,Texas League,Midland RockHounds,26,4,2
668885-2022-109,668885,Austin Martin,2022,Double-A,Texas League,Wichita Wind Surge,23,4,4
667749-2022-109,667749,Juan Fernandez,2022,Double-A,Texas League,San Antonio Missions,23,4,2
699073-2023-110,699073,Thayron Liranzo,2023,Low-A,California League,Rancho Cucamonga Quakes,19,4,3
676038-2023-110,676038,Skyler Messinger,2023,Low-A,California League,Fresno Grizzlies,24,4,3
695521-2023-110,695521,Gavin Conticello,2023,Low-A,California League,Visalia Rawhide,20,4,1
703607-2023-110,703607,Henry Bolte,2023,Low-A,California League,Stockton Ports,19,4,3
699061-2023-110,699061,Rayne Doncon,2023,Low-A,California League,Rancho Cucamonga Quakes,19,4,2
694214-2023-110,694214,Samuel Zavala,2023,Low-A,California League,Lake Elsinore Storm,18,4,1
681044-2023-110,681044,EJ Andrews Jr.,2023,Low-A,California League,Fresno Grizzlies,22,4,1
682732-2023-110,682732,Gabriel Moncada,2023,Low-A,California League,Modesto Nuts,21,4,3
701864-2023-110,701864,Griffin Doersching,2023,Low-A,California League,Lake Elsinore Storm,24,4,1
681377-2023-110,681377,Josh Hood,2023,Low-A,California League,Modesto Nuts,22,4,2
689909-2023-110,689909,Jadiel Sanchez,2023,Low-A,California League,Inland Empire 66ers,22,4,2
684109-2023-110,684109,Jesus Bugarin,2023,Low-A,California League,Fresno Grizzlies,21,4,2
682630-2023-110,682630,Alvin Guzman,2023,Low-A,California League,Visalia Rawhide,21,4,3
681201-2023-110,681201,Tanner O'Tremba,2023,Low-A,California League,San Jose Giants,23,4,3
694196-2023-110,694196,Diego Velasquez,2023,Low-A,California League,San Jose Giants,19,4,2
694203-2023-110,694203,Denzer Guzman,2023,Low-A,California League,Inland Empire 66ers,19,4,3
692222-2023-110,692222,Jose Izarra,2023,Low-A,California League,Rancho Cucamonga Quakes,21,4,1
686744-2023-110,686744,Jake Snider,2023,Low-A,California League,Fresno Grizzlies,25,4,3
683665-2023-110,683665,Alexander Suarez,2023,Low-A,California League,San Jose Giants,21,4,4
699912-2023-110,699912,Jose Fernandez,2023,Low-A,California League,Visalia Rawhide,19,4,2
702284-2023-110,702284,Cole Young,2023,Low-A,California League,Modesto Nuts,19,4,2
700164-2023-110,700164,Bryant Betancourt,2023,Low-A,California League,Fresno Grizzlies,19,4,2
698916-2023-110,698916,Rosman Verdugo,2023,Low-A,California League,Lake Elsinore Storm,18,4,1
703185-2023-110,703185,Nelson Rada,2023,Low-A,California League,Inland Empire 66ers,17,4,4
692374-2023-110,692374,Jose Ramos,2023,Low-A,California League,San Jose Giants,20,4,4
699232-2023-110,699232,Anderdson Rojas,2023,Low-A,California League,Visalia Rawhide,19,4,2
671080-2023-110,671080,Jeremy Arocho,2023,Low-A,California League,Inland Empire 66ers,24,4,4
805737-2023-110,805737,Bjay Cooke,2023,Low-A,California League,Stockton Ports,20,4,3
700321-2023-110,700321,Andy Perez,2023,Low-A,California League,Fresno Grizzlies,19,4,2
683529-2023-110,683529,Milkar Perez,2023,Low-A,California League,Modesto Nuts,21,4,3
684494-2023-122,684494,Jeremy Celedonio,2023,Low-A,Carolina League,Augusta GreenJackets,21,4,3
689531-2023-122,689531,Brett Squires,2023,Low-A,Carolina League,Columbia Fireflies,23,4,3
685776-2023-122,685776,Stiven Acevedo,2023,Low-A,Carolina League,Delmarva Shorebirds,20,4,4
701778-2023-122,701778,Jace Avina,2023,Low-A,Carolina League,Carolina Mudcats,20,4,1
800060-2023-122,800060,Xavier Isaac,2023,Low-A,Carolina League,Charleston RiverDogs,19,4,3
696513-2023-122,696513,Andy Garriola,2023,Low-A,Carolina League,Myrtle Beach Pelicans,23,4,2
801600-2023-122,801600,Bryce Willits,2023,Low-A,Carolina League,Kannapolis Cannon Ballers,23,4,1
702726-2023-122,702726,Luke Adams,2023,Low-A,Carolina League,Carolina Mudcats,19,4,1
691410-2023-122,691410,Jose Devers,2023,Low-A,Carolina League,Lynchburg Hillcats,20,4,4
691476-2023-122,691476,Luis Encarnacion,2023,Low-A,Carolina League,Fayetteville Woodpeckers,20,4,2
695692-2023-122,695692,Cooper Kinney,2023,Low-A,Carolina League,Charleston RiverDogs,20,4,2
691797-2023-122,691797,Ryan Spikes,2023,Low-A,Carolina League,Charleston RiverDogs,20,4,4
699213-2023-122,699213,Gleider Figuereo,2023,Low-A,Carolina League,Down East Wood Ducks,19,4,2
699816-2023-122,699816,Jackson Loftin,2023,Low-A,Carolina League,Fayetteville Woodpeckers,23,4,4
701424-2023-122,701424,JoJo Blackmon,2023,Low-A,Carolina League,Down East Wood Ducks,20,4,3
802991-2023-122,802991,E.J. Exposito,2023,Low-A,Carolina League,Augusta GreenJackets,22,4,1
699393-2023-122,699393,Pedro Ramírez,2023,Low-A,Carolina League,Myrtle Beach Pelicans,19,4,2
682662-2023-122,682662,Rafael Morel,2023,Low-A,Carolina League,Myrtle Beach Pelicans,21,4,4
691497-2023-122,691497,Lizandro Rodriguez,2023,Low-A,Carolina League,Columbia Fireflies,20,4,4
694222-2023-122,694222,Ambioris Tavarez,2023,Low-A,Carolina League,Augusta GreenJackets,19,4,3
686404-2023-122,686404,Wuilfredo Antunez,2023,Low-A,Carolina League,Lynchburg Hillcats,21,4,2
698945-2023-122,698945,Anderson De Los Santos,2023,Low-A,Carolina League,Delmarva Shorebirds,19,4,2
691252-2023-122,691252,Jhon Diaz,2023,Low-A,Carolina League,Charleston RiverDogs,20,4,4
695744-2023-122,695744,Ian Moller,2023,Low-A,Carolina League,Down East Wood Ducks,20,4,1
699144-2023-122,699144,Luis Ravelo,2023,Low-A,Carolina League,Salem Red Sox,19,4,2
699130-2023-122,699130,Jadher Areinamo,2023,Low-A,Carolina League,Carolina Mudcats,19,4,2
694227-2023-122,694227,Danyer Cueva,2023,Low-A,Carolina League,Down East Wood Ducks,19,4,3
694183-2023-122,694183,Cristian Hernández,2023,Low-A,Carolina League,Myrtle Beach Pelicans,19,4,4
805763-2023-122,805763,Drake Logan,2023,Low-A,Carolina League,Kannapolis Cannon Ballers,22,4,3
692453-2023-122,692453,Roismar Quintana,2023,Low-A,Carolina League,Fredericksburg Nationals,20,4,3
684976-2023-122,684976,Johnathon Thomas,2023,Low-A,Carolina League,Fredericksburg Nationals,23,4,4
691405-2023-122,691405,Juan Benjamin,2023,Low-A,Carolina League,Lynchburg Hillcats,20,4,4
694182-2023-122,694182,Armando Cruz,2023,Low-A,Carolina League,Fredericksburg Nationals,19,4,2
678706-2023-122,678706,Reivaj Garcia,2023,Low-A,Carolina League,Myrtle Beach Pelicans,21,4,4
694187-2023-122,694187,Daniel Vazquez,2023,Low-A,Carolina League,Columbia Fireflies,19,4,4
677356-2023-122,677356,Carter Young,2023,Low-A,Carolina League,Delmarva Shorebirds,22,4,1
683539-2023-122,683539,Cristopher Barete,2023,Low-A,Carolina League,Charleston RiverDogs,21,4,4
680519-2023-122,680519,Mario Camilletti,2023,Low-A,Carolina League,Kannapolis Cannon Ballers,24,4,3
699126-2023-122,699126,Gregory Barrios,2023,Low-A,Carolina League,Carolina Mudcats,19,4,2
686956-2023-122,686956,Adam Crampton,2023,Low-A,Carolina League,Delmarva Shorebirds,22,4,4
802415-2023-122,802415,Chandler Simpson,2023,Low-A,Carolina League,Charleston RiverDogs,22,4,4
696100-2023-113,696100,Hunter Goodman,2023,Double-A,Eastern League,Hartford Yard Goats,23,4,1
695257-2023-113,695257,Billy Cook,2023,Double-A,Eastern League,Bowie Baysox,24,4,1
678926-2023-113,678926,Carlos De La Cruz,2023,Double-A,Eastern League,Reading Fightin Phils,23,4,3
686554-2023-113,686554,Oliver Dunn,2023,Double-A,Eastern League,Reading Fightin Phils,25,4,3
671913-2023-113,671913,Damiano Palmegiani,2023,Double-A,Eastern League,New Hampshire Fisher Cats,23,4,1
683770-2023-113,683770,Will Robertson,2023,Double-A,Eastern League,New Hampshire Fisher Cats,25,4,1
677570-2023-113,677570,Aaron Bracho,2023,Double-A,Eastern League,Akron RubberDucks,22,4,1
672361-2023-113,672361,Agustin Ruiz,2023,Double-A,Eastern League,Binghamton Rumble Ponies,23,4,1
685301-2023-113,685301,Matt Gorski,2023,Double-A,Eastern League,Altoona Curve,25,4,1
680693-2023-113,680693,Grant Lavigne,2023,Double-A,Eastern League,Hartford Yard Goats,23,4,1
687981-2023-113,687981,John Rhodes,2023,Double-A,Eastern League,Bowie Baysox,22,4,1
681159-2023-113,681159,Ethan Wilson,2023,Double-A,Eastern League,Reading Fightin Phils,23,4,1
691176-2023-113,691176,Jasson Domínguez,2023,Double-A,Eastern League,Somerset Patriots,20,4,4
678837-2023-113,678837,Bladimir Restituyo,2023,Double-A,Eastern League,Hartford Yard Goats,21,4,2
669360-2023-113,669360,Trei Cruz,2023,Double-A,Eastern League,Erie SeaWolves,24,4,1
687724-2023-113,687724,Jake Holton,2023,Double-A,Eastern League,Erie SeaWolves,25,4,2
666177-2023-113,666177,Carter Aldrete,2023,Double-A,Eastern League,Richmond Flying Squirrels,25,4,1
663979-2023-113,663979,Kyle Datres,2023,Double-A,Eastern League,Hartford Yard Goats,27,4,3
679821-2023-113,679821,Rowdey Jordan,2023,Double-A,Eastern League,Binghamton Rumble Ponies,24,4,1
701162-2023-113,701162,Ben Malgeri,2023,Double-A,Eastern League,Erie SeaWolves,23,4,1
700242-2023-113,700242,Trey Sweeney,2023,Double-A,Eastern League,Somerset Patriots,23,4,1
694377-2023-113,694377,Nick Yorke,2023,Double-A,Eastern League,Portland Sea Dogs,21,4,3
676762-2023-113,676762,Frankie Tostado,2023,Double-A,Eastern League,Harrisburg Senators,25,4,2
682657-2023-113,682657,Angel Martínez,2023,Double-A,Eastern League,Akron RubberDucks,21,4,2
673990-2023-113,673990,Andy Thomas,2023,Double-A,Eastern League,Richmond Flying Squirrels,25,4,1
682877-2023-113,682877,Juan Brito,2023,Double-A,Eastern League,Akron RubberDucks,21,4,1
672692-2023-113,672692,Jose Peroza,2023,Double-A,Eastern League,Binghamton Rumble Ponies,23,4,3
671271-2023-113,671271,Jeisson Rosario,2023,Double-A,Eastern League,Somerset Patriots,23,4,1
690984-2023-113,690984,Petey Halpin,2023,Double-A,Eastern League,Akron RubberDucks,21,4,1
689651-2023-113,689651,Phillip Sikes,2023,Double-A,Eastern League,Portland Sea Dogs,24,4,1
687019-2023-113,687019,Andrés Alvarez,2023,Double-A,Eastern League,Altoona Curve,26,4,1
670208-2023-113,670208,Matt Fraizer,2023,Double-A,Eastern League,Altoona Curve,25,4,4
690987-2023-113,690987,Robert Hassell III,2023,Double-A,Eastern League,Harrisburg Senators,21,4,3
676024-2023-113,676024,Donta' Williams,2023,Double-A,Eastern League,Bowie Baysox,24,4,4
672642-2023-113,672642,Steward Berroa,2023,Double-A,Eastern League,New Hampshire Fisher Cats,24,4,4
805367-2023-113,805367,Chase Meidroth,2023,Double-A,Eastern League,Portland Sea Dogs,21,4,3
681468-2023-113,681468,Corey Rosier,2023,Double-A,Eastern League,Portland Sea Dogs,23,4,4
657010-2023-113,657010,Madison Stokes,2023,Double-A,Eastern League,Reading Fightin Phils,27,4,1
686793-2023-113,686793,J.T. Arruda,2023,Double-A,Eastern League,Harrisburg Senators,25,4,4
701634-2023-113,701634,Connor Kokx,2023,Double-A,Eastern League,Akron RubberDucks,23,4,4
696281-2023-113,696281,Wyatt Young,2023,Double-A,Eastern League,Binghamton Rumble Ponies,23,4,2
683616-2023-123,683616,Rodolfo Nolasco,2023,Low-A,Florida State League,Bradenton Marauders,21,4,3
691858-2023-123,691858,Jared Serna,2023,Low-A,Florida State League,Tampa Tarpons,21,4,2
683079-2023-123,683079,Omar Martinez,2023,Low-A,Florida State League,Tampa Tarpons,21,4,1
699302-2023-123,699302,Héctor Rodríguez,2023,Low-A,Florida State League,Daytona Tortugas,19,4,2
702906-2023-123,702906,Wilfredo Lara,2023,Low-A,Florida State League,St. Lucie Mets,19,4,1
686438-2023-123,686438,Rubel Cespedes,2023,Low-A,Florida State League,Fort Myers Mighty Mussels,22,4,2
682627-2023-123,682627,Jose De La Cruz,2023,Low-A,Florida State League,Lakeland Flying Tigers,21,4,3
694184-2023-123,694184,Cristian Santana,2023,Low-A,Florida State League,Lakeland Flying Tigers,19,4,1
694185-2023-123,694185,Danny De Andrade,2023,Low-A,Florida State League,Fort Myers Mighty Mussels,19,4,1
691627-2023-123,691627,Ricardo Olivar,2023,Low-A,Florida State League,Fort Myers Mighty Mussels,21,4,3
701398-2023-123,701398,Sal Stewart,2023,Low-A,Florida State League,Daytona Tortugas,19,4,3
699115-2023-123,699115,Carlos Jorge,2023,Low-A,Florida State League,Daytona Tortugas,19,4,4
691927-2023-123,691927,Enmanuel Terrero,2023,Low-A,Florida State League,Bradenton Marauders,20,4,4
695491-2023-123,695491,Joshua Báez,2023,Low-A,Florida State League,Palm Beach Cardinals,20,4,1
800231-2023-123,800231,Won-Bin Cho,2023,Low-A,Florida State League,Palm Beach Cardinals,19,4,4
692371-2023-123,692371,Lizandro Espinoza,2023,Low-A,Florida State League,Palm Beach Cardinals,20,4,2
693808-2023-123,693808,Daury Arias,2023,Low-A,Florida State League,Tampa Tarpons,21,4,2
694202-2023-123,694202,Manuel Beltre,2023,Low-A,Florida State League,Dunedin Blue Jays,19,4,2
702253-2023-123,702253,Cam Collier,2023,Low-A,Florida State League,Daytona Tortugas,18,4,3
694200-2023-123,694200,Ariel Almonte,2023,Low-A,Florida State League,Daytona Tortugas,19,4,3
691588-2023-123,691588,Ian Lewis Jr.,2023,Low-A,Florida State League,Jupiter Hammerheads,20,4,4
689355-2023-123,689355,Brett Roberts,2023,Low-A,Florida State League,Jupiter Hammerheads,22,4,2
702283-2023-123,702283,Tucker Toman,2023,Low-A,Florida State League,Dunedin Blue Jays,19,4,3
700931-2023-123,700931,Seth Stephenson,2023,Low-A,Florida State League,Lakeland Flying Tigers,22,4,4
691601-2023-123,691601,Brenny Escanio,2023,Low-A,Florida State League,Tampa Tarpons,20,4,4
694193-2023-123,694193,Victor Acosta,2023,Low-A,Florida State League,Daytona Tortugas,19,4,2
683152-2023-123,683152,Michael Curialle,2023,Low-A,Florida State League,Palm Beach Cardinals,22,4,3
696291-2023-123,696291,Jordan McCants,2023,Low-A,Florida State League,Jupiter Hammerheads,21,4,4
701437-2023-123,701437,Jaden Rudd,2023,Low-A,Florida State League,Dunedin Blue Jays,20,4,4
692944-2023-123,692944,Kevin Villavicencio,2023,Low-A,Florida State League,St. Lucie Mets,19,4,2
702708-2023-123,702708,Emaarion Boyd,2023,Low-A,Florida State League,Clearwater Threshers,19,4,4
691913-2023-123,691913,Jesus Castillo,2023,Low-A,Florida State League,Bradenton Marauders,19,4,4
701010-2023-123,701010,Roque Salinas,2023,Low-A,Florida State League,Dunedin Blue Jays,20,4,2
691594-2023-123,691594,Javier Sanoja,2023,Low-A,Florida State League,Jupiter Hammerheads,20,4,4
666915-2023-117,666915,Bobby Dalbec,2023,Triple-A,International League,Worcester Red Sox,28,4,1
642215-2023-117,642215,Weston Wilson,2023,Triple-A,International League,Lehigh Valley IronPigs,28,4,1
664332-2023-117,664332,Moisés Gómez,2023,Triple-A,International League,Memphis Redbirds,24,4,1
656484-2023-117,656484,Tristan Gray,2023,Triple-A,International League,Durham Bulls,27,4,1
664314-2023-117,664314,Estevan Florial,2023,Triple-A,International League,Scranton/Wilkes-Barre RailRiders,25,4,3
678877-2023-117,678877,Jhonkensy Noel,2023,Triple-A,International League,Columbus Clippers,21,4,1
666464-2023-117,666464,Jerar Encarnacion,2023,Triple-A,International League,Jacksonville Jumbo Shrimp,25,4,3
666018-2023-117,666018,Jonathan Aranda,2023,Triple-A,International League,Durham Bulls,25,4,3
665953-2023-117,665953,Andrés Chaparro,2023,Triple-A,International League,Scranton/Wilkes-Barre RailRiders,24,4,1
680814-2023-117,680814,Peyton Burdick,2023,Triple-A,International League,Jacksonville Jumbo Shrimp,26,4,1
663905-2023-117,663905,Travis Blankenhorn,2023,Triple-A,International League,Rochester Red Wings,26,4,1
623507-2023-117,623507,Josh Lester,2023,Triple-A,International League,Norfolk Tides,28,4,1
669234-2023-117,669234,Justyn-Henry Malloy,2023,Triple-A,International League,Toledo Mud Hens,23,4,1
677595-2023-117,677595,Ronny Mauricio,2023,Triple-A,International League,Syracuse Mets,22,4,2
666632-2023-117,666632,Yonathan Perlaza,2023,Triple-A,International League,Iowa Cubs,24,4,3
665180-2023-117,665180,Ruben Cardenas,2023,Triple-A,International League,Durham Bulls,25,4,1
670223-2023-117,670223,Matt Mervis,2023,Triple-A,International League,Iowa Cubs,25,4,1
608703-2023-117,608703,Matt Reynolds,2023,Triple-A,International League,Louisville Bats,32,4,1
670237-2023-117,670237,Jake Slaughter,2023,Triple-A,International League,Iowa Cubs,26,4,1
657562-2023-117,657562,Patrick Dorrian,2023,Triple-A,International League,Nashville Sounds,27,4,3
670224-2023-117,670224,Kameron Misner,2023,Triple-A,International League,Durham Bulls,25,4,1
681393-2023-117,681393,Connor Norby,2023,Triple-A,International League,Norfolk Tides,23,4,3
642197-2023-117,642197,Jamie Westbrook,2023,Triple-A,International League,Scranton/Wilkes-Barre RailRiders,28,4,2
622682-2023-117,622682,Victor Reyes,2023,Triple-A,International League,Charlotte Knights,28,4,3
678009-2023-117,678009,Parker Meadows,2023,Triple-A,International League,Toledo Mud Hens,23,4,1
691026-2023-117,691026,Masyn Winn,2023,Triple-A,International League,Memphis Redbirds,21,4,2
650331-2023-117,650331,Lewin Díaz,2023,Triple-A,International League,Norfolk Tides,26,4,1
666152-2023-117,666152,David Hamilton,2023,Triple-A,International League,Worcester Red Sox,25,4,4
680881-2023-117,680881,Niko Hulsizer,2023,Triple-A,International League,Durham Bulls,26,4,1
700932-2023-117,700932,Kyle Manzardo,2023,Triple-A,International League,Columbus Clippers,22,4,1
594953-2023-117,594953,Daniel Palka,2023,Triple-A,International League,Syracuse Mets,31,4,1
609280-2023-117,609280,Miguel Andujar,2023,Triple-A,International League,Indianapolis Indians,28,4,2
663662-2023-117,663662,Daz Cameron,2023,Triple-A,International League,Norfolk Tides,26,4,1
641470-2023-117,641470,Zack Collins,2023,Triple-A,International League,Columbus Clippers,28,4,3
694355-2023-117,694355,Tyler Gentry,2023,Triple-A,International League,Omaha Storm Chasers,24,4,1
669699-2023-117,669699,Braden Shewmake,2023,Triple-A,International League,Gwinnett Stripers,25,4,2
664057-2023-117,664057,Andrew Stevenson,2023,Triple-A,International League,St. Paul Saints,29,4,4
676070-2023-117,676070,Jacob Amaya,2023,Triple-A,International League,Jacksonville Jumbo Shrimp,24,4,2
666126-2023-117,666126,Carlos Cortes,2023,Triple-A,International League,Syracuse Mets,26,4,1
605361-2023-117,605361,Nick Martini,2023,Triple-A,International League,Louisville Bats,33,4,1
675986-2023-117,675986,Canaan Smith-Njigba,2023,Triple-A,International League,Indianapolis Indians,24,4,3
660620-2023-117,660620,Jonathan Araúz,2023,Triple-A,International League,Syracuse Mets,24,4,1
623520-2023-117,623520,David Bote,2023,Triple-A,International League,Iowa Cubs,30,4,1
693304-2023-117,693304,Nick Gonzales,2023,Triple-A,International League,Indianapolis Indians,24,4,3
689288-2023-117,689288,Matt Koperniak,2023,Triple-A,International League,Memphis Redbirds,25,4,2
687588-2023-117,687588,Micah Pries,2023,Triple-A,International League,Columbus Clippers,25,4,1
687823-2023-117,687823,Aaron Shackelford,2023,Triple-A,International League,Indianapolis Indians,26,4,1
664068-2023-117,664068,Scott Kingery,2023,Triple-A,International League,Lehigh Valley IronPigs,29,4,1
670148-2023-117,670148,Nate Mondou,2023,Triple-A,International League,Charlotte Knights,28,4,1
682515-2023-117,682515,Logan Porter,2023,Triple-A,International League,Omaha Storm Chasers,27,4,1
578570-2023-117,578570,Juniel Querecuto,2023,Triple-A,International League,Memphis Redbirds,30,4,1
642020-2023-117,642020,Chuckie Robinson,2023,Triple-A,International League,Louisville Bats,28,4,2
682177-2023-117,682177,Daniel Schneemann,2023,Triple-A,International League,Columbus Clippers,26,4,3
672463-2023-117,672463,Rafael Lantigua,2023,Triple-A,International League,Buffalo Bisons,25,4,3
670113-2023-117,670113,Jim Haley,2023,Triple-A,International League,Lehigh Valley IronPigs,28,4,3
686531-2023-117,686531,Andre Lipcius,2023,Triple-A,International League,Toledo Mud Hens,25,4,1
664901-2023-117,664901,Danny Mendick,2023,Triple-A,International League,Syracuse Mets,29,4,2
687462-2023-117,687462,Spencer Horwitz,2023,Triple-A,International League,Buffalo Bisons,25,4,3
672279-2023-117,672279,Michael Siani,2023,Triple-A,International League,Memphis Redbirds,23,4,1
687093-2023-117,687093,Vaughn Grissom,2023,Triple-A,International League,Gwinnett Stripers,22,4,2
680700-2023-117,680700,Richie Palacios,2023,Triple-A,International League,Memphis Redbirds,26,4,2
570560-2023-117,570560,Yolmer Sánchez,2023,Triple-A,International League,Gwinnett Stripers,31,4,1
669392-2023-117,669392,Samad Taylor,2023,Triple-A,International League,Omaha Storm Chasers,24,4,4
647351-2023-117,647351,Abraham Toro,2023,Triple-A,International League,Nashville Sounds,26,4,1
657088-2023-117,657088,Forrest Wall,2023,Triple-A,International League,Gwinnett Stripers,27,4,4
669364-2023-117,669364,Xavier Edwards,2023,Triple-A,International League,Jacksonville Jumbo Shrimp,23,4,2
664670-2023-117,664670,Alejo Lopez,2023,Triple-A,International League,Louisville Bats,27,4,2
665922-2023-117,665922,Símon Muzziotti,2023,Triple-A,International League,Lehigh Valley IronPigs,24,4,4
677587-2023-117,677587,Brayan Rocchio,2023,Triple-A,International League,Columbus Clippers,22,4,2
686765-2023-117,686765,Nick Sogard,2023,Triple-A,International League,Worcester Red Sox,25,4,4
677954-2023-117,677954,Jordan Groshans,2023,Triple-A,International League,Jacksonville Jumbo Shrimp,23,4,2
671088-2023-117,671088,Tanner Morris,2023,Triple-A,International League,Buffalo Bisons,25,4,3
668723-2023-117,668723,Ryan Vilade,2023,Triple-A,International League,Indianapolis Indians,24,4,3
570481-2023-117,570481,Erik González,2023,Triple-A,International League,Charlotte Knights,31,4,2
663968-2023-117,663968,Jake Mangum,2023,Triple-A,International League,Jacksonville Jumbo Shrimp,27,4,2
678545-2023-117,678545,Osleivis Basabe,2023,Triple-A,International League,Durham Bulls,22,4,2
671117-2023-117,671117,Darren Baker,2023,Triple-A,International League,Rochester Red Wings,24,4,4
686490-2023-117,686490,Cam Eden,2023,Triple-A,International League,Buffalo Bisons,25,4,4
621006-2023-117,621006,Richie Martin Jr.,2023,Triple-A,International League,Rochester Red Wings,28,4,4
670298-2023-117,670298,Kramer Robertson,2023,Triple-A,International League,Memphis Redbirds,28,4,4
691503-2023-117,691503,Yolbert Sanchez,2023,Triple-A,International League,Charlotte Knights,26,4,2
693850-2023-118,693850,Kala'i Rosario,2023,High-A,Midwest League,Cedar Rapids Kernels,20,4,3
676002-2023-118,676002,Juan Carlos Negret,2023,High-A,Midwest League,Quad Cities River Bandits,24,4,1
805346-2023-118,805346,Ben Ross,2023,High-A,Midwest League,Cedar Rapids Kernels,22,4,1
680918-2023-118,680918,Brady Allen,2023,High-A,Midwest League,West Michigan Whitecaps,23,4,3
702140-2023-118,702140,Ruben Ibarra,2023,High-A,Midwest League,Dayton Dragons,24,4,1
680756-2023-118,680756,Mat Nelson,2023,High-A,Midwest League,Dayton Dragons,24,4,1
687210-2023-118,687210,Nathan Martorella,2023,High-A,Midwest League,Fort Wayne TinCaps,22,4,2
691181-2023-118,691181,Emmanuel Rodriguez,2023,High-A,Midwest League,Cedar Rapids Kernels,20,4,3
665989-2023-118,665989,Shervyen Newton,2023,High-A,Midwest League,Quad Cities River Bandits,24,4,3
687221-2023-118,687221,Dalton Rushing,2023,High-A,Midwest League,Great Lakes Loons,22,4,1
690988-2023-118,690988,Austin Hendrick,2023,High-A,Midwest League,Dayton Dragons,22,4,1
690291-2023-118,690291,Jace Jung,2023,High-A,Midwest League,West Michigan Whitecaps,22,4,1
695490-2023-118,695490,Edwin Arroyo,2023,High-A,Midwest League,Dayton Dragons,19,4,2
674976-2023-118,674976,Griffin Lockwood-Powell,2023,High-A,Midwest League,Great Lakes Loons,25,4,1
805300-2023-118,805300,Jakob Marsee,2023,High-A,Midwest League,Fort Wayne TinCaps,22,4,4
679788-2023-118,679788,Jack Rogers,2023,High-A,Midwest League,Dayton Dragons,24,4,3
682634-2023-118,682634,Kevin Alcántara,2023,High-A,Midwest League,South Bend Cubs,20,4,3
699625-2023-118,699625,Jimmy Crooks,2023,High-A,Midwest League,Peoria Chiefs,21,4,2
688457-2023-118,688457,Gavin Cross,2023,High-A,Midwest League,Quad Cities River Bandits,22,4,1
691789-2023-118,691789,Izaac Pacheco,2023,High-A,Midwest League,West Michigan Whitecaps,20,4,1
678577-2023-118,678577,Junior Perez,2023,High-A,Midwest League,Lansing Lugnuts,21,4,4
682679-2023-118,682679,Dayan Frias,2023,High-A,Midwest League,Lake County Captains,21,4,2
669336-2023-118,669336,Joe Gray Jr.,2023,High-A,Midwest League,Wisconsin Timber Rattlers,23,4,1
695600-2023-118,695600,Carter Jensen,2023,High-A,Midwest League,Quad Cities River Bandits,19,4,1
701618-2023-118,701618,Damon Keith,2023,High-A,Midwest League,Great Lakes Loons,23,4,3
691024-2023-118,691024,Cayden Wallace,2023,High-A,Midwest League,Quad Cities River Bandits,21,4,3
690976-2023-118,690976,Alex Freeland,2023,High-A,Midwest League,Great Lakes Loons,21,4,4
681142-2023-118,681142,Justice Thompson,2023,High-A,Midwest League,Dayton Dragons,22,4,3
672613-2023-118,672613,Eliezer Alfonzo,2023,High-A,Midwest League,West Michigan Whitecaps,23,4,2
682997-2023-118,682997,Tyler Callihan,2023,High-A,Midwest League,Dayton Dragons,23,4,2
695780-2023-118,695780,Jake Fox,2023,High-A,Midwest League,Lake County Captains,20,4,1
695653-2023-118,695653,Noah Miller,2023,High-A,Midwest League,Cedar Rapids Kernels,20,4,2
691001-2023-118,691001,Robert Moore,2023,High-A,Midwest League,Wisconsin Timber Rattlers,21,4,2
804588-2023-118,804588,Bubba Alleyne,2023,High-A,Midwest League,Great Lakes Loons,24,4,1
683494-2023-118,683494,Euribiel Angeles,2023,High-A,Midwest League,Lansing Lugnuts,21,4,2
684222-2023-118,684222,Jorge Burgos,2023,High-A,Midwest League,Lake County Captains,20,4,2
702472-2023-118,702472,Austin Callahan,2023,High-A,Midwest League,Dayton Dragons,22,4,3
690903-2023-118,690903,Lucas Dunn,2023,High-A,Midwest League,Fort Wayne TinCaps,24,4,4
672861-2023-118,672861,Carlos Luis,2023,High-A,Midwest League,Fort Wayne TinCaps,23,4,2
687152-2023-118,687152,Darrien Miller,2023,High-A,Midwest League,Wisconsin Timber Rattlers,22,4,1
691740-2023-118,691740,Daniel Susac,2023,High-A,Midwest League,Lansing Lugnuts,22,4,3
694976-2023-118,694976,Osvaldo Tovalin,2023,High-A,Midwest League,Peoria Chiefs,23,4,2
805891-2023-118,805891,Taylor Young,2023,High-A,Midwest League,Great Lakes Loons,24,4,4
691558-2023-118,691558,Yeiner Fernandez,2023,High-A,Midwest League,Great Lakes Loons,20,4,2
691788-2023-118,691788,Joe Mack,2023,High-A,Midwest League,Beloit Sky Carp,20,4,2
682818-2023-118,682818,Yohendrick Piñango,2023,High-A,Midwest League,South Bend Cubs,21,4,2
701817-2023-118,701817,River Town,2023,High-A,Midwest League,Quad Cities River Bandits,23,4,2
805834-2023-118,805834,Javi Vaz,2023,High-A,Midwest League,Quad Cities River Bandits,22,4,2
691449-2023-118,691449,Roberto Campos,2023,High-A,Midwest League,West Michigan Whitecaps,20,4,2
691268-2023-118,691268,Yiddi Cappe,2023,High-A,Midwest League,Beloit Sky Carp,20,4,2
802407-2023-118,802407,Joe Lampe,2023,High-A,Midwest League,Lake County Captains,22,4,2
690902-2023-118,690902,Ben Metzinger,2023,High-A,Midwest League,Wisconsin Timber Rattlers,24,4,3
681868-2023-118,681868,Ezequiel Pagan,2023,High-A,Midwest League,South Bend Cubs,22,4,2
695370-2023-118,695370,Thomas Francisco,2023,High-A,Midwest League,Peoria Chiefs,24,4,2
691191-2023-118,691191,Jose Salas,2023,High-A,Midwest League,Cedar Rapids Kernels,20,4,2
682618-2023-118,682618,Misael Urbina,2023,High-A,Midwest League,Cedar Rapids Kernels,21,4,1
679751-2023-118,679751,Danny Bautista Jr.,2023,High-A,Midwest League,Lansing Lugnuts,22,4,2
681433-2023-118,681433,Noah Cardenas,2023,High-A,Midwest League,Cedar Rapids Kernels,23,4,3
701675-2023-118,701675,Nathan Church,2023,High-A,Midwest League,Peoria Chiefs,22,4,2
692405-2023-118,692405,Jeremy Rivas,2023,High-A,Midwest League,Peoria Chiefs,20,4,2
691949-2023-118,691949,Jake Vogel,2023,High-A,Midwest League,Great Lakes Loons,21,4,4
678648-2023-118,678648,Herard Gonzalez,2023,High-A,Midwest League,Quad Cities River Bandits,22,4,2
687783-2023-118,687783,Matthew Wood,2023,High-A,Midwest League,Wisconsin Timber Rattlers,22,4,2
702112-2023-126,702112,Hogan Windish,2023,High-A,Northwest League,Everett AquaSox,24,4,3
683103-2023-126,683103,Cade Doughty,2023,High-A,Northwest League,Vancouver Canadians,22,4,3
692348-2023-126,692348,Aeverson Arteaga,2023,High-A,Northwest League,Eugene Emeralds,20,4,2
678681-2023-126,678681,Luis Toribio,2023,High-A,Northwest League,Eugene Emeralds,22,4,3
695670-2023-126,695670,Harry Ford,2023,High-A,Northwest League,Everett AquaSox,20,4,1
687529-2023-126,687529,Grant McCray,2023,High-A,Northwest League,Eugene Emeralds,22,4,4
684855-2023-126,684855,Jared Dupere,2023,High-A,Northwest League,Eugene Emeralds,24,4,3
683447-2023-126,683447,Gabriel Martinez,2023,High-A,Northwest League,Vancouver Canadians,20,4,2
668756-2023-126,668756,Ben Ramirez,2023,High-A,Northwest League,Everett AquaSox,24,4,3
696521-2023-126,696521,Garrett Spain,2023,High-A,Northwest League,Vancouver Canadians,22,4,1
684715-2023-126,684715,Nic Kent,2023,High-A,Northwest League,Spokane Indians,23,4,2
695603-2023-126,695603,Benny Montgomery,2023,High-A,Northwest League,Spokane Indians,20,4,3
691269-2023-126,691269,Adrian Placencia,2023,High-A,Northwest League,Tri-City Dust Devils,20,4,4
672018-2023-126,672018,Dasan Brown,2023,High-A,Northwest League,Vancouver Canadians,21,4,4
682648-2023-126,682648,Juan Guerrero,2023,High-A,Northwest League,Spokane Indians,21,4,2
690956-2023-126,690956,Werner Blakely,2023,High-A,Northwest League,Tri-City Dust Devils,21,4,3
679741-2023-126,679741,Wilderd Patiño,2023,High-A,Northwest League,Hillsboro Hops,21,4,4
688460-2023-126,688460,Josh Kasevich,2023,High-A,Northwest League,Vancouver Canadians,22,4,2
677610-2023-126,677610,D'Shawn Knowles,2023,High-A,Northwest League,Tri-City Dust Devils,22,4,3
682643-2023-126,682643,Alexander Ramirez,2023,High-A,Northwest League,Tri-City Dust Devils,20,4,3
680396-2023-126,680396,Joe Stewart,2023,High-A,Northwest League,Tri-City Dust Devils,25,4,4
691186-2023-126,691186,Arol Vera,2023,High-A,Northwest League,Tri-City Dust Devils,20,4,2
663550-2023-112,663550,Trey Cabbage,2023,Triple-A,Pacific Coast League,Salt Lake Bees,26,4,3
676595-2023-112,676595,Jake Scheiner,2023,Triple-A,Pacific Coast League,Tacoma Rainiers,27,4,1
673995-2023-112,673995,Davis Wendzel,2023,Triple-A,Pacific Coast League,Round Rock Express,26,4,1
683737-2023-112,683737,Michael Busch,2023,Triple-A,Pacific Coast League,Oklahoma City Dodgers,25,4,3
676113-2023-112,676113,Zach DeLoach,2023,Triple-A,Pacific Coast League,Tacoma Rainiers,24,4,3
660758-2023-112,660758,Sandro Fabian,2023,Triple-A,Pacific Coast League,Round Rock Express,25,4,2
642137-2023-112,642137,Cody Thomas,2023,Triple-A,Pacific Coast League,Las Vegas Aviators,28,4,3
670092-2023-112,670092,Trenton Brooks,2023,Triple-A,Pacific Coast League,Sacramento River Cats,27,4,1
688760-2023-112,688760,Blaine Crim,2023,Triple-A,Pacific Coast League,Round Rock Express,26,4,1
663796-2023-112,663796,Coco Montes,2023,Triple-A,Pacific Coast League,Albuquerque Isotopes,26,4,3
694175-2023-112,694175,Pedro León,2023,Triple-A,Pacific Coast League,Sugar Land Space Cowboys,25,4,3
669899-2023-112,669899,Ryan Ward,2023,Triple-A,Pacific Coast League,Oklahoma City Dodgers,25,4,1
666149-2023-112,666149,Tyler Fitzgerald,2023,Triple-A,Pacific Coast League,Sacramento River Cats,25,4,1
676939-2023-112,676939,Jimmy Herron,2023,Triple-A,Pacific Coast League,Albuquerque Isotopes,26,4,4
676625-2023-112,676625,Rylan Bannon,2023,Triple-A,Pacific Coast League,Sugar Land Space Cowboys,27,4,1
679822-2023-112,679822,Justin Foscue,2023,Triple-A,Pacific Coast League,Round Rock Express,24,4,2
609274-2023-112,609274,Elier Hernandez,2023,Triple-A,Pacific Coast League,Round Rock Express,28,4,3
642220-2023-112,642220,Jantzen Witte,2023,Triple-A,Pacific Coast League,El Paso Chihuahuas,33,4,1
656695-2023-112,656695,J.J. Matijevic,2023,Triple-A,Pacific Coast League,Sugar Land Space Cowboys,27,4,1
677941-2023-112,677941,Jordyn Adams,2023,Triple-A,Pacific Coast League,Salt Lake Bees,23,4,4
676632-2023-112,676632,Bligh Madris,2023,Triple-A,Pacific Coast League,Sugar Land Space Cowboys,27,4,1
668845-2023-112,668845,Aaron Schunk,2023,Triple-A,Pacific Coast League,Albuquerque Isotopes,25,4,3
678489-2023-112,678489,Jorge Barrosa,2023,Triple-A,Pacific Coast League,Reno Aces,22,4,1
621005-2023-112,621005,Tim Lopes,2023,Triple-A,Pacific Coast League,El Paso Chihuahuas,29,4,4
656821-2023-112,656821,Kevin Padlo,2023,Triple-A,Pacific Coast League,Salt Lake Bees,26,4,1
676946-2023-112,676946,Matthew Batten,2023,Triple-A,Pacific Coast League,El Paso Chihuahuas,28,4,1
670128-2023-112,670128,Taylor Kohlwey,2023,Triple-A,Pacific Coast League,El Paso Chihuahuas,28,4,3
682183-2023-112,682183,Drew Avans,2023,Triple-A,Pacific Coast League,Oklahoma City Dodgers,27,4,4
595943-2023-112,595943,Phillip Evans,2023,Triple-A,Pacific Coast League,Reno Aces,30,4,2
680474-2023-112,680474,Max Schuemann,2023,Triple-A,Pacific Coast League,Las Vegas Aviators,26,4,4
669450-2023-112,669450,Cooper Hummel,2023,Triple-A,Pacific Coast League,Tacoma Rainiers,28,4,3
680716-2023-112,680716,Jonathan Ornelas,2023,Triple-A,Pacific Coast League,Round Rock Express,23,4,3
667663-2023-112,667663,Hunter Stovall,2023,Triple-A,Pacific Coast League,Albuquerque Isotopes,26,4,2
671083-2023-112,671083,Buddy Kennedy,2023,Triple-A,Pacific Coast League,Las Vegas Aviators,24,4,3
683021-2023-112,683021,Michael Stefanic,2023,Triple-A,Pacific Coast League,Salt Lake Bees,27,4,2
660634-2023-112,660634,Yonny Hernández,2023,Triple-A,Pacific Coast League,Oklahoma City Dodgers,25,4,4
660636-2023-112,660636,Diego Castillo,2023,Triple-A,Pacific Coast League,Reno Aces,25,4,3
687749-2023-116,687749,Jase Bowen,2023,High-A,South Atlantic League,Greensboro Grasshoppers,22,4,1
681679-2023-116,681679,Stanley Consuegra,2023,High-A,South Atlantic League,Brooklyn Cyclones,22,4,1
700246-2023-116,700246,Carson Williams,2023,High-A,South Atlantic League,Bowling Green Hot Rods,20,4,1
691775-2023-116,691775,Ryan Clifford,2023,High-A,South Atlantic League,Brooklyn Cyclones,19,4,1
687554-2023-116,687554,DJ Gladney,2023,High-A,South Atlantic League,Winston-Salem Dash,21,4,1
689200-2023-116,689200,Jacob Melton,2023,High-A,South Atlantic League,Asheville Tourists,22,4,4
678010-2023-116,678010,Nick Schnell,2023,High-A,South Atlantic League,Bowling Green Hot Rods,23,4,1
691938-2023-116,691938,Willy Vasquez,2023,High-A,South Atlantic League,Bowling Green Hot Rods,21,4,2
677342-2023-116,677342,Brock Jones,2023,High-A,South Atlantic League,Bowling Green Hot Rods,22,4,1
678534-2023-116,678534,Rixon Wingrove,2023,High-A,South Atlantic League,Jersey Shore BlueClaws,23,4,3
686948-2023-116,686948,Drake Baldwin,2023,High-A,South Atlantic League,Rome Braves,22,4,3
681333-2023-116,681333,Dru Baker,2023,High-A,South Atlantic League,Bowling Green Hot Rods,23,4,4
681488-2023-116,681488,Logan Cerny,2023,High-A,South Atlantic League,Asheville Tourists,23,4,1
682987-2023-116,682987,Spencer Jones,2023,High-A,South Atlantic League,Hudson Valley Renegades,22,4,3
700845-2023-116,700845,Adam Zebrowski,2023,High-A,South Atlantic League,Rome Braves,22,4,1
683227-2023-116,683227,Cody Freeman,2023,High-A,South Atlantic League,Hickory Crawdads,22,4,2
682796-2023-116,682796,Eddinson Paulino,2023,High-A,South Atlantic League,Greenville Drive,20,4,4
690474-2023-116,690474,Tommy Sacco Jr.,2023,High-A,South Atlantic League,Asheville Tourists,24,4,1
691185-2023-116,691185,Maximo Acosta,2023,High-A,South Atlantic League,Hickory Crawdads,20,4,2
680874-2023-116,680874,Tim Borden II,2023,High-A,South Atlantic League,Asheville Tourists,23,4,3
682793-2023-116,682793,Bryan Gonzalez,2023,High-A,South Atlantic League,Greenville Drive,21,4,3
683493-2023-116,683493,William Lugo,2023,High-A,South Atlantic League,Brooklyn Cyclones,21,4,1
691006-2023-116,691006,Kevin Parada,2023,High-A,South Atlantic League,Brooklyn Cyclones,21,4,1
691442-2023-116,691442,Wilfred Veras,2023,High-A,South Atlantic League,Winston-Salem Dash,20,4,3
703070-2023-116,703070,Loidel Chapelli,2023,High-A,South Atlantic League,Winston-Salem Dash,21,4,1
701496-2023-116,701496,Ben Cowles,2023,High-A,South Atlantic League,Hudson Valley Renegades,23,4,3
686863-2023-116,686863,Daniel Mateo,2023,High-A,South Atlantic League,Hickory Crawdads,21,4,4
694484-2023-116,694484,Max Wagner,2023,High-A,South Atlantic League,Aberdeen IronBirds,21,4,4
687637-2023-116,687637,Dylan Beavers,2023,High-A,South Atlantic League,Aberdeen IronBirds,21,4,1
682011-2023-116,682011,Tyler Miller,2023,High-A,South Atlantic League,Greenville Drive,23,4,4
687248-2023-116,687248,Keshawn Ogans,2023,High-A,South Atlantic League,Rome Braves,21,4,1
683610-2023-116,683610,Leandro Pineda,2023,High-A,South Atlantic League,Jersey Shore BlueClaws,21,4,3
687545-2023-116,687545,Blake Robertson,2023,High-A,South Atlantic League,Bowling Green Hot Rods,22,4,3
686445-2023-116,686445,Sammy Siani,2023,High-A,South Atlantic League,Greensboro Grasshoppers,22,4,3
683061-2023-116,683061,Alexander Vargas,2023,High-A,South Atlantic League,Hudson Valley Renegades,21,4,1
804668-2023-116,804668,Rafael Flores Jr.,2023,High-A,South Atlantic League,Hudson Valley Renegades,22,4,3
687206-2023-116,687206,Tres Gonzalez,2023,High-A,South Atlantic League,Greensboro Grasshoppers,22,4,4
700361-2023-116,700361,Shawn Goosenberg,2023,High-A,South Atlantic League,Winston-Salem Dash,23,4,4
695770-2023-116,695770,Wes Kath,2023,High-A,South Atlantic League,Winston-Salem Dash,20,4,3
686984-2023-116,686984,Marcus Lee Sang,2023,High-A,South Atlantic League,Jersey Shore BlueClaws,22,4,3
682187-2023-116,682187,Nick Ward,2023,High-A,South Atlantic League,Jersey Shore BlueClaws,27,4,4
805373-2023-116,805373,Nacho Alvarez Jr.,2023,High-A,South Atlantic League,Rome Braves,20,4,4
682707-2023-116,682707,Jeremy De La Rosa,2023,High-A,South Atlantic League,Wilmington Blue Rocks,21,4,3
684519-2023-116,684519,Omar De Los Santos,2023,High-A,South Atlantic League,Brooklyn Cyclones,23,4,4
691267-2023-116,691267,Alex Ramírez,2023,High-A,South Atlantic League,Brooklyn Cyclones,20,4,2
688403-2023-116,688403,Michael Sandle,2023,High-A,South Atlantic League,Asheville Tourists,24,4,1
686982-2023-116,686982,Jared McKenzie,2023,High-A,South Atlantic League,Wilmington Blue Rocks,22,4,2
808206-2023-116,808206,Geisel Cepeda,2023,High-A,South Atlantic League,Hickory Crawdads,25,4,2
682722-2023-116,682722,Isaac De León,2023,High-A,South Atlantic League,Aberdeen IronBirds,21,4,3
681132-2023-116,681132,Max Ferguson,2023,High-A,South Atlantic League,Greenville Drive,23,4,4
687201-2023-116,687201,Kevin Kilpatrick Jr.,2023,High-A,South Atlantic League,Rome Braves,22,4,4
702250-2023-116,702250,Jared Carr,2023,High-A,South Atlantic League,Jersey Shore BlueClaws,24,4,4
694478-2023-116,694478,Michael Turner,2023,High-A,South Atlantic League,Winston-Salem Dash,24,4,3
684852-2023-116,684852,Geraldo Quintero,2023,High-A,South Atlantic League,Rome Braves,21,4,4
695930-2023-116,695930,Frederick Bencosme,2023,High-A,South Atlantic League,Aberdeen IronBirds,20,4,2
678854-2023-116,678854,Viandel Pena,2023,High-A,South Atlantic League,Wilmington Blue Rocks,22,4,4
682265-2023-111,682265,Wes Clarke,2023,Double-A,Southern League,Biloxi Shuckers,23,4,1
677943-2023-111,677943,Will Banfield,2023,Double-A,Southern League,Pensacola Blue Wahoos,23,4,1
677956-2023-111,677956,Rece Hinds,2023,Double-A,Southern League,Chattanooga Lookouts,22,4,3
683357-2023-111,683357,Owen Caissie,2023,Double-A,Southern League,Tennessee Smokies,20,4,3
694192-2023-111,694192,Jackson Chourio,2023,Double-A,Southern League,Biloxi Shuckers,19,4,4
686677-2023-111,686677,Landon Stephens,2023,Double-A,Southern League,Mississippi Braves,25,4,1
687859-2023-111,687859,Troy Johnston,2023,Double-A,Southern League,Pensacola Blue Wahoos,26,4,1
683748-2023-111,683748,Victor Mesa Jr.,2023,Double-A,Southern League,Pensacola Blue Wahoos,21,4,2
679563-2023-111,679563,José Rodríguez,2023,Double-A,Southern League,Birmingham Barons,22,4,4
686989-2023-111,686989,James Free,2023,Double-A,Southern League,Chattanooga Lookouts,25,4,1
680846-2023-111,680846,Pablo Aliendo,2023,Double-A,Southern League,Tennessee Smokies,22,4,1
685298-2023-111,685298,Cade Bunnell,2023,Double-A,Southern League,Mississippi Braves,26,4,1
702333-2023-111,702333,Haydn McGeary,2023,Double-A,Southern League,Tennessee Smokies,23,4,1
681357-2023-111,681357,Cody Morissette,2023,Double-A,Southern League,Pensacola Blue Wahoos,23,4,1
681230-2023-111,681230,BJ Murray,2023,Double-A,Southern League,Tennessee Smokies,23,4,1
691620-2023-111,691620,Jeferson Quero,2023,Double-A,Southern League,Biloxi Shuckers,20,4,2
683341-2023-111,683341,David Calabrese,2023,Double-A,Southern League,Rocket City Trash Pandas,20,4,1
675966-2023-111,675966,Jesse Franklin V,2023,Double-A,Southern League,Mississippi Braves,24,4,1
680518-2023-111,680518,Zavier Warren,2023,Double-A,Southern League,Biloxi Shuckers,24,4,1
672012-2023-111,672012,Tyler Black,2023,Double-A,Southern League,Biloxi Shuckers,22,4,4
671155-2023-111,671155,Ivan Johnson,2023,Double-A,Southern League,Chattanooga Lookouts,24,4,1
687331-2023-111,687331,Quincy McAfee,2023,Double-A,Southern League,Chattanooga Lookouts,25,4,1
677347-2023-111,677347,Kyren Paris,2023,Double-A,Southern League,Rocket City Trash Pandas,21,4,3
687272-2023-111,687272,Tucker Flint,2023,Double-A,Southern League,Rocket City Trash Pandas,22,4,3
681715-2023-111,681715,Heriberto Hernández,2023,Double-A,Southern League,Montgomery Biscuits,23,4,3
687020-2023-111,687020,Mason Auer,2023,Double-A,Southern League,Montgomery Biscuits,22,4,4
686555-2023-111,686555,Isaac Collins,2023,Double-A,Southern League,Biloxi Shuckers,25,4,4
682927-2023-111,682927,Ronny Simon,2023,Double-A,Southern League,Montgomery Biscuits,23,4,4
673461-2023-111,673461,Yoelqui Céspedes,2023,Double-A,Southern League,Birmingham Barons,25,4,1
685127-2023-111,685127,Alex McGarry,2023,Double-A,Southern League,Chattanooga Lookouts,25,4,3
672635-2023-111,672635,Luis Mieses,2023,Double-A,Southern League,Birmingham Barons,23,4,2
680672-2023-111,680672,Luke Waddell,2023,Double-A,Southern League,Mississippi Braves,24,4,4
672701-2023-111,672701,José Devers,2023,Double-A,Southern League,Pensacola Blue Wahoos,23,4,2
671976-2023-111,671976,Tristan Peters,2023,Double-A,Southern League,Montgomery Biscuits,23,4,2
669326-2023-111,669326,Bryce Teodosio,2023,Double-A,Southern League,Rocket City Trash Pandas,24,4,4
703920-2023-111,703920,Alsander Womack,2023,Double-A,Southern League,Birmingham Barons,24,4,2
668965-2023-111,668965,Freddy Zamora,2023,Double-A,Southern League,Biloxi Shuckers,24,4,4
696140-2023-111,696140,Ethan Murray,2023,Double-A,Southern League,Biloxi Shuckers,23,4,3
700337-2023-111,700337,Edgar Quero,2023,Double-A,Southern League,Birmingham Barons,20,4,2
665940-2023-111,665940,Moisés Castillo,2023,Double-A,Southern League,Birmingham Barons,23,4,2
650506-2023-111,650506,Jose Gomez,2023,Double-A,Southern League,Rocket City Trash Pandas,26,4,2
683083-2023-111,683083,Nasim Nuñez,2023,Double-A,Southern League,Pensacola Blue Wahoos,22,4,4
681581-2023-111,681581,Andy Weber,2023,Double-A,Southern League,Tennessee Smokies,25,4,2
695462-2023-111,695462,Cal Conley,2023,Double-A,Southern League,Mississippi Braves,23,4,4
677578-2023-111,677578,Carlos Rodríguez,2023,Double-A,Southern League,Biloxi Shuckers,22,4,2
687470-2023-109,687470,Chandler Redmond,2023,Double-A,Texas League,Springfield Cardinals,26,4,3
695336-2023-109,695336,Thomas Saggese,2023,Double-A,Texas League,Springfield Cardinals,21,4,3
670870-2023-109,670870,Yunior Severino,2023,Double-A,Texas League,Wichita Wind Surge,23,4,3
691021-2023-109,691021,A.J. Vukovich,2023,Double-A,Texas League,Amarillo Sod Poodles,21,4,3
593528-2023-109,593528,Jorge Bonifacio,2023,Double-A,Texas League,Northwest Arkansas Naturals,30,4,1
656462-2023-109,656462,Isiah Gilliam,2023,Double-A,Texas League,Arkansas Travelers,26,4,3
694374-2023-109,694374,Tim Tawa,2023,Double-A,Texas League,Amarillo Sod Poodles,24,4,1
677673-2023-109,677673,Imanol Vargas,2023,Double-A,Texas League,Tulsa Drillers,25,4,3
685744-2023-109,685744,Kenedy Corona,2023,Double-A,Texas League,Corpus Christi Hooks,23,4,1
691277-2023-109,691277,Deyvison De Los Santos,2023,Double-A,Texas League,Amarillo Sod Poodles,20,4,3
684576-2023-109,684576,Alex Isola,2023,Double-A,Texas League,Wichita Wind Surge,24,4,1
682616-2023-109,682616,Diego Cartaya,2023,Double-A,Texas League,Tulsa Drillers,21,4,1
682947-2023-109,682947,Jose Ramos,2023,Double-A,Texas League,Tulsa Drillers,22,4,1
690443-2023-109,690443,Mike Antico,2023,Double-A,Texas League,Springfield Cardinals,25,4,4
689750-2023-109,689750,Jacob Buchberger,2023,Double-A,Texas League,Springfield Cardinals,25,4,2
678689-2023-109,678689,Neyfy Castillo,2023,Double-A,Texas League,Amarillo Sod Poodles,22,4,3
681134-2023-109,681134,Caleb Roberts,2023,Double-A,Texas League,Amarillo Sod Poodles,23,4,3
666783-2023-109,666783,Yusniel Díaz,2023,Double-A,Texas League,Tulsa Drillers,26,4,1
686780-2023-109,686780,Pedro Pagés,2023,Double-A,Texas League,Springfield Cardinals,24,4,1
672596-2023-109,672596,Robert Perez Jr.,2023,Double-A,Texas League,Arkansas Travelers,23,4,3
642134-2023-109,642134,Robbie Tenerowicz,2023,Double-A,Texas League,Arkansas Travelers,28,4,3
641323-2023-109,641323,Luis Aviles Jr.,2023,Double-A,Texas League,Corpus Christi Hooks,28,4,1
691783-2023-109,691783,Jordan Lawlar,2023,Double-A,Texas League,Amarillo Sod Poodles,20,4,1
677060-2023-109,677060,Chad Stevens,2023,Double-A,Texas League,Corpus Christi Hooks,24,4,1
670860-2023-109,670860,Lazaro Armenteros,2023,Double-A,Texas League,Midland RockHounds,24,4,3
689070-2023-109,689070,Spencer Packard,2023,Double-A,Texas League,Arkansas Travelers,25,4,2
682729-2023-109,682729,Jonatan Clase,2023,Double-A,Texas League,Arkansas Travelers,21,4,4
669288-2023-109,669288,Daniel Johnson,2023,Double-A,Texas League,San Antonio Missions,27,4,1
680577-2023-109,680577,DaShawn Keirsey Jr.,2023,Double-A,Texas League,Wichita Wind Surge,26,4,3
680890-2023-109,680890,Jax Biggers,2023,Double-A,Texas League,Frisco RoughRiders,26,4,1
694497-2023-109,694497,Evan Carter,2023,Double-A,Texas League,Frisco RoughRiders,20,4,3
669386-2023-109,669386,Trevor Hauver,2023,Double-A,Texas League,Frisco RoughRiders,24,4,1
678391-2023-109,678391,Jorbit Vivas,2023,Double-A,Texas League,Tulsa Drillers,22,4,2
682210-2023-109,682210,Kody Hoese,2023,Double-A,Texas League,Tulsa Drillers,25,4,2
686797-2023-109,686797,Brooks Lee,2023,Double-A,Texas League,Wichita Wind Surge,22,4,2
678760-2023-109,678760,Eddys Leonard,2023,Double-A,Texas League,Tulsa Drillers,22,4,2
686475-2023-109,686475,Tyler Tolbert,2023,Double-A,Texas League,Northwest Arkansas Naturals,25,4,4
681123-2023-109,681123,Luca Tresh,2023,Double-A,Texas League,Northwest Arkansas Naturals,23,4,1
679938-2023-109,679938,Yoyner Fajardo,2023,Double-A,Texas League,Wichita Wind Surge,24,4,4
660614-2023-109,660614,Arquímedes Gamboa,2023,Double-A,Texas League,Springfield Cardinals,25,4,3
696160-2023-109,696160,Jake Rucker,2023,Double-A,Texas League,Wichita Wind Surge,23,4,1
657089-2023-109,657089,Logan Warmoth,2023,Double-A,Texas League,Arkansas Travelers,27,4,4
682668-2023-109,682668,Luisangel Acuña,2023,Double-A,Texas League,Frisco RoughRiders,21,4,4
631222-2023-109,631222,Michael De La Cruz,2023,Double-A,Texas League,San Antonio Missions,30,4,2
667749-2023-109,667749,Juan Fernandez,2023,Double-A,Texas League,San Antonio Missions,24,4,2
682182-2023-109,682182,J.C. Correa,2023,Double-A,Texas League,Corpus Christi Hooks,24,4,2
702789-2023-109,702789,Austin Gauthier,2023,Double-A,Texas League,Tulsa Drillers,24,4,4
685341-2023-109,685341,Ripken Reyes,2023,Double-A,Texas League,San Antonio Missions,26,4,2
686523-2023-109,686523,Peyton Wilson,2023,Double-A,Texas League,Northwest Arkansas Naturals,23,4,3
660844-2023-109,660844,Leo Rivas,2023,Double-A,Texas League,Arkansas Travelers,25,4,4
687005-2023-109,687005,Kellen Strahm,2023,Double-A,Texas League,Frisco RoughRiders,26,4,3
701648-2023-109,701648,Aaron Zavala,2023,Double-A,Texas League,Frisco RoughRiders,23,4,3
676063-2023-109,676063,Shane McGuire,2023,Double-A,Texas League,Midland RockHounds,24,4,1
702331-2023-109,702331,Noah Mendlinger,2023,Double-A,Texas League,Springfield Cardinals,22,4,2
692044-2024-110,692044,Luis Suisbel,2024,Low-A,California League,Modesto Nuts,21,4,3
677673-2024-110,677673,Imanol Vargas,2024,Low-A,California League,Inland Empire 66ers,26,4,3
687918-2024-110,687918,Braylen Wimmer,2024,Low-A,California League,Fresno Grizzlies,23,4,2
687982-2024-110,687982,Carson Jones,2024,Low-A,California League,Modesto Nuts,23,4,4
813860-2024-110,813860,Charlie Pagliarini,2024,Low-A,California League,Modesto Nuts,23,4,3
703194-2024-110,703194,Randy De Jesus,2024,Low-A,California League,Inland Empire 66ers,19,4,3
692364-2024-110,692364,Cesar Quintas,2024,Low-A,California League,San Jose Giants,21,4,2
815888-2024-110,815888,Leo De Vries,2024,Low-A,California League,Lake Elsinore Storm,17,4,1
802504-2024-110,802504,Myles Naylor,2024,Low-A,California League,Stockton Ports,19,4,3
694977-2024-110,694977,Nate Nankil,2024,Low-A,California League,Stockton Ports,21,4,3
700321-2024-110,700321,Andy Perez,2024,Low-A,California League,Fresno Grizzlies,20,4,2
806223-2024-110,806223,Aidan Smith,2024,Low-A,California League,Modesto Nuts,19,4,4
698916-2024-110,698916,Rosman Verdugo,2024,Low-A,California League,Lake Elsinore Storm,19,4,1
701682-2024-110,701682,Braedon Karpathios,2024,Low-A,California League,Lake Elsinore Storm,21,4,3
691292-2024-110,691292,Angel Ortiz,2024,Low-A,California League,Visalia Rawhide,21,4,3
805931-2024-110,805931,Caleb Hobson,2024,Low-A,California League,Fresno Grizzlies,22,4,4
800306-2024-110,800306,Jansel Luis,2024,Low-A,California League,Visalia Rawhide,19,4,2
806191-2024-110,806191,Tai Peete,2024,Low-A,California League,Modesto Nuts,18,4,3
703430-2024-110,703430,Anthony Scull,2024,Low-A,California League,Inland Empire 66ers,20,4,2
702258-2024-110,702258,Druw Jones,2024,Low-A,California League,Visalia Rawhide,20,4,3
683887-2024-110,683887,Darlyn Montero,2024,Low-A,California League,Stockton Ports,22,4,3
683529-2024-110,683529,Milkar Perez,2024,Low-A,California League,Modesto Nuts,22,4,3
700170-2024-110,700170,Felix Tena,2024,Low-A,California League,Fresno Grizzlies,20,4,2
703153-2024-110,703153,Samuel Munoz,2024,Low-A,California League,Rancho Cucamonga Quakes,19,4,2
699232-2024-110,699232,Anderdson Rojas,2024,Low-A,California League,Visalia Rawhide,20,4,4
700341-2024-110,700341,Kenny Castillo,2024,Low-A,California League,Visalia Rawhide,20,4,2
694180-2024-110,694180,Wilman Diaz,2024,Low-A,California League,Rancho Cucamonga Quakes,20,4,3
695457-2024-110,695457,Jason Hinchman,2024,Low-A,California League,Fresno Grizzlies,24,4,3
805782-2024-110,805782,Ryan Lasko,2024,Low-A,California League,Stockton Ports,22,4,4
800194-2024-110,800194,Capri Ortiz,2024,Low-A,California League,Inland Empire 66ers,19,4,3
800185-2024-110,800185,Ruben Santana,2024,Low-A,California League,Visalia Rawhide,19,4,3
800198-2024-110,800198,Cristofer Torin,2024,Low-A,California League,Visalia Rawhide,19,4,1
801698-2024-110,801698,Ryan Wilson,2024,Low-A,California League,Lake Elsinore Storm,22,4,2
806077-2024-110,806077,Kendall George,2024,Low-A,California League,Rancho Cucamonga Quakes,19,4,4
699127-2024-122,699127,Luis Castillo,2024,Low-A,Carolina League,Carolina Mudcats,20,4,1
696513-2024-122,696513,Andy Garriola,2024,Low-A,Carolina League,Myrtle Beach Pelicans,24,4,1
805810-2024-122,805810,Blake Mitchell,2024,Low-A,Carolina League,Columbia Fireflies,19,4,1
806210-2024-122,806210,Alfonsin Rosario,2024,Low-A,Carolina League,Myrtle Beach Pelicans,20,4,1
800448-2024-122,800448,Echedry Vargas,2024,Low-A,Carolina League,Down East Wood Ducks,19,4,2
700283-2024-122,700283,Derlin Figueroa,2024,Low-A,Carolina League,Columbia Fireflies,20,4,1
701327-2024-122,701327,Elijah Green,2024,Low-A,Carolina League,Fredericksburg Nationals,20,4,3
815697-2024-122,815697,Arturo Disla,2024,Low-A,Carolina League,Down East Wood Ducks,23,4,2
800051-2024-122,800051,Austin Charles,2024,Low-A,Carolina League,Columbia Fireflies,20,4,4
806441-2024-122,806441,Nehomar Ochoa Jr.,2024,Low-A,Carolina League,Fayetteville Woodpeckers,18,4,1
691179-2024-122,691179,Erick Peña,2024,Low-A,Carolina League,Columbia Fireflies,21,4,1
806252-2024-122,806252,Ralphy Velazquez,2024,Low-A,Carolina League,Lynchburg Hillcats,19,4,1
800406-2024-122,800406,Aron Estrada,2024,Low-A,Carolina League,Delmarva Shorebirds,19,4,4
699615-2024-122,699615,Brandon Pimentel,2024,Low-A,Carolina League,Fredericksburg Nationals,24,4,2
806983-2024-122,806983,Yophery Rodriguez,2024,Low-A,Carolina League,Carolina Mudcats,18,4,2
683149-2024-122,683149,Julian Brock,2024,Low-A,Carolina League,Down East Wood Ducks,23,4,3
703198-2024-122,703198,Kenni Gomez,2024,Low-A,Carolina League,Fayetteville Woodpeckers,19,4,2
800377-2024-122,800377,Angel Mateo,2024,Low-A,Carolina League,Charleston RiverDogs,19,4,4
807511-2024-122,807511,Nelly Taylor,2024,Low-A,Carolina League,Salem Red Sox,21,4,4
800256-2024-122,800256,Natanael Yuten,2024,Low-A,Carolina League,Salem Red Sox,19,4,2
702995-2024-122,702995,Antonio Anderson,2024,Low-A,Carolina League,Salem Red Sox,19,4,2
702693-2024-122,702693,Jaison Chourio,2024,Low-A,Carolina League,Lynchburg Hillcats,19,4,4
694183-2024-122,694183,Cristian Hernández,2024,Low-A,Carolina League,Myrtle Beach Pelicans,20,4,4
800440-2024-122,800440,Narciso Polanco,2024,Low-A,Carolina League,Charleston RiverDogs,19,4,4
703143-2024-122,703143,Cristhian Vaquero,2024,Low-A,Carolina League,Fredericksburg Nationals,19,4,1
804645-2024-122,804645,Caden Connor,2024,Low-A,Carolina League,Kannapolis Cannon Ballers,23,4,2
694065-2024-122,694065,Arxy Hernandez,2024,Low-A,Carolina League,Kannapolis Cannon Ballers,20,4,2
691262-2024-122,691262,Reginald Preciado,2024,Low-A,Carolina League,Myrtle Beach Pelicans,21,4,2
805075-2024-122,805075,Erick Torres,2024,Low-A,Carolina League,Columbia Fireflies,19,4,2
800421-2024-122,800421,Marvin Alcantara,2024,Low-A,Carolina League,Salem Red Sox,19,4,2
694206-2024-122,694206,Daniel Guilarte,2024,Low-A,Carolina League,Carolina Mudcats,20,4,4
691405-2024-122,691405,Juan Benjamin,2024,Low-A,Carolina League,Lynchburg Hillcats,21,4,4
821009-2024-122,821009,Cesar Hernandez,2024,Low-A,Carolina League,Fayetteville Woodpeckers,21,4,4
694387-2024-122,694387,Christian Knapczyk,2024,Low-A,Carolina League,Lynchburg Hillcats,22,4,2
815299-2024-122,815299,Will Verdung,2024,Low-A,Carolina League,Augusta GreenJackets,21,4,4
800345-2024-122,800345,Juan Baez,2024,Low-A,Carolina League,Carolina Mudcats,19,4,2
694181-2024-122,694181,Carlos Colmenarez,2024,Low-A,Carolina League,Charleston RiverDogs,20,4,4
694070-2024-122,694070,Yhoswar Garcia,2024,Low-A,Carolina League,Carolina Mudcats,22,4,4
800357-2024-122,800357,Ricardo Gonzalez,2024,Low-A,Carolina League,Charleston RiverDogs,19,4,2
803142-2024-122,803142,Tommy Hawke,2024,Low-A,Carolina League,Lynchburg Hillcats,21,4,4
805082-2024-122,805082,Ronny Hernandez,2024,Low-A,Carolina League,Kannapolis Cannon Ballers,19,4,2
807747-2024-122,807747,Rikuu Nishida,2024,Low-A,Carolina League,Kannapolis Cannon Ballers,23,4,4
803745-2024-122,803745,Adrian Santana,2024,Low-A,Carolina League,Charleston RiverDogs,18,4,4
694808-2024-113,694808,Zach Kokoska,2024,Double-A,Eastern League,Hartford Yard Goats,25,4,1
669236-2024-113,669236,Jeremiah Jackson,2024,Double-A,Eastern League,Binghamton Rumble Ponies,24,4,2
691775-2024-113,691775,Ryan Clifford,2024,Double-A,Eastern League,Binghamton Rumble Ponies,20,4,1
682983-2024-113,682983,Jud Fabian,2024,Double-A,Eastern League,Bowie Baysox,23,4,1
680273-2024-113,680273,Chris Meyers,2024,Double-A,Eastern League,Erie SeaWolves,25,4,1
669398-2024-113,669398,Gage Workman,2024,Double-A,Eastern League,Erie SeaWolves,24,4,3
682987-2024-113,682987,Spencer Jones,2024,Double-A,Eastern League,Somerset Patriots,23,4,3
694212-2024-113,694212,Samuel Basallo,2024,Double-A,Eastern League,Bowie Baysox,19,4,2
678413-2024-113,678413,Alexfri Planez,2024,Double-A,Eastern League,Akron RubberDucks,22,4,1
694930-2024-113,694930,Carson Taylor,2024,Double-A,Eastern League,Reading Fightin Phils,25,4,3
696135-2024-113,696135,Kahlil Watson,2024,Double-A,Eastern League,Akron RubberDucks,21,4,1
701350-2024-113,701350,Roman Anthony,2024,Double-A,Eastern League,Portland Sea Dogs,20,4,3
687637-2024-113,687637,Dylan Beavers,2024,Double-A,Eastern League,Bowie Baysox,22,4,1
685313-2024-113,685313,Elijah Dunham,2024,Double-A,Eastern League,Somerset Patriots,26,4,1
691182-2024-113,691182,Adael Amador,2024,Double-A,Eastern League,Hartford Yard Goats,21,4,4
660650-2024-113,660650,Dérmis Garcia,2024,Double-A,Eastern League,Harrisburg Senators,26,4,1
687724-2024-113,687724,Jake Holton,2024,Double-A,Eastern League,Erie SeaWolves,26,4,3
686984-2024-113,686984,Marcus Lee Sang,2024,Double-A,Eastern League,Reading Fightin Phils,23,4,3
691006-2024-113,691006,Kevin Parada,2024,Double-A,Eastern League,Binghamton Rumble Ponies,22,4,1
689651-2024-113,689651,Phillip Sikes,2024,Double-A,Eastern League,Portland Sea Dogs,25,4,1
694514-2024-113,694514,Sterlin Thompson,2024,Double-A,Eastern League,Hartford Yard Goats,23,4,2
690984-2024-113,690984,Petey Halpin,2024,Double-A,Eastern League,Akron RubberDucks,22,4,1
701678-2024-113,701678,Hao-Yu Lee,2024,Double-A,Eastern League,Erie SeaWolves,21,4,3
701162-2024-113,701162,Ben Malgeri,2024,Double-A,Eastern League,Erie SeaWolves,24,4,3
678742-2024-113,678742,Rainer Nunez,2024,Double-A,Eastern League,New Hampshire Fisher Cats,23,4,3
678011-2024-113,678011,Anthony Seigler,2024,Double-A,Eastern League,Somerset Patriots,25,4,1
682674-2024-113,682674,Victor Bericoto,2024,Double-A,Eastern League,Richmond Flying Squirrels,22,4,2
691907-2024-113,691907,Tsung-Che Cheng,2024,Double-A,Eastern League,Altoona Curve,22,4,1
682775-2024-113,682775,Kervin Pichardo,2024,Double-A,Eastern League,Altoona Curve,22,4,3
691019-2024-113,691019,Kyle Teel,2024,Double-A,Eastern League,Portland Sea Dogs,22,4,3
687749-2024-113,687749,Jase Bowen,2024,Double-A,Eastern League,Altoona Curve,23,4,2
675994-2024-113,675994,Devonte Brown,2024,Double-A,Eastern League,New Hampshire Fisher Cats,24,4,3
690924-2024-113,690924,Braxton Fulford,2024,Double-A,Eastern League,Hartford Yard Goats,25,4,1
672613-2024-113,672613,Eliezer Alfonzo,2024,Double-A,Eastern League,Erie SeaWolves,24,4,2
680918-2024-113,680918,Brady Allen,2024,Double-A,Eastern League,Erie SeaWolves,24,4,1
682653-2024-113,682653,Warming Bernabel,2024,Double-A,Eastern League,Hartford Yard Goats,22,4,2
701496-2024-113,701496,Ben Cowles,2024,Double-A,Eastern League,Somerset Patriots,24,4,2
669360-2024-113,669360,Trei Cruz,2024,Double-A,Eastern League,Erie SeaWolves,25,4,3
679821-2024-113,679821,Rowdey Jordan,2024,Double-A,Eastern League,Binghamton Rumble Ponies,25,4,4
691001-2024-113,691001,Robert Moore,2024,Double-A,Eastern League,Reading Fightin Phils,22,4,2
685300-2024-113,685300,Grant Richardson,2024,Double-A,Eastern League,Somerset Patriots,24,4,3
675455-2024-113,675455,Milan Tolentino,2024,Double-A,Eastern League,Akron RubberDucks,22,4,2
695930-2024-113,695930,Frederick Bencosme,2024,Double-A,Eastern League,Bowie Baysox,21,4,2
677570-2024-113,677570,Aaron Bracho,2024,Double-A,Eastern League,Akron RubberDucks,23,4,1
682942-2024-113,682942,Alex De Jesus,2024,Double-A,Eastern League,New Hampshire Fisher Cats,22,4,3
687981-2024-113,687981,John Rhodes,2024,Double-A,Eastern League,Bowie Baysox,23,4,1
689822-2024-113,689822,Matt Rudick,2024,Double-A,Eastern League,Binghamton Rumble Ponies,25,4,1
686798-2024-113,686798,Yordys Valdes,2024,Double-A,Eastern League,Akron RubberDucks,22,4,3
694368-2024-113,694368,Jimmy Glowenke,2024,Double-A,Eastern League,Richmond Flying Squirrels,25,4,2
687627-2024-113,687627,Kody Huff,2024,Double-A,Eastern League,Akron RubberDucks,23,4,1
691458-2024-113,691458,Blaze Jordan,2024,Double-A,Eastern League,Portland Sea Dogs,21,4,2
687605-2024-113,687605,Andrew Pinckney,2024,Double-A,Eastern League,Harrisburg Senators,23,4,3
690022-2024-113,690022,Ryan Ritter,2024,Double-A,Eastern League,Hartford Yard Goats,23,4,3
683447-2024-113,683447,Gabriel Martinez,2024,Double-A,Eastern League,New Hampshire Fisher Cats,21,4,2
682679-2024-113,682679,Dayan Frias,2024,Double-A,Eastern League,Akron RubberDucks,22,4,2
685332-2024-113,685332,Carlos Mendoza,2024,Double-A,Eastern League,Erie SeaWolves,24,4,4
691267-2024-113,691267,Alex Ramírez,2024,Double-A,Eastern League,Binghamton Rumble Ponies,21,4,4
678837-2024-113,678837,Bladimir Restituyo,2024,Double-A,Eastern League,Hartford Yard Goats,22,4,2
686445-2024-113,686445,Sammy Siani,2024,Double-A,Eastern League,Altoona Curve,23,4,2
673990-2024-113,673990,Andy Thomas,2024,Double-A,Eastern League,Richmond Flying Squirrels,26,4,2
686976-2024-113,686976,Silas Ardoin,2024,Double-A,Eastern League,Bowie Baysox,23,4,1
802407-2024-113,802407,Joe Lampe,2024,Double-A,Eastern League,Akron RubberDucks,23,4,2
696281-2024-113,696281,Wyatt Young,2024,Double-A,Eastern League,Binghamton Rumble Ponies,24,4,4
686793-2024-113,686793,J.T. Arruda,2024,Double-A,Eastern League,Harrisburg Senators,26,4,2
800765-2024-113,800765,Carter Howell,2024,Double-A,Eastern League,Richmond Flying Squirrels,25,4,2
688460-2024-113,688460,Josh Kasevich,2024,Double-A,Eastern League,New Hampshire Fisher Cats,23,4,2
687751-2024-113,687751,Cortland Lawson,2024,Double-A,Eastern League,Harrisburg Senators,24,4,2
699013-2024-123,699013,Esmerlyn Valdez,2024,Low-A,Florida State League,Bradenton Marauders,20,4,1
694200-2024-123,694200,Ariel Almonte,2024,Low-A,Florida State League,Daytona Tortugas,20,4,1
813880-2024-123,813880,Devin Saltiban,2024,Low-A,Florida State League,Clearwater Threshers,19,4,1
682627-2024-123,682627,Jose De La Cruz,2024,Low-A,Florida State League,Lakeland Flying Tigers,22,4,3
805796-2024-123,805796,Arjun Nimmala,2024,Low-A,Florida State League,Dunedin Blue Jays,18,4,1
806263-2024-123,806263,Brandon Winokur,2024,Low-A,Florida State League,Fort Myers Mighty Mussels,19,4,4
703149-2024-123,703149,Roderick Arias,2024,Low-A,Florida State League,Tampa Tarpons,19,4,4
691922-2024-123,691922,Javier Rivas,2024,Low-A,Florida State League,Bradenton Marauders,21,4,3
703150-2024-123,703150,Ricky Cabrera,2024,Low-A,Florida State League,Daytona Tortugas,19,4,2
694186-2024-123,694186,Shalin Polanco,2024,Low-A,Florida State League,Bradenton Marauders,20,4,1
691398-2024-123,691398,Yerlin Confidan,2024,Low-A,Florida State League,Daytona Tortugas,21,4,3
815734-2024-123,815734,Dylan Jasso,2024,Low-A,Florida State League,Tampa Tarpons,21,4,1
801938-2024-123,801938,Avery Owusu-Asiedu,2024,Low-A,Florida State League,Clearwater Threshers,21,4,1
703204-2024-123,703204,Esmith Pineda,2024,Low-A,Florida State League,Daytona Tortugas,19,4,1
700731-2024-123,700731,Keiner Delgado,2024,Low-A,Florida State League,Bradenton Marauders,20,4,4
694215-2024-123,694215,Hans Montero,2024,Low-A,Florida State League,Tampa Tarpons,20,4,3
701206-2024-123,701206,Willy Montero,2024,Low-A,Florida State League,Tampa Tarpons,19,4,2
694202-2024-123,694202,Manuel Beltre,2024,Low-A,Florida State League,Dunedin Blue Jays,20,4,2
692390-2024-123,692390,Jose Cordoba,2024,Low-A,Florida State League,Palm Beach Cardinals,21,4,2
698933-2024-123,698933,Ronald Hernandez,2024,Low-A,Florida State League,St. Lucie Mets,20,4,3
806124-2024-123,806124,Colin Houck,2024,Low-A,Florida State League,St. Lucie Mets,19,4,3
806146-2024-123,806146,George Lombard Jr.,2024,Low-A,Florida State League,Tampa Tarpons,19,4,4
805951-2024-123,805951,Boston Baro,2024,Low-A,Florida State League,St. Lucie Mets,19,4,2
815089-2024-123,815089,Coby Morales,2024,Low-A,Florida State League,Tampa Tarpons,22,4,4
696291-2024-123,696291,Jordan McCants,2024,Low-A,Florida State League,Jupiter Hammerheads,22,4,4
808818-2024-123,808818,David Smith,2024,Low-A,Florida State League,Lakeland Flying Tigers,23,4,4
805102-2024-123,805102,Byron Chourio,2024,Low-A,Florida State League,Fort Myers Mighty Mussels,19,4,4
699293-2024-123,699293,Yohairo Cuevas,2024,Low-A,Florida State League,St. Lucie Mets,20,4,4
800510-2024-123,800510,Samuel Gil,2024,Low-A,Florida State League,Lakeland Flying Tigers,19,4,2
663609-2024-117,663609,Luken Baker,2024,Triple-A,International League,Memphis Redbirds,27,4,1
671286-2024-117,671286,Johnathan Rodríguez,2024,Triple-A,International League,Columbus Clippers,24,4,3
663905-2024-117,663905,Travis Blankenhorn,2024,Triple-A,International League,Rochester Red Wings,27,4,1
682239-2024-117,682239,Luke Ritter,2024,Triple-A,International League,Syracuse Mets,27,4,3
664068-2024-117,664068,Scott Kingery,2024,Triple-A,International League,Lehigh Valley IronPigs,30,4,1
685301-2024-117,685301,Matt Gorski,2024,Triple-A,International League,Indianapolis Indians,26,4,1
572204-2024-117,572204,Trayce Thompson,2024,Triple-A,International League,Iowa Cubs,33,4,1
676551-2024-117,676551,Brewer Hicklen,2024,Triple-A,International League,Nashville Sounds,28,4,1
621458-2024-117,621458,Edwin Rios,2024,Triple-A,International League,Louisville Bats,30,4,3
682877-2024-117,682877,Juan Brito,2024,Triple-A,International League,Columbus Clippers,22,4,1
669288-2024-117,669288,Daniel Johnson,2024,Triple-A,International League,Norfolk Tides,28,4,1
685382-2024-117,685382,Andrew Navigato,2024,Triple-A,International League,Toledo Mud Hens,26,4,1
670231-2024-117,670231,John Rave,2024,Triple-A,International League,Omaha Storm Chasers,26,4,1
670870-2024-117,670870,Yunior Severino,2024,Triple-A,International League,St. Paul Saints,24,4,3
666915-2024-117,666915,Bobby Dalbec,2024,Triple-A,International League,Worcester Red Sox,29,4,3
689288-2024-117,689288,Matt Koperniak,2024,Triple-A,International League,Memphis Redbirds,26,4,3
695336-2024-117,695336,Thomas Saggese,2024,Triple-A,International League,Memphis Redbirds,22,4,1
683357-2024-117,683357,Owen Caissie,2024,Triple-A,International League,Iowa Cubs,21,4,3
665052-2024-117,665052,Griffin Conine,2024,Triple-A,International League,Jacksonville Jumbo Shrimp,26,4,3
687478-2024-117,687478,Cam Devanney,2024,Triple-A,International League,Omaha Storm Chasers,27,4,3
676632-2024-117,676632,Bligh Madris,2024,Triple-A,International League,Toledo Mud Hens,28,4,1
671913-2024-117,671913,Damiano Palmegiani,2024,Triple-A,International League,Buffalo Bisons,24,4,1
683770-2024-117,683770,Will Robertson,2024,Triple-A,International League,Buffalo Bisons,26,4,1
657193-2024-117,657193,Eddy Alvarez,2024,Triple-A,International League,Worcester Red Sox,34,4,1
676625-2024-117,676625,Rylan Bannon,2024,Triple-A,International League,St. Paul Saints,28,4,1
695657-2024-117,695657,Colson Montgomery,2024,Triple-A,International League,Charlotte Knights,22,4,1
677588-2024-117,677588,José Tena,2024,Triple-A,International League,Rochester Red Wings,23,4,3
666211-2024-117,666211,Taylor Trammell,2024,Triple-A,International League,Scranton/Wilkes-Barre RailRiders,26,4,1
656484-2024-117,656484,Tristan Gray,2024,Triple-A,International League,Jacksonville Jumbo Shrimp,28,4,1
670224-2024-117,670224,Kameron Misner,2024,Triple-A,International League,Durham Bulls,26,4,3
681393-2024-117,681393,Connor Norby,2024,Triple-A,International League,Jacksonville Jumbo Shrimp,24,4,3
695257-2024-117,695257,Billy Cook,2024,Triple-A,International League,Indianapolis Indians,25,4,1
681987-2024-117,681987,Nate Eaton,2024,Triple-A,International League,Omaha Storm Chasers,27,4,1
694355-2024-117,694355,Tyler Gentry,2024,Triple-A,International League,Omaha Storm Chasers,25,4,3
669742-2024-117,669742,Darick Hall,2024,Triple-A,International League,Lehigh Valley IronPigs,28,4,1
668472-2024-117,668472,Nick Pratto,2024,Triple-A,International League,Omaha Storm Chasers,25,4,1
623205-2024-117,623205,Andrew Velazquez,2024,Triple-A,International League,Gwinnett Stripers,29,4,3
670712-2024-117,670712,Mike Brosseau,2024,Triple-A,International League,Syracuse Mets,30,4,2
681198-2024-117,681198,TJ Rumfield,2024,Triple-A,International League,Scranton/Wilkes-Barre RailRiders,24,4,2
672012-2024-117,672012,Tyler Black,2024,Triple-A,International League,Nashville Sounds,23,4,1
686555-2024-117,686555,Isaac Collins,2024,Triple-A,International League,Nashville Sounds,26,4,1
680837-2024-117,680837,Ryan Fitzgerald,2024,Triple-A,International League,Omaha Storm Chasers,30,4,1
677956-2024-117,677956,Rece Hinds,2024,Triple-A,International League,Louisville Bats,23,4,3
690291-2024-117,690291,Jace Jung,2024,Triple-A,International League,Toledo Mud Hens,23,4,1
680577-2024-117,680577,DaShawn Keirsey Jr.,2024,Triple-A,International League,St. Paul Saints,27,4,3
693409-2024-117,693409,César Prieto,2024,Triple-A,International League,Memphis Redbirds,25,4,2
671083-2024-117,671083,Buddy Kennedy,2024,Triple-A,International League,Lehigh Valley IronPigs,25,4,2
678554-2024-117,678554,Curtis Mead,2024,Triple-A,International League,Durham Bulls,23,4,2
678894-2024-117,678894,Liover Peguero,2024,Triple-A,International League,Indianapolis Indians,23,4,3
672724-2024-117,672724,Oswald Peraza,2024,Triple-A,International League,Scranton/Wilkes-Barre RailRiders,24,4,4
686765-2024-117,686765,Nick Sogard,2024,Triple-A,International League,Worcester Red Sox,26,4,3
668723-2024-117,668723,Ryan Vilade,2024,Triple-A,International League,Toledo Mud Hens,25,4,3
671221-2024-117,671221,Drew Waters,2024,Triple-A,International League,Omaha Storm Chasers,25,4,3
671976-2024-117,671976,Tristan Peters,2024,Triple-A,International League,Durham Bulls,24,4,1
642197-2024-117,642197,Jamie Westbrook,2024,Triple-A,International League,Worcester Red Sox,29,4,2
693049-2024-117,693049,Oscar Colás,2024,Triple-A,International League,Charlotte Knights,25,4,1
664731-2024-117,664731,P.J. Higgins,2024,Triple-A,International League,Louisville Bats,31,4,3
687859-2024-117,687859,Troy Johnston,2024,Triple-A,International League,Jacksonville Jumbo Shrimp,27,4,2
682650-2024-117,682650,Malcom Nuñez,2024,Triple-A,International League,Indianapolis Indians,23,4,2
592622-2024-117,592622,Mark Payton,2024,Triple-A,International League,Charlotte Knights,32,4,2
682927-2024-117,682927,Ronny Simon,2024,Triple-A,International League,Durham Bulls,24,4,3
660636-2024-117,660636,Diego Castillo,2024,Triple-A,International League,St. Paul Saints,26,4,2
686639-2024-117,686639,Jack Dunn,2024,Triple-A,International League,Rochester Red Wings,27,4,2
678391-2024-117,678391,Jorbit Vivas,2024,Triple-A,International League,Scranton/Wilkes-Barre RailRiders,23,4,2
681962-2024-117,681962,Vinny Capra,2024,Triple-A,International League,Nashville Sounds,27,4,1
682668-2024-117,682668,Luisangel Acuña,2024,Triple-A,International League,Syracuse Mets,22,4,2
694362-2024-117,694362,Blake Dunn,2024,Triple-A,International League,Louisville Bats,25,4,4
571875-2024-117,571875,Jake Lamb,2024,Triple-A,International League,Indianapolis Indians,33,4,1
805367-2024-117,805367,Chase Meidroth,2024,Triple-A,International League,Worcester Red Sox,22,4,3
676113-2024-117,676113,Zach DeLoach,2024,Triple-A,International League,Charlotte Knights,25,4,3
570481-2024-117,570481,Erik González,2024,Triple-A,International League,Louisville Bats,32,4,2
663968-2024-117,663968,Jake Mangum,2024,Triple-A,International League,Durham Bulls,28,4,2
679881-2024-117,679881,J.P. Martínez,2024,Triple-A,International League,Gwinnett Stripers,28,4,4
691594-2024-117,691594,Javier Sanoja,2024,Triple-A,International League,Jacksonville Jumbo Shrimp,21,4,2
694425-2024-117,694425,Justice Bigbie,2024,Triple-A,International League,Toledo Mud Hens,25,4,2
672463-2024-117,672463,Rafael Lantigua,2024,Triple-A,International League,Buffalo Bisons,26,4,2
664670-2024-117,664670,Alejo Lopez,2024,Triple-A,International League,Gwinnett Stripers,28,4,4
668791-2024-117,668791,Anthony Prato,2024,Triple-A,International League,St. Paul Saints,26,4,2
664702-2024-117,664702,Myles Straw,2024,Triple-A,International League,Columbus Clippers,29,4,4
680672-2024-117,680672,Luke Waddell,2024,Triple-A,International League,Gwinnett Stripers,25,4,2
671117-2024-117,671117,Darren Baker,2024,Triple-A,International League,Rochester Red Wings,25,4,4
683006-2024-118,683006,Chris Newell,2024,High-A,Midwest League,Great Lakes Loons,23,4,1
702253-2024-118,702253,Cam Collier,2024,High-A,Midwest League,Dayton Dragons,19,4,1
811289-2024-118,811289,Spencer Nivens,2024,High-A,Midwest League,Quad Cities River Bandits,22,4,1
695031-2024-118,695031,Josh Zamora,2024,High-A,Midwest League,Beloit Sky Carp,25,4,1
687310-2024-118,687310,Will Simpson,2024,High-A,Midwest League,Lansing Lugnuts,22,4,1
688780-2024-118,688780,Luke Gold,2024,High-A,Midwest League,West Michigan Whitecaps,23,4,1
686438-2024-118,686438,Rubel Cespedes,2024,High-A,Midwest League,Cedar Rapids Kernels,23,4,3
696501-2024-118,696501,Mark Coley II,2024,High-A,Midwest League,Beloit Sky Carp,23,4,1
699115-2024-118,699115,Carlos Jorge,2024,High-A,Midwest League,Dayton Dragons,20,4,1
699073-2024-118,699073,Thayron Liranzo,2024,High-A,Midwest League,West Michigan Whitecaps,20,4,1
695612-2024-118,695612,Alex Mooney,2024,High-A,Midwest League,Lake County Captains,21,4,4
699302-2024-118,699302,Héctor Rodríguez,2024,High-A,Midwest League,Dayton Dragons,20,4,2
702726-2024-118,702726,Luke Adams,2024,High-A,Midwest League,Wisconsin Timber Rattlers,20,4,1
801194-2024-118,801194,Max Anderson,2024,High-A,Midwest League,West Michigan Whitecaps,22,4,2
691627-2024-118,691627,Ricardo Olivar,2024,High-A,Midwest League,Cedar Rapids Kernels,22,4,3
675394-2024-118,675394,Johnny Olmstead,2024,High-A,Midwest League,Beloit Sky Carp,23,4,2
687731-2024-118,687731,Trevor Werner,2024,High-A,Midwest League,Quad Cities River Bandits,23,4,1
695481-2024-118,695481,Jay Allen II,2024,High-A,Midwest League,Dayton Dragons,21,4,4
699130-2024-118,699130,Jadher Areinamo,2024,High-A,Midwest League,Wisconsin Timber Rattlers,20,4,2
699024-2024-118,699024,Leo Bernal,2024,High-A,Midwest League,Peoria Chiefs,20,4,3
694749-2024-118,694749,Dylan Campbell,2024,High-A,Midwest League,Great Lakes Loons,21,4,4
691449-2024-118,691449,Roberto Campos,2024,High-A,Midwest League,West Michigan Whitecaps,21,4,3
801406-2024-118,801406,Jared Dickey,2024,High-A,Midwest League,Lansing Lugnuts,22,4,2
695600-2024-118,695600,Carter Jensen,2024,High-A,Midwest League,Quad Cities River Bandits,20,4,1
807751-2024-118,807751,Ethan O'Donnell,2024,High-A,Midwest League,Dayton Dragons,22,4,4
811287-2024-118,811287,Carson Roccaforte,2024,High-A,Midwest League,Quad Cities River Bandits,22,4,1
695358-2024-118,695358,Jonny Butler,2024,High-A,Midwest League,Lansing Lugnuts,25,4,1
682631-2024-118,682631,Eduarqui Fernandez,2024,High-A,Midwest League,Wisconsin Timber Rattlers,22,4,1
693819-2024-118,693819,Kyle Nevin,2024,High-A,Midwest League,Great Lakes Loons,22,4,3
683454-2024-118,683454,Brayan Buelvas,2024,High-A,Midwest League,Lansing Lugnuts,22,4,3
683481-2024-118,683481,Nerwilian Cedeño,2024,High-A,Midwest League,Fort Wayne TinCaps,22,4,1
691408-2024-118,691408,Maick Collado,2024,High-A,Midwest League,Lake County Captains,21,4,2
691410-2024-118,691410,Jose Devers,2024,High-A,Midwest League,Lake County Captains,21,4,2
695780-2024-118,695780,Jake Fox,2024,High-A,Midwest League,Lake County Captains,21,4,1
687192-2024-118,687192,Cade Hunter,2024,High-A,Midwest League,Dayton Dragons,23,4,1
683494-2024-118,683494,Euribiel Angeles,2024,High-A,Midwest League,Lansing Lugnuts,22,4,2
699114-2024-118,699114,Leo Balcazar,2024,High-A,Midwest League,Dayton Dragons,20,4,2
695653-2024-118,695653,Noah Miller,2024,High-A,Midwest League,Great Lakes Loons,21,4,2
687625-2024-118,687625,Kai Murphy,2024,High-A,Midwest League,Fort Wayne TinCaps,23,4,2
668776-2024-118,668776,Devin Ortiz,2024,High-A,Midwest League,Fort Wayne TinCaps,25,4,2
800473-2024-118,800473,Jefferson Rojas,2024,High-A,Midwest League,South Bend Cubs,19,4,2
809945-2024-118,809945,Jonah Advincula,2024,High-A,Midwest League,Lake County Captains,23,4,4
700931-2024-118,700931,Seth Stephenson,2024,High-A,Midwest League,West Michigan Whitecaps,23,4,4
682618-2024-118,682618,Misael Urbina,2024,High-A,Midwest League,Cedar Rapids Kernels,22,4,4
694193-2024-118,694193,Victor Acosta,2024,High-A,Midwest League,Dayton Dragons,20,4,2
679751-2024-118,679751,Danny Bautista Jr.,2024,High-A,Midwest League,Lansing Lugnuts,23,4,2
800325-2024-118,800325,Luis Lara,2024,High-A,Midwest League,Wisconsin Timber Rattlers,19,4,4
699393-2024-118,699393,Pedro Ramírez,2024,High-A,Midwest League,South Bend Cubs,20,4,2
806956-2024-118,806956,Ethan Salas,2024,High-A,Midwest League,Fort Wayne TinCaps,18,4,2
691191-2024-118,691191,Jose Salas,2024,High-A,Midwest League,Cedar Rapids Kernels,21,4,4
687783-2024-118,687783,Matthew Wood,2024,High-A,Midwest League,Wisconsin Timber Rattlers,23,4,2
805280-2024-118,805280,Alex Iadisernia,2024,High-A,Midwest League,Peoria Chiefs,23,4,4
813386-2024-118,813386,Justin Johnson,2024,High-A,Midwest League,Quad Cities River Bandits,24,4,2
690914-2024-118,690914,Brody Moore,2024,High-A,Midwest League,Peoria Chiefs,23,4,4
800231-2024-118,800231,Won-Bin Cho,2024,High-A,Midwest League,Peoria Chiefs,20,4,3
815039-2024-118,815039,Dustin Dickerson,2024,High-A,Midwest League,Quad Cities River Bandits,23,4,1
690992-2024-118,690992,Ed Howard,2024,High-A,Midwest League,South Bend Cubs,22,4,3
703520-2024-118,703520,Brett Bateman,2024,High-A,Midwest League,South Bend Cubs,22,4,4
694249-2024-126,694249,Cole Carrigg,2024,High-A,Northwest League,Spokane Indians,22,4,4
681377-2024-126,681377,Josh Hood,2024,High-A,Northwest League,Everett AquaSox,23,4,1
691720-2024-126,691720,Kyle Karros,2024,High-A,Northwest League,Spokane Indians,21,4,3
690957-2024-126,690957,Jace Bohrofen,2024,High-A,Northwest League,Vancouver Canadians,22,4,1
687730-2024-126,687730,Caleb Cali,2024,High-A,Northwest League,Everett AquaSox,23,4,1
814194-2024-126,814194,Quinn McDaniel,2024,High-A,Northwest League,Eugene Emeralds,21,4,4
814791-2024-126,814791,Jared Sundstrom,2024,High-A,Northwest League,Everett AquaSox,23,4,4
700164-2024-126,700164,Bryant Betancourt,2024,High-A,Northwest League,Spokane Indians,20,4,2
694815-2024-126,694815,Jack Hurley,2024,High-A,Northwest League,Hillsboro Hops,22,4,3
681098-2024-126,681098,Bill Knight,2024,High-A,Northwest League,Everett AquaSox,24,4,1
695521-2024-126,695521,Gavin Conticello,2024,High-A,Northwest League,Hillsboro Hops,21,4,3
800959-2024-126,800959,Nick Goodwin,2024,High-A,Northwest League,Vancouver Canadians,22,4,1
671925-2024-126,671925,Matt Coutney,2024,High-A,Northwest League,Tri-City Dust Devils,24,4,3
691726-2024-126,691726,Kevin Sim,2024,High-A,Northwest League,Hillsboro Hops,22,4,2
699912-2024-126,699912,Jose Fernandez,2024,High-A,Northwest League,Hillsboro Hops,20,4,2
814408-2024-126,814408,Jackson Hornung,2024,High-A,Northwest League,Vancouver Canadians,23,4,3
810053-2024-126,810053,Caleb Ketchup,2024,High-A,Northwest League,Tri-City Dust Devils,22,4,4
692046-2024-126,692046,Axel Sanchez,2024,High-A,Northwest League,Everett AquaSox,21,4,4
682648-2024-126,682648,Juan Guerrero,2024,High-A,Northwest League,Spokane Indians,22,4,2
694211-2024-126,694211,Manuel Pena,2024,High-A,Northwest League,Hillsboro Hops,20,4,2
690956-2024-126,690956,Werner Blakely,2024,High-A,Northwest League,Tri-City Dust Devils,22,4,1
694170-2024-126,694170,Dyan Jorge,2024,High-A,Northwest League,Spokane Indians,21,4,4
669899-2024-112,669899,Ryan Ward,2024,Triple-A,Pacific Coast League,Oklahoma City Baseball Club,26,4,1
613564-2024-112,613564,Jason Vosler,2024,Triple-A,Pacific Coast League,Tacoma Rainiers,30,4,1
664247-2024-112,664247,Kyle Garlick,2024,Triple-A,Pacific Coast League,Reno Aces,32,4,1
542208-2024-112,542208,Carlos Pérez,2024,Triple-A,Pacific Coast League,Las Vegas Aviators,33,4,1
680728-2024-112,680728,Adrian Del Castillo,2024,Triple-A,Pacific Coast League,Reno Aces,24,4,1
665846-2024-112,665846,Jesús Bastidas,2024,Triple-A,Pacific Coast League,Sugar Land Space Cowboys,25,4,1
686531-2024-112,686531,Andre Lipcius,2024,Triple-A,Pacific Coast League,Oklahoma City Baseball Club,26,4,1
694376-2024-112,694376,Shay Whitcomb,2024,Triple-A,Pacific Coast League,Sugar Land Space Cowboys,25,4,1
694175-2024-112,694175,Pedro León,2024,Triple-A,Pacific Coast League,Sugar Land Space Cowboys,26,4,3
672359-2024-112,672359,Tirso Ornelas,2024,Triple-A,Pacific Coast League,El Paso Chihuahuas,24,4,2
672478-2024-112,672478,Jordan Diaz,2024,Triple-A,Pacific Coast League,Las Vegas Aviators,23,4,3
668751-2024-112,668751,Cal Mitchell,2024,Triple-A,Pacific Coast League,El Paso Chihuahuas,25,4,1
676116-2024-112,676116,Ryan Noda,2024,Triple-A,Pacific Coast League,Las Vegas Aviators,28,4,1
666703-2024-112,666703,Eguy Rosario,2024,Triple-A,Pacific Coast League,El Paso Chihuahuas,24,4,1
688760-2024-112,688760,Blaine Crim,2024,Triple-A,Pacific Coast League,Round Rock Express,27,4,2
665953-2024-112,665953,Andrés Chaparro,2024,Triple-A,Pacific Coast League,Reno Aces,25,4,3
680693-2024-112,680693,Grant Lavigne,2024,Triple-A,Pacific Coast League,Albuquerque Isotopes,24,4,1
660758-2024-112,660758,Sandro Fabian,2024,Triple-A,Pacific Coast League,Round Rock Express,26,4,2
682210-2024-112,682210,Kody Hoese,2024,Triple-A,Pacific Coast League,Oklahoma City Baseball Club,26,4,2
664954-2024-112,664954,Brett Sullivan,2024,Triple-A,Pacific Coast League,El Paso Chihuahuas,30,4,1
663536-2024-112,663536,Tristin English,2024,Triple-A,Pacific Coast League,Reno Aces,27,4,2
675659-2024-112,675659,Greg Jones,2024,Triple-A,Pacific Coast League,Albuquerque Isotopes,26,4,3
681584-2024-112,681584,David Villar,2024,Triple-A,Pacific Coast League,Sacramento River Cats,27,4,1
680810-2024-112,680810,Quincy Hamilton,2024,Triple-A,Pacific Coast League,Sugar Land Space Cowboys,26,4,1
676939-2024-112,676939,Jimmy Herron,2024,Triple-A,Pacific Coast League,Albuquerque Isotopes,27,4,2
669087-2024-112,669087,Sam Huff,2024,Triple-A,Pacific Coast League,Round Rock Express,26,4,3
687799-2024-112,687799,Cade Marlowe,2024,Triple-A,Pacific Coast League,Tacoma Rainiers,27,4,1
700242-2024-112,700242,Trey Sweeney,2024,Triple-A,Pacific Coast League,Oklahoma City Baseball Club,24,4,3
669208-2024-112,669208,Ryan Bliss,2024,Triple-A,Pacific Coast League,Tacoma Rainiers,24,4,4
641779-2024-112,641779,Charles Leblanc,2024,Triple-A,Pacific Coast League,Salt Lake Bees,28,4,1
605346-2024-112,605346,Jack López,2024,Triple-A,Pacific Coast League,Salt Lake Bees,31,4,3
669386-2024-112,669386,Trevor Hauver,2024,Triple-A,Pacific Coast League,Round Rock Express,25,4,3
669392-2024-112,669392,Samad Taylor,2024,Triple-A,Pacific Coast League,Tacoma Rainiers,25,4,4
677941-2024-112,677941,Jordyn Adams,2024,Triple-A,Pacific Coast League,Salt Lake Bees,24,4,4
676946-2024-112,676946,Matthew Batten,2024,Triple-A,Pacific Coast League,El Paso Chihuahuas,29,4,2
670092-2024-112,670092,Trenton Brooks,2024,Triple-A,Pacific Coast League,Sacramento River Cats,28,4,1
687957-2024-112,687957,Dustin Harris,2024,Triple-A,Pacific Coast League,Round Rock Express,24,4,4
669450-2024-112,669450,Cooper Hummel,2024,Triple-A,Pacific Coast League,Sugar Land Space Cowboys,29,4,3
546991-2024-112,546991,Albert Almora Jr.,2024,Triple-A,Pacific Coast League,Reno Aces,30,4,2
666183-2024-112,666183,Hunter Bishop,2024,Triple-A,Pacific Coast League,Sacramento River Cats,26,4,3
660829-2024-112,660829,Hoy Park,2024,Triple-A,Pacific Coast League,Las Vegas Aviators,28,4,3
642727-2024-112,642727,Sergio Alcántara,2024,Triple-A,Pacific Coast League,Reno Aces,27,4,3
682183-2024-112,682183,Drew Avans,2024,Triple-A,Pacific Coast League,Oklahoma City Baseball Club,28,4,3
667663-2024-112,667663,Hunter Stovall,2024,Triple-A,Pacific Coast League,Albuquerque Isotopes,27,4,2
669200-2024-112,669200,Mason McCoy,2024,Triple-A,Pacific Coast League,El Paso Chihuahuas,29,4,4
670148-2024-112,670148,Nate Mondou,2024,Triple-A,Pacific Coast League,El Paso Chihuahuas,29,4,1
669326-2024-112,669326,Bryce Teodosio,2024,Triple-A,Pacific Coast League,Salt Lake Bees,25,4,4
519303-2024-112,519303,Elliot Soto,2024,Triple-A,Pacific Coast League,Salt Lake Bees,34,4,4
680890-2024-112,680890,Jax Biggers,2024,Triple-A,Pacific Coast League,Round Rock Express,27,4,3
702789-2024-112,702789,Austin Gauthier,2024,Triple-A,Pacific Coast League,Oklahoma City Baseball Club,25,4,2
676566-2024-116,676566,Shawn Ross,2024,High-A,South Atlantic League,Greensboro Grasshoppers,24,4,1
800232-2024-116,800232,Luis Baez,2024,High-A,South Atlantic League,Asheville Tourists,20,4,1
682793-2024-116,682793,Bryan Gonzalez,2024,High-A,South Atlantic League,Greenville Drive,22,4,3
677342-2024-116,677342,Brock Jones,2024,High-A,South Atlantic League,Bowling Green Hot Rods,23,4,3
695770-2024-116,695770,Wes Kath,2024,High-A,South Atlantic League,Winston-Salem Dash,21,4,1
807742-2024-116,807742,Colton Ledbetter,2024,High-A,South Atlantic League,Bowling Green Hot Rods,22,4,1
691369-2024-116,691369,Allan Castro,2024,High-A,South Atlantic League,Greenville Drive,21,4,1
802459-2024-116,802459,Ryan Johnson,2024,High-A,South Atlantic League,Asheville Tourists,23,4,1
694966-2024-116,694966,Brayden Taylor,2024,High-A,South Atlantic League,Bowling Green Hot Rods,22,4,1
696145-2024-116,696145,Lonnie White Jr.,2024,High-A,South Atlantic League,Greensboro Grasshoppers,21,4,1
695604-2024-116,695604,T.J. White,2024,High-A,South Atlantic League,Wilmington Blue Rocks,20,4,1
802991-2024-116,802991,E.J. Exposito,2024,High-A,South Atlantic League,Rome Emperors,23,4,1
687431-2024-116,687431,Hudson Head,2024,High-A,South Atlantic League,Greensboro Grasshoppers,23,4,1
690991-2024-116,690991,Mac Horvath,2024,High-A,South Atlantic League,Bowling Green Hot Rods,22,4,1
702261-2024-116,702261,Termarr Johnson,2024,High-A,South Atlantic League,Greensboro Grasshoppers,20,4,2
683079-2024-116,683079,Omar Martinez,2024,High-A,South Atlantic League,Hudson Valley Renegades,22,4,1
691858-2024-116,691858,Jared Serna,2024,High-A,South Atlantic League,Hudson Valley Renegades,22,4,2
695508-2024-116,695508,Cam Cauley,2024,High-A,South Atlantic League,Hickory Crawdads,21,4,1
691792-2024-116,691792,Roc Riggio,2024,High-A,South Atlantic League,Hudson Valley Renegades,22,4,1
689688-2024-116,689688,Ethan Workinger,2024,High-A,South Atlantic League,Rome Emperors,22,4,1
701778-2024-116,701778,Jace Avina,2024,High-A,South Atlantic League,Hudson Valley Renegades,21,4,2
695048-2024-116,695048,Garret Guillemette,2024,High-A,South Atlantic League,Asheville Tourists,22,4,1
695692-2024-116,695692,Cooper Kinney,2024,High-A,South Atlantic League,Bowling Green Hot Rods,21,4,3
806964-2024-116,806964,Sebastian Walcott,2024,High-A,South Atlantic League,Hickory Crawdads,18,4,3
700845-2024-116,700845,Adam Zebrowski,2024,High-A,South Atlantic League,Rome Emperors,23,4,3
694218-2024-116,694218,Yeison Morrobel,2024,High-A,South Atlantic League,Hickory Crawdads,20,4,2
694742-2024-116,694742,Josh Moylan,2024,High-A,South Atlantic League,Hudson Valley Renegades,21,4,3
691385-2024-116,691385,Ronald Rosario,2024,High-A,South Atlantic League,Greenville Drive,21,4,2
694214-2024-116,694214,Samuel Zavala,2024,High-A,South Atlantic League,Winston-Salem Dash,19,4,1
801523-2024-116,801523,Chris Suero,2024,High-A,South Atlantic League,Brooklyn Cyclones,20,4,1
691645-2024-116,691645,Jefrey De Los Santos,2024,High-A,South Atlantic League,Brooklyn Cyclones,21,4,1
690983-2024-116,690983,Hunter Haas,2024,High-A,South Atlantic League,Bowling Green Hot Rods,22,4,1
694991-2024-116,694991,Mitch Jebb,2024,High-A,South Atlantic League,Greensboro Grasshoppers,22,4,4
691708-2024-116,691708,Junior Tilien,2024,High-A,South Atlantic League,Brooklyn Cyclones,21,4,2
677356-2024-116,677356,Carter Young,2024,High-A,South Atlantic League,Aberdeen IronBirds,23,4,4
687201-2024-116,687201,Kevin Kilpatrick Jr.,2024,High-A,South Atlantic League,Rome Emperors,23,4,4
688500-2024-116,688500,Stephen Paolini,2024,High-A,South Atlantic League,Rome Emperors,23,4,3
694884-2024-116,694884,Jalen Vasquez,2024,High-A,South Atlantic League,Aberdeen IronBirds,22,4,4
702708-2024-116,702708,Emaarion Boyd,2024,High-A,South Atlantic League,Jersey Shore BlueClaws,20,4,4
694754-2024-116,694754,Sabin Ceballos,2024,High-A,South Atlantic League,Rome Emperors,21,4,2
694230-2024-116,694230,Hendry Mendez,2024,High-A,South Atlantic League,Jersey Shore BlueClaws,20,4,2
703492-2024-116,703492,Nick Morabito,2024,High-A,South Atlantic League,Brooklyn Cyclones,21,4,4
801600-2024-116,801600,Bryce Willits,2024,High-A,South Atlantic League,Winston-Salem Dash,24,4,2
688394-2024-116,688394,Jordan Sprinkle,2024,High-A,South Atlantic League,Winston-Salem Dash,23,4,2
703151-2024-116,703151,William Bergolla Jr.,2024,High-A,South Atlantic League,Winston-Salem Dash,19,4,4
701701-2024-116,701701,Quincy Scott,2024,High-A,South Atlantic League,Hickory Crawdads,21,4,2
678021-2024-111,678021,Nicholas Northcut,2024,Double-A,Southern League,Chattanooga Lookouts,25,4,1
691788-2024-111,691788,Joe Mack,2024,Double-A,Southern League,Pensacola Blue Wahoos,21,4,1
700246-2024-111,700246,Carson Williams,2024,Double-A,Southern League,Montgomery Biscuits,21,4,1
694385-2024-111,694385,Brock Wilken,2024,Double-A,Southern League,Biloxi Shuckers,22,4,1
687272-2024-111,687272,Tucker Flint,2024,Double-A,Southern League,Rocket City Trash Pandas,23,4,3
687210-2024-111,687210,Nathan Martorella,2024,Double-A,Southern League,Pensacola Blue Wahoos,23,4,1
691442-2024-111,691442,Wilfred Veras,2024,Double-A,Southern League,Birmingham Barons,21,4,3
672569-2024-111,672569,Gustavo Campero,2024,Double-A,Southern League,Rocket City Trash Pandas,26,4,4
676572-2024-111,676572,Eric Wagaman,2024,Double-A,Southern League,Rocket City Trash Pandas,26,4,2
667803-2024-111,667803,Ernesto Martinez Jr.,2024,Double-A,Southern League,Biloxi Shuckers,25,4,2
702333-2024-111,702333,Haydn McGeary,2024,Double-A,Southern League,Tennessee Smokies,24,4,1
682192-2024-111,682192,Paul McIntosh,2024,Double-A,Southern League,Pensacola Blue Wahoos,26,4,2
690988-2024-111,690988,Austin Hendrick,2024,Double-A,Southern League,Chattanooga Lookouts,23,4,1
681357-2024-111,681357,Cody Morissette,2024,Double-A,Southern League,Pensacola Blue Wahoos,24,4,1
676473-2024-111,676473,Lamar Sparks,2024,Double-A,Southern League,Biloxi Shuckers,25,4,3
694351-2024-111,694351,Jacob Berry,2024,Double-A,Southern League,Pensacola Blue Wahoos,23,4,2
681371-2024-111,681371,Dom Keegan,2024,Double-A,Southern League,Montgomery Biscuits,23,4,3
695587-2024-111,695587,Bryson Horne,2024,Double-A,Southern League,Mississippi Braves,25,4,3
805300-2024-111,805300,Jakob Marsee,2024,Double-A,Southern League,Pensacola Blue Wahoos,23,4,1
695020-2024-111,695020,Tanner Murray,2024,Double-A,Southern League,Montgomery Biscuits,24,4,2
701649-2024-111,701649,James Triantos,2024,Double-A,Southern League,Tennessee Smokies,21,4,4
681047-2024-111,681047,Christian Franklin,2024,Double-A,Southern League,Tennessee Smokies,24,4,4
694378-2024-111,694378,Jacob Gonzalez,2024,Double-A,Southern League,Birmingham Barons,22,4,2
687862-2024-111,687862,Cody Milligan,2024,Double-A,Southern League,Mississippi Braves,25,4,4
695299-2024-111,695299,Terrell Tatum,2024,Double-A,Southern League,Birmingham Barons,24,4,4
687521-2024-111,687521,Eric Brown Jr.,2024,Double-A,Southern League,Biloxi Shuckers,23,4,2
694848-2024-111,694848,Sam Brown,2024,Double-A,Southern League,Rocket City Trash Pandas,22,4,2
667240-2024-111,667240,Jason Matthews,2024,Double-A,Southern League,Birmingham Barons,27,4,1
695462-2024-111,695462,Cal Conley,2024,Double-A,Southern League,Mississippi Braves,24,4,4
687152-2024-111,687152,Darrien Miller,2024,Double-A,Southern League,Biloxi Shuckers,23,4,1
694478-2024-111,694478,Michael Turner,2024,Double-A,Southern League,Birmingham Barons,25,4,2
677605-2024-111,677605,Luis Verdugo,2024,Double-A,Southern League,Tennessee Smokies,23,4,2
687248-2024-111,687248,Keshawn Ogans,2024,Double-A,Southern League,Mississippi Braves,22,4,2
703185-2024-111,703185,Nelson Rada,2024,Double-A,Southern League,Rocket City Trash Pandas,18,4,4
681333-2024-111,681333,Dru Baker,2024,Double-A,Southern League,Montgomery Biscuits,24,4,4
699471-2024-109,699471,Ivan Melendez,2024,Double-A,Texas League,Amarillo Sod Poodles,24,4,1
694374-2024-109,694374,Tim Tawa,2024,Double-A,Texas League,Amarillo Sod Poodles,25,4,1
681134-2024-109,681134,Caleb Roberts,2024,Double-A,Texas League,Amarillo Sod Poodles,24,4,3
623507-2024-109,623507,Josh Lester,2024,Double-A,Texas League,Northwest Arkansas Naturals,29,4,1
694673-2024-109,694673,Abimelec Ortiz,2024,Double-A,Texas League,Frisco RoughRiders,22,4,1
651016-2024-109,651016,Matt Lloyd,2024,Double-A,Texas League,Springfield Cardinals,28,4,1
682947-2024-109,682947,Jose Ramos,2024,Double-A,Texas League,Tulsa Drillers,23,4,1
691021-2024-109,691021,A.J. Vukovich,2024,Double-A,Texas League,Amarillo Sod Poodles,22,4,3
686770-2024-109,686770,Dillan Shrum,2024,Double-A,Texas League,Northwest Arkansas Naturals,26,4,1
688457-2024-109,688457,Gavin Cross,2024,Double-A,Texas League,Northwest Arkansas Naturals,23,4,4
676812-2024-109,676812,Carson McCusker,2024,Double-A,Texas League,Wichita Wind Surge,26,4,3
686810-2024-109,686810,Brennan Milone,2024,Double-A,Texas League,Midland RockHounds,23,4,1
702112-2024-109,702112,Hogan Windish,2024,Double-A,Texas League,Arkansas Travelers,25,4,1
694271-2024-109,694271,R.J. Yeager,2024,Double-A,Texas League,Springfield Cardinals,25,4,2
683227-2024-109,683227,Cody Freeman,2024,Double-A,Texas League,Frisco RoughRiders,23,4,2
674976-2024-109,674976,Griffin Lockwood-Powell,2024,Double-A,Texas League,Tulsa Drillers,26,4,1
681123-2024-109,681123,Luca Tresh,2024,Double-A,Texas League,Northwest Arkansas Naturals,24,4,1
686523-2024-109,686523,Peyton Wilson,2024,Double-A,Texas League,Northwest Arkansas Naturals,24,4,2
676203-2024-109,676203,Marcos Castañon,2024,Double-A,Texas League,San Antonio Missions,25,4,2
672016-2024-109,672016,Denzel Clarke,2024,Double-A,Texas League,Midland RockHounds,24,4,3
677049-2024-109,677049,Josh Hatcher,2024,Double-A,Texas League,Frisco RoughRiders,25,4,3
642134-2024-109,642134,Robbie Tenerowicz,2024,Double-A,Texas League,San Antonio Missions,29,4,2
677565-2024-109,677565,Kristian Robinson,2024,Double-A,Texas League,Amarillo Sod Poodles,23,4,3
805346-2024-109,805346,Ben Ross,2024,Double-A,Texas League,Wichita Wind Surge,23,4,1
702113-2024-109,702113,Cole Cummings,2024,Double-A,Texas League,San Antonio Missions,26,4,1
687567-2024-109,687567,Jorel Ortega,2024,Double-A,Texas League,Wichita Wind Surge,23,4,1
690474-2024-109,690474,Tommy Sacco Jr.,2024,Double-A,Texas League,Corpus Christi Hooks,25,4,2
802355-2024-109,802355,Tanner Schobel,2024,Double-A,Texas League,Wichita Wind Surge,23,4,1
701675-2024-109,701675,Nathan Church,2024,Double-A,Texas League,Springfield Cardinals,23,4,2
663478-2024-109,663478,Brendon Davis,2024,Double-A,Texas League,Tulsa Drillers,26,4,1
642720-2024-109,642720,Ray-Patrick Didder,2024,Double-A,Texas League,San Antonio Missions,29,4,1
672596-2024-109,672596,Robert Perez Jr.,2024,Double-A,Texas League,San Antonio Missions,24,4,3
696160-2024-109,696160,Jake Rucker,2024,Double-A,Texas League,Wichita Wind Surge,24,4,2
702284-2024-109,702284,Cole Young,2024,Double-A,Texas League,Arkansas Travelers,20,4,4
691185-2024-109,691185,Maximo Acosta,2024,Double-A,Texas League,Frisco RoughRiders,21,4,2
678746-2024-109,678746,Diego Hernandez,2024,Double-A,Texas League,Northwest Arkansas Naturals,23,4,2
678577-2024-109,678577,Junior Perez,2024,Double-A,Texas League,Midland RockHounds,22,4,3
677601-2024-109,677601,Keyber Rodriguez,2024,Double-A,Texas League,Frisco RoughRiders,23,4,2
805834-2024-109,805834,Javi Vaz,2024,Double-A,Texas League,Northwest Arkansas Naturals,23,4,2
676466-2024-109,676466,Jack Winkler,2024,Double-A,Texas League,Midland RockHounds,25,4,2
689750-2024-109,689750,Jacob Buchberger,2024,Double-A,Texas League,Springfield Cardinals,26,4,2
695670-2024-109,695670,Harry Ford,2024,Double-A,Texas League,Arkansas Travelers,21,4,4
701648-2024-109,701648,Aaron Zavala,2024,Double-A,Texas League,Frisco RoughRiders,24,4,1
685341-2024-109,685341,Ripken Reyes,2024,Double-A,Texas League,San Antonio Missions,27,4,2
686475-2024-109,686475,Tyler Tolbert,2024,Double-A,Texas League,Northwest Arkansas Naturals,26,4,4
805891-2024-109,805891,Taylor Young,2024,Double-A,Texas League,Tulsa Drillers,25,4,4
691558-2024-109,691558,Yeiner Fernandez,2024,Double-A,Texas League,Tulsa Drillers,21,4,2
692405-2024-109,692405,Jeremy Rivas,2024,Double-A,Texas League,Springfield Cardinals,21,4,4
679754-2024-109,679754,Alberto Rodriguez,2024,Double-A,Texas League,Arkansas Travelers,23,4,2
810938-2024-109,810938,Ben Williamson,2024,Double-A,Texas League,Arkansas Travelers,23,4,3
663494-2024-109,663494,Bryan Torres,2024,Double-A,Texas League,Springfield Cardinals,26,4,4
671080-2024-109,671080,Jeremy Arocho,2024,Double-A,Texas League,Corpus Christi Hooks,25,4,4
702331-2024-109,702331,Noah Mendlinger,2024,Double-A,Texas League,Springfield Cardinals,23,4,2
692039-2025-110,692039,Carlos Jimenez,2025,Low-A,California League,Modesto Nuts,22,4,4
702607-2025-110,702607,Dakota Jordan,2025,Low-A,California League,San Jose Giants,22,4,3
808234-2025-110,808234,Eduardo Quintero,2025,Low-A,California League,Rancho Cucamonga Quakes,19,4,3
804558-2025-110,804558,Raudi Rodriguez,2025,Low-A,California League,Inland Empire 66ers,21,4,4
701837-2025-110,701837,Kavares Tears,2025,Low-A,California League,Lake Elsinore Storm,22,4,3
806152-2025-110,806152,Walker Martin,2025,Low-A,California League,San Jose Giants,21,4,3
807957-2025-110,807957,Yassel Soler,2025,Low-A,California League,Visalia Rawhide,19,4,2
813771-2025-110,813771,Robert Hipwell,2025,Low-A,California League,San Jose Giants,22,4,3
703153-2025-110,703153,Samuel Munoz,2025,Low-A,California League,Rancho Cucamonga Quakes,20,4,1
806978-2025-110,806978,Robert Calaz,2025,Low-A,California League,Fresno Grizzlies,19,4,2
815464-2025-110,815464,Lisbel Diaz,2025,Low-A,California League,San Jose Giants,19,4,2
694563-2025-110,694563,Harold Coll,2025,Low-A,California League,Inland Empire 66ers,23,4,3
814696-2025-110,814696,Jaron Elkins,2025,Low-A,California League,Rancho Cucamonga Quakes,20,4,4
802474-2025-110,802474,Cameron Leary,2025,Low-A,California League,Stockton Ports,23,4,4
691561-2025-110,691561,Jose Meza,2025,Low-A,California League,Rancho Cucamonga Quakes,22,4,4
800185-2025-110,800185,Ruben Santana,2025,Low-A,California League,Visalia Rawhide,20,4,2
699698-2025-110,699698,Ricardo Cova,2025,Low-A,California League,Modesto Nuts,21,4,4
800302-2025-110,800302,Mairoshendrick Martinus,2025,Low-A,California League,Rancho Cucamonga Quakes,20,4,4
806958-2025-110,806958,Felnin Celesten,2025,Low-A,California League,Modesto Nuts,19,4,4
822624-2025-110,822624,Kevin Fitzer,2025,Low-A,California League,Fresno Grizzlies,23,4,2
800193-2025-110,800193,Kelvin Hidalgo,2025,Low-A,California League,Fresno Grizzlies,20,4,4
805117-2025-110,805117,Jean Carlos Sió,2025,Low-A,California League,San Jose Giants,21,4,2
800569-2025-110,800569,Alberto Barriga,2025,Low-A,California League,Visalia Rawhide,20,4,1
702601-2025-110,702601,Lamar King Jr.,2025,Low-A,California League,Lake Elsinore Storm,21,4,4
800188-2025-110,800188,Dario Laverde,2025,Low-A,California League,Inland Empire 66ers,20,4,2
694318-2025-110,694318,Austin St. Laurent,2025,Low-A,California League,Modesto Nuts,22,4,4
828473-2025-110,828473,Zach Evans,2025,Low-A,California League,Lake Elsinore Storm,22,4,2
805319-2025-110,805319,Dervy Ventura,2025,Low-A,California League,Modesto Nuts,21,4,4
814091-2025-110,814091,John Wimmer,2025,Low-A,California League,Inland Empire 66ers,20,4,3
703192-2025-110,703192,Abdias De La Cruz,2025,Low-A,California League,Visalia Rawhide,20,4,1
691571-2025-110,691571,Johan Macias,2025,Low-A,California League,Inland Empire 66ers,22,4,2
807975-2025-110,807975,Yeiker Reyes,2025,Low-A,California League,Fresno Grizzlies,19,4,4
800206-2025-110,800206,Yerald Nin,2025,Low-A,California League,Visalia Rawhide,19,4,4
694953-2025-110,694953,C.J. Pittaro,2025,Low-A,California League,Stockton Ports,23,4,3
702409-2025-110,702409,Jorge Ruiz,2025,Low-A,California League,Inland Empire 66ers,21,4,4
800724-2025-122,800724,Eric Bitonti,2025,Low-A,Carolina League,Carolina Mudcats,19,4,1
805804-2025-122,805804,George Wolkow,2025,Low-A,Carolina League,Kannapolis Cannon Ballers,19,4,1
807722-2025-122,807722,Maxton Martin,2025,Low-A,Carolina League,Hickory Crawdads,20,4,2
808153-2025-122,808153,Luis Merejo,2025,Low-A,Carolina League,Hill City Howlers,19,4,1
815121-2025-122,815121,Alexey Lumpuy,2025,Low-A,Carolina League,Myrtle Beach Pelicans,21,4,4
815352-2025-122,815352,Caleb Bonemer,2025,Low-A,Carolina League,Kannapolis Cannon Ballers,19,4,1
806985-2025-122,806985,Yoeilin Cespedes,2025,Low-A,Carolina League,Salem Red Sox,19,4,2
806995-2025-122,806995,Filippo Di Turi,2025,Low-A,Carolina League,Carolina Mudcats,19,4,1
801561-2025-122,801561,Matt Halbach,2025,Low-A,Carolina League,Myrtle Beach Pelicans,22,4,2
695707-2025-122,695707,Brennon McNair,2025,Low-A,Carolina League,Columbia Fireflies,22,4,1
800393-2025-122,800393,Yeremy Cabrera,2025,Low-A,Carolina League,Hickory Crawdads,19,4,4
806980-2025-122,806980,Angel Cepeda,2025,Low-A,Carolina League,Myrtle Beach Pelicans,19,4,3
824615-2025-122,824615,Connor Hujsak,2025,Low-A,Carolina League,Charleston RiverDogs,23,4,1
808245-2025-122,808245,Starlyn Nunez,2025,Low-A,Carolina League,Salem Red Sox,19,4,2
703143-2025-122,703143,Cristhian Vaquero,2025,Low-A,Carolina League,Fredericksburg Nationals,20,4,4
808535-2025-122,808535,John Gil,2025,Low-A,Carolina League,Augusta GreenJackets,19,4,4
808326-2025-122,808326,Pablo Guerrero,2025,Low-A,Carolina League,Hickory Crawdads,18,4,2
808631-2025-122,808631,Frederik Jimenez,2025,Low-A,Carolina League,Salem Red Sox,20,4,1
703612-2025-122,703612,Nick Peoples,2025,Low-A,Carolina League,Fredericksburg Nationals,20,4,3
703178-2025-122,703178,Braylin Tavera,2025,Low-A,Carolina League,Delmarva Shorebirds,20,4,1
696083-2025-122,696083,Leonel Espinoza,2025,Low-A,Carolina League,Myrtle Beach Pelicans,22,4,4
807083-2025-122,807083,Nathan Flewelling,2025,Low-A,Carolina League,Charleston RiverDogs,18,4,3
800377-2025-122,800377,Angel Mateo,2025,Low-A,Carolina League,Charleston RiverDogs,20,4,2
806611-2025-122,806611,Jancel Villarroel,2025,Low-A,Carolina League,Fayetteville Woodpeckers,20,4,4
814453-2025-122,814453,Nathan Archer,2025,Low-A,Carolina League,Kannapolis Cannon Ballers,22,4,4
806061-2025-122,806061,Isaiah Drake,2025,Low-A,Carolina League,Augusta GreenJackets,19,4,4
803241-2025-122,803241,Jose Escobar,2025,Low-A,Carolina League,Myrtle Beach Pelicans,20,4,2
807080-2025-122,807080,Eric Hartman,2025,Low-A,Carolina League,Augusta GreenJackets,19,4,4
807277-2025-122,807277,Nick Montgomery,2025,Low-A,Carolina League,Augusta GreenJackets,19,4,1
826928-2025-122,826928,Owen Carey,2025,Low-A,Carolina League,Augusta GreenJackets,18,4,2
821100-2025-122,821100,Justin Gonzales,2025,Low-A,Carolina League,Salem Red Sox,18,4,2
815908-2025-122,815908,Jesús Made,2025,Low-A,Carolina League,Carolina Mudcats,18,4,4
800540-2025-122,800540,Hector Osorio,2025,Low-A,Carolina League,Hickory Crawdads,20,4,2
800440-2025-122,800440,Narciso Polanco,2025,Low-A,Carolina League,Charleston RiverDogs,20,4,4
800426-2025-122,800426,Raylin Ramos,2025,Low-A,Carolina League,Delmarva Shorebirds,20,4,4
806212-2025-122,806212,Stone Russell,2025,Low-A,Carolina League,Columbia Fireflies,21,4,2
808307-2025-122,808307,Kleyver Salazar,2025,Low-A,Carolina League,Salem Red Sox,19,4,2
806988-2025-122,806988,Welbyn Francisca,2025,Low-A,Carolina League,Hill City Howlers,19,4,4
808141-2025-122,808141,Jose Pirela,2025,Low-A,Carolina League,Hill City Howlers,19,4,1
800256-2025-122,800256,Natanael Yuten,2025,Low-A,Carolina League,Salem Red Sox,20,4,3
695538-2025-122,695538,Randal Diaz,2025,Low-A,Carolina League,Fredericksburg Nationals,22,4,2
808706-2025-122,808706,Asbel Gonzalez,2025,Low-A,Carolina League,Columbia Fireflies,19,4,4
803475-2025-122,803475,Colby Jones,2025,Low-A,Carolina League,Augusta GreenJackets,21,4,4
805950-2025-122,805950,Antonis Macias,2025,Low-A,Carolina League,Hickory Crawdads,20,4,2
800357-2025-122,800357,Ricardo Gonzalez,2025,Low-A,Carolina League,Charleston RiverDogs,20,4,2
807257-2025-122,807257,Ty Southisene,2025,Low-A,Carolina League,Myrtle Beach Pelicans,19,4,4
691775-2025-113,691775,Ryan Clifford,2025,Double-A,Eastern League,Binghamton Rumble Ponies,21,4,1
701177-2025-113,701177,Nick Cimillo,2025,Double-A,Eastern League,Altoona Curve,25,4,1
676205-2025-113,676205,Tyler Hardman,2025,Double-A,Eastern League,Somerset Patriots,26,4,1
687724-2025-113,687724,Jake Holton,2025,Double-A,Eastern League,Erie SeaWolves,27,4,1
807727-2025-113,807727,Charles McAdoo,2025,Double-A,Eastern League,New Hampshire Fisher Cats,23,4,1
695735-2025-113,695735,Creed Willems,2025,Double-A,Eastern League,Chesapeake Baysox,22,4,2
694249-2025-113,694249,Cole Carrigg,2025,Double-A,Eastern League,Hartford Yard Goats,23,4,4
694025-2025-113,694025,Felix Reyes,2025,Double-A,Eastern League,Reading Fightin Phils,24,4,2
801194-2025-113,801194,Max Anderson,2025,Double-A,Eastern League,Erie SeaWolves,23,4,2
684222-2025-113,684222,Jorge Burgos,2025,Double-A,Eastern League,Akron RubberDucks,22,4,1
682003-2025-113,682003,Garrett Martin,2025,Double-A,Eastern League,Somerset Patriots,25,4,2
678926-2025-113,678926,Carlos De La Cruz,2025,Double-A,Eastern League,Harrisburg Senators,25,4,3
815734-2025-113,815734,Dylan Jasso,2025,Double-A,Eastern League,Somerset Patriots,22,4,1
805795-2025-113,805795,Aidan Miller,2025,Double-A,Eastern League,Reading Fightin Phils,21,4,4
806273-2025-113,806273,Adam Retzbach,2025,Double-A,Eastern League,Chesapeake Baysox,24,4,3
682674-2025-113,682674,Victor Bericoto,2025,Double-A,Eastern League,Richmond Flying Squirrels,23,4,3
694425-2025-113,694425,Justice Bigbie,2025,Double-A,Eastern League,Erie SeaWolves,26,4,2
699073-2025-113,699073,Thayron Liranzo,2025,Double-A,Eastern League,Erie SeaWolves,21,4,1
691385-2025-113,691385,Ronald Rosario,2025,Double-A,Eastern League,Portland Sea Dogs,22,4,2
683233-2025-113,683233,Douglas Hodo III,2025,Double-A,Eastern League,Chesapeake Baysox,24,4,1
802407-2025-113,802407,Joe Lampe,2025,Double-A,Eastern League,Akron RubberDucks,24,4,3
691024-2025-113,691024,Cayden Wallace,2025,Double-A,Eastern League,Harrisburg Senators,23,4,1
702518-2025-113,702518,Jett Williams,2025,Double-A,Eastern League,Binghamton Rumble Ponies,21,4,1
694876-2025-113,694876,Cooper Ingle,2025,Double-A,Eastern League,Akron RubberDucks,23,4,1
702261-2025-113,702261,Termarr Johnson,2025,Double-A,Eastern League,Altoona Curve,21,4,4
683610-2025-113,683610,Leandro Pineda,2025,Double-A,Eastern League,Reading Fightin Phils,23,4,1
806146-2025-113,806146,George Lombard Jr.,2025,Double-A,Eastern League,Somerset Patriots,20,4,1
691369-2025-113,691369,Allan Castro,2025,Double-A,Eastern League,Portland Sea Dogs,22,4,2
681132-2025-113,681132,Max Ferguson,2025,Double-A,Eastern League,Portland Sea Dogs,25,4,4
800765-2025-113,800765,Carter Howell,2025,Double-A,Eastern League,Richmond Flying Squirrels,26,4,1
700681-2025-113,700681,Nick Lorusso,2025,Double-A,Eastern League,Binghamton Rumble Ponies,24,4,1
692348-2025-113,692348,Aeverson Arteaga,2025,Double-A,Eastern League,Richmond Flying Squirrels,22,4,1
694754-2025-113,694754,Sabin Ceballos,2025,Double-A,Eastern League,Richmond Flying Squirrels,22,4,2
701298-2025-113,701298,Phillip Glasser,2025,Double-A,Eastern League,Harrisburg Senators,25,4,2
683493-2025-113,683493,William Lugo,2025,Double-A,Eastern League,Binghamton Rumble Ponies,23,4,2
703492-2025-113,703492,Nick Morabito,2025,Double-A,Eastern League,Binghamton Rumble Ponies,22,4,4
691449-2025-113,691449,Roberto Campos,2025,Double-A,Eastern League,Erie SeaWolves,22,4,2
683103-2025-113,683103,Cade Doughty,2025,Double-A,Eastern League,New Hampshire Fisher Cats,24,4,2
684715-2025-113,684715,Nic Kent,2025,Double-A,Eastern League,Hartford Yard Goats,25,4,2
699157-2025-113,699157,Ahbram Liendo,2025,Double-A,Eastern League,Portland Sea Dogs,21,4,4
806005-2025-113,806005,Ryan McCarty,2025,Double-A,Eastern League,New Hampshire Fisher Cats,26,4,1
695612-2025-113,695612,Alex Mooney,2025,Double-A,Eastern League,Akron RubberDucks,22,4,1
683172-2025-113,683172,Joe Naranjo,2025,Double-A,Eastern League,Harrisburg Senators,24,4,3
682648-2025-113,682648,Juan Guerrero,2025,Double-A,Eastern League,Hartford Yard Goats,23,4,2
694170-2025-113,694170,Dyan Jorge,2025,Double-A,Eastern League,Hartford Yard Goats,22,4,2
694196-2025-113,694196,Diego Velasquez,2025,Double-A,Eastern League,Richmond Flying Squirrels,21,4,2
694991-2025-113,694991,Mitch Jebb,2025,Double-A,Eastern League,Altoona Curve,23,4,2
806957-2025-123,806957,Alfredo Duno,2025,Low-A,Florida State League,Daytona Tortugas,19,4,1
694184-2025-123,694184,Cristian Santana,2025,Low-A,Florida State League,Lakeland Flying Tigers,21,4,1
703154-2025-123,703154,Yordany De Los Santos,2025,Low-A,Florida State League,Bradenton Marauders,20,4,4
703177-2025-123,703177,Jhonny Severino,2025,Low-A,Florida State League,Bradenton Marauders,20,4,2
703160-2025-123,703160,Yasser Mercedes,2025,Low-A,Florida State League,Fort Myers Mighty Mussels,20,4,1
699014-2025-123,699014,Eddy Rodriguez,2025,Low-A,Florida State League,Bradenton Marauders,21,4,1
700720-2025-123,700720,Luis Pino,2025,Low-A,Florida State League,Palm Beach Cardinals,21,4,1
800246-2025-123,800246,Engelth Urena,2025,Low-A,Florida State League,Tampa Tarpons,20,4,2
808516-2025-123,808516,Andres Valor,2025,Low-A,Florida State League,Jupiter Hammerheads,19,4,4
800257-2025-123,800257,Yonatan Henriquez,2025,Low-A,Florida State League,St. Lucie Mets,20,4,4
808864-2025-123,808864,Raider Tello,2025,Low-A,Florida State League,Clearwater Threshers,24,4,3
703149-2025-123,703149,Roderick Arias,2025,Low-A,Florida State League,Tampa Tarpons,20,4,4
703159-2025-123,703159,Simon Juan,2025,Low-A,Florida State League,St. Lucie Mets,19,4,2
807239-2025-123,807239,Bernard Moon,2025,Low-A,Florida State League,Daytona Tortugas,20,4,2
703204-2025-123,703204,Esmith Pineda,2025,Low-A,Florida State League,Daytona Tortugas,20,4,2
800140-2025-123,800140,Kendry Chirinos,2025,Low-A,Florida State League,Dunedin Blue Jays,20,4,3
808365-2025-123,808365,Dameury Pena,2025,Low-A,Florida State League,Fort Myers Mighty Mussels,19,4,2
800266-2025-123,800266,Yordalin Peña,2025,Low-A,Florida State League,Palm Beach Cardinals,20,4,4
702283-2025-123,702283,Tucker Toman,2025,Low-A,Florida State League,Dunedin Blue Jays,21,4,3
694202-2025-123,694202,Manuel Beltre,2025,Low-A,Florida State League,Dunedin Blue Jays,21,4,2
815551-2025-123,815551,Trey Snyder,2025,Low-A,Florida State League,St. Lucie Mets,19,4,4
828319-2025-123,828319,Marshall Toole,2025,Low-A,Florida State League,Tampa Tarpons,22,4,4
806987-2025-123,806987,Daiverson Gutierrez,2025,Low-A,Florida State League,St. Lucie Mets,19,4,2
702977-2025-123,702977,Dillon Head,2025,Low-A,Florida State League,Jupiter Hammerheads,20,4,4
807276-2025-123,807276,Dante Nori,2025,Low-A,Florida State League,Clearwater Threshers,20,4,4
806230-2025-123,806230,Sammy Stafura,2025,Low-A,Florida State League,Bradenton Marauders,20,4,4
815793-2025-123,815793,Carter Johnson,2025,Low-A,Florida State League,Jupiter Hammerheads,19,4,1
829035-2025-123,829035,Andrew Salas,2025,Low-A,Florida State League,Jupiter Hammerheads,17,4,4
699027-2025-123,699027,José Suárez,2025,Low-A,Florida State League,Palm Beach Cardinals,20,4,4
803679-2025-123,803679,Sammy Hernandez,2025,Low-A,Florida State League,Palm Beach Cardinals,21,4,2
801276-2025-123,801276,Juan Matheus,2025,Low-A,Florida State League,Tampa Tarpons,21,4,4
800510-2025-123,800510,Samuel Gil,2025,Low-A,Florida State League,Lakeland Flying Tigers,20,4,2
806120-2025-123,806120,Kyle Henley,2025,Low-A,Florida State League,Daytona Tortugas,20,4,4
807007-2025-123,807007,Jeremy Rodriguez,2025,Low-A,Florida State League,St. Lucie Mets,18,4,4
813620-2025-123,813620,Carson Rucker,2025,Low-A,Florida State League,Lakeland Flying Tigers,20,4,2
814297-2025-123,814297,Edgleen Perez,2025,Low-A,Florida State League,Bradenton Marauders,19,4,2
800254-2025-123,800254,Abrahan Ramirez,2025,Low-A,Florida State League,Jupiter Hammerheads,20,4,4
670351-2025-117,670351,Jose Rojas,2025,Triple-A,International League,Scranton/Wilkes-Barre RailRiders,32,4,1
676044-2025-117,676044,Bob Seymour,2025,Triple-A,International League,Durham Bulls,26,4,1
542208-2025-117,542208,Carlos Pérez,2025,Triple-A,International League,Iowa Cubs,34,4,1
671284-2025-117,671284,Tim Elko,2025,Triple-A,International League,Charlotte Knights,26,4,3
621458-2025-117,621458,Edwin Rios,2025,Triple-A,International League,Louisville Bats,31,4,3
666915-2025-117,666915,Bobby Dalbec,2025,Triple-A,International League,Omaha Storm Chasers,30,4,3
677956-2025-117,677956,Rece Hinds,2025,Triple-A,International League,Louisville Bats,24,4,3
700246-2025-117,700246,Carson Williams,2025,Triple-A,International League,Durham Bulls,22,4,1
683357-2025-117,683357,Owen Caissie,2025,Triple-A,International League,Iowa Cubs,22,4,3
676812-2025-117,676812,Carson McCusker,2025,Triple-A,International League,St. Paul Saints,27,4,3
675455-2025-117,675455,Milan Tolentino,2025,Triple-A,International League,Columbus Clippers,23,4,1
687478-2025-117,687478,Cam Devanney,2025,Triple-A,International League,Indianapolis Indians,28,4,1
678760-2025-117,678760,Eddys Leonard,2025,Triple-A,International League,Gwinnett Stripers,24,4,2
675085-2025-117,675085,Jonathon Long,2025,Triple-A,International League,Iowa Cubs,23,4,3
669004-2025-117,669004,MJ Melendez,2025,Triple-A,International League,Omaha Storm Chasers,26,4,1
687605-2025-117,687605,Andrew Pinckney,2025,Triple-A,International League,Rochester Red Wings,24,4,3
666801-2025-117,666801,Rodolfo Castro,2025,Triple-A,International League,Lehigh Valley IronPigs,26,4,1
687637-2025-117,687637,Dylan Beavers,2025,Triple-A,International League,Norfolk Tides,23,4,1
686531-2025-117,686531,Andre Lipcius,2025,Triple-A,International League,Charlotte Knights,27,4,1
605353-2025-117,605353,Vimael Machín,2025,Triple-A,International League,Norfolk Tides,31,4,2
691788-2025-117,691788,Joe Mack,2025,Triple-A,International League,Jacksonville Jumbo Shrimp,22,4,1
695020-2025-117,695020,Tanner Murray,2025,Triple-A,International League,Durham Bulls,25,4,2
687282-2025-117,687282,Gabriel Rincones Jr.,2025,Triple-A,International League,Lehigh Valley IronPigs,24,4,1
682634-2025-117,682634,Kevin Alcántara,2025,Triple-A,International League,Iowa Cubs,22,4,3
666150-2025-117,666150,Dominic Fletcher,2025,Triple-A,International League,Charlotte Knights,27,4,1
687208-2025-117,687208,Nathan Hickey,2025,Triple-A,International League,Worcester Red Sox,25,4,1
690291-2025-117,690291,Jace Jung,2025,Triple-A,International League,Toledo Mud Hens,24,4,1
668723-2025-117,668723,Ryan Vilade,2025,Triple-A,International League,Louisville Bats,26,4,1
682868-2025-117,682868,Bryan Ramos,2025,Triple-A,International League,Charlotte Knights,23,4,1
681198-2025-117,681198,TJ Rumfield,2025,Triple-A,International League,Scranton/Wilkes-Barre RailRiders,25,4,1
668731-2025-117,668731,Akil Baddoo,2025,Triple-A,International League,Toledo Mud Hens,26,4,3
650559-2025-117,650559,Bryan De La Cruz,2025,Triple-A,International League,Scranton/Wilkes-Barre RailRiders,28,4,1
682983-2025-117,682983,Jud Fabian,2025,Triple-A,International League,Norfolk Tides,24,4,1
667452-2025-117,667452,Corey Julks,2025,Triple-A,International League,Charlotte Knights,29,4,3
671976-2025-117,671976,Tristan Peters,2025,Triple-A,International League,Durham Bulls,25,4,1
699625-2025-117,699625,Jimmy Crooks,2025,Triple-A,International League,Memphis Redbirds,23,4,3
690984-2025-117,690984,Petey Halpin,2025,Triple-A,International League,Columbus Clippers,23,4,1
689288-2025-117,689288,Matt Koperniak,2025,Triple-A,International League,Memphis Redbirds,27,4,2
701678-2025-117,701678,Hao-Yu Lee,2025,Triple-A,International League,Toledo Mud Hens,22,4,1
805300-2025-117,805300,Jakob Marsee,2025,Triple-A,International League,Jacksonville Jumbo Shrimp,24,4,4
669256-2025-117,669256,Nick Solak,2025,Triple-A,International League,Indianapolis Indians,30,4,3
691185-2025-117,691185,Maximo Acosta,2025,Triple-A,International League,Jacksonville Jumbo Shrimp,22,4,4
694208-2025-117,694208,Moisés Ballesteros,2025,Triple-A,International League,Iowa Cubs,21,4,2
687093-2025-117,687093,Vaughn Grissom,2025,Triple-A,International League,Worcester Red Sox,24,4,2
622268-2025-117,622268,Donovan Walton,2025,Triple-A,International League,Lehigh Valley IronPigs,31,4,2
691277-2025-117,691277,Deyvison De Los Santos,2025,Triple-A,International League,Jacksonville Jumbo Shrimp,22,4,2
681047-2025-117,681047,Christian Franklin,2025,Triple-A,International League,Rochester Red Wings,25,4,3
694661-2025-117,694661,Riley Tirotta,2025,Triple-A,International League,Buffalo Bisons,26,4,3
702358-2025-117,702358,Trey Lipscomb,2025,Triple-A,International League,Rochester Red Wings,25,4,2
608841-2025-117,608841,Joey Meneses,2025,Triple-A,International League,Syracuse Mets,33,4,2
640458-2025-117,640458,Óscar Mercado,2025,Triple-A,International League,Lehigh Valley IronPigs,30,4,4
691002-2025-117,691002,Yohandy Morales,2025,Triple-A,International League,Rochester Red Wings,23,4,3
682239-2025-117,682239,Luke Ritter,2025,Triple-A,International League,Syracuse Mets,28,4,3
668843-2025-117,668843,Conner Capel,2025,Triple-A,International League,Gwinnett Stripers,28,4,1
665482-2025-117,665482,Gilberto Celestino,2025,Triple-A,International League,Syracuse Mets,26,4,3
701496-2025-117,701496,Ben Cowles,2025,Triple-A,International League,Charlotte Knights,25,4,2
668472-2025-117,668472,Nick Pratto,2025,Triple-A,International League,Omaha Storm Chasers,26,4,1
693409-2025-117,693409,César Prieto,2025,Triple-A,International League,Memphis Redbirds,26,4,2
663494-2025-117,663494,Bryan Torres,2025,Triple-A,International League,Memphis Redbirds,27,4,4
694351-2025-117,694351,Jacob Berry,2025,Triple-A,International League,Jacksonville Jumbo Shrimp,24,4,4
686554-2025-117,686554,Oliver Dunn,2025,Triple-A,International League,Nashville Sounds,27,4,3
663796-2025-117,663796,Coco Montes,2025,Triple-A,International League,Durham Bulls,28,4,1
677578-2025-117,677578,Carlos Rodríguez,2025,Triple-A,International League,Gwinnett Stripers,24,4,2
672279-2025-117,672279,Michael Siani,2025,Triple-A,International League,Memphis Redbirds,25,4,4
702222-2025-117,702222,Justin Crawford,2025,Triple-A,International League,Lehigh Valley IronPigs,21,4,4
694362-2025-117,694362,Blake Dunn,2025,Triple-A,International League,Louisville Bats,26,4,3
664731-2025-117,664731,P.J. Higgins,2025,Triple-A,International League,Louisville Bats,32,4,2
682119-2025-117,682119,Levi Jordan,2025,Triple-A,International League,Louisville Bats,29,4,2
672463-2025-117,672463,Rafael Lantigua,2025,Triple-A,International League,Lehigh Valley IronPigs,27,4,2
701649-2025-117,701649,James Triantos,2025,Triple-A,International League,Iowa Cubs,22,4,4
642197-2025-117,642197,Jamie Westbrook,2025,Triple-A,International League,Durham Bulls,30,4,2
694377-2025-117,694377,Nick Yorke,2025,Triple-A,International League,Indianapolis Indians,23,4,3
687627-2025-117,687627,Kody Huff,2025,Triple-A,International League,Columbus Clippers,24,4,3
683021-2025-117,683021,Michael Stefanic,2025,Triple-A,International League,Buffalo Bisons,29,4,2
669384-2025-117,669384,Raynel Delgado,2025,Triple-A,International League,Nashville Sounds,25,4,4
686765-2025-117,686765,Nick Sogard,2025,Triple-A,International League,Worcester Red Sox,27,4,4
688005-2025-117,688005,Francisco Urbaez,2025,Triple-A,International League,Louisville Bats,27,4,2
678391-2025-117,678391,Jorbit Vivas,2025,Triple-A,International League,Scranton/Wilkes-Barre RailRiders,24,4,2
686551-2025-117,686551,Christian Cairo,2025,Triple-A,International League,Columbus Clippers,24,4,4
691789-2025-118,691789,Izaac Pacheco,2025,High-A,Midwest League,West Michigan Whitecaps,22,4,1
806252-2025-118,806252,Ralphy Velazquez,2025,High-A,Midwest League,Lake County Captains,20,4,1
806263-2025-118,806263,Brandon Winokur,2025,High-A,Midwest League,Cedar Rapids Kernels,20,4,2
695372-2025-118,695372,Jake Gelof,2025,High-A,Midwest League,Great Lakes Loons,23,4,1
702488-2025-118,702488,Logan Wagner,2025,High-A,Midwest League,Great Lakes Loons,21,4,1
691410-2025-118,691410,Jose Devers,2025,High-A,Midwest League,Lake County Captains,22,4,1
702114-2025-118,702114,John Michael Faile,2025,High-A,Midwest League,Dayton Dragons,25,4,1
682633-2025-118,682633,Eduardo Garcia,2025,High-A,Midwest League,Wisconsin Timber Rattlers,22,4,1
814307-2025-118,814307,Zyhir Hope,2025,High-A,Midwest League,Great Lakes Loons,20,4,3
698916-2025-118,698916,Rosman Verdugo,2025,High-A,Midwest League,Fort Wayne TinCaps,20,4,1
800543-2025-118,800543,Josue De Paula,2025,High-A,Midwest League,Great Lakes Loons,20,4,4
701682-2025-118,701682,Braedon Karpathios,2025,High-A,Midwest League,Fort Wayne TinCaps,22,4,3
699130-2025-118,699130,Jadher Areinamo,2025,High-A,Midwest League,Wisconsin Timber Rattlers,21,4,2
822578-2025-118,822578,Brandon Butterworth,2025,High-A,Midwest League,Fort Wayne TinCaps,22,4,1
694320-2025-118,694320,Jack Costello,2025,High-A,Midwest League,Fort Wayne TinCaps,24,4,2
815888-2025-118,815888,Leo De Vries,2025,High-A,Midwest League,Lansing Lugnuts,18,4,1
687543-2025-118,687543,Andrew Jenkins,2025,High-A,Midwest League,West Michigan Whitecaps,24,4,3
687260-2025-118,687260,Brian Kalmer,2025,High-A,Midwest League,South Bend Cubs,24,4,1
807726-2025-118,807726,John Peck,2025,High-A,Midwest League,West Michigan Whitecaps,22,4,3
694185-2025-118,694185,Danny De Andrade,2025,High-A,Midwest League,Cedar Rapids Kernels,21,4,2
691416-2025-118,691416,Esteban González,2025,High-A,Midwest League,Lake County Captains,22,4,2
827294-2025-118,827294,Edgar Alvarez,2025,High-A,Midwest League,South Bend Cubs,24,4,3
814414-2025-118,814414,Kyle DeBarge,2025,High-A,Midwest League,Cedar Rapids Kernels,21,4,4
814522-2025-118,814522,Caden Kendle,2025,High-A,Midwest League,Cedar Rapids Kernels,23,4,2
700931-2025-118,700931,Seth Stephenson,2025,High-A,Midwest League,West Michigan Whitecaps,24,4,4
694838-2025-118,694838,Joe Vetrano,2025,High-A,Midwest League,Great Lakes Loons,23,4,4
694200-2025-118,694200,Ariel Almonte,2025,High-A,Midwest League,Dayton Dragons,21,4,1
689931-2025-118,689931,Peyton Graham,2025,High-A,Midwest League,West Michigan Whitecaps,24,4,3
694183-2025-118,694183,Cristian Hernández,2025,High-A,Midwest League,South Bend Cubs,21,4,4
694387-2025-118,694387,Christian Knapczyk,2025,High-A,Midwest League,Lake County Captains,23,4,2
801978-2025-118,801978,Callan Moss,2025,High-A,Midwest League,Quad Cities River Bandits,21,4,3
691948-2025-118,691948,Jordan Thompson,2025,High-A,Midwest League,Great Lakes Loons,23,4,2
800231-2025-118,800231,Won-Bin Cho,2025,High-A,Midwest League,Peoria Chiefs,21,4,4
801406-2025-118,801406,Jared Dickey,2025,High-A,Midwest League,Lansing Lugnuts,23,4,2
826545-2025-118,826545,Brendan Durfee,2025,High-A,Midwest League,Fort Wayne TinCaps,23,4,2
699115-2025-118,699115,Carlos Jorge,2025,High-A,Midwest League,Dayton Dragons,21,4,4
813666-2025-118,813666,Ariel Armas,2025,High-A,Midwest League,South Bend Cubs,22,4,2
695501-2025-118,695501,Blake Burke,2025,High-A,Midwest League,Wisconsin Timber Rattlers,22,4,3
695634-2025-118,695634,Jaime Ferrer,2025,High-A,Midwest League,Cedar Rapids Kernels,22,4,2
814413-2025-118,814413,Ian Petrutz,2025,High-A,Midwest League,Peoria Chiefs,22,4,2
672013-2025-118,672013,T.J. Schofield-Sam,2025,High-A,Midwest League,Lansing Lugnuts,24,4,2
691398-2025-118,691398,Yerlin Confidan,2025,High-A,Midwest League,Dayton Dragons,22,4,3
824028-2025-118,824028,Gage Miller,2025,High-A,Midwest League,Beloit Sky Carp,22,4,2
701481-2025-118,701481,Ryan Campos,2025,High-A,Midwest League,Peoria Chiefs,22,4,2
815150-2025-118,815150,Carter Frederick,2025,High-A,Midwest League,Quad Cities River Bandits,22,4,3
806077-2025-118,806077,Kendall George,2025,High-A,Midwest League,Great Lakes Loons,20,4,4
682662-2025-118,682662,Rafael Morel,2025,High-A,Midwest League,South Bend Cubs,23,4,1
694977-2025-118,694977,Nate Nankil,2025,High-A,Midwest League,Lansing Lugnuts,22,4,2
814528-2025-118,814528,Sam Kulasingam,2025,High-A,Midwest League,Quad Cities River Bandits,23,4,4
805075-2025-118,805075,Erick Torres,2025,High-A,Midwest League,Quad Cities River Bandits,20,4,2
694193-2025-118,694193,Victor Acosta,2025,High-A,Midwest League,Dayton Dragons,21,4,2
822501-2025-118,822501,Jon Jon Gazdar,2025,High-A,Midwest League,Peoria Chiefs,23,4,2
694187-2025-118,694187,Daniel Vazquez,2025,High-A,Midwest League,Quad Cities River Bandits,21,4,4
671748-2025-118,671748,Casey Yamauchi,2025,High-A,Midwest League,Lansing Lugnuts,24,4,2
800345-2025-118,800345,Juan Baez,2025,High-A,Midwest League,Wisconsin Timber Rattlers,20,4,2
811965-2025-118,811965,Joshua Kuroda-Grauer,2025,High-A,Midwest League,Lansing Lugnuts,22,4,4
692044-2025-126,692044,Luis Suisbel,2025,High-A,Northwest League,Everett AquaSox,22,4,1
813860-2025-126,813860,Charlie Pagliarini,2025,High-A,Northwest League,Everett AquaSox,24,4,1
805126-2025-126,805126,Charlie Szykowny,2025,High-A,Northwest League,Eugene Emeralds,25,4,1
815873-2025-126,815873,Sean Keys,2025,High-A,Northwest League,Vancouver Canadians,22,4,1
806191-2025-126,806191,Tai Peete,2025,High-A,Northwest League,Everett AquaSox,19,4,1
703194-2025-126,703194,Randy De Jesus,2025,High-A,Northwest League,Tri-City Dust Devils,20,4,1
701860-2025-126,701860,Carter Cunningham,2025,High-A,Northwest League,Vancouver Canadians,24,4,1
691269-2025-126,691269,Adrian Placencia,2025,High-A,Northwest League,Tri-City Dust Devils,22,4,1
815067-2025-126,815067,Aidan Longwell,2025,High-A,Northwest League,Spokane Indians,23,4,1
804446-2025-126,804446,Eddie Micheletti Jr.,2025,High-A,Northwest League,Vancouver Canadians,23,4,1
690804-2025-126,690804,Ryan Nicholson,2025,High-A,Northwest League,Tri-City Dust Devils,24,4,3
687918-2025-126,687918,Braylen Wimmer,2025,High-A,Northwest League,Spokane Indians,24,4,2
805796-2025-126,805796,Arjun Nimmala,2025,High-A,Northwest League,Vancouver Canadians,19,4,2
703430-2025-126,703430,Anthony Scull,2025,High-A,Northwest League,Tri-City Dust Devils,21,4,2
800959-2025-126,800959,Nick Goodwin,2025,High-A,Northwest League,Vancouver Canadians,23,4,1
702690-2025-126,702690,Cutter Coffey,2025,High-A,Northwest League,Vancouver Canadians,21,4,3
694806-2025-126,694806,Brandon Eike,2025,High-A,Northwest League,Everett AquaSox,23,4,1
806068-2025-126,806068,Colt Emerson,2025,High-A,Northwest League,Everett AquaSox,19,4,2
691292-2025-126,691292,Angel Ortiz,2025,High-A,Northwest League,Hillsboro Hops,22,4,2
813841-2025-126,813841,Jonah Cox,2025,High-A,Northwest League,Eugene Emeralds,23,4,4
815306-2025-126,815306,Rio Foster,2025,High-A,Northwest League,Tri-City Dust Devils,22,4,3
676038-2025-126,676038,Skyler Messinger,2025,High-A,Northwest League,Spokane Indians,26,4,2
814194-2025-126,814194,Quinn McDaniel,2025,High-A,Northwest League,Eugene Emeralds,22,4,1
814154-2025-126,814154,Scott Bandura,2025,High-A,Northwest League,Eugene Emeralds,23,4,3
701783-2025-126,701783,Cole Messina,2025,High-A,Northwest League,Spokane Indians,22,4,2
700321-2025-126,700321,Andy Perez,2025,High-A,Northwest League,Spokane Indians,21,4,2
800198-2025-126,800198,Cristofer Torin,2025,High-A,Northwest League,Hillsboro Hops,20,4,2
702258-2025-126,702258,Druw Jones,2025,High-A,Northwest League,Hillsboro Hops,21,4,4
800306-2025-126,800306,Jansel Luis,2025,High-A,Northwest League,Hillsboro Hops,20,4,2
800194-2025-126,800194,Capri Ortiz,2025,High-A,Northwest League,Tri-City Dust Devils,20,4,2
823185-2025-126,823185,Zane Zielinski,2025,High-A,Northwest League,Eugene Emeralds,23,4,4
699232-2025-126,699232,Anderdson Rojas,2025,High-A,Northwest League,Hillsboro Hops,21,4,2
669899-2025-112,669899,Ryan Ward,2025,Triple-A,Pacific Coast League,Oklahoma City Comets,27,4,1
694359-2025-112,694359,Niko Kavadas,2025,Triple-A,Pacific Coast League,Salt Lake Bees,26,4,1
669134-2025-112,669134,Luis Campusano,2025,Triple-A,Pacific Coast League,El Paso Chihuahuas,26,4,3
694376-2025-112,694376,Shay Whitcomb,2025,Triple-A,Pacific Coast League,Sugar Land Space Cowboys,26,4,1
682617-2025-112,682617,Marco Luciano,2025,Triple-A,Pacific Coast League,Sacramento River Cats,23,4,1
691021-2025-112,691021,A.J. Vukovich,2025,Triple-A,Pacific Coast League,Reno Aces,23,4,3
688760-2025-112,688760,Blaine Crim,2025,Triple-A,Pacific Coast League,Albuquerque Isotopes,28,4,1
669374-2025-112,669374,Keston Hiura,2025,Triple-A,Pacific Coast League,Albuquerque Isotopes,28,4,1
679822-2025-112,679822,Justin Foscue,2025,Triple-A,Pacific Coast League,Round Rock Express,26,4,1
683227-2025-112,683227,Cody Freeman,2025,Triple-A,Pacific Coast League,Round Rock Express,24,4,2
682988-2025-112,682988,Tyler Locklear,2025,Triple-A,Pacific Coast League,Tacoma Rainiers,24,4,3
666632-2025-112,666632,Yonathan Perlaza,2025,Triple-A,Pacific Coast League,El Paso Chihuahuas,26,4,3
805672-2025-112,805672,Collin Price,2025,Triple-A,Pacific Coast League,Sugar Land Space Cowboys,25,4,1
677060-2025-112,677060,Chad Stevens,2025,Triple-A,Pacific Coast League,Salt Lake Bees,26,4,3
691740-2025-112,691740,Daniel Susac,2025,Triple-A,Pacific Coast League,Las Vegas Aviators,24,4,3
694514-2025-112,694514,Sterlin Thompson,2025,Triple-A,Pacific Coast League,Albuquerque Isotopes,24,4,3
656541-2025-112,656541,Sam Hilliard,2025,Triple-A,Pacific Coast League,Albuquerque Isotopes,31,4,3
694728-2025-112,694728,Brice Matthews,2025,Triple-A,Pacific Coast League,Sugar Land Space Cowboys,23,4,4
669392-2025-112,669392,Samad Taylor,2025,Triple-A,Pacific Coast League,Tacoma Rainiers,26,4,4
695670-2025-112,695670,Harry Ford,2025,Triple-A,Pacific Coast League,Tacoma Rainiers,22,4,3
690976-2025-112,690976,Alex Freeland,2025,Triple-A,Pacific Coast League,Oklahoma City Comets,23,4,1
665923-2025-112,665923,Esteury Ruiz,2025,Triple-A,Pacific Coast League,Oklahoma City Comets,26,4,4
680769-2025-112,680769,CJ Alexander,2025,Triple-A,Pacific Coast League,Oklahoma City Comets,28,4,1
687529-2025-112,687529,Grant McCray,2025,Triple-A,Pacific Coast League,Sacramento River Cats,24,4,3
670097-2025-112,670097,Zack Short,2025,Triple-A,Pacific Coast League,Sugar Land Space Cowboys,30,4,1
678545-2025-112,678545,Osleivis Basabe,2025,Triple-A,Pacific Coast League,Sacramento River Cats,24,4,2
687867-2025-112,687867,Clay Dungan,2025,Triple-A,Pacific Coast League,El Paso Chihuahuas,29,4,3
663536-2025-112,663536,Tristin English,2025,Triple-A,Pacific Coast League,Reno Aces,28,4,2
683090-2025-112,683090,Matthew Lugo,2025,Triple-A,Pacific Coast League,Salt Lake Bees,24,4,3
665846-2025-112,665846,Jesús Bastidas,2025,Triple-A,Pacific Coast League,Sugar Land Space Cowboys,26,4,1
669386-2025-112,669386,Trevor Hauver,2025,Triple-A,Pacific Coast League,Round Rock Express,26,4,3
669222-2025-112,669222,Nick Senzel,2025,Triple-A,Pacific Coast League,Oklahoma City Comets,30,4,2
687957-2025-112,687957,Dustin Harris,2025,Triple-A,Pacific Coast League,Round Rock Express,25,4,4
680911-2025-112,680911,Owen Miller,2025,Triple-A,Pacific Coast League,Albuquerque Isotopes,28,4,2
691728-2025-112,691728,Zac Veen,2025,Triple-A,Pacific Coast League,Albuquerque Isotopes,23,4,3
669722-2025-112,669722,Logan Davidson,2025,Triple-A,Pacific Coast League,Sugar Land Space Cowboys,27,4,3
689070-2025-112,689070,Spencer Packard,2025,Triple-A,Pacific Coast League,Tacoma Rainiers,27,4,2
641796-2025-112,641796,Tim Locastro,2025,Triple-A,Pacific Coast League,El Paso Chihuahuas,32,4,2
687005-2025-112,687005,Kellen Strahm,2025,Triple-A,Pacific Coast League,Round Rock Express,28,4,4
678489-2025-112,678489,Jorge Barrosa,2025,Triple-A,Pacific Coast League,Reno Aces,24,4,3
685744-2025-112,685744,Kenedy Corona,2025,Triple-A,Pacific Coast League,Sugar Land Space Cowboys,25,4,4
689041-2025-112,689041,Rhylan Thomas,2025,Triple-A,Pacific Coast League,Tacoma Rainiers,25,4,2
670148-2025-112,670148,Nate Mondou,2025,Triple-A,Pacific Coast League,El Paso Chihuahuas,30,4,2
664670-2025-112,664670,Alejo Lopez,2025,Triple-A,Pacific Coast League,Las Vegas Aviators,29,4,2
702789-2025-112,702789,Austin Gauthier,2025,Triple-A,Pacific Coast League,Oklahoma City Comets,26,4,3
687231-2025-112,687231,Darell Hernaiz,2025,Triple-A,Pacific Coast League,Las Vegas Aviators,23,4,2
570560-2025-112,570560,Yolmer Sánchez,2025,Triple-A,Pacific Coast League,Salt Lake Bees,33,4,3
642727-2025-112,642727,Sergio Alcántara,2025,Triple-A,Pacific Coast League,Reno Aces,28,4,3
800419-2025-116,800419,Jeral Perez,2025,High-A,South Atlantic League,Winston-Salem Dash,20,4,1
699213-2025-116,699213,Gleider Figuereo,2025,High-A,South Atlantic League,Hub City Spartanburgers,21,4,1
691922-2025-116,691922,Javier Rivas,2025,High-A,South Atlantic League,Greensboro Grasshoppers,22,4,2
690991-2025-116,690991,Mac Horvath,2025,High-A,South Atlantic League,Bowling Green Hot Rods,23,4,1
700731-2025-116,700731,Keiner Delgado,2025,High-A,South Atlantic League,Greensboro Grasshoppers,21,4,1
806223-2025-116,806223,Aidan Smith,2025,High-A,South Atlantic League,Bowling Green Hot Rods,20,4,4
702662-2025-116,702662,Dylan Dreiling,2025,High-A,South Atlantic League,Hub City Spartanburgers,22,4,1
801075-2025-116,801075,Walker Janek,2025,High-A,South Atlantic League,Asheville Tourists,22,4,4
701062-2025-116,701062,Alec Briley,2025,High-A,South Atlantic League,Winston-Salem Dash,24,4,1
826164-2025-116,826164,Drew Vogel,2025,High-A,South Atlantic League,Asheville Tourists,23,4,1
691252-2025-116,691252,Jhon Diaz,2025,High-A,South Atlantic League,Bowling Green Hot Rods,22,4,2
692371-2025-116,692371,Lizandro Espinoza,2025,High-A,South Atlantic League,Rome Emperors,22,4,1
815697-2025-116,815697,Arturo Disla,2025,High-A,South Atlantic League,Hub City Spartanburgers,24,4,2
828335-2025-116,828335,Titus Dumitru,2025,High-A,South Atlantic League,Greensboro Grasshoppers,22,4,4
692150-2025-116,692150,Émilien Pitre,2025,High-A,South Atlantic League,Bowling Green Hot Rods,22,4,2
694214-2025-116,694214,Samuel Zavala,2025,High-A,South Atlantic League,Winston-Salem Dash,20,4,4
683569-2025-116,683569,Jose Colmenares,2025,High-A,South Atlantic League,Jersey Shore BlueClaws,23,4,1
805168-2025-116,805168,Alejandro Nunez,2025,High-A,South Atlantic League,Asheville Tourists,20,4,4
815089-2025-116,815089,Coby Morales,2025,High-A,South Atlantic League,Hudson Valley Renegades,23,4,3
694742-2025-116,694742,Josh Moylan,2025,High-A,South Atlantic League,Hudson Valley Renegades,22,4,3
702501-2025-116,702501,Eli Serrano III,2025,High-A,South Atlantic League,Brooklyn Cyclones,22,4,2
807511-2025-116,807511,Nelly Taylor,2025,High-A,South Atlantic League,Greenville Drive,22,4,1
695604-2025-116,695604,T.J. White,2025,High-A,South Atlantic League,Wilmington Blue Rocks,21,4,2
808265-2025-116,808265,Franklin Arias,2025,High-A,South Atlantic League,Greenville Drive,19,4,2
695517-2025-116,695517,Casey Cook,2025,High-A,South Atlantic League,Hub City Spartanburgers,22,4,4
698945-2025-116,698945,Anderson De Los Santos,2025,High-A,South Atlantic League,Aberdeen IronBirds,21,4,1
703198-2025-116,703198,Kenni Gomez,2025,High-A,South Atlantic League,Asheville Tourists,20,4,4
698933-2025-116,698933,Ronald Hernandez,2025,High-A,South Atlantic League,Brooklyn Cyclones,21,4,4
671956-2025-116,671956,Noah Myers,2025,High-A,South Atlantic League,Bowling Green Hot Rods,25,4,4
804858-2025-116,804858,Bryan Rincon,2025,High-A,South Atlantic League,Jersey Shore BlueClaws,21,4,4
805801-2025-116,805801,Nazzan Zanetello,2025,High-A,South Atlantic League,Greenville Drive,20,4,1
814431-2025-116,814431,Jackson Castillo,2025,High-A,South Atlantic League,Hudson Valley Renegades,22,4,2
701689-2025-116,701689,Vance Honeycutt,2025,High-A,South Atlantic League,Aberdeen IronBirds,22,4,1
823277-2025-116,823277,Cole McConnell,2025,High-A,South Atlantic League,Winston-Salem Dash,24,4,3
806983-2025-116,806983,Yophery Rodriguez,2025,High-A,South Atlantic League,Greenville Drive,19,4,2
694222-2025-116,694222,Ambioris Tavarez,2025,High-A,South Atlantic League,Rome Emperors,21,4,3
696264-2025-116,696264,Tyler Whitaker,2025,High-A,South Atlantic League,Asheville Tourists,22,4,1
805951-2025-116,805951,Boston Baro,2025,High-A,South Atlantic League,Brooklyn Cyclones,20,4,2
701616-2025-116,701616,Caleb Lomavita,2025,High-A,South Atlantic League,Wilmington Blue Rocks,22,4,2
803172-2025-116,803172,Griff O'Ferrall,2025,High-A,South Atlantic League,Aberdeen IronBirds,22,4,4
802117-2025-116,802117,Patrick Clohisy,2025,High-A,South Atlantic League,Rome Emperors,23,4,4
691913-2025-116,691913,Jesus Castillo,2025,High-A,South Atlantic League,Greensboro Grasshoppers,21,4,4
703152-2025-116,703152,Anthony Gutierrez,2025,High-A,South Atlantic League,Hub City Spartanburgers,20,4,4
803745-2025-116,803745,Adrian Santana,2025,High-A,South Atlantic League,Bowling Green Hot Rods,19,4,4
804614-2025-116,804614,Marco Vargas,2025,High-A,South Atlantic League,Brooklyn Cyclones,20,4,4
702140-2025-111,702140,Ruben Ibarra,2025,Double-A,Southern League,Chattanooga Lookouts,26,4,1
681230-2025-111,681230,BJ Murray,2025,Double-A,Southern League,Knoxville Smokies,25,4,1
696521-2025-111,696521,Garrett Spain,2025,Double-A,Southern League,Biloxi Shuckers,24,4,1
689688-2025-111,689688,Ethan Workinger,2025,Double-A,Southern League,Columbus Clingstones,23,4,2
694580-2025-111,694580,Kemp Alderman,2025,Double-A,Southern League,Pensacola Blue Wahoos,22,4,3
680846-2025-111,680846,Pablo Aliendo,2025,Double-A,Southern League,Knoxville Smokies,24,4,1
695692-2025-111,695692,Cooper Kinney,2025,Double-A,Southern League,Montgomery Biscuits,22,4,2
687310-2025-111,687310,Will Simpson,2025,Double-A,Southern League,Montgomery Biscuits,23,4,1
694203-2025-111,694203,Denzer Guzman,2025,Double-A,Southern League,Rocket City Trash Pandas,21,4,1
675394-2025-111,675394,Johnny Olmstead,2025,Double-A,Southern League,Pensacola Blue Wahoos,24,4,2
680518-2025-111,680518,Zavier Warren,2025,Double-A,Southern League,Biloxi Shuckers,26,4,1
687554-2025-111,687554,DJ Gladney,2025,Double-A,Southern League,Birmingham Barons,23,4,3
687210-2025-111,687210,Nathan Martorella,2025,Double-A,Southern League,Pensacola Blue Wahoos,24,4,1
678173-2025-111,678173,David McCabe,2025,Double-A,Southern League,Columbus Clingstones,25,4,3
684852-2025-111,684852,Geraldo Quintero,2025,Double-A,Southern League,Columbus Clingstones,23,4,4
691442-2025-111,691442,Wilfred Veras,2025,Double-A,Southern League,Birmingham Barons,22,4,3
695481-2025-111,695481,Jay Allen II,2025,Double-A,Southern League,Chattanooga Lookouts,22,4,4
681941-2025-111,681941,Jaylen Palmer,2025,Double-A,Southern League,Knoxville Smokies,24,4,3
806198-2025-111,806198,Cooper Pratt,2025,Double-A,Southern League,Biloxi Shuckers,20,4,2
699393-2025-111,699393,Pedro Ramírez,2025,Double-A,Southern League,Knoxville Smokies,21,4,4
694966-2025-111,694966,Brayden Taylor,2025,Double-A,Southern League,Montgomery Biscuits,23,4,1
814436-2025-111,814436,Ryan Galanie,2025,Double-A,Southern League,Birmingham Barons,25,4,2
807742-2025-111,807742,Colton Ledbetter,2025,Double-A,Southern League,Montgomery Biscuits,23,4,4
694420-2025-111,694420,Tatem Levins,2025,Double-A,Southern League,Montgomery Biscuits,26,4,3
807751-2025-111,807751,Ethan O'Donnell,2025,Double-A,Southern League,Chattanooga Lookouts,23,4,3
686541-2025-111,686541,Drew Compton,2025,Double-A,Southern League,Columbus Clingstones,24,4,3
804645-2025-111,804645,Caden Connor,2025,Double-A,Southern League,Birmingham Barons,24,4,2
695490-2025-111,695490,Edwin Arroyo,2025,Double-A,Southern League,Chattanooga Lookouts,21,4,2
691858-2025-111,691858,Jared Serna,2025,Double-A,Southern League,Pensacola Blue Wahoos,23,4,2
703520-2025-111,703520,Brett Bateman,2025,Double-A,Southern League,Knoxville Smokies,23,4,4
687144-2025-111,687144,Corey Joyce,2025,Double-A,Southern League,Knoxville Smokies,26,4,4
800325-2025-111,800325,Luis Lara,2025,Double-A,Southern League,Biloxi Shuckers,20,4,4
695462-2025-111,695462,Cal Conley,2025,Double-A,Southern League,Columbus Clingstones,25,4,2
703185-2025-111,703185,Nelson Rada,2025,Double-A,Southern League,Rocket City Trash Pandas,19,4,4
703151-2025-111,703151,William Bergolla Jr.,2025,Double-A,Southern League,Birmingham Barons,20,4,2
683344-2025-111,683344,Homer Bush Jr.,2025,Double-A,Southern League,Montgomery Biscuits,23,4,4
807747-2025-111,807747,Rikuu Nishida,2025,Double-A,Southern League,Birmingham Barons,24,4,4
693850-2025-109,693850,Kala'i Rosario,2025,Double-A,Texas League,Wichita Wind Surge,22,4,1
693459-2025-109,693459,Kyler Fedko,2025,Double-A,Texas League,Wichita Wind Surge,25,4,1
683006-2025-109,683006,Chris Newell,2025,Double-A,Texas League,Tulsa Drillers,24,4,1
692416-2025-109,692416,Christian Cerda,2025,Double-A,Texas League,Amarillo Sod Poodles,22,4,1
688457-2025-109,688457,Gavin Cross,2025,Double-A,Texas League,Northwest Arkansas Naturals,24,4,1
699912-2025-109,699912,Jose Fernandez,2025,Double-A,Texas League,Amarillo Sod Poodles,21,4,2
694673-2025-109,694673,Abimelec Ortiz,2025,Double-A,Texas League,Frisco RoughRiders,23,4,1
695508-2025-109,695508,Cam Cauley,2025,Double-A,Texas League,Frisco RoughRiders,22,4,1
687730-2025-109,687730,Caleb Cali,2025,Double-A,Texas League,Arkansas Travelers,24,4,1
680636-2025-109,680636,Ramon Mendoza,2025,Double-A,Texas League,Springfield Cardinals,24,4,1
672635-2025-109,672635,Luis Mieses,2025,Double-A,Texas League,Frisco RoughRiders,25,4,1
694211-2025-109,694211,Manuel Pena,2025,Double-A,Texas League,Amarillo Sod Poodles,21,4,3
678577-2025-109,678577,Junior Perez,2025,Double-A,Texas League,Midland RockHounds,23,4,1
805346-2025-109,805346,Ben Ross,2025,Double-A,Texas League,Wichita Wind Surge,24,4,1
701648-2025-109,701648,Aaron Zavala,2025,Double-A,Texas League,Frisco RoughRiders,25,4,3
699024-2025-109,699024,Leo Bernal,2025,Double-A,Texas League,Springfield Cardinals,21,4,2
691627-2025-109,691627,Ricardo Olivar,2025,Double-A,Texas League,Wichita Wind Surge,23,4,1
806964-2025-109,806964,Sebastian Walcott,2025,Double-A,Texas League,Frisco RoughRiders,19,4,4
676203-2025-109,676203,Marcos Castañon,2025,Double-A,Texas League,San Antonio Missions,26,4,2
695521-2025-109,695521,Gavin Conticello,2025,Double-A,Texas League,Amarillo Sod Poodles,22,4,3
694410-2025-109,694410,LuJames Groover,2025,Double-A,Texas League,Amarillo Sod Poodles,23,4,2
681377-2025-109,681377,Josh Hood,2025,Double-A,Texas League,Arkansas Travelers,24,4,1
686810-2025-109,686810,Brennan Milone,2025,Double-A,Texas League,Midland RockHounds,24,4,1
703804-2025-109,703804,Romeo Sanabria,2025,Double-A,Texas League,San Antonio Missions,23,4,2
814791-2025-109,814791,Jared Sundstrom,2025,Double-A,Texas League,Arkansas Travelers,24,4,4
694371-2025-109,694371,Tommy Troy,2025,Double-A,Texas League,Amarillo Sod Poodles,23,4,2
678218-2025-109,678218,Brandon Valenzuela,2025,Double-A,Texas League,San Antonio Missions,24,4,1
680996-2025-109,680996,Luke Mann,2025,Double-A,Texas League,Midland RockHounds,25,4,1
690971-2025-109,690971,Chase Davis,2025,Double-A,Texas League,Springfield Cardinals,23,4,3
703766-2025-109,703766,Dakota Harris,2025,Double-A,Texas League,Springfield Cardinals,23,4,2
692405-2025-109,692405,Jeremy Rivas,2025,Double-A,Texas League,Springfield Cardinals,22,4,1
681134-2025-109,681134,Caleb Roberts,2025,Double-A,Texas League,Amarillo Sod Poodles,25,4,1
689531-2025-109,689531,Brett Squires,2025,Double-A,Texas League,Northwest Arkansas Naturals,25,4,3
686438-2025-109,686438,Rubel Cespedes,2025,Double-A,Texas League,Wichita Wind Surge,24,4,2
677049-2025-109,677049,Josh Hatcher,2025,Double-A,Texas League,Frisco RoughRiders,26,4,2
672696-2025-109,672696,Francisco Acuna,2025,Double-A,Texas League,San Antonio Missions,25,4,4
686638-2025-109,686638,Hunter Fitz-Gerald,2025,Double-A,Texas League,Arkansas Travelers,24,4,3
814299-2025-109,814299,Pascanel Ferreras,2025,Double-A,Texas League,Corpus Christi Hooks,23,4,2
664332-2025-109,664332,Moisés Gómez,2025,Double-A,Texas League,San Antonio Missions,26,4,1
687981-2025-109,687981,John Rhodes,2025,Double-A,Texas League,Tulsa Drillers,24,4,1
811289-2025-109,811289,Spencer Nivens,2025,Double-A,Texas League,Northwest Arkansas Naturals,23,4,1
668776-2025-109,668776,Devin Ortiz,2025,Double-A,Texas League,San Antonio Missions,26,4,2
681036-2025-109,681036,Anthony Vilar,2025,Double-A,Texas League,San Antonio Missions,26,4,1
669413-2025-109,669413,Frainyer Chavez,2025,Double-A,Texas League,Frisco RoughRiders,26,4,4
815039-2025-109,815039,Dustin Dickerson,2025,Double-A,Texas League,Northwest Arkansas Naturals,24,4,1
690985-2025-109,690985,Colby Halter,2025,Double-A,Texas League,Midland RockHounds,23,4,3
683169-2025-109,683169,Sean McLain,2025,Double-A,Texas League,Tulsa Drillers,24,4,1
681098-2025-109,681098,Bill Knight,2025,Double-A,Texas League,Arkansas Travelers,25,4,4
805834-2025-109,805834,Javi Vaz,2025,Double-A,Texas League,Northwest Arkansas Naturals,24,4,2
691558-2025-109,691558,Yeiner Fernandez,2025,Double-A,Texas League,Tulsa Drillers,22,4,2
677601-2025-109,677601,Keyber Rodriguez,2025,Double-A,Texas League,Frisco RoughRiders,24,4,2
805891-2025-109,805891,Taylor Young,2025,Double-A,Texas League,Tulsa Drillers,26,4,4
687625-2025-109,687625,Kai Murphy,2025,Double-A,Texas League,San Antonio Missions,24,4,2
800683-2025-109,800683,Blake Rambusch,2025,Double-A,Texas League,Arkansas Travelers,25,4,4
676203-2022-110,676203,Marcos Castañon,2022,Low-A,California League,Lake Elsinore Storm,23,5,5
692585-2022-110,692585,Yanquiel Fernández,2022,Low-A,California League,Fresno Grizzlies,19,5,1
687529-2022-110,687529,Grant McCray,2022,Low-A,California League,San Jose Giants,21,5,3
672596-2022-110,672596,Robert Perez Jr.,2022,Low-A,California League,Modesto Nuts,22,5,5
700337-2022-110,700337,Edgar Quero,2022,Low-A,California League,Inland Empire 66ers,19,5,3
691777-2022-110,691777,Max Muncy,2022,Low-A,California League,Stockton Ports,19,5,5
678596-2022-110,678596,Yorlis Rodriguez,2022,Low-A,California League,San Jose Giants,22,5,1
691182-2022-110,691182,Adael Amador,2022,Low-A,California League,Fresno Grizzlies,19,5,4
690924-2022-110,690924,Braxton Fulford,2022,Low-A,California League,Fresno Grizzlies,23,5,1
678577-2022-110,678577,Junior Perez,2022,Low-A,California League,Stockton Ports,20,5,3
692348-2022-110,692348,Aeverson Arteaga,2022,Low-A,California League,San Jose Giants,19,5,3
691285-2022-110,691285,Junior Franco,2022,Low-A,California League,Visalia Rawhide,19,5,4
682648-2022-110,682648,Juan Guerrero,2022,Low-A,California League,Fresno Grizzlies,20,5,1
695490-2022-110,695490,Edwin Arroyo,2022,Low-A,California League,Modesto Nuts,18,5,3
682729-2022-110,682729,Jonatan Clase,2022,Low-A,California League,Modesto Nuts,20,5,4
678832-2022-110,678832,Yunior Garcia,2022,Low-A,California League,Rancho Cucamonga Quakes,20,5,3
694808-2022-110,694808,Zach Kokoska,2022,Low-A,California League,Fresno Grizzlies,23,5,5
691269-2022-110,691269,Adrian Placencia,2022,Low-A,California League,Inland Empire 66ers,19,5,3
682674-2022-110,682674,Victor Bericoto,2022,Low-A,California League,San Jose Giants,20,5,3
701618-2022-110,701618,Damon Keith,2022,Low-A,California League,Rancho Cucamonga Quakes,22,5,3
682877-2022-110,682877,Juan Brito,2022,Low-A,California League,Fresno Grizzlies,20,5,2
668993-2022-110,668993,Justin Farmer,2022,Low-A,California League,Lake Elsinore Storm,23,5,2
695670-2022-110,695670,Harry Ford,2022,Low-A,California League,Modesto Nuts,19,5,3
691177-2022-110,691177,Luis Rodriguez,2022,Low-A,California League,Rancho Cucamonga Quakes,19,5,3
691558-2022-110,691558,Yeiner Fernandez,2022,Low-A,California League,Rancho Cucamonga Quakes,19,5,1
682643-2022-110,682643,Alexander Ramirez,2022,Low-A,California League,Inland Empire 66ers,19,5,3
683341-2022-110,683341,David Calabrese,2022,Low-A,California League,Inland Empire 66ers,19,5,2
702789-2022-110,702789,Austin Gauthier,2022,Low-A,California League,Rancho Cucamonga Quakes,23,5,3
672013-2022-110,672013,T.J. Schofield-Sam,2022,Low-A,California League,Stockton Ports,21,5,1
679751-2022-110,679751,Danny Bautista Jr.,2022,Low-A,California League,Stockton Ports,21,5,1
676004-2022-110,676004,Walking Cabrera,2022,Low-A,California League,Modesto Nuts,21,5,1
683102-2022-110,683102,Garrett Frechette,2022,Low-A,California League,San Jose Giants,21,5,1
691186-2022-110,691186,Arol Vera,2022,Low-A,California League,Inland Empire 66ers,19,5,1
691949-2022-110,691949,Jake Vogel,2022,Low-A,California League,Rancho Cucamonga Quakes,20,5,2
696045-2022-122,696045,Yosy Galan,2022,Low-A,Carolina League,Down East Wood Ducks,21,5,5
700246-2022-122,700246,Carson Williams,2022,Low-A,Carolina League,Charleston RiverDogs,19,5,3
687554-2022-122,687554,DJ Gladney,2022,Low-A,Carolina League,Kannapolis Cannon Ballers,20,5,3
692221-2022-122,692221,Sammy Infante,2022,Low-A,Carolina League,Fredericksburg Nationals,21,5,5
691442-2022-122,691442,Wilfred Veras,2022,Low-A,Carolina League,Kannapolis Cannon Ballers,19,5,3
682634-2022-122,682634,Kevin Alcántara,2022,Low-A,Carolina League,Myrtle Beach Pelicans,19,5,3
681488-2022-122,681488,Logan Cerny,2022,Low-A,Carolina League,Fayetteville Woodpeckers,22,5,2
691616-2022-122,691616,Hedbert Perez,2022,Low-A,Carolina League,Carolina Mudcats,19,5,5
695770-2022-122,695770,Wes Kath,2022,Low-A,Carolina League,Kannapolis Cannon Ballers,19,5,3
682011-2022-122,682011,Tyler Miller,2022,Low-A,Carolina League,Salem Red Sox,22,5,2
682796-2022-122,682796,Eddinson Paulino,2022,Low-A,Carolina League,Salem Red Sox,19,5,1
678652-2022-122,678652,Jesus Chirinos,2022,Low-A,Carolina League,Carolina Mudcats,20,5,3
683170-2022-122,683170,Kadon Morton,2022,Low-A,Carolina League,Augusta GreenJackets,21,5,3
676044-2022-122,676044,Bob Seymour,2022,Low-A,Carolina League,Charleston RiverDogs,23,5,3
701817-2022-122,701817,River Town,2022,Low-A,Carolina League,Columbia Fireflies,22,5,5
695600-2022-122,695600,Carter Jensen,2022,Low-A,Carolina League,Columbia Fireflies,18,5,5
686863-2022-122,686863,Daniel Mateo,2022,Low-A,Carolina League,Down East Wood Ducks,20,5,4
681868-2022-122,681868,Ezequiel Pagan,2022,Low-A,Carolina League,Myrtle Beach Pelicans,21,5,1
696264-2022-122,696264,Tyler Whitaker,2022,Low-A,Carolina League,Fayetteville Woodpeckers,19,5,2
695604-2022-122,695604,T.J. White,2022,Low-A,Carolina League,Fredericksburg Nationals,18,5,3
682633-2022-122,682633,Eduardo Garcia,2022,Low-A,Carolina League,Carolina Mudcats,19,5,3
691938-2022-122,691938,Willy Vasquez,2022,Low-A,Carolina League,Charleston RiverDogs,20,5,1
689047-2022-122,689047,Jacob Wetzel,2022,Low-A,Carolina League,Myrtle Beach Pelicans,22,5,2
680631-2022-122,680631,Oneill Manzueta,2022,Low-A,Carolina League,Charleston RiverDogs,21,5,3
682801-2022-122,682801,Noelberth Romero,2022,Low-A,Carolina League,Delmarva Shorebirds,20,5,1
687071-2022-122,687071,Shane Sasaki,2022,Low-A,Carolina League,Charleston RiverDogs,21,5,4
682722-2022-122,682722,Isaac De León,2022,Low-A,Carolina League,Delmarva Shorebirds,20,5,3
691458-2022-122,691458,Blaze Jordan,2022,Low-A,Carolina League,Salem Red Sox,19,5,1
678733-2022-122,678733,Guillermo Quintana,2022,Low-A,Carolina League,Columbia Fireflies,21,5,2
688500-2022-122,688500,Stephen Paolini,2022,Low-A,Carolina League,Augusta GreenJackets,21,5,2
701649-2022-122,701649,James Triantos,2022,Low-A,Carolina League,Myrtle Beach Pelicans,19,5,1
682900-2022-122,682900,Brainer Bonaci,2022,Low-A,Carolina League,Salem Red Sox,19,5,2
684222-2022-122,684222,Jorge Burgos,2022,Low-A,Carolina League,Lynchburg Hillcats,19,5,1
682679-2022-122,682679,Dayan Frias,2022,Low-A,Carolina League,Lynchburg Hillcats,20,5,3
702416-2022-122,702416,Leosdany Molina,2022,Low-A,Carolina League,Fayetteville Woodpeckers,22,5,1
684852-2022-122,684852,Geraldo Quintero,2022,Low-A,Carolina League,Augusta GreenJackets,20,5,2
680998-2022-122,680998,Branden Boissiere,2022,Low-A,Carolina League,Fredericksburg Nationals,22,5,3
695780-2022-122,695780,Jake Fox,2022,Low-A,Carolina League,Lynchburg Hillcats,19,5,2
694230-2022-122,694230,Hendry Mendez,2022,Low-A,Carolina League,Carolina Mudcats,18,5,4
687526-2022-122,687526,Marcus Smith,2022,Low-A,Carolina League,Down East Wood Ducks,21,5,3
691185-2022-122,691185,Maximo Acosta,2022,Low-A,Carolina League,Down East Wood Ducks,19,5,4
693309-2022-122,693309,Isaiah Greene,2022,Low-A,Carolina League,Lynchburg Hillcats,20,5,3
702457-2022-122,702457,Colby Smelley,2022,Low-A,Carolina League,Kannapolis Cannon Ballers,22,5,3
678841-2022-122,678841,Brandol Mezquita,2022,Low-A,Carolina League,Augusta GreenJackets,20,5,3
686798-2022-122,686798,Yordys Valdes,2022,Low-A,Carolina League,Lynchburg Hillcats,20,5,4
684712-2022-122,684712,Wilber Sanchez,2022,Low-A,Carolina League,Kannapolis Cannon Ballers,20,5,2
687667-2022-122,687667,Luis Valdez,2022,Low-A,Carolina League,Delmarva Shorebirds,22,5,4
696285-2022-122,696285,Jacob Young,2022,Low-A,Carolina League,Fredericksburg Nationals,22,5,4
683427-2022-122,683427,Omar Hernandez,2022,Low-A,Carolina League,Columbia Fireflies,20,5,1
676811-2022-113,676811,Quincy Nieporte,2022,Double-A,Eastern League,Erie SeaWolves,27,5,5
682619-2022-113,682619,Orelvis Martinez,2022,Double-A,Eastern League,New Hampshire Fisher Cats,20,5,5
677595-2022-113,677595,Ronny Mauricio,2022,Double-A,Eastern League,Binghamton Rumble Ponies,21,5,1
687823-2022-113,687823,Aaron Shackelford,2022,Double-A,Eastern League,Altoona Curve,25,5,5
667472-2022-113,667472,Dane Myers,2022,Double-A,Eastern League,Erie SeaWolves,26,5,5
600902-2022-113,600902,Wilson Garcia,2022,Double-A,Eastern League,Harrisburg Senators,28,5,1
686668-2022-113,686668,Brenton Doyle,2022,Double-A,Eastern League,Hartford Yard Goats,24,5,3
669911-2022-113,669911,Michael Toglia,2022,Double-A,Eastern League,Hartford Yard Goats,23,5,5
666149-2022-113,666149,Tyler Fitzgerald,2022,Double-A,Eastern League,Richmond Flying Squirrels,24,5,5
687019-2022-113,687019,Andrés Alvarez,2022,Double-A,Eastern League,Altoona Curve,25,5,5
683146-2022-113,683146,Brett Baty,2022,Double-A,Eastern League,Binghamton Rumble Ponies,22,5,3
665846-2022-113,665846,Jesús Bastidas,2022,Double-A,Eastern League,Somerset Patriots,23,5,5
685382-2022-113,685382,Andrew Navigato,2022,Double-A,Eastern League,Erie SeaWolves,24,5,1
687588-2022-113,687588,Micah Pries,2022,Double-A,Eastern League,Akron RubberDucks,24,5,5
683011-2022-113,683011,Anthony Volpe,2022,Double-A,Eastern League,Somerset Patriots,21,5,2
682266-2022-113,682266,Brett Auerbach,2022,Double-A,Eastern League,Richmond Flying Squirrels,23,5,5
685313-2022-113,685313,Elijah Dunham,2022,Double-A,Eastern League,Somerset Patriots,24,5,2
683766-2022-113,683766,Christian Koss,2022,Double-A,Eastern League,Portland Sea Dogs,24,5,3
665560-2022-113,665560,Jhailyn Ortiz,2022,Double-A,Eastern League,Reading Fightin Phils,23,5,5
678009-2022-113,678009,Parker Meadows,2022,Double-A,Eastern League,Erie SeaWolves,22,5,5
674330-2022-113,674330,Zac Cook,2022,Double-A,Eastern League,New Hampshire Fisher Cats,24,5,5
669898-2022-113,669898,Andrew Daschbach,2022,Double-A,Eastern League,Bowie Baysox,24,5,5
681370-2022-113,681370,Hudson Haskin,2022,Double-A,Eastern League,Bowie Baysox,23,5,1
680862-2022-113,680862,Willie MacIver,2022,Double-A,Eastern League,Hartford Yard Goats,25,5,5
687401-2022-113,687401,Joey Ortiz,2022,Double-A,Eastern League,Bowie Baysox,23,5,1
671655-2022-113,671655,George Valera,2022,Double-A,Eastern League,Akron RubberDucks,21,5,3
625506-2022-113,625506,Aldrem Corredor,2022,Double-A,Eastern League,Reading Fightin Phils,26,5,1
693307-2022-113,693307,Dillon Dingler,2022,Double-A,Eastern League,Erie SeaWolves,23,5,5
672823-2022-113,672823,Sebastian Espino,2022,Double-A,Eastern League,New Hampshire Fisher Cats,22,5,5
663604-2022-113,663604,Brandon Lockridge,2022,Double-A,Eastern League,Somerset Patriots,25,5,1
666165-2022-113,666165,Blake Sabol,2022,Double-A,Eastern League,Altoona Curve,24,5,3
668845-2022-113,668845,Aaron Schunk,2022,Double-A,Eastern League,Hartford Yard Goats,24,5,1
669398-2022-113,669398,Gage Workman,2022,Double-A,Eastern League,Erie SeaWolves,22,5,3
682239-2022-113,682239,Luke Ritter,2022,Double-A,Eastern League,Binghamton Rumble Ponies,25,5,5
677587-2022-113,677587,Brayan Rocchio,2022,Double-A,Eastern League,Akron RubberDucks,21,5,1
677588-2022-113,677588,José Tena,2022,Double-A,Eastern League,Akron RubberDucks,21,5,3
666152-2022-113,666152,David Hamilton,2022,Double-A,Eastern League,Portland Sea Dogs,24,5,2
676847-2022-113,676847,Shane Matheny,2022,Double-A,Eastern League,Richmond Flying Squirrels,26,5,3
620442-2022-113,620442,Wendell Rijo,2022,Double-A,Eastern League,Reading Fightin Phils,26,5,2
676667-2022-113,676667,Justin Connell,2022,Double-A,Eastern League,Harrisburg Senators,23,5,5
666126-2022-113,666126,Carlos Cortes,2022,Double-A,Eastern League,Binghamton Rumble Ponies,25,5,5
671271-2022-113,671271,Jeisson Rosario,2022,Double-A,Eastern League,Somerset Patriots,22,5,1
665782-2022-113,665782,Luis De Los Santos,2022,Double-A,Eastern League,New Hampshire Fisher Cats,24,5,1
678894-2022-113,678894,Liover Peguero,2022,Double-A,Eastern League,Altoona Curve,21,5,1
667663-2022-113,667663,Hunter Stovall,2022,Double-A,Eastern League,Hartford Yard Goats,25,5,1
669707-2022-113,669707,Jared Triolo,2022,Double-A,Eastern League,Altoona Curve,24,5,2
676280-2022-113,676280,Tyler Dearden,2022,Double-A,Eastern League,Portland Sea Dogs,23,5,3
686659-2022-113,686659,Julian Escobedo,2022,Double-A,Eastern League,Akron RubberDucks,24,5,2
669002-2022-113,669002,Connor Scott,2022,Double-A,Eastern League,Altoona Curve,22,5,1
687714-2022-113,687714,Jackson Cluff,2022,Double-A,Eastern League,Harrisburg Senators,25,5,2
670208-2022-113,670208,Matt Fraizer,2022,Double-A,Eastern League,Altoona Curve,24,5,2
682177-2022-113,682177,Daniel Schneemann,2022,Double-A,Eastern League,Akron RubberDucks,25,5,2
696281-2022-113,696281,Wyatt Young,2022,Double-A,Eastern League,Binghamton Rumble Ponies,22,5,3
668667-2022-113,668667,Daniel Cabrera,2022,Double-A,Eastern League,Erie SeaWolves,23,5,1
686555-2022-113,686555,Isaac Collins,2022,Double-A,Eastern League,Hartford Yard Goats,24,5,2
693409-2022-113,693409,César Prieto,2022,Double-A,Eastern League,Bowie Baysox,23,5,1
686639-2022-113,686639,Jack Dunn,2022,Double-A,Eastern League,Harrisburg Senators,25,5,1
666695-2022-113,666695,Jonathan Guzmán,2022,Double-A,Eastern League,Reading Fightin Phils,22,5,1
657075-2022-113,657075,Jeremy Vasquez,2022,Double-A,Eastern League,Binghamton Rumble Ponies,25,5,1
683364-2022-123,683364,Carlos Dominguez,2022,Low-A,Florida State League,St. Lucie Mets,22,5,3
691456-2022-123,691456,Manuel Sequera,2022,Low-A,Florida State League,Lakeland Flying Tigers,19,5,1
684519-2022-123,684519,Omar De Los Santos,2022,Low-A,Florida State League,St. Lucie Mets,22,5,4
678742-2022-123,678742,Rainer Nunez,2022,Low-A,Florida State League,Dunedin Blue Jays,21,5,1
687749-2022-123,687749,Jase Bowen,2022,Low-A,Florida State League,Bradenton Marauders,21,5,3
683550-2022-123,683550,Marcos Cabrera,2022,Low-A,Florida State League,Tampa Tarpons,20,5,2
678803-2022-123,678803,Anthony Garcia,2022,Low-A,Florida State League,Tampa Tarpons,21,5,3
693850-2022-123,693850,Kala'i Rosario,2022,Low-A,Florida State League,Fort Myers Mighty Mussels,19,5,3
686577-2022-123,686577,Keoni Cavaco,2022,Low-A,Florida State League,Fort Myers Mighty Mussels,21,5,3
683493-2022-123,683493,William Lugo,2022,Low-A,Florida State League,St. Lucie Mets,20,5,5
681433-2022-123,681433,Noah Cardenas,2022,Low-A,Florida State League,Fort Myers Mighty Mussels,22,5,2
696135-2022-123,696135,Kahlil Watson,2022,Low-A,Florida State League,Jupiter Hammerheads,19,5,3
680918-2022-123,680918,Brady Allen,2022,Low-A,Florida State League,Jupiter Hammerheads,22,5,3
682625-2022-123,682625,Antonio Gomez,2022,Low-A,Florida State League,Tampa Tarpons,20,5,3
691789-2022-123,691789,Izaac Pacheco,2022,Low-A,Florida State League,Lakeland Flying Tigers,19,5,1
683061-2022-123,683061,Alexander Vargas,2022,Low-A,Florida State League,Tampa Tarpons,20,5,2
682656-2022-123,682656,Sergio Campana,2022,Low-A,Florida State League,Bradenton Marauders,20,5,3
691907-2022-123,691907,Tsung-Che Cheng,2022,Low-A,Florida State League,Bradenton Marauders,20,5,4
691449-2022-123,691449,Roberto Campos,2022,Low-A,Florida State League,Lakeland Flying Tigers,19,5,1
694425-2022-123,694425,Justice Bigbie,2022,Low-A,Florida State League,Lakeland Flying Tigers,23,5,1
695653-2022-123,695653,Noah Miller,2022,Low-A,Florida State League,Fort Myers Mighty Mussels,19,5,2
692405-2022-123,692405,Jeremy Rivas,2022,Low-A,Florida State League,Palm Beach Cardinals,19,5,1
692497-2022-123,692497,Estiven Machado,2022,Low-A,Florida State League,Dunedin Blue Jays,19,5,3
656484-2022-117,656484,Tristan Gray,2022,Triple-A,International League,Durham Bulls,26,5,5
623507-2022-117,623507,Josh Lester,2022,Triple-A,International League,Toledo Mud Hens,27,5,5
669742-2022-117,669742,Darick Hall,2022,Triple-A,International League,Lehigh Valley IronPigs,26,5,5
676551-2022-117,676551,Brewer Hicklen,2022,Triple-A,International League,Omaha Storm Chasers,26,5,3
594953-2022-117,594953,Daniel Palka,2022,Triple-A,International League,Syracuse Mets,30,5,5
592622-2022-117,592622,Mark Payton,2022,Triple-A,International League,Charlotte Knights,30,5,5
572138-2022-117,572138,Jon Singleton,2022,Triple-A,International League,Nashville Sounds,30,5,5
668901-2022-117,668901,Mark Vientos,2022,Triple-A,International League,Syracuse Mets,22,5,3
663609-2022-117,663609,Luken Baker,2022,Triple-A,International League,Memphis Redbirds,25,5,5
656024-2022-117,656024,Carlos Pérez,2022,Triple-A,International League,Charlotte Knights,25,5,1
676475-2022-117,676475,Alec Burleson,2022,Triple-A,International League,Memphis Redbirds,23,5,1
608841-2022-117,608841,Joey Meneses,2022,Triple-A,International League,Rochester Red Wings,30,5,5
643271-2022-117,643271,Narciso Crook,2022,Triple-A,International League,Iowa Cubs,26,5,3
676733-2022-117,676733,Mason Martin,2022,Triple-A,International League,Indianapolis Indians,23,5,5
672724-2022-117,672724,Oswald Peraza,2022,Triple-A,International League,Scranton/Wilkes-Barre RailRiders,22,5,2
621514-2022-117,621514,Christin Stewart,2022,Triple-A,International League,Worcester Red Sox,28,5,5
669065-2022-117,669065,Kyle Stowers,2022,Triple-A,International League,Norfolk Tides,24,5,5
666018-2022-117,666018,Jonathan Aranda,2022,Triple-A,International League,Durham Bulls,24,5,3
670113-2022-117,670113,Jim Haley,2022,Triple-A,International League,Durham Bulls,27,5,5
676059-2022-117,676059,Jordan Westburg,2022,Triple-A,International League,Norfolk Tides,23,5,5
681807-2022-117,681807,David Fry,2022,Triple-A,International League,Columbus Clippers,26,5,1
660613-2022-117,660613,Ronaldo Hernández,2022,Triple-A,International League,Worcester Red Sox,24,5,1
676724-2022-117,676724,Jared Young,2022,Triple-A,International League,Iowa Cubs,26,5,1
680837-2022-117,680837,Ryan Fitzgerald,2022,Triple-A,International League,Worcester Red Sox,28,5,5
670156-2022-117,670156,Miles Mastrobuoni,2022,Triple-A,International League,Durham Bulls,26,5,3
664057-2022-117,664057,Andrew Stevenson,2022,Triple-A,International League,Rochester Red Wings,28,5,4
643603-2022-117,643603,Tyler White,2022,Triple-A,International League,Gwinnett Stripers,31,5,5
607430-2022-117,607430,John Andreoli,2022,Triple-A,International League,St. Paul Saints,32,5,5
593528-2022-117,593528,Jorge Bonifacio,2022,Triple-A,International League,Lehigh Valley IronPigs,29,5,5
680814-2022-117,680814,Peyton Burdick,2022,Triple-A,International League,Jacksonville Jumbo Shrimp,25,5,5
676628-2022-117,676628,Mark Contreras,2022,Triple-A,International League,St. Paul Saints,27,5,3
664314-2022-117,664314,Estevan Florial,2022,Triple-A,International League,Scranton/Wilkes-Barre RailRiders,24,5,3
656514-2022-117,656514,Adam Haseley,2022,Triple-A,International League,Charlotte Knights,26,5,1
680438-2022-117,680438,Robert Neustrom,2022,Triple-A,International League,Norfolk Tides,25,5,2
680118-2022-117,680118,Dairon Blanco,2022,Triple-A,International League,Omaha Storm Chasers,29,5,4
663478-2022-117,663478,Brendon Davis,2022,Triple-A,International League,Toledo Mud Hens,24,5,5
680737-2022-117,680737,Michael Helman,2022,Triple-A,International League,St. Paul Saints,26,5,2
650339-2022-117,650339,Jermaine Palacios,2022,Triple-A,International League,St. Paul Saints,25,5,3
676625-2022-117,676625,Rylan Bannon,2022,Triple-A,International League,Gwinnett Stripers,26,5,5
666164-2022-117,666164,Blake Rutherford,2022,Triple-A,International League,Charlotte Knights,25,5,1
668930-2022-117,668930,Brice Turang,2022,Triple-A,International League,Nashville Sounds,22,5,3
669008-2022-117,669008,Ronnie Dawson,2022,Triple-A,International League,Louisville Bats,27,5,3
664770-2022-117,664770,Nathan Lukes,2022,Triple-A,International League,Buffalo Bisons,27,5,1
578570-2022-117,578570,Juniel Querecuto,2022,Triple-A,International League,Louisville Bats,29,5,2
622569-2022-117,622569,Pablo Reyes,2022,Triple-A,International League,Nashville Sounds,28,5,2
670298-2022-117,670298,Kramer Robertson,2022,Triple-A,International League,Memphis Redbirds,27,5,4
655996-2022-117,655996,Cristian Santana,2022,Triple-A,International League,Louisville Bats,25,5,3
670097-2022-117,670097,Zack Short,2022,Triple-A,International League,Toledo Mud Hens,27,5,5
664051-2022-117,664051,Mitchell Tolman,2022,Triple-A,International League,Columbus Clippers,28,5,3
642197-2022-117,642197,Jamie Westbrook,2022,Triple-A,International League,Toledo Mud Hens,27,5,1
642215-2022-117,642215,Weston Wilson,2022,Triple-A,International League,Nashville Sounds,27,5,2
663662-2022-117,663662,Daz Cameron,2022,Triple-A,International League,Toledo Mud Hens,25,5,2
666137-2022-117,666137,Khalil Lee,2022,Triple-A,International League,Syracuse Mets,24,5,3
669738-2022-117,669738,Jake Noll,2022,Triple-A,International League,Rochester Red Wings,28,5,1
605486-2022-117,605486,Cory Spangenberg,2022,Triple-A,International League,Memphis Redbirds,31,5,3
642162-2022-117,642162,Pat Valaika,2022,Triple-A,International League,Gwinnett Stripers,29,5,1
686823-2022-117,686823,Will Brennan,2022,Triple-A,International League,Columbus Clippers,24,5,1
641512-2022-117,641512,Ben DeLuzio,2022,Triple-A,International League,Memphis Redbirds,27,5,4
687867-2022-117,687867,Clay Dungan,2022,Triple-A,International League,Omaha Storm Chasers,26,5,1
640460-2022-117,640460,Dustin Peterson,2022,Triple-A,International League,Lehigh Valley IronPigs,27,5,1
621545-2022-117,621545,Zach Remillard,2022,Triple-A,International League,Charlotte Knights,28,5,3
680552-2022-117,680552,Travis Swaggerty,2022,Triple-A,International League,Indianapolis Indians,24,5,3
678225-2022-117,678225,Ji Hwan Bae,2022,Triple-A,International League,Indianapolis Indians,22,5,4
624417-2022-117,624417,Bryson Brigman,2022,Triple-A,International League,Jacksonville Jumbo Shrimp,27,5,1
675925-2022-117,675925,Cullen Large,2022,Triple-A,International League,Buffalo Bisons,26,5,3
675649-2022-117,675649,Brian Miller,2022,Triple-A,International League,Jacksonville Jumbo Shrimp,26,5,4
622668-2022-117,622668,Ivan Castillo,2022,Triple-A,International League,Omaha Storm Chasers,27,5,1
661411-2022-117,661411,Lorenzo Cedrola,2022,Triple-A,International League,Louisville Bats,24,5,1
656734-2022-117,656734,Evan Mendoza,2022,Triple-A,International League,Memphis Redbirds,26,5,2
677954-2022-117,677954,Jordan Groshans,2022,Triple-A,International League,Jacksonville Jumbo Shrimp,22,5,1
691503-2022-117,691503,Yolbert Sanchez,2022,Triple-A,International League,Charlotte Knights,25,5,1
592261-2022-117,592261,Delino DeShields,2022,Triple-A,International League,Gwinnett Stripers,29,5,4
691016-2022-118,691016,Tyler Soderstrom,2022,High-A,Midwest League,Lansing Lugnuts,20,5,5
678413-2022-118,678413,Alexfri Planez,2022,High-A,Midwest League,Lake County Captains,20,5,5
682947-2022-118,682947,Jose Ramos,2022,High-A,Midwest League,Great Lakes Loons,21,5,5
683172-2022-118,683172,Joe Naranjo,2022,High-A,Midwest League,Lake County Captains,21,5,5
676002-2022-118,676002,Juan Carlos Negret,2022,High-A,Midwest League,Quad Cities River Bandits,23,5,5
677673-2022-118,677673,Imanol Vargas,2022,High-A,Midwest League,Great Lakes Loons,24,5,3
680799-2022-118,680799,Seth Gray,2022,High-A,Midwest League,Cedar Rapids Kernels,24,5,3
686770-2022-118,686770,Dillan Shrum,2022,High-A,Midwest League,Quad Cities River Bandits,24,5,5
669336-2022-118,669336,Joe Gray Jr.,2022,High-A,Midwest League,Wisconsin Timber Rattlers,22,5,5
678760-2022-118,678760,Eddys Leonard,2022,High-A,Midwest League,Great Lakes Loons,21,5,1
685087-2022-118,685087,Jordan Nwogu,2022,High-A,Midwest League,South Bend Cubs,23,5,5
686523-2022-118,686523,Peyton Wilson,2022,High-A,Midwest League,Quad Cities River Bandits,22,5,3
687724-2022-118,687724,Jake Holton,2022,High-A,Midwest League,West Michigan Whitecaps,24,5,3
695292-2022-118,695292,L.J. Jones,2022,High-A,Midwest League,Peoria Chiefs,23,5,1
681357-2022-118,681357,Cody Morissette,2022,High-A,Midwest League,Beloit Sky Carp,22,5,5
682818-2022-118,682818,Yohendrick Piñango,2022,High-A,Midwest League,South Bend Cubs,20,5,1
686958-2022-118,686958,Jose Torres,2022,High-A,Midwest League,Dayton Dragons,22,5,2
668860-2022-118,668860,Kale Emshoff,2022,High-A,Midwest League,Quad Cities River Bandits,24,5,5
665820-2022-118,665820,Wander Javier,2022,High-A,Midwest League,Cedar Rapids Kernels,23,5,5
687152-2022-118,687152,Darrien Miller,2022,High-A,Midwest League,Wisconsin Timber Rattlers,21,5,5
683357-2022-118,683357,Owen Caissie,2022,High-A,Midwest League,South Bend Cubs,19,5,3
668698-2022-118,668698,Todd Lott,2022,High-A,Midwest League,Peoria Chiefs,24,5,3
676509-2022-118,676509,Josh Crouch,2022,High-A,Midwest League,West Michigan Whitecaps,23,5,1
677577-2022-118,677577,Ynmanol Mariñez,2022,High-A,Midwest League,Beloit Sky Carp,21,5,1
669442-2022-118,669442,Alerick Soularie,2022,High-A,Midwest League,Cedar Rapids Kernels,22,5,2
678218-2022-118,678218,Brandon Valenzuela,2022,High-A,Midwest League,Fort Wayne TinCaps,21,5,5
678391-2022-118,678391,Jorbit Vivas,2022,High-A,Midwest League,Great Lakes Loons,21,5,1
680518-2022-118,680518,Zavier Warren,2022,High-A,Midwest League,Wisconsin Timber Rattlers,23,5,1
689750-2022-118,689750,Jacob Buchberger,2022,High-A,Midwest League,Peoria Chiefs,24,5,1
678648-2022-118,678648,Herard Gonzalez,2022,High-A,Midwest League,Quad Cities River Bandits,21,5,2
702315-2022-118,702315,Bennett Hostetler,2022,High-A,Midwest League,Beloit Sky Carp,24,5,1
682621-2022-118,682621,Gabriel Rodriguez,2022,High-A,Midwest League,Lake County Captains,20,5,1
672537-2022-118,672537,Dalvy Rosario,2022,High-A,Midwest League,Beloit Sky Carp,21,5,2
669360-2022-118,669360,Trei Cruz,2022,High-A,Midwest League,West Michigan Whitecaps,23,5,2
693459-2022-118,693459,Kyler Fedko,2022,High-A,Midwest League,Cedar Rapids Kernels,22,5,2
678285-2022-118,678285,Fabian Pertuz,2022,High-A,Midwest League,South Bend Cubs,21,5,2
678746-2022-118,678746,Diego Hernandez,2022,High-A,Midwest League,Quad Cities River Bandits,21,5,4
686845-2022-118,686845,Tommy Jew,2022,High-A,Midwest League,Peoria Chiefs,24,5,2
671976-2022-118,671976,Tristan Peters,2022,High-A,Midwest League,Wisconsin Timber Rattlers,22,5,3
690984-2022-118,690984,Petey Halpin,2022,High-A,Midwest League,Lake County Captains,20,5,3
681468-2022-118,681468,Corey Rosier,2022,High-A,Midwest League,Fort Wayne TinCaps,22,5,4
672882-2022-118,672882,Ismael Alcantara,2022,High-A,Midwest League,Great Lakes Loons,23,5,1
677731-2022-118,677731,Francisco Hernandez,2022,High-A,Midwest League,Peoria Chiefs,22,5,3
683748-2022-118,683748,Victor Mesa Jr.,2022,High-A,Midwest League,Beloit Sky Carp,20,5,1
696140-2022-118,696140,Ethan Murray,2022,High-A,Midwest League,Wisconsin Timber Rattlers,22,5,2
677605-2022-118,677605,Luis Verdugo,2022,High-A,Midwest League,South Bend Cubs,21,5,1
673062-2022-118,673062,Jarryd Dale,2022,High-A,Midwest League,Fort Wayne TinCaps,21,5,2
701162-2022-118,701162,Ben Malgeri,2022,High-A,Midwest League,West Michigan Whitecaps,22,5,3
686475-2022-118,686475,Tyler Tolbert,2022,High-A,Midwest League,Quad Cities River Bandits,24,5,4
683494-2022-118,683494,Euribiel Angeles,2022,High-A,Midwest League,Lansing Lugnuts,20,5,1
689456-2022-118,689456,Austin Murr,2022,High-A,Midwest League,West Michigan Whitecaps,23,5,1
683083-2022-118,683083,Nasim Nuñez,2022,High-A,Midwest League,Beloit Sky Carp,21,5,4
649810-2022-126,649810,Dariel Gomez,2022,High-A,Northwest League,Everett AquaSox,25,5,5
678681-2022-126,678681,Luis Toribio,2022,High-A,Northwest League,Eugene Emeralds,21,5,5
669477-2022-126,669477,Casey Schmitt,2022,High-A,Northwest League,Eugene Emeralds,23,5,5
685388-2022-126,685388,Colin Simpson,2022,High-A,Northwest League,Spokane Indians,25,5,5
682622-2022-126,682622,Noelvi Marte,2022,High-A,Northwest League,Everett AquaSox,20,5,5
691021-2022-126,691021,A.J. Vukovich,2022,High-A,Northwest League,Hillsboro Hops,20,5,4
687346-2022-126,687346,Gabe Matthews,2022,High-A,Northwest League,Tri-City Dust Devils,24,5,5
682646-2022-126,682646,Jairo Pomares,2022,High-A,Northwest League,Eugene Emeralds,21,5,3
666183-2022-126,666183,Hunter Bishop,2022,High-A,Northwest League,Eugene Emeralds,24,5,3
676678-2022-126,676678,PK Morris,2022,High-A,Northwest League,Vancouver Canadians,23,5,5
681466-2022-126,681466,James Parker,2022,High-A,Northwest League,Everett AquaSox,22,5,5
679734-2022-126,679734,Julio Carreras,2022,High-A,Northwest League,Spokane Indians,22,5,1
677599-2022-126,677599,Miguel Hiraldo,2022,High-A,Northwest League,Vancouver Canadians,21,5,2
682641-2022-126,682641,Luis Matos,2022,High-A,Northwest League,Eugene Emeralds,20,5,1
691728-2022-126,691728,Zac Veen,2022,High-A,Northwest League,Spokane Indians,20,5,4
669208-2022-126,669208,Ryan Bliss,2022,High-A,Northwest League,Hillsboro Hops,22,5,2
700032-2022-126,700032,Victor Labrada,2022,High-A,Northwest League,Everett AquaSox,22,5,2
679754-2022-126,679754,Alberto Rodriguez,2022,High-A,Northwest League,Everett AquaSox,21,5,3
673990-2022-126,673990,Andy Thomas,2022,High-A,Northwest League,Eugene Emeralds,24,5,3
681134-2022-126,681134,Caleb Roberts,2022,High-A,Northwest League,Hillsboro Hops,22,5,3
677347-2022-126,677347,Kyren Paris,2022,High-A,Northwest League,Tri-City Dust Devils,20,5,2
675440-2022-126,675440,Mike Peabody,2022,High-A,Northwest League,Tri-City Dust Devils,23,5,3
678837-2022-126,678837,Bladimir Restituyo,2022,High-A,Northwest League,Spokane Indians,20,5,4
669671-2022-126,669671,Justin Lavey,2022,High-A,Northwest League,Everett AquaSox,24,5,3
677647-2022-126,677647,Eddy Diaz,2022,High-A,Northwest League,Spokane Indians,22,5,4
691011-2022-126,691011,Drew Romo,2022,High-A,Northwest League,Spokane Indians,20,5,1
668577-2022-126,668577,Osmy Gregorio,2022,High-A,Northwest League,Tri-City Dust Devils,24,5,4
677610-2022-126,677610,D'Shawn Knowles,2022,High-A,Northwest League,Tri-City Dust Devils,21,5,4
641829-2022-112,641829,Jason Martin,2022,Triple-A,Pacific Coast League,Oklahoma City Dodgers,26,5,3
667452-2022-112,667452,Corey Julks,2022,Triple-A,Pacific Coast League,Sugar Land Space Cowboys,26,5,5
542208-2022-112,542208,Carlos Pérez,2022,Triple-A,Pacific Coast League,Albuquerque Isotopes,31,5,5
656448-2022-112,656448,Stone Garrett,2022,Triple-A,Pacific Coast League,Reno Aces,26,5,5
686676-2022-112,686676,Korey Lee,2022,Triple-A,Pacific Coast League,Sugar Land Space Cowboys,23,5,5
676116-2022-112,676116,Ryan Noda,2022,Triple-A,Pacific Coast League,Oklahoma City Dodgers,26,5,3
656449-2022-112,656449,Jake Gatewood,2022,Triple-A,Pacific Coast League,Salt Lake Bees,26,5,5
666703-2022-112,666703,Eguy Rosario,2022,Triple-A,Pacific Coast League,El Paso Chihuahuas,22,5,5
592144-2022-112,592144,Wynton Bernard,2022,Triple-A,Pacific Coast League,Albuquerque Isotopes,31,5,4
683737-2022-112,683737,Michael Busch,2022,Triple-A,Pacific Coast League,Oklahoma City Dodgers,24,5,5
669200-2022-112,669200,Mason McCoy,2022,Triple-A,Pacific Coast League,Tacoma Rainiers,27,5,5
663796-2022-112,663796,Coco Montes,2022,Triple-A,Pacific Coast League,Albuquerque Isotopes,25,5,5
656403-2022-112,656403,Drew Ellis,2022,Triple-A,Pacific Coast League,Tacoma Rainiers,26,5,5
605504-2022-112,605504,Dillon Thomas,2022,Triple-A,Pacific Coast League,Salt Lake Bees,29,5,3
621573-2022-112,621573,Austin Dean,2022,Triple-A,Pacific Coast League,Sacramento River Cats,28,5,5
546994-2022-112,546994,C.J. Hinojosa,2022,Triple-A,Pacific Coast League,El Paso Chihuahuas,27,5,1
694175-2022-112,694175,Pedro León,2022,Triple-A,Pacific Coast League,Sugar Land Space Cowboys,24,5,2
678246-2022-112,678246,Miguel Vargas,2022,Triple-A,Pacific Coast League,Oklahoma City Dodgers,22,5,5
625510-2022-112,625510,Erick Mejia,2022,Triple-A,Pacific Coast League,Tacoma Rainiers,27,5,1
670128-2022-112,670128,Taylor Kohlwey,2022,Triple-A,Pacific Coast League,El Paso Chihuahuas,27,5,1
671218-2022-112,671218,Heliot Ramos,2022,Triple-A,Pacific Coast League,Sacramento River Cats,22,5,1
682073-2022-112,682073,David Hensley,2022,Triple-A,Pacific Coast League,Sugar Land Space Cowboys,26,5,3
621008-2022-112,621008,Alex De Goti,2022,Triple-A,Pacific Coast League,Sugar Land Space Cowboys,27,5,1
664954-2022-112,664954,Brett Sullivan,2022,Triple-A,Pacific Coast League,El Paso Chihuahuas,28,5,1
682183-2022-112,682183,Drew Avans,2022,Triple-A,Pacific Coast League,Oklahoma City Dodgers,26,5,3
670148-2022-112,670148,Nate Mondou,2022,Triple-A,Pacific Coast League,Las Vegas Aviators,27,5,1
676900-2022-112,676900,Ryan Dorow,2022,Triple-A,Pacific Coast League,Round Rock Express,26,5,1
657088-2022-112,657088,Forrest Wall,2022,Triple-A,Pacific Coast League,Tacoma Rainiers,26,5,4
666150-2022-112,666150,Dominic Fletcher,2022,Triple-A,Pacific Coast League,Reno Aces,24,5,3
668723-2022-112,668723,Ryan Vilade,2022,Triple-A,Pacific Coast League,Albuquerque Isotopes,23,5,1
642221-2022-112,642221,Kean Wong,2022,Triple-A,Pacific Coast League,Salt Lake Bees,27,5,4
681715-2022-116,681715,Heriberto Hernández,2022,High-A,South Atlantic League,Bowling Green Hot Rods,22,5,5
671113-2022-116,671113,Zach Daniels,2022,High-A,South Atlantic League,Asheville Tourists,23,5,3
676205-2022-116,676205,Tyler Hardman,2022,High-A,South Atlantic League,Hudson Valley Renegades,23,5,5
683593-2022-116,683593,Dariel Lopez,2022,High-A,South Atlantic League,Greensboro Grasshoppers,20,5,3
682868-2022-116,682868,Bryan Ramos,2022,High-A,South Atlantic League,Winston-Salem Dash,20,5,1
686677-2022-116,686677,Landon Stephens,2022,High-A,South Atlantic League,Rome Braves,24,5,5
683090-2022-116,683090,Matthew Lugo,2022,High-A,South Atlantic League,Greenville Drive,21,5,1
676288-2022-116,676288,Baron Radcliff,2022,High-A,South Atlantic League,Jersey Shore BlueClaws,23,5,3
682848-2022-116,682848,Endy Rodríguez,2022,High-A,South Atlantic League,Greensboro Grasshoppers,22,5,5
695257-2022-116,695257,Billy Cook,2022,High-A,South Atlantic League,Aberdeen IronBirds,23,5,5
678900-2022-116,678900,Alexander Ovalles,2022,High-A,South Atlantic League,Bowling Green Hot Rods,21,5,3
695336-2022-116,695336,Thomas Saggese,2022,High-A,South Atlantic League,Hickory Crawdads,20,5,3
700242-2022-116,700242,Trey Sweeney,2022,High-A,South Atlantic League,Hudson Valley Renegades,22,5,2
683227-2022-116,683227,Cody Freeman,2022,High-A,South Atlantic League,Hickory Crawdads,21,5,1
669386-2022-116,669386,Trevor Hauver,2022,High-A,South Atlantic League,Hickory Crawdads,23,5,5
670868-2022-116,670868,Abrahan Gutierrez,2022,High-A,South Atlantic League,Greensboro Grasshoppers,22,5,3
672635-2022-116,672635,Luis Mieses,2022,High-A,South Atlantic League,Winston-Salem Dash,22,5,1
685121-2022-116,685121,Beau Philip,2022,High-A,South Atlantic League,Rome Braves,23,5,3
677060-2022-116,677060,Chad Stevens,2022,High-A,South Atlantic League,Asheville Tourists,23,5,3
694497-2022-116,694497,Evan Carter,2022,High-A,South Atlantic League,Hickory Crawdads,19,5,2
695587-2022-116,695587,Bryson Horne,2022,High-A,South Atlantic League,Rome Braves,23,5,3
670919-2022-116,670919,Luis Santana,2022,High-A,South Atlantic League,Asheville Tourists,22,5,1
694377-2022-116,694377,Nick Yorke,2022,High-A,South Atlantic League,Greenville Drive,20,5,2
701648-2022-116,701648,Aaron Zavala,2022,High-A,South Atlantic League,Hickory Crawdads,22,5,3
671276-2022-116,671276,Yasel Antuna,2022,High-A,South Atlantic League,Wilmington Blue Rocks,22,5,2
682685-2022-116,682685,Cristian Gonzalez,2022,High-A,South Atlantic League,Asheville Tourists,20,5,1
687431-2022-116,687431,Hudson Head,2022,High-A,South Atlantic League,Greensboro Grasshoppers,21,5,3
665827-2022-116,665827,Harvin Mendoza,2022,High-A,South Atlantic League,Winston-Salem Dash,23,5,1
677068-2022-116,677068,Tyler Osik,2022,High-A,South Atlantic League,Winston-Salem Dash,25,5,3
688403-2022-116,688403,Michael Sandle,2022,High-A,South Atlantic League,Asheville Tourists,23,5,1
669451-2022-116,669451,Chris Seise,2022,High-A,South Atlantic League,Hickory Crawdads,23,5,3
675961-2022-116,675961,Alika Williams,2022,High-A,South Atlantic League,Bowling Green Hot Rods,23,5,2
669363-2022-116,669363,Jacob Gonzalez,2022,High-A,South Atlantic League,Greensboro Grasshoppers,24,5,1
665850-2022-116,665850,Cristian Inoa,2022,High-A,South Atlantic League,Hickory Crawdads,22,5,1
694812-2022-116,694812,Tyler McDonough,2022,High-A,South Atlantic League,Greenville Drive,23,5,3
681941-2022-116,681941,Jaylen Palmer,2022,High-A,South Atlantic League,Brooklyn Cyclones,21,5,3
688682-2022-116,688682,Cooper Bowman,2022,High-A,South Atlantic League,Hudson Valley Renegades,22,5,2
682182-2022-116,682182,J.C. Correa,2022,High-A,South Atlantic League,Asheville Tourists,23,5,1
665989-2022-116,665989,Shervyen Newton,2022,High-A,South Atlantic League,Brooklyn Cyclones,23,5,3
672692-2022-116,672692,Jose Peroza,2022,High-A,South Atlantic League,Brooklyn Cyclones,22,5,1
688449-2022-116,688449,TT Bowens,2022,High-A,South Atlantic League,Aberdeen IronBirds,24,5,3
686601-2022-116,686601,Drew Campbell,2022,High-A,South Atlantic League,Rome Braves,24,5,4
668752-2022-116,668752,Duke Ellis,2022,High-A,South Atlantic League,Winston-Salem Dash,24,5,4
666141-2022-116,666141,Drew Mendoza,2022,High-A,South Atlantic League,Wilmington Blue Rocks,24,5,2
681159-2022-116,681159,Ethan Wilson,2022,High-A,South Atlantic League,Jersey Shore BlueClaws,22,5,2
681286-2022-116,681286,JT Schwartz,2022,High-A,South Atlantic League,Brooklyn Cyclones,22,5,3
678362-2022-116,678362,Gilberto Jimenez,2022,High-A,South Atlantic League,Greenville Drive,21,5,4
676045-2022-116,676045,Casey Martin,2022,High-A,South Atlantic League,Jersey Shore BlueClaws,23,5,2
672750-2022-116,672750,Ricardo Méndez,2022,High-A,South Atlantic League,Wilmington Blue Rocks,22,5,1
672566-2022-116,672566,José Sánchez,2022,High-A,South Atlantic League,Wilmington Blue Rocks,21,5,1
677601-2022-116,677601,Keyber Rodriguez,2022,High-A,South Atlantic League,Hickory Crawdads,21,5,1
689822-2022-116,689822,Matt Rudick,2022,High-A,South Atlantic League,Brooklyn Cyclones,23,5,2
702250-2022-116,702250,Jared Carr,2022,High-A,South Atlantic League,Jersey Shore BlueClaws,23,5,4
672479-2022-116,672479,Aldenis Sanchez,2022,High-A,South Atlantic League,Hudson Valley Renegades,23,5,4
656666-2022-111,656666,Drew Lugbauer,2022,Double-A,Southern League,Mississippi Braves,25,5,5
665052-2022-111,665052,Griffin Conine,2022,Double-A,Southern League,Pensacola Blue Wahoos,24,5,3
666632-2022-111,666632,Yonathan Perlaza,2022,Double-A,Southern League,Tennessee Smokies,23,5,5
670286-2022-111,670286,Craig Dedelow,2022,Double-A,Southern League,Birmingham Barons,27,5,5
668664-2022-111,668664,Chase Strumpf,2022,Double-A,Southern League,Tennessee Smokies,24,5,5
687478-2022-111,687478,Cam Devanney,2022,Double-A,Southern League,Biloxi Shuckers,25,5,5
670237-2022-111,670237,Jake Slaughter,2022,Double-A,Southern League,Tennessee Smokies,25,5,3
673461-2022-111,673461,Yoelqui Céspedes,2022,Double-A,Southern League,Birmingham Barons,24,5,4
686759-2022-111,686759,TJ Hopkins,2022,Double-A,Southern League,Chattanooga Lookouts,25,5,5
680574-2022-111,680574,Matt McLain,2022,Double-A,Southern League,Chattanooga Lookouts,22,5,5
670224-2022-111,670224,Kameron Misner,2022,Double-A,Southern League,Montgomery Biscuits,24,5,3
686894-2022-111,686894,Joey Wiemer,2022,Double-A,Southern League,Biloxi Shuckers,23,5,3
689172-2022-111,689172,Brett Wisely,2022,Double-A,Southern League,Montgomery Biscuits,23,5,2
669326-2022-111,669326,Bryce Teodosio,2022,Double-A,Southern League,Rocket City Trash Pandas,23,5,2
682192-2022-111,682192,Paul McIntosh,2022,Double-A,Southern League,Pensacola Blue Wahoos,24,5,5
666186-2022-111,666186,Thomas Dillard,2022,Double-A,Southern League,Biloxi Shuckers,24,5,3
672279-2022-111,672279,Michael Siani,2022,Double-A,Southern League,Chattanooga Lookouts,22,5,4
680589-2022-111,680589,Felix Valerio,2022,Double-A,Southern League,Biloxi Shuckers,21,5,2
668787-2022-111,668787,Bryce Ball,2022,Double-A,Southern League,Tennessee Smokies,23,5,3
670867-2022-111,670867,Kevin Maitan,2022,Double-A,Southern League,Rocket City Trash Pandas,22,5,3
679563-2022-111,679563,José Rodríguez,2022,Double-A,Southern League,Birmingham Barons,21,5,4
687859-2022-111,687859,Troy Johnston,2022,Double-A,Southern League,Pensacola Blue Wahoos,25,5,1
663692-2022-111,663692,Jalen Miller,2022,Double-A,Southern League,Mississippi Braves,25,5,2
641945-2022-111,641945,Preston Palmeiro,2022,Double-A,Southern League,Rocket City Trash Pandas,27,5,1
670869-2022-111,670869,Livan Soto,2022,Double-A,Southern League,Rocket City Trash Pandas,22,5,1
664697-2022-111,664697,Cobie Fletcher-Vance,2022,Double-A,Southern League,Pensacola Blue Wahoos,24,5,1
676629-2022-111,676629,Riley Delgado,2022,Double-A,Southern League,Mississippi Braves,27,5,1
660681-2022-109,660681,Leandro Cedeño,2022,Double-A,Texas League,Amarillo Sod Poodles,23,5,3
669899-2022-109,669899,Ryan Ward,2022,Double-A,Texas League,Tulsa Drillers,24,5,5
681624-2022-109,681624,Andy Pages,2022,Double-A,Texas League,Tulsa Drillers,21,5,5
688760-2022-109,688760,Blaine Crim,2022,Double-A,Texas League,Frisco RoughRiders,25,5,1
686781-2022-109,686781,Brandon Lewis,2022,Double-A,Texas League,Tulsa Drillers,23,5,5
666143-2022-109,666143,Joe Rizzo,2022,Double-A,Texas League,Arkansas Travelers,24,5,1
676595-2022-109,676595,Jake Scheiner,2022,Double-A,Texas League,Arkansas Travelers,26,5,5
688869-2022-109,688869,Justin Dirden,2022,Double-A,Texas League,Corpus Christi Hooks,24,5,5
687799-2022-109,687799,Cade Marlowe,2022,Double-A,Texas League,Arkansas Travelers,25,5,3
668832-2022-109,668832,Kyle McCann,2022,Double-A,Texas League,Midland RockHounds,24,5,3
674671-2022-109,674671,Robbie Glendinning,2022,Double-A,Texas League,Northwest Arkansas Naturals,26,5,3
691023-2022-109,691023,Jordan Walker,2022,Double-A,Texas League,Springfield Cardinals,20,5,3
694376-2022-109,694376,Shay Whitcomb,2022,Double-A,Texas League,Corpus Christi Hooks,23,5,5
687957-2022-109,687957,Dustin Harris,2022,Double-A,Texas League,Frisco RoughRiders,22,5,5
666397-2022-109,666397,Edouard Julien,2022,Double-A,Texas League,Wichita Wind Surge,23,5,3
666197-2022-109,666197,Grae Kessinger,2022,Double-A,Texas League,Corpus Christi Hooks,24,5,2
665890-2022-109,665890,Seuly Matias,2022,Double-A,Texas League,Northwest Arkansas Naturals,23,5,5
677800-2022-109,677800,Wilyer Abreu,2022,Double-A,Texas League,Corpus Christi Hooks,23,5,5
672478-2022-109,672478,Jordan Diaz,2022,Double-A,Texas League,Midland RockHounds,21,5,1
679822-2022-109,679822,Justin Foscue,2022,Double-A,Texas League,Frisco RoughRiders,23,5,5
660857-2022-109,660857,Yorman Rodriguez,2022,Double-A,Texas League,San Antonio Missions,24,5,1
669722-2022-109,669722,Logan Davidson,2022,Double-A,Texas League,Midland RockHounds,24,5,3
676113-2022-109,676113,Zach DeLoach,2022,Double-A,Texas League,Arkansas Travelers,23,5,5
689288-2022-109,689288,Matt Koperniak,2022,Double-A,Texas League,Springfield Cardinals,24,5,1
680716-2022-109,680716,Jonathan Ornelas,2022,Double-A,Texas League,Frisco RoughRiders,22,5,3
670231-2022-109,670231,John Rave,2022,Double-A,Texas League,Northwest Arkansas Naturals,24,5,3
680869-2022-109,680869,Zack Gelof,2022,Double-A,Texas League,Midland RockHounds,22,5,3
678489-2022-109,678489,Jorge Barrosa,2022,Double-A,Texas League,Amarillo Sod Poodles,21,5,2
666124-2022-109,666124,Luke Berryhill,2022,Double-A,Texas League,Corpus Christi Hooks,24,5,3
674646-2022-109,674646,Tucker Bradley,2022,Double-A,Texas League,Northwest Arkansas Naturals,24,5,1
679845-2022-109,679845,Nick Loftin,2022,Double-A,Texas League,Northwest Arkansas Naturals,23,5,1
687659-2022-109,687659,Kaden Polcovich,2022,Double-A,Texas League,Arkansas Travelers,23,5,2
666452-2022-109,666452,Eduardo Diaz,2022,Double-A,Texas League,Amarillo Sod Poodles,24,5,1
689374-2022-109,689374,Jake Means,2022,Double-A,Texas League,Northwest Arkansas Naturals,26,5,5
691026-2022-109,691026,Masyn Winn,2022,Double-A,Texas League,Springfield Cardinals,20,5,2
677223-2022-109,677223,Jack Larsen,2022,Double-A,Texas League,Arkansas Travelers,27,5,1
642736-2022-109,642736,Domingo Leyba,2022,Double-A,Texas League,San Antonio Missions,26,5,2
663618-2022-109,663618,Josh Stowers,2022,Double-A,Texas League,Frisco RoughRiders,25,5,2
687005-2022-109,687005,Kellen Strahm,2022,Double-A,Texas League,Frisco RoughRiders,25,5,3
656431-2022-109,656431,Ti'Quan Forbes,2022,Double-A,Texas League,Amarillo Sod Poodles,25,5,1
667442-2022-109,667442,Connor Hollis,2022,Double-A,Texas League,San Antonio Missions,27,5,3
624523-2022-109,624523,Riley Unroe,2022,Double-A,Texas League,Arkansas Travelers,26,5,2
657144-2022-109,657144,Justin Yurchak,2022,Double-A,Texas League,Tulsa Drillers,25,5,1
680709-2022-109,680709,Nick Dunn,2022,Double-A,Texas League,Springfield Cardinals,25,5,1
680577-2022-109,680577,DaShawn Keirsey Jr.,2022,Double-A,Texas League,Wichita Wind Surge,25,5,4
672359-2022-109,672359,Tirso Ornelas,2022,Double-A,Texas League,San Antonio Missions,22,5,3
682079-2022-109,682079,Chase Calabuig,2022,Double-A,Texas League,Midland RockHounds,26,5,1
668885-2022-109,668885,Austin Martin,2022,Double-A,Texas League,Wichita Wind Surge,23,5,4
667749-2022-109,667749,Juan Fernandez,2022,Double-A,Texas League,San Antonio Missions,23,5,1
699073-2023-110,699073,Thayron Liranzo,2023,Low-A,California League,Rancho Cucamonga Quakes,19,5,3
676038-2023-110,676038,Skyler Messinger,2023,Low-A,California League,Fresno Grizzlies,24,5,5
695521-2023-110,695521,Gavin Conticello,2023,Low-A,California League,Visalia Rawhide,20,5,5
703607-2023-110,703607,Henry Bolte,2023,Low-A,California League,Stockton Ports,19,5,3
699061-2023-110,699061,Rayne Doncon,2023,Low-A,California League,Rancho Cucamonga Quakes,19,5,1
694214-2023-110,694214,Samuel Zavala,2023,Low-A,California League,Lake Elsinore Storm,18,5,5
681044-2023-110,681044,EJ Andrews Jr.,2023,Low-A,California League,Fresno Grizzlies,22,5,5
682732-2023-110,682732,Gabriel Moncada,2023,Low-A,California League,Modesto Nuts,21,5,3
701864-2023-110,701864,Griffin Doersching,2023,Low-A,California League,Lake Elsinore Storm,24,5,5
681377-2023-110,681377,Josh Hood,2023,Low-A,California League,Modesto Nuts,22,5,2
689909-2023-110,689909,Jadiel Sanchez,2023,Low-A,California League,Inland Empire 66ers,22,5,1
684109-2023-110,684109,Jesus Bugarin,2023,Low-A,California League,Fresno Grizzlies,21,5,1
682630-2023-110,682630,Alvin Guzman,2023,Low-A,California League,Visalia Rawhide,21,5,3
681201-2023-110,681201,Tanner O'Tremba,2023,Low-A,California League,San Jose Giants,23,5,3
694196-2023-110,694196,Diego Velasquez,2023,Low-A,California League,San Jose Giants,19,5,4
694203-2023-110,694203,Denzer Guzman,2023,Low-A,California League,Inland Empire 66ers,19,5,3
692222-2023-110,692222,Jose Izarra,2023,Low-A,California League,Rancho Cucamonga Quakes,21,5,2
686744-2023-110,686744,Jake Snider,2023,Low-A,California League,Fresno Grizzlies,25,5,4
683665-2023-110,683665,Alexander Suarez,2023,Low-A,California League,San Jose Giants,21,5,2
699912-2023-110,699912,Jose Fernandez,2023,Low-A,California League,Visalia Rawhide,19,5,1
702284-2023-110,702284,Cole Young,2023,Low-A,California League,Modesto Nuts,19,5,1
700164-2023-110,700164,Bryant Betancourt,2023,Low-A,California League,Fresno Grizzlies,19,5,1
698916-2023-110,698916,Rosman Verdugo,2023,Low-A,California League,Lake Elsinore Storm,18,5,2
703185-2023-110,703185,Nelson Rada,2023,Low-A,California League,Inland Empire 66ers,17,5,4
692374-2023-110,692374,Jose Ramos,2023,Low-A,California League,San Jose Giants,20,5,4
699232-2023-110,699232,Anderdson Rojas,2023,Low-A,California League,Visalia Rawhide,19,5,1
671080-2023-110,671080,Jeremy Arocho,2023,Low-A,California League,Inland Empire 66ers,24,5,4
805737-2023-110,805737,Bjay Cooke,2023,Low-A,California League,Stockton Ports,20,5,3
700321-2023-110,700321,Andy Perez,2023,Low-A,California League,Fresno Grizzlies,19,5,1
683529-2023-110,683529,Milkar Perez,2023,Low-A,California League,Modesto Nuts,21,5,3
684494-2023-122,684494,Jeremy Celedonio,2023,Low-A,Carolina League,Augusta GreenJackets,21,5,3
689531-2023-122,689531,Brett Squires,2023,Low-A,Carolina League,Columbia Fireflies,23,5,3
685776-2023-122,685776,Stiven Acevedo,2023,Low-A,Carolina League,Delmarva Shorebirds,20,5,2
701778-2023-122,701778,Jace Avina,2023,Low-A,Carolina League,Carolina Mudcats,20,5,5
800060-2023-122,800060,Xavier Isaac,2023,Low-A,Carolina League,Charleston RiverDogs,19,5,5
696513-2023-122,696513,Andy Garriola,2023,Low-A,Carolina League,Myrtle Beach Pelicans,23,5,1
801600-2023-122,801600,Bryce Willits,2023,Low-A,Carolina League,Kannapolis Cannon Ballers,23,5,1
702726-2023-122,702726,Luke Adams,2023,Low-A,Carolina League,Carolina Mudcats,19,5,2
691410-2023-122,691410,Jose Devers,2023,Low-A,Carolina League,Lynchburg Hillcats,20,5,4
691476-2023-122,691476,Luis Encarnacion,2023,Low-A,Carolina League,Fayetteville Woodpeckers,20,5,1
695692-2023-122,695692,Cooper Kinney,2023,Low-A,Carolina League,Charleston RiverDogs,20,5,1
691797-2023-122,691797,Ryan Spikes,2023,Low-A,Carolina League,Charleston RiverDogs,20,5,2
699213-2023-122,699213,Gleider Figuereo,2023,Low-A,Carolina League,Down East Wood Ducks,19,5,1
699816-2023-122,699816,Jackson Loftin,2023,Low-A,Carolina League,Fayetteville Woodpeckers,23,5,2
701424-2023-122,701424,JoJo Blackmon,2023,Low-A,Carolina League,Down East Wood Ducks,20,5,3
802991-2023-122,802991,E.J. Exposito,2023,Low-A,Carolina League,Augusta GreenJackets,22,5,2
699393-2023-122,699393,Pedro Ramírez,2023,Low-A,Carolina League,Myrtle Beach Pelicans,19,5,1
682662-2023-122,682662,Rafael Morel,2023,Low-A,Carolina League,Myrtle Beach Pelicans,21,5,4
691497-2023-122,691497,Lizandro Rodriguez,2023,Low-A,Carolina League,Columbia Fireflies,20,5,2
694222-2023-122,694222,Ambioris Tavarez,2023,Low-A,Carolina League,Augusta GreenJackets,19,5,3
686404-2023-122,686404,Wuilfredo Antunez,2023,Low-A,Carolina League,Lynchburg Hillcats,21,5,2
698945-2023-122,698945,Anderson De Los Santos,2023,Low-A,Carolina League,Delmarva Shorebirds,19,5,2
691252-2023-122,691252,Jhon Diaz,2023,Low-A,Carolina League,Charleston RiverDogs,20,5,3
695744-2023-122,695744,Ian Moller,2023,Low-A,Carolina League,Down East Wood Ducks,20,5,2
699144-2023-122,699144,Luis Ravelo,2023,Low-A,Carolina League,Salem Red Sox,19,5,1
699130-2023-122,699130,Jadher Areinamo,2023,Low-A,Carolina League,Carolina Mudcats,19,5,1
694227-2023-122,694227,Danyer Cueva,2023,Low-A,Carolina League,Down East Wood Ducks,19,5,3
694183-2023-122,694183,Cristian Hernández,2023,Low-A,Carolina League,Myrtle Beach Pelicans,19,5,4
805763-2023-122,805763,Drake Logan,2023,Low-A,Carolina League,Kannapolis Cannon Ballers,22,5,3
692453-2023-122,692453,Roismar Quintana,2023,Low-A,Carolina League,Fredericksburg Nationals,20,5,3
684976-2023-122,684976,Johnathon Thomas,2023,Low-A,Carolina League,Fredericksburg Nationals,23,5,4
691405-2023-122,691405,Juan Benjamin,2023,Low-A,Carolina League,Lynchburg Hillcats,20,5,4
694182-2023-122,694182,Armando Cruz,2023,Low-A,Carolina League,Fredericksburg Nationals,19,5,1
678706-2023-122,678706,Reivaj Garcia,2023,Low-A,Carolina League,Myrtle Beach Pelicans,21,5,4
694187-2023-122,694187,Daniel Vazquez,2023,Low-A,Carolina League,Columbia Fireflies,19,5,2
677356-2023-122,677356,Carter Young,2023,Low-A,Carolina League,Delmarva Shorebirds,22,5,2
683539-2023-122,683539,Cristopher Barete,2023,Low-A,Carolina League,Charleston RiverDogs,21,5,4
680519-2023-122,680519,Mario Camilletti,2023,Low-A,Carolina League,Kannapolis Cannon Ballers,24,5,3
699126-2023-122,699126,Gregory Barrios,2023,Low-A,Carolina League,Carolina Mudcats,19,5,1
686956-2023-122,686956,Adam Crampton,2023,Low-A,Carolina League,Delmarva Shorebirds,22,5,2
802415-2023-122,802415,Chandler Simpson,2023,Low-A,Carolina League,Charleston RiverDogs,22,5,4
696100-2023-113,696100,Hunter Goodman,2023,Double-A,Eastern League,Hartford Yard Goats,23,5,5
695257-2023-113,695257,Billy Cook,2023,Double-A,Eastern League,Bowie Baysox,24,5,5
678926-2023-113,678926,Carlos De La Cruz,2023,Double-A,Eastern League,Reading Fightin Phils,23,5,3
686554-2023-113,686554,Oliver Dunn,2023,Double-A,Eastern League,Reading Fightin Phils,25,5,3
671913-2023-113,671913,Damiano Palmegiani,2023,Double-A,Eastern League,New Hampshire Fisher Cats,23,5,5
683770-2023-113,683770,Will Robertson,2023,Double-A,Eastern League,New Hampshire Fisher Cats,25,5,5
677570-2023-113,677570,Aaron Bracho,2023,Double-A,Eastern League,Akron RubberDucks,22,5,5
672361-2023-113,672361,Agustin Ruiz,2023,Double-A,Eastern League,Binghamton Rumble Ponies,23,5,5
685301-2023-113,685301,Matt Gorski,2023,Double-A,Eastern League,Altoona Curve,25,5,5
680693-2023-113,680693,Grant Lavigne,2023,Double-A,Eastern League,Hartford Yard Goats,23,5,5
687981-2023-113,687981,John Rhodes,2023,Double-A,Eastern League,Bowie Baysox,22,5,5
681159-2023-113,681159,Ethan Wilson,2023,Double-A,Eastern League,Reading Fightin Phils,23,5,5
691176-2023-113,691176,Jasson Domínguez,2023,Double-A,Eastern League,Somerset Patriots,20,5,3
678837-2023-113,678837,Bladimir Restituyo,2023,Double-A,Eastern League,Hartford Yard Goats,21,5,1
669360-2023-113,669360,Trei Cruz,2023,Double-A,Eastern League,Erie SeaWolves,24,5,5
687724-2023-113,687724,Jake Holton,2023,Double-A,Eastern League,Erie SeaWolves,25,5,1
666177-2023-113,666177,Carter Aldrete,2023,Double-A,Eastern League,Richmond Flying Squirrels,25,5,5
663979-2023-113,663979,Kyle Datres,2023,Double-A,Eastern League,Hartford Yard Goats,27,5,3
679821-2023-113,679821,Rowdey Jordan,2023,Double-A,Eastern League,Binghamton Rumble Ponies,24,5,2
701162-2023-113,701162,Ben Malgeri,2023,Double-A,Eastern League,Erie SeaWolves,23,5,5
700242-2023-113,700242,Trey Sweeney,2023,Double-A,Eastern League,Somerset Patriots,23,5,2
694377-2023-113,694377,Nick Yorke,2023,Double-A,Eastern League,Portland Sea Dogs,21,5,3
676762-2023-113,676762,Frankie Tostado,2023,Double-A,Eastern League,Harrisburg Senators,25,5,1
682657-2023-113,682657,Angel Martínez,2023,Double-A,Eastern League,Akron RubberDucks,21,5,1
673990-2023-113,673990,Andy Thomas,2023,Double-A,Eastern League,Richmond Flying Squirrels,25,5,1
682877-2023-113,682877,Juan Brito,2023,Double-A,Eastern League,Akron RubberDucks,21,5,5
672692-2023-113,672692,Jose Peroza,2023,Double-A,Eastern League,Binghamton Rumble Ponies,23,5,3
671271-2023-113,671271,Jeisson Rosario,2023,Double-A,Eastern League,Somerset Patriots,23,5,2
690984-2023-113,690984,Petey Halpin,2023,Double-A,Eastern League,Akron RubberDucks,21,5,2
689651-2023-113,689651,Phillip Sikes,2023,Double-A,Eastern League,Portland Sea Dogs,24,5,2
687019-2023-113,687019,Andrés Alvarez,2023,Double-A,Eastern League,Altoona Curve,26,5,2
670208-2023-113,670208,Matt Fraizer,2023,Double-A,Eastern League,Altoona Curve,25,5,2
690987-2023-113,690987,Robert Hassell III,2023,Double-A,Eastern League,Harrisburg Senators,21,5,3
676024-2023-113,676024,Donta' Williams,2023,Double-A,Eastern League,Bowie Baysox,24,5,2
672642-2023-113,672642,Steward Berroa,2023,Double-A,Eastern League,New Hampshire Fisher Cats,24,5,4
805367-2023-113,805367,Chase Meidroth,2023,Double-A,Eastern League,Portland Sea Dogs,21,5,3
681468-2023-113,681468,Corey Rosier,2023,Double-A,Eastern League,Portland Sea Dogs,23,5,4
657010-2023-113,657010,Madison Stokes,2023,Double-A,Eastern League,Reading Fightin Phils,27,5,2
686793-2023-113,686793,J.T. Arruda,2023,Double-A,Eastern League,Harrisburg Senators,25,5,2
701634-2023-113,701634,Connor Kokx,2023,Double-A,Eastern League,Akron RubberDucks,23,5,2
696281-2023-113,696281,Wyatt Young,2023,Double-A,Eastern League,Binghamton Rumble Ponies,23,5,2
683616-2023-123,683616,Rodolfo Nolasco,2023,Low-A,Florida State League,Bradenton Marauders,21,5,5
691858-2023-123,691858,Jared Serna,2023,Low-A,Florida State League,Tampa Tarpons,21,5,1
683079-2023-123,683079,Omar Martinez,2023,Low-A,Florida State League,Tampa Tarpons,21,5,5
699302-2023-123,699302,Héctor Rodríguez,2023,Low-A,Florida State League,Daytona Tortugas,19,5,1
702906-2023-123,702906,Wilfredo Lara,2023,Low-A,Florida State League,St. Lucie Mets,19,5,2
686438-2023-123,686438,Rubel Cespedes,2023,Low-A,Florida State League,Fort Myers Mighty Mussels,22,5,1
682627-2023-123,682627,Jose De La Cruz,2023,Low-A,Florida State League,Lakeland Flying Tigers,21,5,3
694184-2023-123,694184,Cristian Santana,2023,Low-A,Florida State League,Lakeland Flying Tigers,19,5,5
694185-2023-123,694185,Danny De Andrade,2023,Low-A,Florida State League,Fort Myers Mighty Mussels,19,5,2
691627-2023-123,691627,Ricardo Olivar,2023,Low-A,Florida State League,Fort Myers Mighty Mussels,21,5,3
701398-2023-123,701398,Sal Stewart,2023,Low-A,Florida State League,Daytona Tortugas,19,5,3
699115-2023-123,699115,Carlos Jorge,2023,Low-A,Florida State League,Daytona Tortugas,19,5,4
691927-2023-123,691927,Enmanuel Terrero,2023,Low-A,Florida State League,Bradenton Marauders,20,5,4
695491-2023-123,695491,Joshua Báez,2023,Low-A,Florida State League,Palm Beach Cardinals,20,5,2
800231-2023-123,800231,Won-Bin Cho,2023,Low-A,Florida State League,Palm Beach Cardinals,19,5,4
692371-2023-123,692371,Lizandro Espinoza,2023,Low-A,Florida State League,Palm Beach Cardinals,20,5,2
693808-2023-123,693808,Daury Arias,2023,Low-A,Florida State League,Tampa Tarpons,21,5,1
694202-2023-123,694202,Manuel Beltre,2023,Low-A,Florida State League,Dunedin Blue Jays,19,5,1
702253-2023-123,702253,Cam Collier,2023,Low-A,Florida State League,Daytona Tortugas,18,5,3
694200-2023-123,694200,Ariel Almonte,2023,Low-A,Florida State League,Daytona Tortugas,19,5,3
691588-2023-123,691588,Ian Lewis Jr.,2023,Low-A,Florida State League,Jupiter Hammerheads,20,5,4
689355-2023-123,689355,Brett Roberts,2023,Low-A,Florida State League,Jupiter Hammerheads,22,5,1
702283-2023-123,702283,Tucker Toman,2023,Low-A,Florida State League,Dunedin Blue Jays,19,5,3
700931-2023-123,700931,Seth Stephenson,2023,Low-A,Florida State League,Lakeland Flying Tigers,22,5,4
691601-2023-123,691601,Brenny Escanio,2023,Low-A,Florida State League,Tampa Tarpons,20,5,2
694193-2023-123,694193,Victor Acosta,2023,Low-A,Florida State League,Daytona Tortugas,19,5,1
683152-2023-123,683152,Michael Curialle,2023,Low-A,Florida State League,Palm Beach Cardinals,22,5,3
696291-2023-123,696291,Jordan McCants,2023,Low-A,Florida State League,Jupiter Hammerheads,21,5,4
701437-2023-123,701437,Jaden Rudd,2023,Low-A,Florida State League,Dunedin Blue Jays,20,5,2
692944-2023-123,692944,Kevin Villavicencio,2023,Low-A,Florida State League,St. Lucie Mets,19,5,4
702708-2023-123,702708,Emaarion Boyd,2023,Low-A,Florida State League,Clearwater Threshers,19,5,4
691913-2023-123,691913,Jesus Castillo,2023,Low-A,Florida State League,Bradenton Marauders,19,5,4
701010-2023-123,701010,Roque Salinas,2023,Low-A,Florida State League,Dunedin Blue Jays,20,5,1
691594-2023-123,691594,Javier Sanoja,2023,Low-A,Florida State League,Jupiter Hammerheads,20,5,4
666915-2023-117,666915,Bobby Dalbec,2023,Triple-A,International League,Worcester Red Sox,28,5,5
642215-2023-117,642215,Weston Wilson,2023,Triple-A,International League,Lehigh Valley IronPigs,28,5,5
664332-2023-117,664332,Moisés Gómez,2023,Triple-A,International League,Memphis Redbirds,24,5,5
656484-2023-117,656484,Tristan Gray,2023,Triple-A,International League,Durham Bulls,27,5,5
664314-2023-117,664314,Estevan Florial,2023,Triple-A,International League,Scranton/Wilkes-Barre RailRiders,25,5,3
678877-2023-117,678877,Jhonkensy Noel,2023,Triple-A,International League,Columbus Clippers,21,5,5
666464-2023-117,666464,Jerar Encarnacion,2023,Triple-A,International League,Jacksonville Jumbo Shrimp,25,5,3
666018-2023-117,666018,Jonathan Aranda,2023,Triple-A,International League,Durham Bulls,25,5,3
665953-2023-117,665953,Andrés Chaparro,2023,Triple-A,International League,Scranton/Wilkes-Barre RailRiders,24,5,5
680814-2023-117,680814,Peyton Burdick,2023,Triple-A,International League,Jacksonville Jumbo Shrimp,26,5,5
663905-2023-117,663905,Travis Blankenhorn,2023,Triple-A,International League,Rochester Red Wings,26,5,5
623507-2023-117,623507,Josh Lester,2023,Triple-A,International League,Norfolk Tides,28,5,5
669234-2023-117,669234,Justyn-Henry Malloy,2023,Triple-A,International League,Toledo Mud Hens,23,5,5
677595-2023-117,677595,Ronny Mauricio,2023,Triple-A,International League,Syracuse Mets,22,5,1
666632-2023-117,666632,Yonathan Perlaza,2023,Triple-A,International League,Iowa Cubs,24,5,5
665180-2023-117,665180,Ruben Cardenas,2023,Triple-A,International League,Durham Bulls,25,5,5
670223-2023-117,670223,Matt Mervis,2023,Triple-A,International League,Iowa Cubs,25,5,5
608703-2023-117,608703,Matt Reynolds,2023,Triple-A,International League,Louisville Bats,32,5,5
670237-2023-117,670237,Jake Slaughter,2023,Triple-A,International League,Iowa Cubs,26,5,5
657562-2023-117,657562,Patrick Dorrian,2023,Triple-A,International League,Nashville Sounds,27,5,5
670224-2023-117,670224,Kameron Misner,2023,Triple-A,International League,Durham Bulls,25,5,5
681393-2023-117,681393,Connor Norby,2023,Triple-A,International League,Norfolk Tides,23,5,3
642197-2023-117,642197,Jamie Westbrook,2023,Triple-A,International League,Scranton/Wilkes-Barre RailRiders,28,5,1
622682-2023-117,622682,Victor Reyes,2023,Triple-A,International League,Charlotte Knights,28,5,3
678009-2023-117,678009,Parker Meadows,2023,Triple-A,International League,Toledo Mud Hens,23,5,5
691026-2023-117,691026,Masyn Winn,2023,Triple-A,International League,Memphis Redbirds,21,5,1
650331-2023-117,650331,Lewin Díaz,2023,Triple-A,International League,Norfolk Tides,26,5,5
666152-2023-117,666152,David Hamilton,2023,Triple-A,International League,Worcester Red Sox,25,5,2
680881-2023-117,680881,Niko Hulsizer,2023,Triple-A,International League,Durham Bulls,26,5,5
700932-2023-117,700932,Kyle Manzardo,2023,Triple-A,International League,Columbus Clippers,22,5,5
594953-2023-117,594953,Daniel Palka,2023,Triple-A,International League,Syracuse Mets,31,5,5
609280-2023-117,609280,Miguel Andujar,2023,Triple-A,International League,Indianapolis Indians,28,5,1
663662-2023-117,663662,Daz Cameron,2023,Triple-A,International League,Norfolk Tides,26,5,2
641470-2023-117,641470,Zack Collins,2023,Triple-A,International League,Columbus Clippers,28,5,3
694355-2023-117,694355,Tyler Gentry,2023,Triple-A,International League,Omaha Storm Chasers,24,5,5
669699-2023-117,669699,Braden Shewmake,2023,Triple-A,International League,Gwinnett Stripers,25,5,1
664057-2023-117,664057,Andrew Stevenson,2023,Triple-A,International League,St. Paul Saints,29,5,4
676070-2023-117,676070,Jacob Amaya,2023,Triple-A,International League,Jacksonville Jumbo Shrimp,24,5,1
666126-2023-117,666126,Carlos Cortes,2023,Triple-A,International League,Syracuse Mets,26,5,5
605361-2023-117,605361,Nick Martini,2023,Triple-A,International League,Louisville Bats,33,5,5
675986-2023-117,675986,Canaan Smith-Njigba,2023,Triple-A,International League,Indianapolis Indians,24,5,3
660620-2023-117,660620,Jonathan Araúz,2023,Triple-A,International League,Syracuse Mets,24,5,5
623520-2023-117,623520,David Bote,2023,Triple-A,International League,Iowa Cubs,30,5,5
693304-2023-117,693304,Nick Gonzales,2023,Triple-A,International League,Indianapolis Indians,24,5,3
689288-2023-117,689288,Matt Koperniak,2023,Triple-A,International League,Memphis Redbirds,25,5,1
687588-2023-117,687588,Micah Pries,2023,Triple-A,International League,Columbus Clippers,25,5,5
687823-2023-117,687823,Aaron Shackelford,2023,Triple-A,International League,Indianapolis Indians,26,5,5
664068-2023-117,664068,Scott Kingery,2023,Triple-A,International League,Lehigh Valley IronPigs,29,5,2
670148-2023-117,670148,Nate Mondou,2023,Triple-A,International League,Charlotte Knights,28,5,5
682515-2023-117,682515,Logan Porter,2023,Triple-A,International League,Omaha Storm Chasers,27,5,5
578570-2023-117,578570,Juniel Querecuto,2023,Triple-A,International League,Memphis Redbirds,30,5,2
642020-2023-117,642020,Chuckie Robinson,2023,Triple-A,International League,Louisville Bats,28,5,1
682177-2023-117,682177,Daniel Schneemann,2023,Triple-A,International League,Columbus Clippers,26,5,3
672463-2023-117,672463,Rafael Lantigua,2023,Triple-A,International League,Buffalo Bisons,25,5,3
670113-2023-117,670113,Jim Haley,2023,Triple-A,International League,Lehigh Valley IronPigs,28,5,2
686531-2023-117,686531,Andre Lipcius,2023,Triple-A,International League,Toledo Mud Hens,25,5,5
664901-2023-117,664901,Danny Mendick,2023,Triple-A,International League,Syracuse Mets,29,5,1
687462-2023-117,687462,Spencer Horwitz,2023,Triple-A,International League,Buffalo Bisons,25,5,3
672279-2023-117,672279,Michael Siani,2023,Triple-A,International League,Memphis Redbirds,23,5,2
687093-2023-117,687093,Vaughn Grissom,2023,Triple-A,International League,Gwinnett Stripers,22,5,1
680700-2023-117,680700,Richie Palacios,2023,Triple-A,International League,Memphis Redbirds,26,5,1
570560-2023-117,570560,Yolmer Sánchez,2023,Triple-A,International League,Gwinnett Stripers,31,5,2
669392-2023-117,669392,Samad Taylor,2023,Triple-A,International League,Omaha Storm Chasers,24,5,4
647351-2023-117,647351,Abraham Toro,2023,Triple-A,International League,Nashville Sounds,26,5,5
657088-2023-117,657088,Forrest Wall,2023,Triple-A,International League,Gwinnett Stripers,27,5,4
669364-2023-117,669364,Xavier Edwards,2023,Triple-A,International League,Jacksonville Jumbo Shrimp,23,5,4
664670-2023-117,664670,Alejo Lopez,2023,Triple-A,International League,Louisville Bats,27,5,1
665922-2023-117,665922,Símon Muzziotti,2023,Triple-A,International League,Lehigh Valley IronPigs,24,5,4
677587-2023-117,677587,Brayan Rocchio,2023,Triple-A,International League,Columbus Clippers,22,5,1
686765-2023-117,686765,Nick Sogard,2023,Triple-A,International League,Worcester Red Sox,25,5,2
677954-2023-117,677954,Jordan Groshans,2023,Triple-A,International League,Jacksonville Jumbo Shrimp,23,5,1
671088-2023-117,671088,Tanner Morris,2023,Triple-A,International League,Buffalo Bisons,25,5,3
668723-2023-117,668723,Ryan Vilade,2023,Triple-A,International League,Indianapolis Indians,24,5,3
570481-2023-117,570481,Erik González,2023,Triple-A,International League,Charlotte Knights,31,5,1
663968-2023-117,663968,Jake Mangum,2023,Triple-A,International League,Jacksonville Jumbo Shrimp,27,5,1
678545-2023-117,678545,Osleivis Basabe,2023,Triple-A,International League,Durham Bulls,22,5,4
671117-2023-117,671117,Darren Baker,2023,Triple-A,International League,Rochester Red Wings,24,5,4
686490-2023-117,686490,Cam Eden,2023,Triple-A,International League,Buffalo Bisons,25,5,4
621006-2023-117,621006,Richie Martin Jr.,2023,Triple-A,International League,Rochester Red Wings,28,5,2
670298-2023-117,670298,Kramer Robertson,2023,Triple-A,International League,Memphis Redbirds,28,5,2
691503-2023-117,691503,Yolbert Sanchez,2023,Triple-A,International League,Charlotte Knights,26,5,1
693850-2023-118,693850,Kala'i Rosario,2023,High-A,Midwest League,Cedar Rapids Kernels,20,5,5
676002-2023-118,676002,Juan Carlos Negret,2023,High-A,Midwest League,Quad Cities River Bandits,24,5,5
805346-2023-118,805346,Ben Ross,2023,High-A,Midwest League,Cedar Rapids Kernels,22,5,5
680918-2023-118,680918,Brady Allen,2023,High-A,Midwest League,West Michigan Whitecaps,23,5,3
702140-2023-118,702140,Ruben Ibarra,2023,High-A,Midwest League,Dayton Dragons,24,5,5
680756-2023-118,680756,Mat Nelson,2023,High-A,Midwest League,Dayton Dragons,24,5,5
687210-2023-118,687210,Nathan Martorella,2023,High-A,Midwest League,Fort Wayne TinCaps,22,5,1
691181-2023-118,691181,Emmanuel Rodriguez,2023,High-A,Midwest League,Cedar Rapids Kernels,20,5,5
665989-2023-118,665989,Shervyen Newton,2023,High-A,Midwest League,Quad Cities River Bandits,24,5,5
687221-2023-118,687221,Dalton Rushing,2023,High-A,Midwest League,Great Lakes Loons,22,5,5
690988-2023-118,690988,Austin Hendrick,2023,High-A,Midwest League,Dayton Dragons,22,5,2
690291-2023-118,690291,Jace Jung,2023,High-A,Midwest League,West Michigan Whitecaps,22,5,5
695490-2023-118,695490,Edwin Arroyo,2023,High-A,Midwest League,Dayton Dragons,19,5,1
674976-2023-118,674976,Griffin Lockwood-Powell,2023,High-A,Midwest League,Great Lakes Loons,25,5,5
805300-2023-118,805300,Jakob Marsee,2023,High-A,Midwest League,Fort Wayne TinCaps,22,5,2
679788-2023-118,679788,Jack Rogers,2023,High-A,Midwest League,Dayton Dragons,24,5,3
682634-2023-118,682634,Kevin Alcántara,2023,High-A,Midwest League,South Bend Cubs,20,5,3
699625-2023-118,699625,Jimmy Crooks,2023,High-A,Midwest League,Peoria Chiefs,21,5,1
688457-2023-118,688457,Gavin Cross,2023,High-A,Midwest League,Quad Cities River Bandits,22,5,2
691789-2023-118,691789,Izaac Pacheco,2023,High-A,Midwest League,West Michigan Whitecaps,20,5,5
678577-2023-118,678577,Junior Perez,2023,High-A,Midwest League,Lansing Lugnuts,21,5,2
682679-2023-118,682679,Dayan Frias,2023,High-A,Midwest League,Lake County Captains,21,5,1
669336-2023-118,669336,Joe Gray Jr.,2023,High-A,Midwest League,Wisconsin Timber Rattlers,23,5,2
695600-2023-118,695600,Carter Jensen,2023,High-A,Midwest League,Quad Cities River Bandits,19,5,5
701618-2023-118,701618,Damon Keith,2023,High-A,Midwest League,Great Lakes Loons,23,5,3
691024-2023-118,691024,Cayden Wallace,2023,High-A,Midwest League,Quad Cities River Bandits,21,5,3
690976-2023-118,690976,Alex Freeland,2023,High-A,Midwest League,Great Lakes Loons,21,5,2
681142-2023-118,681142,Justice Thompson,2023,High-A,Midwest League,Dayton Dragons,22,5,3
672613-2023-118,672613,Eliezer Alfonzo,2023,High-A,Midwest League,West Michigan Whitecaps,23,5,1
682997-2023-118,682997,Tyler Callihan,2023,High-A,Midwest League,Dayton Dragons,23,5,2
695780-2023-118,695780,Jake Fox,2023,High-A,Midwest League,Lake County Captains,20,5,2
695653-2023-118,695653,Noah Miller,2023,High-A,Midwest League,Cedar Rapids Kernels,20,5,1
691001-2023-118,691001,Robert Moore,2023,High-A,Midwest League,Wisconsin Timber Rattlers,21,5,2
804588-2023-118,804588,Bubba Alleyne,2023,High-A,Midwest League,Great Lakes Loons,24,5,2
683494-2023-118,683494,Euribiel Angeles,2023,High-A,Midwest League,Lansing Lugnuts,21,5,1
684222-2023-118,684222,Jorge Burgos,2023,High-A,Midwest League,Lake County Captains,20,5,1
702472-2023-118,702472,Austin Callahan,2023,High-A,Midwest League,Dayton Dragons,22,5,3
690903-2023-118,690903,Lucas Dunn,2023,High-A,Midwest League,Fort Wayne TinCaps,24,5,2
672861-2023-118,672861,Carlos Luis,2023,High-A,Midwest League,Fort Wayne TinCaps,23,5,1
687152-2023-118,687152,Darrien Miller,2023,High-A,Midwest League,Wisconsin Timber Rattlers,22,5,5
691740-2023-118,691740,Daniel Susac,2023,High-A,Midwest League,Lansing Lugnuts,22,5,3
694976-2023-118,694976,Osvaldo Tovalin,2023,High-A,Midwest League,Peoria Chiefs,23,5,1
805891-2023-118,805891,Taylor Young,2023,High-A,Midwest League,Great Lakes Loons,24,5,2
691558-2023-118,691558,Yeiner Fernandez,2023,High-A,Midwest League,Great Lakes Loons,20,5,1
691788-2023-118,691788,Joe Mack,2023,High-A,Midwest League,Beloit Sky Carp,20,5,1
682818-2023-118,682818,Yohendrick Piñango,2023,High-A,Midwest League,South Bend Cubs,21,5,1
701817-2023-118,701817,River Town,2023,High-A,Midwest League,Quad Cities River Bandits,23,5,1
805834-2023-118,805834,Javi Vaz,2023,High-A,Midwest League,Quad Cities River Bandits,22,5,2
691449-2023-118,691449,Roberto Campos,2023,High-A,Midwest League,West Michigan Whitecaps,20,5,1
691268-2023-118,691268,Yiddi Cappe,2023,High-A,Midwest League,Beloit Sky Carp,20,5,1
802407-2023-118,802407,Joe Lampe,2023,High-A,Midwest League,Lake County Captains,22,5,1
690902-2023-118,690902,Ben Metzinger,2023,High-A,Midwest League,Wisconsin Timber Rattlers,24,5,3
681868-2023-118,681868,Ezequiel Pagan,2023,High-A,Midwest League,South Bend Cubs,22,5,1
695370-2023-118,695370,Thomas Francisco,2023,High-A,Midwest League,Peoria Chiefs,24,5,1
691191-2023-118,691191,Jose Salas,2023,High-A,Midwest League,Cedar Rapids Kernels,20,5,2
682618-2023-118,682618,Misael Urbina,2023,High-A,Midwest League,Cedar Rapids Kernels,21,5,2
679751-2023-118,679751,Danny Bautista Jr.,2023,High-A,Midwest League,Lansing Lugnuts,22,5,1
681433-2023-118,681433,Noah Cardenas,2023,High-A,Midwest League,Cedar Rapids Kernels,23,5,3
701675-2023-118,701675,Nathan Church,2023,High-A,Midwest League,Peoria Chiefs,22,5,1
692405-2023-118,692405,Jeremy Rivas,2023,High-A,Midwest League,Peoria Chiefs,20,5,2
691949-2023-118,691949,Jake Vogel,2023,High-A,Midwest League,Great Lakes Loons,21,5,2
678648-2023-118,678648,Herard Gonzalez,2023,High-A,Midwest League,Quad Cities River Bandits,22,5,2
687783-2023-118,687783,Matthew Wood,2023,High-A,Midwest League,Wisconsin Timber Rattlers,22,5,1
702112-2023-126,702112,Hogan Windish,2023,High-A,Northwest League,Everett AquaSox,24,5,3
683103-2023-126,683103,Cade Doughty,2023,High-A,Northwest League,Vancouver Canadians,22,5,3
692348-2023-126,692348,Aeverson Arteaga,2023,High-A,Northwest League,Eugene Emeralds,20,5,1
678681-2023-126,678681,Luis Toribio,2023,High-A,Northwest League,Eugene Emeralds,22,5,3
695670-2023-126,695670,Harry Ford,2023,High-A,Northwest League,Everett AquaSox,20,5,2
687529-2023-126,687529,Grant McCray,2023,High-A,Northwest League,Eugene Emeralds,22,5,3
684855-2023-126,684855,Jared Dupere,2023,High-A,Northwest League,Eugene Emeralds,24,5,3
683447-2023-126,683447,Gabriel Martinez,2023,High-A,Northwest League,Vancouver Canadians,20,5,1
668756-2023-126,668756,Ben Ramirez,2023,High-A,Northwest League,Everett AquaSox,24,5,3
696521-2023-126,696521,Garrett Spain,2023,High-A,Northwest League,Vancouver Canadians,22,5,5
684715-2023-126,684715,Nic Kent,2023,High-A,Northwest League,Spokane Indians,23,5,1
695603-2023-126,695603,Benny Montgomery,2023,High-A,Northwest League,Spokane Indians,20,5,3
691269-2023-126,691269,Adrian Placencia,2023,High-A,Northwest League,Tri-City Dust Devils,20,5,2
672018-2023-126,672018,Dasan Brown,2023,High-A,Northwest League,Vancouver Canadians,21,5,2
682648-2023-126,682648,Juan Guerrero,2023,High-A,Northwest League,Spokane Indians,21,5,1
690956-2023-126,690956,Werner Blakely,2023,High-A,Northwest League,Tri-City Dust Devils,21,5,3
679741-2023-126,679741,Wilderd Patiño,2023,High-A,Northwest League,Hillsboro Hops,21,5,4
688460-2023-126,688460,Josh Kasevich,2023,High-A,Northwest League,Vancouver Canadians,22,5,1
677610-2023-126,677610,D'Shawn Knowles,2023,High-A,Northwest League,Tri-City Dust Devils,22,5,3
682643-2023-126,682643,Alexander Ramirez,2023,High-A,Northwest League,Tri-City Dust Devils,20,5,3
680396-2023-126,680396,Joe Stewart,2023,High-A,Northwest League,Tri-City Dust Devils,25,5,4
691186-2023-126,691186,Arol Vera,2023,High-A,Northwest League,Tri-City Dust Devils,20,5,1
663550-2023-112,663550,Trey Cabbage,2023,Triple-A,Pacific Coast League,Salt Lake Bees,26,5,3
676595-2023-112,676595,Jake Scheiner,2023,Triple-A,Pacific Coast League,Tacoma Rainiers,27,5,5
673995-2023-112,673995,Davis Wendzel,2023,Triple-A,Pacific Coast League,Round Rock Express,26,5,5
683737-2023-112,683737,Michael Busch,2023,Triple-A,Pacific Coast League,Oklahoma City Dodgers,25,5,5
676113-2023-112,676113,Zach DeLoach,2023,Triple-A,Pacific Coast League,Tacoma Rainiers,24,5,3
660758-2023-112,660758,Sandro Fabian,2023,Triple-A,Pacific Coast League,Round Rock Express,25,5,1
642137-2023-112,642137,Cody Thomas,2023,Triple-A,Pacific Coast League,Las Vegas Aviators,28,5,3
670092-2023-112,670092,Trenton Brooks,2023,Triple-A,Pacific Coast League,Sacramento River Cats,27,5,5
688760-2023-112,688760,Blaine Crim,2023,Triple-A,Pacific Coast League,Round Rock Express,26,5,5
663796-2023-112,663796,Coco Montes,2023,Triple-A,Pacific Coast League,Albuquerque Isotopes,26,5,3
694175-2023-112,694175,Pedro León,2023,Triple-A,Pacific Coast League,Sugar Land Space Cowboys,25,5,3
669899-2023-112,669899,Ryan Ward,2023,Triple-A,Pacific Coast League,Oklahoma City Dodgers,25,5,5
666149-2023-112,666149,Tyler Fitzgerald,2023,Triple-A,Pacific Coast League,Sacramento River Cats,25,5,5
676939-2023-112,676939,Jimmy Herron,2023,Triple-A,Pacific Coast League,Albuquerque Isotopes,26,5,2
676625-2023-112,676625,Rylan Bannon,2023,Triple-A,Pacific Coast League,Sugar Land Space Cowboys,27,5,5
679822-2023-112,679822,Justin Foscue,2023,Triple-A,Pacific Coast League,Round Rock Express,24,5,1
609274-2023-112,609274,Elier Hernandez,2023,Triple-A,Pacific Coast League,Round Rock Express,28,5,3
642220-2023-112,642220,Jantzen Witte,2023,Triple-A,Pacific Coast League,El Paso Chihuahuas,33,5,5
656695-2023-112,656695,J.J. Matijevic,2023,Triple-A,Pacific Coast League,Sugar Land Space Cowboys,27,5,5
677941-2023-112,677941,Jordyn Adams,2023,Triple-A,Pacific Coast League,Salt Lake Bees,23,5,3
676632-2023-112,676632,Bligh Madris,2023,Triple-A,Pacific Coast League,Sugar Land Space Cowboys,27,5,5
668845-2023-112,668845,Aaron Schunk,2023,Triple-A,Pacific Coast League,Albuquerque Isotopes,25,5,3
678489-2023-112,678489,Jorge Barrosa,2023,Triple-A,Pacific Coast League,Reno Aces,22,5,5
621005-2023-112,621005,Tim Lopes,2023,Triple-A,Pacific Coast League,El Paso Chihuahuas,29,5,4
656821-2023-112,656821,Kevin Padlo,2023,Triple-A,Pacific Coast League,Salt Lake Bees,26,5,5
676946-2023-112,676946,Matthew Batten,2023,Triple-A,Pacific Coast League,El Paso Chihuahuas,28,5,2
670128-2023-112,670128,Taylor Kohlwey,2023,Triple-A,Pacific Coast League,El Paso Chihuahuas,28,5,3
682183-2023-112,682183,Drew Avans,2023,Triple-A,Pacific Coast League,Oklahoma City Dodgers,27,5,2
595943-2023-112,595943,Phillip Evans,2023,Triple-A,Pacific Coast League,Reno Aces,30,5,1
680474-2023-112,680474,Max Schuemann,2023,Triple-A,Pacific Coast League,Las Vegas Aviators,26,5,3
669450-2023-112,669450,Cooper Hummel,2023,Triple-A,Pacific Coast League,Tacoma Rainiers,28,5,3
680716-2023-112,680716,Jonathan Ornelas,2023,Triple-A,Pacific Coast League,Round Rock Express,23,5,3
667663-2023-112,667663,Hunter Stovall,2023,Triple-A,Pacific Coast League,Albuquerque Isotopes,26,5,1
671083-2023-112,671083,Buddy Kennedy,2023,Triple-A,Pacific Coast League,Las Vegas Aviators,24,5,3
683021-2023-112,683021,Michael Stefanic,2023,Triple-A,Pacific Coast League,Salt Lake Bees,27,5,1
660634-2023-112,660634,Yonny Hernández,2023,Triple-A,Pacific Coast League,Oklahoma City Dodgers,25,5,4
660636-2023-112,660636,Diego Castillo,2023,Triple-A,Pacific Coast League,Reno Aces,25,5,3
687749-2023-116,687749,Jase Bowen,2023,High-A,South Atlantic League,Greensboro Grasshoppers,22,5,5
681679-2023-116,681679,Stanley Consuegra,2023,High-A,South Atlantic League,Brooklyn Cyclones,22,5,5
700246-2023-116,700246,Carson Williams,2023,High-A,South Atlantic League,Bowling Green Hot Rods,20,5,5
691775-2023-116,691775,Ryan Clifford,2023,High-A,South Atlantic League,Brooklyn Cyclones,19,5,5
687554-2023-116,687554,DJ Gladney,2023,High-A,South Atlantic League,Winston-Salem Dash,21,5,5
689200-2023-116,689200,Jacob Melton,2023,High-A,South Atlantic League,Asheville Tourists,22,5,2
678010-2023-116,678010,Nick Schnell,2023,High-A,South Atlantic League,Bowling Green Hot Rods,23,5,5
691938-2023-116,691938,Willy Vasquez,2023,High-A,South Atlantic League,Bowling Green Hot Rods,21,5,1
677342-2023-116,677342,Brock Jones,2023,High-A,South Atlantic League,Bowling Green Hot Rods,22,5,5
678534-2023-116,678534,Rixon Wingrove,2023,High-A,South Atlantic League,Jersey Shore BlueClaws,23,5,3
686948-2023-116,686948,Drake Baldwin,2023,High-A,South Atlantic League,Rome Braves,22,5,5
681333-2023-116,681333,Dru Baker,2023,High-A,South Atlantic League,Bowling Green Hot Rods,23,5,4
681488-2023-116,681488,Logan Cerny,2023,High-A,South Atlantic League,Asheville Tourists,23,5,2
682987-2023-116,682987,Spencer Jones,2023,High-A,South Atlantic League,Hudson Valley Renegades,22,5,3
700845-2023-116,700845,Adam Zebrowski,2023,High-A,South Atlantic League,Rome Braves,22,5,5
683227-2023-116,683227,Cody Freeman,2023,High-A,South Atlantic League,Hickory Crawdads,22,5,1
682796-2023-116,682796,Eddinson Paulino,2023,High-A,South Atlantic League,Greenville Drive,20,5,3
690474-2023-116,690474,Tommy Sacco Jr.,2023,High-A,South Atlantic League,Asheville Tourists,24,5,2
691185-2023-116,691185,Maximo Acosta,2023,High-A,South Atlantic League,Hickory Crawdads,20,5,1
680874-2023-116,680874,Tim Borden II,2023,High-A,South Atlantic League,Asheville Tourists,23,5,3
682793-2023-116,682793,Bryan Gonzalez,2023,High-A,South Atlantic League,Greenville Drive,21,5,3
683493-2023-116,683493,William Lugo,2023,High-A,South Atlantic League,Brooklyn Cyclones,21,5,2
691006-2023-116,691006,Kevin Parada,2023,High-A,South Atlantic League,Brooklyn Cyclones,21,5,5
691442-2023-116,691442,Wilfred Veras,2023,High-A,South Atlantic League,Winston-Salem Dash,20,5,4
703070-2023-116,703070,Loidel Chapelli,2023,High-A,South Atlantic League,Winston-Salem Dash,21,5,2
701496-2023-116,701496,Ben Cowles,2023,High-A,South Atlantic League,Hudson Valley Renegades,23,5,2
686863-2023-116,686863,Daniel Mateo,2023,High-A,South Atlantic League,Hickory Crawdads,21,5,4
694484-2023-116,694484,Max Wagner,2023,High-A,South Atlantic League,Aberdeen IronBirds,21,5,2
687637-2023-116,687637,Dylan Beavers,2023,High-A,South Atlantic League,Aberdeen IronBirds,21,5,2
682011-2023-116,682011,Tyler Miller,2023,High-A,South Atlantic League,Greenville Drive,23,5,1
687248-2023-116,687248,Keshawn Ogans,2023,High-A,South Atlantic League,Rome Braves,21,5,2
683610-2023-116,683610,Leandro Pineda,2023,High-A,South Atlantic League,Jersey Shore BlueClaws,21,5,3
687545-2023-116,687545,Blake Robertson,2023,High-A,South Atlantic League,Bowling Green Hot Rods,22,5,3
686445-2023-116,686445,Sammy Siani,2023,High-A,South Atlantic League,Greensboro Grasshoppers,22,5,3
683061-2023-116,683061,Alexander Vargas,2023,High-A,South Atlantic League,Hudson Valley Renegades,21,5,2
804668-2023-116,804668,Rafael Flores Jr.,2023,High-A,South Atlantic League,Hudson Valley Renegades,22,5,3
687206-2023-116,687206,Tres Gonzalez,2023,High-A,South Atlantic League,Greensboro Grasshoppers,22,5,4
700361-2023-116,700361,Shawn Goosenberg,2023,High-A,South Atlantic League,Winston-Salem Dash,23,5,2
695770-2023-116,695770,Wes Kath,2023,High-A,South Atlantic League,Winston-Salem Dash,20,5,3
686984-2023-116,686984,Marcus Lee Sang,2023,High-A,South Atlantic League,Jersey Shore BlueClaws,22,5,3
682187-2023-116,682187,Nick Ward,2023,High-A,South Atlantic League,Jersey Shore BlueClaws,27,5,2
805373-2023-116,805373,Nacho Alvarez Jr.,2023,High-A,South Atlantic League,Rome Braves,20,5,3
682707-2023-116,682707,Jeremy De La Rosa,2023,High-A,South Atlantic League,Wilmington Blue Rocks,21,5,3
684519-2023-116,684519,Omar De Los Santos,2023,High-A,South Atlantic League,Brooklyn Cyclones,23,5,2
691267-2023-116,691267,Alex Ramírez,2023,High-A,South Atlantic League,Brooklyn Cyclones,20,5,2
688403-2023-116,688403,Michael Sandle,2023,High-A,South Atlantic League,Asheville Tourists,24,5,2
686982-2023-116,686982,Jared McKenzie,2023,High-A,South Atlantic League,Wilmington Blue Rocks,22,5,1
808206-2023-116,808206,Geisel Cepeda,2023,High-A,South Atlantic League,Hickory Crawdads,25,5,1
682722-2023-116,682722,Isaac De León,2023,High-A,South Atlantic League,Aberdeen IronBirds,21,5,3
681132-2023-116,681132,Max Ferguson,2023,High-A,South Atlantic League,Greenville Drive,23,5,3
687201-2023-116,687201,Kevin Kilpatrick Jr.,2023,High-A,South Atlantic League,Rome Braves,22,5,2
702250-2023-116,702250,Jared Carr,2023,High-A,South Atlantic League,Jersey Shore BlueClaws,24,5,4
694478-2023-116,694478,Michael Turner,2023,High-A,South Atlantic League,Winston-Salem Dash,24,5,3
684852-2023-116,684852,Geraldo Quintero,2023,High-A,South Atlantic League,Rome Braves,21,5,4
695930-2023-116,695930,Frederick Bencosme,2023,High-A,South Atlantic League,Aberdeen IronBirds,20,5,1
678854-2023-116,678854,Viandel Pena,2023,High-A,South Atlantic League,Wilmington Blue Rocks,22,5,2
682265-2023-111,682265,Wes Clarke,2023,Double-A,Southern League,Biloxi Shuckers,23,5,5
677943-2023-111,677943,Will Banfield,2023,Double-A,Southern League,Pensacola Blue Wahoos,23,5,5
677956-2023-111,677956,Rece Hinds,2023,Double-A,Southern League,Chattanooga Lookouts,22,5,3
683357-2023-111,683357,Owen Caissie,2023,Double-A,Southern League,Tennessee Smokies,20,5,3
694192-2023-111,694192,Jackson Chourio,2023,Double-A,Southern League,Biloxi Shuckers,19,5,4
686677-2023-111,686677,Landon Stephens,2023,Double-A,Southern League,Mississippi Braves,25,5,5
687859-2023-111,687859,Troy Johnston,2023,Double-A,Southern League,Pensacola Blue Wahoos,26,5,5
683748-2023-111,683748,Victor Mesa Jr.,2023,Double-A,Southern League,Pensacola Blue Wahoos,21,5,1
679563-2023-111,679563,José Rodríguez,2023,Double-A,Southern League,Birmingham Barons,22,5,2
686989-2023-111,686989,James Free,2023,Double-A,Southern League,Chattanooga Lookouts,25,5,5
680846-2023-111,680846,Pablo Aliendo,2023,Double-A,Southern League,Tennessee Smokies,22,5,5
685298-2023-111,685298,Cade Bunnell,2023,Double-A,Southern League,Mississippi Braves,26,5,5
702333-2023-111,702333,Haydn McGeary,2023,Double-A,Southern League,Tennessee Smokies,23,5,5
681357-2023-111,681357,Cody Morissette,2023,Double-A,Southern League,Pensacola Blue Wahoos,23,5,5
681230-2023-111,681230,BJ Murray,2023,Double-A,Southern League,Tennessee Smokies,23,5,5
691620-2023-111,691620,Jeferson Quero,2023,Double-A,Southern League,Biloxi Shuckers,20,5,1
683341-2023-111,683341,David Calabrese,2023,Double-A,Southern League,Rocket City Trash Pandas,20,5,2
675966-2023-111,675966,Jesse Franklin V,2023,Double-A,Southern League,Mississippi Braves,24,5,5
680518-2023-111,680518,Zavier Warren,2023,Double-A,Southern League,Biloxi Shuckers,24,5,1
672012-2023-111,672012,Tyler Black,2023,Double-A,Southern League,Biloxi Shuckers,22,5,2
671155-2023-111,671155,Ivan Johnson,2023,Double-A,Southern League,Chattanooga Lookouts,24,5,5
687331-2023-111,687331,Quincy McAfee,2023,Double-A,Southern League,Chattanooga Lookouts,25,5,5
677347-2023-111,677347,Kyren Paris,2023,Double-A,Southern League,Rocket City Trash Pandas,21,5,3
687272-2023-111,687272,Tucker Flint,2023,Double-A,Southern League,Rocket City Trash Pandas,22,5,3
681715-2023-111,681715,Heriberto Hernández,2023,Double-A,Southern League,Montgomery Biscuits,23,5,3
687020-2023-111,687020,Mason Auer,2023,Double-A,Southern League,Montgomery Biscuits,22,5,2
686555-2023-111,686555,Isaac Collins,2023,Double-A,Southern League,Biloxi Shuckers,25,5,2
682927-2023-111,682927,Ronny Simon,2023,Double-A,Southern League,Montgomery Biscuits,23,5,2
673461-2023-111,673461,Yoelqui Céspedes,2023,Double-A,Southern League,Birmingham Barons,25,5,2
685127-2023-111,685127,Alex McGarry,2023,Double-A,Southern League,Chattanooga Lookouts,25,5,3
672635-2023-111,672635,Luis Mieses,2023,Double-A,Southern League,Birmingham Barons,23,5,1
680672-2023-111,680672,Luke Waddell,2023,Double-A,Southern League,Mississippi Braves,24,5,2
672701-2023-111,672701,José Devers,2023,Double-A,Southern League,Pensacola Blue Wahoos,23,5,1
671976-2023-111,671976,Tristan Peters,2023,Double-A,Southern League,Montgomery Biscuits,23,5,2
669326-2023-111,669326,Bryce Teodosio,2023,Double-A,Southern League,Rocket City Trash Pandas,24,5,2
703920-2023-111,703920,Alsander Womack,2023,Double-A,Southern League,Birmingham Barons,24,5,1
668965-2023-111,668965,Freddy Zamora,2023,Double-A,Southern League,Biloxi Shuckers,24,5,1
696140-2023-111,696140,Ethan Murray,2023,Double-A,Southern League,Biloxi Shuckers,23,5,3
700337-2023-111,700337,Edgar Quero,2023,Double-A,Southern League,Birmingham Barons,20,5,1
665940-2023-111,665940,Moisés Castillo,2023,Double-A,Southern League,Birmingham Barons,23,5,1
650506-2023-111,650506,Jose Gomez,2023,Double-A,Southern League,Rocket City Trash Pandas,26,5,1
683083-2023-111,683083,Nasim Nuñez,2023,Double-A,Southern League,Pensacola Blue Wahoos,22,5,4
681581-2023-111,681581,Andy Weber,2023,Double-A,Southern League,Tennessee Smokies,25,5,1
695462-2023-111,695462,Cal Conley,2023,Double-A,Southern League,Mississippi Braves,23,5,4
677578-2023-111,677578,Carlos Rodríguez,2023,Double-A,Southern League,Biloxi Shuckers,22,5,1
687470-2023-109,687470,Chandler Redmond,2023,Double-A,Texas League,Springfield Cardinals,26,5,3
695336-2023-109,695336,Thomas Saggese,2023,Double-A,Texas League,Springfield Cardinals,21,5,3
670870-2023-109,670870,Yunior Severino,2023,Double-A,Texas League,Wichita Wind Surge,23,5,3
691021-2023-109,691021,A.J. Vukovich,2023,Double-A,Texas League,Amarillo Sod Poodles,21,5,3
593528-2023-109,593528,Jorge Bonifacio,2023,Double-A,Texas League,Northwest Arkansas Naturals,30,5,5
656462-2023-109,656462,Isiah Gilliam,2023,Double-A,Texas League,Arkansas Travelers,26,5,3
694374-2023-109,694374,Tim Tawa,2023,Double-A,Texas League,Amarillo Sod Poodles,24,5,5
677673-2023-109,677673,Imanol Vargas,2023,Double-A,Texas League,Tulsa Drillers,25,5,3
685744-2023-109,685744,Kenedy Corona,2023,Double-A,Texas League,Corpus Christi Hooks,23,5,2
691277-2023-109,691277,Deyvison De Los Santos,2023,Double-A,Texas League,Amarillo Sod Poodles,20,5,3
684576-2023-109,684576,Alex Isola,2023,Double-A,Texas League,Wichita Wind Surge,24,5,5
682616-2023-109,682616,Diego Cartaya,2023,Double-A,Texas League,Tulsa Drillers,21,5,5
682947-2023-109,682947,Jose Ramos,2023,Double-A,Texas League,Tulsa Drillers,22,5,5
690443-2023-109,690443,Mike Antico,2023,Double-A,Texas League,Springfield Cardinals,25,5,2
689750-2023-109,689750,Jacob Buchberger,2023,Double-A,Texas League,Springfield Cardinals,25,5,1
678689-2023-109,678689,Neyfy Castillo,2023,Double-A,Texas League,Amarillo Sod Poodles,22,5,3
681134-2023-109,681134,Caleb Roberts,2023,Double-A,Texas League,Amarillo Sod Poodles,23,5,3
666783-2023-109,666783,Yusniel Díaz,2023,Double-A,Texas League,Tulsa Drillers,26,5,5
686780-2023-109,686780,Pedro Pagés,2023,Double-A,Texas League,Springfield Cardinals,24,5,5
672596-2023-109,672596,Robert Perez Jr.,2023,Double-A,Texas League,Arkansas Travelers,23,5,3
642134-2023-109,642134,Robbie Tenerowicz,2023,Double-A,Texas League,Arkansas Travelers,28,5,5
641323-2023-109,641323,Luis Aviles Jr.,2023,Double-A,Texas League,Corpus Christi Hooks,28,5,2
691783-2023-109,691783,Jordan Lawlar,2023,Double-A,Texas League,Amarillo Sod Poodles,20,5,2
677060-2023-109,677060,Chad Stevens,2023,Double-A,Texas League,Corpus Christi Hooks,24,5,3
670860-2023-109,670860,Lazaro Armenteros,2023,Double-A,Texas League,Midland RockHounds,24,5,3
689070-2023-109,689070,Spencer Packard,2023,Double-A,Texas League,Arkansas Travelers,25,5,1
682729-2023-109,682729,Jonatan Clase,2023,Double-A,Texas League,Arkansas Travelers,21,5,2
669288-2023-109,669288,Daniel Johnson,2023,Double-A,Texas League,San Antonio Missions,27,5,2
680577-2023-109,680577,DaShawn Keirsey Jr.,2023,Double-A,Texas League,Wichita Wind Surge,26,5,4
680890-2023-109,680890,Jax Biggers,2023,Double-A,Texas League,Frisco RoughRiders,26,5,2
694497-2023-109,694497,Evan Carter,2023,Double-A,Texas League,Frisco RoughRiders,20,5,3
669386-2023-109,669386,Trevor Hauver,2023,Double-A,Texas League,Frisco RoughRiders,24,5,5
678391-2023-109,678391,Jorbit Vivas,2023,Double-A,Texas League,Tulsa Drillers,22,5,1
682210-2023-109,682210,Kody Hoese,2023,Double-A,Texas League,Tulsa Drillers,25,5,1
686797-2023-109,686797,Brooks Lee,2023,Double-A,Texas League,Wichita Wind Surge,22,5,1
678760-2023-109,678760,Eddys Leonard,2023,Double-A,Texas League,Tulsa Drillers,22,5,1
686475-2023-109,686475,Tyler Tolbert,2023,Double-A,Texas League,Northwest Arkansas Naturals,25,5,4
681123-2023-109,681123,Luca Tresh,2023,Double-A,Texas League,Northwest Arkansas Naturals,23,5,1
679938-2023-109,679938,Yoyner Fajardo,2023,Double-A,Texas League,Wichita Wind Surge,24,5,4
660614-2023-109,660614,Arquímedes Gamboa,2023,Double-A,Texas League,Springfield Cardinals,25,5,3
696160-2023-109,696160,Jake Rucker,2023,Double-A,Texas League,Wichita Wind Surge,23,5,2
657089-2023-109,657089,Logan Warmoth,2023,Double-A,Texas League,Arkansas Travelers,27,5,2
682668-2023-109,682668,Luisangel Acuña,2023,Double-A,Texas League,Frisco RoughRiders,21,5,4
631222-2023-109,631222,Michael De La Cruz,2023,Double-A,Texas League,San Antonio Missions,30,5,1
667749-2023-109,667749,Juan Fernandez,2023,Double-A,Texas League,San Antonio Missions,24,5,1
682182-2023-109,682182,J.C. Correa,2023,Double-A,Texas League,Corpus Christi Hooks,24,5,1
702789-2023-109,702789,Austin Gauthier,2023,Double-A,Texas League,Tulsa Drillers,24,5,4
685341-2023-109,685341,Ripken Reyes,2023,Double-A,Texas League,San Antonio Missions,26,5,1
686523-2023-109,686523,Peyton Wilson,2023,Double-A,Texas League,Northwest Arkansas Naturals,23,5,4
660844-2023-109,660844,Leo Rivas,2023,Double-A,Texas League,Arkansas Travelers,25,5,4
687005-2023-109,687005,Kellen Strahm,2023,Double-A,Texas League,Frisco RoughRiders,26,5,3
701648-2023-109,701648,Aaron Zavala,2023,Double-A,Texas League,Frisco RoughRiders,23,5,3
676063-2023-109,676063,Shane McGuire,2023,Double-A,Texas League,Midland RockHounds,24,5,2
702331-2023-109,702331,Noah Mendlinger,2023,Double-A,Texas League,Springfield Cardinals,22,5,1
692044-2024-110,692044,Luis Suisbel,2024,Low-A,California League,Modesto Nuts,21,5,3
677673-2024-110,677673,Imanol Vargas,2024,Low-A,California League,Inland Empire 66ers,26,5,3
687918-2024-110,687918,Braylen Wimmer,2024,Low-A,California League,Fresno Grizzlies,23,5,1
687982-2024-110,687982,Carson Jones,2024,Low-A,California League,Modesto Nuts,23,5,3
813860-2024-110,813860,Charlie Pagliarini,2024,Low-A,California League,Modesto Nuts,23,5,3
703194-2024-110,703194,Randy De Jesus,2024,Low-A,California League,Inland Empire 66ers,19,5,3
692364-2024-110,692364,Cesar Quintas,2024,Low-A,California League,San Jose Giants,21,5,1
815888-2024-110,815888,Leo De Vries,2024,Low-A,California League,Lake Elsinore Storm,17,5,5
802504-2024-110,802504,Myles Naylor,2024,Low-A,California League,Stockton Ports,19,5,3
694977-2024-110,694977,Nate Nankil,2024,Low-A,California League,Stockton Ports,21,5,3
700321-2024-110,700321,Andy Perez,2024,Low-A,California League,Fresno Grizzlies,20,5,1
806223-2024-110,806223,Aidan Smith,2024,Low-A,California League,Modesto Nuts,19,5,2
698916-2024-110,698916,Rosman Verdugo,2024,Low-A,California League,Lake Elsinore Storm,19,5,5
701682-2024-110,701682,Braedon Karpathios,2024,Low-A,California League,Lake Elsinore Storm,21,5,3
691292-2024-110,691292,Angel Ortiz,2024,Low-A,California League,Visalia Rawhide,21,5,1
805931-2024-110,805931,Caleb Hobson,2024,Low-A,California League,Fresno Grizzlies,22,5,4
800306-2024-110,800306,Jansel Luis,2024,Low-A,California League,Visalia Rawhide,19,5,1
806191-2024-110,806191,Tai Peete,2024,Low-A,California League,Modesto Nuts,18,5,3
703430-2024-110,703430,Anthony Scull,2024,Low-A,California League,Inland Empire 66ers,20,5,1
702258-2024-110,702258,Druw Jones,2024,Low-A,California League,Visalia Rawhide,20,5,3
683887-2024-110,683887,Darlyn Montero,2024,Low-A,California League,Stockton Ports,22,5,3
683529-2024-110,683529,Milkar Perez,2024,Low-A,California League,Modesto Nuts,22,5,3
700170-2024-110,700170,Felix Tena,2024,Low-A,California League,Fresno Grizzlies,20,5,1
703153-2024-110,703153,Samuel Munoz,2024,Low-A,California League,Rancho Cucamonga Quakes,19,5,1
699232-2024-110,699232,Anderdson Rojas,2024,Low-A,California League,Visalia Rawhide,20,5,4
700341-2024-110,700341,Kenny Castillo,2024,Low-A,California League,Visalia Rawhide,20,5,1
694180-2024-110,694180,Wilman Diaz,2024,Low-A,California League,Rancho Cucamonga Quakes,20,5,3
695457-2024-110,695457,Jason Hinchman,2024,Low-A,California League,Fresno Grizzlies,24,5,3
805782-2024-110,805782,Ryan Lasko,2024,Low-A,California League,Stockton Ports,22,5,3
800194-2024-110,800194,Capri Ortiz,2024,Low-A,California League,Inland Empire 66ers,19,5,4
800185-2024-110,800185,Ruben Santana,2024,Low-A,California League,Visalia Rawhide,19,5,3
800198-2024-110,800198,Cristofer Torin,2024,Low-A,California League,Visalia Rawhide,19,5,2
801698-2024-110,801698,Ryan Wilson,2024,Low-A,California League,Lake Elsinore Storm,22,5,1
806077-2024-110,806077,Kendall George,2024,Low-A,California League,Rancho Cucamonga Quakes,19,5,4
699127-2024-122,699127,Luis Castillo,2024,Low-A,Carolina League,Carolina Mudcats,20,5,5
696513-2024-122,696513,Andy Garriola,2024,Low-A,Carolina League,Myrtle Beach Pelicans,24,5,5
805810-2024-122,805810,Blake Mitchell,2024,Low-A,Carolina League,Columbia Fireflies,19,5,5
806210-2024-122,806210,Alfonsin Rosario,2024,Low-A,Carolina League,Myrtle Beach Pelicans,20,5,5
800448-2024-122,800448,Echedry Vargas,2024,Low-A,Carolina League,Down East Wood Ducks,19,5,1
700283-2024-122,700283,Derlin Figueroa,2024,Low-A,Carolina League,Columbia Fireflies,20,5,2
701327-2024-122,701327,Elijah Green,2024,Low-A,Carolina League,Fredericksburg Nationals,20,5,3
815697-2024-122,815697,Arturo Disla,2024,Low-A,Carolina League,Down East Wood Ducks,23,5,1
800051-2024-122,800051,Austin Charles,2024,Low-A,Carolina League,Columbia Fireflies,20,5,2
806441-2024-122,806441,Nehomar Ochoa Jr.,2024,Low-A,Carolina League,Fayetteville Woodpeckers,18,5,2
691179-2024-122,691179,Erick Peña,2024,Low-A,Carolina League,Columbia Fireflies,21,5,5
806252-2024-122,806252,Ralphy Velazquez,2024,Low-A,Carolina League,Lynchburg Hillcats,19,5,5
800406-2024-122,800406,Aron Estrada,2024,Low-A,Carolina League,Delmarva Shorebirds,19,5,4
699615-2024-122,699615,Brandon Pimentel,2024,Low-A,Carolina League,Fredericksburg Nationals,24,5,1
806983-2024-122,806983,Yophery Rodriguez,2024,Low-A,Carolina League,Carolina Mudcats,18,5,1
683149-2024-122,683149,Julian Brock,2024,Low-A,Carolina League,Down East Wood Ducks,23,5,3
703198-2024-122,703198,Kenni Gomez,2024,Low-A,Carolina League,Fayetteville Woodpeckers,19,5,1
800377-2024-122,800377,Angel Mateo,2024,Low-A,Carolina League,Charleston RiverDogs,19,5,2
807511-2024-122,807511,Nelly Taylor,2024,Low-A,Carolina League,Salem Red Sox,21,5,2
800256-2024-122,800256,Natanael Yuten,2024,Low-A,Carolina League,Salem Red Sox,19,5,1
702995-2024-122,702995,Antonio Anderson,2024,Low-A,Carolina League,Salem Red Sox,19,5,1
702693-2024-122,702693,Jaison Chourio,2024,Low-A,Carolina League,Lynchburg Hillcats,19,5,4
694183-2024-122,694183,Cristian Hernández,2024,Low-A,Carolina League,Myrtle Beach Pelicans,20,5,4
800440-2024-122,800440,Narciso Polanco,2024,Low-A,Carolina League,Charleston RiverDogs,19,5,2
703143-2024-122,703143,Cristhian Vaquero,2024,Low-A,Carolina League,Fredericksburg Nationals,19,5,2
804645-2024-122,804645,Caden Connor,2024,Low-A,Carolina League,Kannapolis Cannon Ballers,23,5,1
694065-2024-122,694065,Arxy Hernandez,2024,Low-A,Carolina League,Kannapolis Cannon Ballers,20,5,1
691262-2024-122,691262,Reginald Preciado,2024,Low-A,Carolina League,Myrtle Beach Pelicans,21,5,1
805075-2024-122,805075,Erick Torres,2024,Low-A,Carolina League,Columbia Fireflies,19,5,1
800421-2024-122,800421,Marvin Alcantara,2024,Low-A,Carolina League,Salem Red Sox,19,5,1
694206-2024-122,694206,Daniel Guilarte,2024,Low-A,Carolina League,Carolina Mudcats,20,5,4
691405-2024-122,691405,Juan Benjamin,2024,Low-A,Carolina League,Lynchburg Hillcats,21,5,4
821009-2024-122,821009,Cesar Hernandez,2024,Low-A,Carolina League,Fayetteville Woodpeckers,21,5,4
694387-2024-122,694387,Christian Knapczyk,2024,Low-A,Carolina League,Lynchburg Hillcats,22,5,1
815299-2024-122,815299,Will Verdung,2024,Low-A,Carolina League,Augusta GreenJackets,21,5,2
800345-2024-122,800345,Juan Baez,2024,Low-A,Carolina League,Carolina Mudcats,19,5,1
694181-2024-122,694181,Carlos Colmenarez,2024,Low-A,Carolina League,Charleston RiverDogs,20,5,2
694070-2024-122,694070,Yhoswar Garcia,2024,Low-A,Carolina League,Carolina Mudcats,22,5,4
800357-2024-122,800357,Ricardo Gonzalez,2024,Low-A,Carolina League,Charleston RiverDogs,19,5,1
803142-2024-122,803142,Tommy Hawke,2024,Low-A,Carolina League,Lynchburg Hillcats,21,5,4
805082-2024-122,805082,Ronny Hernandez,2024,Low-A,Carolina League,Kannapolis Cannon Ballers,19,5,1
807747-2024-122,807747,Rikuu Nishida,2024,Low-A,Carolina League,Kannapolis Cannon Ballers,23,5,4
803745-2024-122,803745,Adrian Santana,2024,Low-A,Carolina League,Charleston RiverDogs,18,5,4
694808-2024-113,694808,Zach Kokoska,2024,Double-A,Eastern League,Hartford Yard Goats,25,5,5
669236-2024-113,669236,Jeremiah Jackson,2024,Double-A,Eastern League,Binghamton Rumble Ponies,24,5,1
691775-2024-113,691775,Ryan Clifford,2024,Double-A,Eastern League,Binghamton Rumble Ponies,20,5,5
682983-2024-113,682983,Jud Fabian,2024,Double-A,Eastern League,Bowie Baysox,23,5,5
680273-2024-113,680273,Chris Meyers,2024,Double-A,Eastern League,Erie SeaWolves,25,5,5
669398-2024-113,669398,Gage Workman,2024,Double-A,Eastern League,Erie SeaWolves,24,5,3
682987-2024-113,682987,Spencer Jones,2024,Double-A,Eastern League,Somerset Patriots,23,5,3
694212-2024-113,694212,Samuel Basallo,2024,Double-A,Eastern League,Bowie Baysox,19,5,1
678413-2024-113,678413,Alexfri Planez,2024,Double-A,Eastern League,Akron RubberDucks,22,5,1
694930-2024-113,694930,Carson Taylor,2024,Double-A,Eastern League,Reading Fightin Phils,25,5,5
696135-2024-113,696135,Kahlil Watson,2024,Double-A,Eastern League,Akron RubberDucks,21,5,5
701350-2024-113,701350,Roman Anthony,2024,Double-A,Eastern League,Portland Sea Dogs,20,5,3
687637-2024-113,687637,Dylan Beavers,2024,Double-A,Eastern League,Bowie Baysox,22,5,2
685313-2024-113,685313,Elijah Dunham,2024,Double-A,Eastern League,Somerset Patriots,26,5,5
691182-2024-113,691182,Adael Amador,2024,Double-A,Eastern League,Hartford Yard Goats,21,5,2
660650-2024-113,660650,Dérmis Garcia,2024,Double-A,Eastern League,Harrisburg Senators,26,5,5
687724-2024-113,687724,Jake Holton,2024,Double-A,Eastern League,Erie SeaWolves,26,5,3
686984-2024-113,686984,Marcus Lee Sang,2024,Double-A,Eastern League,Reading Fightin Phils,23,5,3
691006-2024-113,691006,Kevin Parada,2024,Double-A,Eastern League,Binghamton Rumble Ponies,22,5,5
689651-2024-113,689651,Phillip Sikes,2024,Double-A,Eastern League,Portland Sea Dogs,25,5,2
694514-2024-113,694514,Sterlin Thompson,2024,Double-A,Eastern League,Hartford Yard Goats,23,5,1
690984-2024-113,690984,Petey Halpin,2024,Double-A,Eastern League,Akron RubberDucks,22,5,2
701678-2024-113,701678,Hao-Yu Lee,2024,Double-A,Eastern League,Erie SeaWolves,21,5,3
701162-2024-113,701162,Ben Malgeri,2024,Double-A,Eastern League,Erie SeaWolves,24,5,3
678742-2024-113,678742,Rainer Nunez,2024,Double-A,Eastern League,New Hampshire Fisher Cats,23,5,3
678011-2024-113,678011,Anthony Seigler,2024,Double-A,Eastern League,Somerset Patriots,25,5,2
682674-2024-113,682674,Victor Bericoto,2024,Double-A,Eastern League,Richmond Flying Squirrels,22,5,1
691907-2024-113,691907,Tsung-Che Cheng,2024,Double-A,Eastern League,Altoona Curve,22,5,2
682775-2024-113,682775,Kervin Pichardo,2024,Double-A,Eastern League,Altoona Curve,22,5,3
691019-2024-113,691019,Kyle Teel,2024,Double-A,Eastern League,Portland Sea Dogs,22,5,3
687749-2024-113,687749,Jase Bowen,2024,Double-A,Eastern League,Altoona Curve,23,5,2
675994-2024-113,675994,Devonte Brown,2024,Double-A,Eastern League,New Hampshire Fisher Cats,24,5,3
690924-2024-113,690924,Braxton Fulford,2024,Double-A,Eastern League,Hartford Yard Goats,25,5,5
672613-2024-113,672613,Eliezer Alfonzo,2024,Double-A,Eastern League,Erie SeaWolves,24,5,1
680918-2024-113,680918,Brady Allen,2024,Double-A,Eastern League,Erie SeaWolves,24,5,3
682653-2024-113,682653,Warming Bernabel,2024,Double-A,Eastern League,Hartford Yard Goats,22,5,1
701496-2024-113,701496,Ben Cowles,2024,Double-A,Eastern League,Somerset Patriots,24,5,1
669360-2024-113,669360,Trei Cruz,2024,Double-A,Eastern League,Erie SeaWolves,25,5,3
679821-2024-113,679821,Rowdey Jordan,2024,Double-A,Eastern League,Binghamton Rumble Ponies,25,5,2
691001-2024-113,691001,Robert Moore,2024,Double-A,Eastern League,Reading Fightin Phils,22,5,1
685300-2024-113,685300,Grant Richardson,2024,Double-A,Eastern League,Somerset Patriots,24,5,3
675455-2024-113,675455,Milan Tolentino,2024,Double-A,Eastern League,Akron RubberDucks,22,5,2
695930-2024-113,695930,Frederick Bencosme,2024,Double-A,Eastern League,Bowie Baysox,21,5,1
677570-2024-113,677570,Aaron Bracho,2024,Double-A,Eastern League,Akron RubberDucks,23,5,2
682942-2024-113,682942,Alex De Jesus,2024,Double-A,Eastern League,New Hampshire Fisher Cats,22,5,3
687981-2024-113,687981,John Rhodes,2024,Double-A,Eastern League,Bowie Baysox,23,5,2
689822-2024-113,689822,Matt Rudick,2024,Double-A,Eastern League,Binghamton Rumble Ponies,25,5,2
686798-2024-113,686798,Yordys Valdes,2024,Double-A,Eastern League,Akron RubberDucks,22,5,3
694368-2024-113,694368,Jimmy Glowenke,2024,Double-A,Eastern League,Richmond Flying Squirrels,25,5,1
687627-2024-113,687627,Kody Huff,2024,Double-A,Eastern League,Akron RubberDucks,23,5,2
691458-2024-113,691458,Blaze Jordan,2024,Double-A,Eastern League,Portland Sea Dogs,21,5,1
687605-2024-113,687605,Andrew Pinckney,2024,Double-A,Eastern League,Harrisburg Senators,23,5,3
690022-2024-113,690022,Ryan Ritter,2024,Double-A,Eastern League,Hartford Yard Goats,23,5,3
683447-2024-113,683447,Gabriel Martinez,2024,Double-A,Eastern League,New Hampshire Fisher Cats,21,5,1
682679-2024-113,682679,Dayan Frias,2024,Double-A,Eastern League,Akron RubberDucks,22,5,2
685332-2024-113,685332,Carlos Mendoza,2024,Double-A,Eastern League,Erie SeaWolves,24,5,4
691267-2024-113,691267,Alex Ramírez,2024,Double-A,Eastern League,Binghamton Rumble Ponies,21,5,2
678837-2024-113,678837,Bladimir Restituyo,2024,Double-A,Eastern League,Hartford Yard Goats,22,5,1
686445-2024-113,686445,Sammy Siani,2024,Double-A,Eastern League,Altoona Curve,23,5,1
673990-2024-113,673990,Andy Thomas,2024,Double-A,Eastern League,Richmond Flying Squirrels,26,5,1
686976-2024-113,686976,Silas Ardoin,2024,Double-A,Eastern League,Bowie Baysox,23,5,2
802407-2024-113,802407,Joe Lampe,2024,Double-A,Eastern League,Akron RubberDucks,23,5,1
696281-2024-113,696281,Wyatt Young,2024,Double-A,Eastern League,Binghamton Rumble Ponies,24,5,4
686793-2024-113,686793,J.T. Arruda,2024,Double-A,Eastern League,Harrisburg Senators,26,5,1
800765-2024-113,800765,Carter Howell,2024,Double-A,Eastern League,Richmond Flying Squirrels,25,5,1
688460-2024-113,688460,Josh Kasevich,2024,Double-A,Eastern League,New Hampshire Fisher Cats,23,5,1
687751-2024-113,687751,Cortland Lawson,2024,Double-A,Eastern League,Harrisburg Senators,24,5,1
699013-2024-123,699013,Esmerlyn Valdez,2024,Low-A,Florida State League,Bradenton Marauders,20,5,5
694200-2024-123,694200,Ariel Almonte,2024,Low-A,Florida State League,Daytona Tortugas,20,5,5
813880-2024-123,813880,Devin Saltiban,2024,Low-A,Florida State League,Clearwater Threshers,19,5,5
682627-2024-123,682627,Jose De La Cruz,2024,Low-A,Florida State League,Lakeland Flying Tigers,22,5,3
805796-2024-123,805796,Arjun Nimmala,2024,Low-A,Florida State League,Dunedin Blue Jays,18,5,5
806263-2024-123,806263,Brandon Winokur,2024,Low-A,Florida State League,Fort Myers Mighty Mussels,19,5,2
703149-2024-123,703149,Roderick Arias,2024,Low-A,Florida State League,Tampa Tarpons,19,5,3
691922-2024-123,691922,Javier Rivas,2024,Low-A,Florida State League,Bradenton Marauders,21,5,3
703150-2024-123,703150,Ricky Cabrera,2024,Low-A,Florida State League,Daytona Tortugas,19,5,1
694186-2024-123,694186,Shalin Polanco,2024,Low-A,Florida State League,Bradenton Marauders,20,5,2
691398-2024-123,691398,Yerlin Confidan,2024,Low-A,Florida State League,Daytona Tortugas,21,5,3
815734-2024-123,815734,Dylan Jasso,2024,Low-A,Florida State League,Tampa Tarpons,21,5,5
801938-2024-123,801938,Avery Owusu-Asiedu,2024,Low-A,Florida State League,Clearwater Threshers,21,5,2
703204-2024-123,703204,Esmith Pineda,2024,Low-A,Florida State League,Daytona Tortugas,19,5,2
700731-2024-123,700731,Keiner Delgado,2024,Low-A,Florida State League,Bradenton Marauders,20,5,2
694215-2024-123,694215,Hans Montero,2024,Low-A,Florida State League,Tampa Tarpons,20,5,2
701206-2024-123,701206,Willy Montero,2024,Low-A,Florida State League,Tampa Tarpons,19,5,1
694202-2024-123,694202,Manuel Beltre,2024,Low-A,Florida State League,Dunedin Blue Jays,20,5,1
692390-2024-123,692390,Jose Cordoba,2024,Low-A,Florida State League,Palm Beach Cardinals,21,5,1
698933-2024-123,698933,Ronald Hernandez,2024,Low-A,Florida State League,St. Lucie Mets,20,5,3
806124-2024-123,806124,Colin Houck,2024,Low-A,Florida State League,St. Lucie Mets,19,5,3
806146-2024-123,806146,George Lombard Jr.,2024,Low-A,Florida State League,Tampa Tarpons,19,5,2
805951-2024-123,805951,Boston Baro,2024,Low-A,Florida State League,St. Lucie Mets,19,5,1
815089-2024-123,815089,Coby Morales,2024,Low-A,Florida State League,Tampa Tarpons,22,5,4
696291-2024-123,696291,Jordan McCants,2024,Low-A,Florida State League,Jupiter Hammerheads,22,5,2
808818-2024-123,808818,David Smith,2024,Low-A,Florida State League,Lakeland Flying Tigers,23,5,2
805102-2024-123,805102,Byron Chourio,2024,Low-A,Florida State League,Fort Myers Mighty Mussels,19,5,2
699293-2024-123,699293,Yohairo Cuevas,2024,Low-A,Florida State League,St. Lucie Mets,20,5,2
800510-2024-123,800510,Samuel Gil,2024,Low-A,Florida State League,Lakeland Flying Tigers,19,5,1
663609-2024-117,663609,Luken Baker,2024,Triple-A,International League,Memphis Redbirds,27,5,5
671286-2024-117,671286,Johnathan Rodríguez,2024,Triple-A,International League,Columbus Clippers,24,5,3
663905-2024-117,663905,Travis Blankenhorn,2024,Triple-A,International League,Rochester Red Wings,27,5,5
682239-2024-117,682239,Luke Ritter,2024,Triple-A,International League,Syracuse Mets,27,5,3
664068-2024-117,664068,Scott Kingery,2024,Triple-A,International League,Lehigh Valley IronPigs,30,5,5
685301-2024-117,685301,Matt Gorski,2024,Triple-A,International League,Indianapolis Indians,26,5,5
572204-2024-117,572204,Trayce Thompson,2024,Triple-A,International League,Iowa Cubs,33,5,5
676551-2024-117,676551,Brewer Hicklen,2024,Triple-A,International League,Nashville Sounds,28,5,2
621458-2024-117,621458,Edwin Rios,2024,Triple-A,International League,Louisville Bats,30,5,5
682877-2024-117,682877,Juan Brito,2024,Triple-A,International League,Columbus Clippers,22,5,5
669288-2024-117,669288,Daniel Johnson,2024,Triple-A,International League,Norfolk Tides,28,5,5
685382-2024-117,685382,Andrew Navigato,2024,Triple-A,International League,Toledo Mud Hens,26,5,5
670231-2024-117,670231,John Rave,2024,Triple-A,International League,Omaha Storm Chasers,26,5,5
670870-2024-117,670870,Yunior Severino,2024,Triple-A,International League,St. Paul Saints,24,5,3
666915-2024-117,666915,Bobby Dalbec,2024,Triple-A,International League,Worcester Red Sox,29,5,3
689288-2024-117,689288,Matt Koperniak,2024,Triple-A,International League,Memphis Redbirds,26,5,3
695336-2024-117,695336,Thomas Saggese,2024,Triple-A,International League,Memphis Redbirds,22,5,5
683357-2024-117,683357,Owen Caissie,2024,Triple-A,International League,Iowa Cubs,21,5,3
665052-2024-117,665052,Griffin Conine,2024,Triple-A,International League,Jacksonville Jumbo Shrimp,26,5,3
687478-2024-117,687478,Cam Devanney,2024,Triple-A,International League,Omaha Storm Chasers,27,5,3
676632-2024-117,676632,Bligh Madris,2024,Triple-A,International League,Toledo Mud Hens,28,5,5
671913-2024-117,671913,Damiano Palmegiani,2024,Triple-A,International League,Buffalo Bisons,24,5,5
683770-2024-117,683770,Will Robertson,2024,Triple-A,International League,Buffalo Bisons,26,5,5
657193-2024-117,657193,Eddy Alvarez,2024,Triple-A,International League,Worcester Red Sox,34,5,5
676625-2024-117,676625,Rylan Bannon,2024,Triple-A,International League,St. Paul Saints,28,5,5
695657-2024-117,695657,Colson Montgomery,2024,Triple-A,International League,Charlotte Knights,22,5,5
677588-2024-117,677588,José Tena,2024,Triple-A,International League,Rochester Red Wings,23,5,3
666211-2024-117,666211,Taylor Trammell,2024,Triple-A,International League,Scranton/Wilkes-Barre RailRiders,26,5,5
656484-2024-117,656484,Tristan Gray,2024,Triple-A,International League,Jacksonville Jumbo Shrimp,28,5,5
670224-2024-117,670224,Kameron Misner,2024,Triple-A,International League,Durham Bulls,26,5,3
681393-2024-117,681393,Connor Norby,2024,Triple-A,International League,Jacksonville Jumbo Shrimp,24,5,3
695257-2024-117,695257,Billy Cook,2024,Triple-A,International League,Indianapolis Indians,25,5,5
681987-2024-117,681987,Nate Eaton,2024,Triple-A,International League,Omaha Storm Chasers,27,5,2
694355-2024-117,694355,Tyler Gentry,2024,Triple-A,International League,Omaha Storm Chasers,25,5,3
669742-2024-117,669742,Darick Hall,2024,Triple-A,International League,Lehigh Valley IronPigs,28,5,5
668472-2024-117,668472,Nick Pratto,2024,Triple-A,International League,Omaha Storm Chasers,25,5,5
623205-2024-117,623205,Andrew Velazquez,2024,Triple-A,International League,Gwinnett Stripers,29,5,3
670712-2024-117,670712,Mike Brosseau,2024,Triple-A,International League,Syracuse Mets,30,5,1
681198-2024-117,681198,TJ Rumfield,2024,Triple-A,International League,Scranton/Wilkes-Barre RailRiders,24,5,1
672012-2024-117,672012,Tyler Black,2024,Triple-A,International League,Nashville Sounds,23,5,2
686555-2024-117,686555,Isaac Collins,2024,Triple-A,International League,Nashville Sounds,26,5,5
680837-2024-117,680837,Ryan Fitzgerald,2024,Triple-A,International League,Omaha Storm Chasers,30,5,5
677956-2024-117,677956,Rece Hinds,2024,Triple-A,International League,Louisville Bats,23,5,3
690291-2024-117,690291,Jace Jung,2024,Triple-A,International League,Toledo Mud Hens,23,5,5
680577-2024-117,680577,DaShawn Keirsey Jr.,2024,Triple-A,International League,St. Paul Saints,27,5,3
693409-2024-117,693409,César Prieto,2024,Triple-A,International League,Memphis Redbirds,25,5,1
671083-2024-117,671083,Buddy Kennedy,2024,Triple-A,International League,Lehigh Valley IronPigs,25,5,1
678554-2024-117,678554,Curtis Mead,2024,Triple-A,International League,Durham Bulls,23,5,1
678894-2024-117,678894,Liover Peguero,2024,Triple-A,International League,Indianapolis Indians,23,5,3
672724-2024-117,672724,Oswald Peraza,2024,Triple-A,International League,Scranton/Wilkes-Barre RailRiders,24,5,2
686765-2024-117,686765,Nick Sogard,2024,Triple-A,International League,Worcester Red Sox,26,5,3
668723-2024-117,668723,Ryan Vilade,2024,Triple-A,International League,Toledo Mud Hens,25,5,2
671221-2024-117,671221,Drew Waters,2024,Triple-A,International League,Omaha Storm Chasers,25,5,3
671976-2024-117,671976,Tristan Peters,2024,Triple-A,International League,Durham Bulls,24,5,5
642197-2024-117,642197,Jamie Westbrook,2024,Triple-A,International League,Worcester Red Sox,29,5,1
693049-2024-117,693049,Oscar Colás,2024,Triple-A,International League,Charlotte Knights,25,5,2
664731-2024-117,664731,P.J. Higgins,2024,Triple-A,International League,Louisville Bats,31,5,3
687859-2024-117,687859,Troy Johnston,2024,Triple-A,International League,Jacksonville Jumbo Shrimp,27,5,1
682650-2024-117,682650,Malcom Nuñez,2024,Triple-A,International League,Indianapolis Indians,23,5,1
592622-2024-117,592622,Mark Payton,2024,Triple-A,International League,Charlotte Knights,32,5,1
682927-2024-117,682927,Ronny Simon,2024,Triple-A,International League,Durham Bulls,24,5,3
660636-2024-117,660636,Diego Castillo,2024,Triple-A,International League,St. Paul Saints,26,5,1
686639-2024-117,686639,Jack Dunn,2024,Triple-A,International League,Rochester Red Wings,27,5,2
678391-2024-117,678391,Jorbit Vivas,2024,Triple-A,International League,Scranton/Wilkes-Barre RailRiders,23,5,2
681962-2024-117,681962,Vinny Capra,2024,Triple-A,International League,Nashville Sounds,27,5,2
682668-2024-117,682668,Luisangel Acuña,2024,Triple-A,International League,Syracuse Mets,22,5,4
694362-2024-117,694362,Blake Dunn,2024,Triple-A,International League,Louisville Bats,25,5,2
571875-2024-117,571875,Jake Lamb,2024,Triple-A,International League,Indianapolis Indians,33,5,1
805367-2024-117,805367,Chase Meidroth,2024,Triple-A,International League,Worcester Red Sox,22,5,3
676113-2024-117,676113,Zach DeLoach,2024,Triple-A,International League,Charlotte Knights,25,5,3
570481-2024-117,570481,Erik González,2024,Triple-A,International League,Louisville Bats,32,5,1
663968-2024-117,663968,Jake Mangum,2024,Triple-A,International League,Durham Bulls,28,5,4
679881-2024-117,679881,J.P. Martínez,2024,Triple-A,International League,Gwinnett Stripers,28,5,2
691594-2024-117,691594,Javier Sanoja,2024,Triple-A,International League,Jacksonville Jumbo Shrimp,21,5,1
694425-2024-117,694425,Justice Bigbie,2024,Triple-A,International League,Toledo Mud Hens,25,5,1
672463-2024-117,672463,Rafael Lantigua,2024,Triple-A,International League,Buffalo Bisons,26,5,4
664670-2024-117,664670,Alejo Lopez,2024,Triple-A,International League,Gwinnett Stripers,28,5,4
668791-2024-117,668791,Anthony Prato,2024,Triple-A,International League,St. Paul Saints,26,5,1
664702-2024-117,664702,Myles Straw,2024,Triple-A,International League,Columbus Clippers,29,5,1
680672-2024-117,680672,Luke Waddell,2024,Triple-A,International League,Gwinnett Stripers,25,5,1
671117-2024-117,671117,Darren Baker,2024,Triple-A,International League,Rochester Red Wings,25,5,4
683006-2024-118,683006,Chris Newell,2024,High-A,Midwest League,Great Lakes Loons,23,5,5
702253-2024-118,702253,Cam Collier,2024,High-A,Midwest League,Dayton Dragons,19,5,5
811289-2024-118,811289,Spencer Nivens,2024,High-A,Midwest League,Quad Cities River Bandits,22,5,5
695031-2024-118,695031,Josh Zamora,2024,High-A,Midwest League,Beloit Sky Carp,25,5,5
687310-2024-118,687310,Will Simpson,2024,High-A,Midwest League,Lansing Lugnuts,22,5,5
688780-2024-118,688780,Luke Gold,2024,High-A,Midwest League,West Michigan Whitecaps,23,5,5
686438-2024-118,686438,Rubel Cespedes,2024,High-A,Midwest League,Cedar Rapids Kernels,23,5,1
696501-2024-118,696501,Mark Coley II,2024,High-A,Midwest League,Beloit Sky Carp,23,5,2
699115-2024-118,699115,Carlos Jorge,2024,High-A,Midwest League,Dayton Dragons,20,5,2
699073-2024-118,699073,Thayron Liranzo,2024,High-A,Midwest League,West Michigan Whitecaps,20,5,5
695612-2024-118,695612,Alex Mooney,2024,High-A,Midwest League,Lake County Captains,21,5,2
699302-2024-118,699302,Héctor Rodríguez,2024,High-A,Midwest League,Dayton Dragons,20,5,1
702726-2024-118,702726,Luke Adams,2024,High-A,Midwest League,Wisconsin Timber Rattlers,20,5,2
801194-2024-118,801194,Max Anderson,2024,High-A,Midwest League,West Michigan Whitecaps,22,5,1
691627-2024-118,691627,Ricardo Olivar,2024,High-A,Midwest League,Cedar Rapids Kernels,22,5,5
675394-2024-118,675394,Johnny Olmstead,2024,High-A,Midwest League,Beloit Sky Carp,23,5,1
687731-2024-118,687731,Trevor Werner,2024,High-A,Midwest League,Quad Cities River Bandits,23,5,2
695481-2024-118,695481,Jay Allen II,2024,High-A,Midwest League,Dayton Dragons,21,5,2
699130-2024-118,699130,Jadher Areinamo,2024,High-A,Midwest League,Wisconsin Timber Rattlers,20,5,4
699024-2024-118,699024,Leo Bernal,2024,High-A,Midwest League,Peoria Chiefs,20,5,1
694749-2024-118,694749,Dylan Campbell,2024,High-A,Midwest League,Great Lakes Loons,21,5,2
691449-2024-118,691449,Roberto Campos,2024,High-A,Midwest League,West Michigan Whitecaps,21,5,3
801406-2024-118,801406,Jared Dickey,2024,High-A,Midwest League,Lansing Lugnuts,22,5,1
695600-2024-118,695600,Carter Jensen,2024,High-A,Midwest League,Quad Cities River Bandits,20,5,2
807751-2024-118,807751,Ethan O'Donnell,2024,High-A,Midwest League,Dayton Dragons,22,5,3
811287-2024-118,811287,Carson Roccaforte,2024,High-A,Midwest League,Quad Cities River Bandits,22,5,2
695358-2024-118,695358,Jonny Butler,2024,High-A,Midwest League,Lansing Lugnuts,25,5,2
682631-2024-118,682631,Eduarqui Fernandez,2024,High-A,Midwest League,Wisconsin Timber Rattlers,22,5,2
693819-2024-118,693819,Kyle Nevin,2024,High-A,Midwest League,Great Lakes Loons,22,5,3
683454-2024-118,683454,Brayan Buelvas,2024,High-A,Midwest League,Lansing Lugnuts,22,5,3
683481-2024-118,683481,Nerwilian Cedeño,2024,High-A,Midwest League,Fort Wayne TinCaps,22,5,2
691408-2024-118,691408,Maick Collado,2024,High-A,Midwest League,Lake County Captains,21,5,1
691410-2024-118,691410,Jose Devers,2024,High-A,Midwest League,Lake County Captains,21,5,1
695780-2024-118,695780,Jake Fox,2024,High-A,Midwest League,Lake County Captains,21,5,2
687192-2024-118,687192,Cade Hunter,2024,High-A,Midwest League,Dayton Dragons,23,5,2
683494-2024-118,683494,Euribiel Angeles,2024,High-A,Midwest League,Lansing Lugnuts,22,5,1
699114-2024-118,699114,Leo Balcazar,2024,High-A,Midwest League,Dayton Dragons,20,5,1
695653-2024-118,695653,Noah Miller,2024,High-A,Midwest League,Great Lakes Loons,21,5,1
687625-2024-118,687625,Kai Murphy,2024,High-A,Midwest League,Fort Wayne TinCaps,23,5,1
668776-2024-118,668776,Devin Ortiz,2024,High-A,Midwest League,Fort Wayne TinCaps,25,5,1
800473-2024-118,800473,Jefferson Rojas,2024,High-A,Midwest League,South Bend Cubs,19,5,1
809945-2024-118,809945,Jonah Advincula,2024,High-A,Midwest League,Lake County Captains,23,5,2
700931-2024-118,700931,Seth Stephenson,2024,High-A,Midwest League,West Michigan Whitecaps,23,5,4
682618-2024-118,682618,Misael Urbina,2024,High-A,Midwest League,Cedar Rapids Kernels,22,5,2
694193-2024-118,694193,Victor Acosta,2024,High-A,Midwest League,Dayton Dragons,20,5,1
679751-2024-118,679751,Danny Bautista Jr.,2024,High-A,Midwest League,Lansing Lugnuts,23,5,1
800325-2024-118,800325,Luis Lara,2024,High-A,Midwest League,Wisconsin Timber Rattlers,19,5,4
699393-2024-118,699393,Pedro Ramírez,2024,High-A,Midwest League,South Bend Cubs,20,5,4
806956-2024-118,806956,Ethan Salas,2024,High-A,Midwest League,Fort Wayne TinCaps,18,5,1
691191-2024-118,691191,Jose Salas,2024,High-A,Midwest League,Cedar Rapids Kernels,21,5,2
687783-2024-118,687783,Matthew Wood,2024,High-A,Midwest League,Wisconsin Timber Rattlers,23,5,1
805280-2024-118,805280,Alex Iadisernia,2024,High-A,Midwest League,Peoria Chiefs,23,5,2
813386-2024-118,813386,Justin Johnson,2024,High-A,Midwest League,Quad Cities River Bandits,24,5,2
690914-2024-118,690914,Brody Moore,2024,High-A,Midwest League,Peoria Chiefs,23,5,4
800231-2024-118,800231,Won-Bin Cho,2024,High-A,Midwest League,Peoria Chiefs,20,5,3
815039-2024-118,815039,Dustin Dickerson,2024,High-A,Midwest League,Quad Cities River Bandits,23,5,2
690992-2024-118,690992,Ed Howard,2024,High-A,Midwest League,South Bend Cubs,22,5,3
703520-2024-118,703520,Brett Bateman,2024,High-A,Midwest League,South Bend Cubs,22,5,4
694249-2024-126,694249,Cole Carrigg,2024,High-A,Northwest League,Spokane Indians,22,5,4
681377-2024-126,681377,Josh Hood,2024,High-A,Northwest League,Everett AquaSox,23,5,2
691720-2024-126,691720,Kyle Karros,2024,High-A,Northwest League,Spokane Indians,21,5,3
690957-2024-126,690957,Jace Bohrofen,2024,High-A,Northwest League,Vancouver Canadians,22,5,5
687730-2024-126,687730,Caleb Cali,2024,High-A,Northwest League,Everett AquaSox,23,5,5
814194-2024-126,814194,Quinn McDaniel,2024,High-A,Northwest League,Eugene Emeralds,21,5,2
814791-2024-126,814791,Jared Sundstrom,2024,High-A,Northwest League,Everett AquaSox,23,5,2
700164-2024-126,700164,Bryant Betancourt,2024,High-A,Northwest League,Spokane Indians,20,5,1
694815-2024-126,694815,Jack Hurley,2024,High-A,Northwest League,Hillsboro Hops,22,5,1
681098-2024-126,681098,Bill Knight,2024,High-A,Northwest League,Everett AquaSox,24,5,2
695521-2024-126,695521,Gavin Conticello,2024,High-A,Northwest League,Hillsboro Hops,21,5,3
800959-2024-126,800959,Nick Goodwin,2024,High-A,Northwest League,Vancouver Canadians,22,5,2
671925-2024-126,671925,Matt Coutney,2024,High-A,Northwest League,Tri-City Dust Devils,24,5,3
691726-2024-126,691726,Kevin Sim,2024,High-A,Northwest League,Hillsboro Hops,22,5,1
699912-2024-126,699912,Jose Fernandez,2024,High-A,Northwest League,Hillsboro Hops,20,5,1
814408-2024-126,814408,Jackson Hornung,2024,High-A,Northwest League,Vancouver Canadians,23,5,3
810053-2024-126,810053,Caleb Ketchup,2024,High-A,Northwest League,Tri-City Dust Devils,22,5,2
692046-2024-126,692046,Axel Sanchez,2024,High-A,Northwest League,Everett AquaSox,21,5,2
682648-2024-126,682648,Juan Guerrero,2024,High-A,Northwest League,Spokane Indians,22,5,1
694211-2024-126,694211,Manuel Pena,2024,High-A,Northwest League,Hillsboro Hops,20,5,1
690956-2024-126,690956,Werner Blakely,2024,High-A,Northwest League,Tri-City Dust Devils,22,5,2
694170-2024-126,694170,Dyan Jorge,2024,High-A,Northwest League,Spokane Indians,21,5,4
669899-2024-112,669899,Ryan Ward,2024,Triple-A,Pacific Coast League,Oklahoma City Baseball Club,26,5,5
613564-2024-112,613564,Jason Vosler,2024,Triple-A,Pacific Coast League,Tacoma Rainiers,30,5,5
664247-2024-112,664247,Kyle Garlick,2024,Triple-A,Pacific Coast League,Reno Aces,32,5,5
542208-2024-112,542208,Carlos Pérez,2024,Triple-A,Pacific Coast League,Las Vegas Aviators,33,5,5
680728-2024-112,680728,Adrian Del Castillo,2024,Triple-A,Pacific Coast League,Reno Aces,24,5,5
665846-2024-112,665846,Jesús Bastidas,2024,Triple-A,Pacific Coast League,Sugar Land Space Cowboys,25,5,5
686531-2024-112,686531,Andre Lipcius,2024,Triple-A,Pacific Coast League,Oklahoma City Baseball Club,26,5,5
694376-2024-112,694376,Shay Whitcomb,2024,Triple-A,Pacific Coast League,Sugar Land Space Cowboys,25,5,5
694175-2024-112,694175,Pedro León,2024,Triple-A,Pacific Coast League,Sugar Land Space Cowboys,26,5,3
672359-2024-112,672359,Tirso Ornelas,2024,Triple-A,Pacific Coast League,El Paso Chihuahuas,24,5,1
672478-2024-112,672478,Jordan Diaz,2024,Triple-A,Pacific Coast League,Las Vegas Aviators,23,5,1
668751-2024-112,668751,Cal Mitchell,2024,Triple-A,Pacific Coast League,El Paso Chihuahuas,25,5,5
676116-2024-112,676116,Ryan Noda,2024,Triple-A,Pacific Coast League,Las Vegas Aviators,28,5,5
666703-2024-112,666703,Eguy Rosario,2024,Triple-A,Pacific Coast League,El Paso Chihuahuas,24,5,5
688760-2024-112,688760,Blaine Crim,2024,Triple-A,Pacific Coast League,Round Rock Express,27,5,1
665953-2024-112,665953,Andrés Chaparro,2024,Triple-A,Pacific Coast League,Reno Aces,25,5,3
680693-2024-112,680693,Grant Lavigne,2024,Triple-A,Pacific Coast League,Albuquerque Isotopes,24,5,5
660758-2024-112,660758,Sandro Fabian,2024,Triple-A,Pacific Coast League,Round Rock Express,26,5,1
682210-2024-112,682210,Kody Hoese,2024,Triple-A,Pacific Coast League,Oklahoma City Baseball Club,26,5,1
664954-2024-112,664954,Brett Sullivan,2024,Triple-A,Pacific Coast League,El Paso Chihuahuas,30,5,5
663536-2024-112,663536,Tristin English,2024,Triple-A,Pacific Coast League,Reno Aces,27,5,1
675659-2024-112,675659,Greg Jones,2024,Triple-A,Pacific Coast League,Albuquerque Isotopes,26,5,3
681584-2024-112,681584,David Villar,2024,Triple-A,Pacific Coast League,Sacramento River Cats,27,5,5
680810-2024-112,680810,Quincy Hamilton,2024,Triple-A,Pacific Coast League,Sugar Land Space Cowboys,26,5,5
676939-2024-112,676939,Jimmy Herron,2024,Triple-A,Pacific Coast League,Albuquerque Isotopes,27,5,1
669087-2024-112,669087,Sam Huff,2024,Triple-A,Pacific Coast League,Round Rock Express,26,5,3
687799-2024-112,687799,Cade Marlowe,2024,Triple-A,Pacific Coast League,Tacoma Rainiers,27,5,2
700242-2024-112,700242,Trey Sweeney,2024,Triple-A,Pacific Coast League,Oklahoma City Baseball Club,24,5,3
669208-2024-112,669208,Ryan Bliss,2024,Triple-A,Pacific Coast League,Tacoma Rainiers,24,5,4
641779-2024-112,641779,Charles Leblanc,2024,Triple-A,Pacific Coast League,Salt Lake Bees,28,5,5
605346-2024-112,605346,Jack López,2024,Triple-A,Pacific Coast League,Salt Lake Bees,31,5,3
669386-2024-112,669386,Trevor Hauver,2024,Triple-A,Pacific Coast League,Round Rock Express,25,5,3
669392-2024-112,669392,Samad Taylor,2024,Triple-A,Pacific Coast League,Tacoma Rainiers,25,5,4
677941-2024-112,677941,Jordyn Adams,2024,Triple-A,Pacific Coast League,Salt Lake Bees,24,5,4
676946-2024-112,676946,Matthew Batten,2024,Triple-A,Pacific Coast League,El Paso Chihuahuas,29,5,2
670092-2024-112,670092,Trenton Brooks,2024,Triple-A,Pacific Coast League,Sacramento River Cats,28,5,1
687957-2024-112,687957,Dustin Harris,2024,Triple-A,Pacific Coast League,Round Rock Express,24,5,2
669450-2024-112,669450,Cooper Hummel,2024,Triple-A,Pacific Coast League,Sugar Land Space Cowboys,29,5,3
546991-2024-112,546991,Albert Almora Jr.,2024,Triple-A,Pacific Coast League,Reno Aces,30,5,1
666183-2024-112,666183,Hunter Bishop,2024,Triple-A,Pacific Coast League,Sacramento River Cats,26,5,3
660829-2024-112,660829,Hoy Park,2024,Triple-A,Pacific Coast League,Las Vegas Aviators,28,5,3
642727-2024-112,642727,Sergio Alcántara,2024,Triple-A,Pacific Coast League,Reno Aces,27,5,3
682183-2024-112,682183,Drew Avans,2024,Triple-A,Pacific Coast League,Oklahoma City Baseball Club,28,5,3
667663-2024-112,667663,Hunter Stovall,2024,Triple-A,Pacific Coast League,Albuquerque Isotopes,27,5,1
669200-2024-112,669200,Mason McCoy,2024,Triple-A,Pacific Coast League,El Paso Chihuahuas,29,5,2
670148-2024-112,670148,Nate Mondou,2024,Triple-A,Pacific Coast League,El Paso Chihuahuas,29,5,2
669326-2024-112,669326,Bryce Teodosio,2024,Triple-A,Pacific Coast League,Salt Lake Bees,25,5,4
519303-2024-112,519303,Elliot Soto,2024,Triple-A,Pacific Coast League,Salt Lake Bees,34,5,2
680890-2024-112,680890,Jax Biggers,2024,Triple-A,Pacific Coast League,Round Rock Express,27,5,2
702789-2024-112,702789,Austin Gauthier,2024,Triple-A,Pacific Coast League,Oklahoma City Baseball Club,25,5,1
676566-2024-116,676566,Shawn Ross,2024,High-A,South Atlantic League,Greensboro Grasshoppers,24,5,5
800232-2024-116,800232,Luis Baez,2024,High-A,South Atlantic League,Asheville Tourists,20,5,5
682793-2024-116,682793,Bryan Gonzalez,2024,High-A,South Atlantic League,Greenville Drive,22,5,3
677342-2024-116,677342,Brock Jones,2024,High-A,South Atlantic League,Bowling Green Hot Rods,23,5,3
695770-2024-116,695770,Wes Kath,2024,High-A,South Atlantic League,Winston-Salem Dash,21,5,5
807742-2024-116,807742,Colton Ledbetter,2024,High-A,South Atlantic League,Bowling Green Hot Rods,22,5,2
691369-2024-116,691369,Allan Castro,2024,High-A,South Atlantic League,Greenville Drive,21,5,5
802459-2024-116,802459,Ryan Johnson,2024,High-A,South Atlantic League,Asheville Tourists,23,5,3
694966-2024-116,694966,Brayden Taylor,2024,High-A,South Atlantic League,Bowling Green Hot Rods,22,5,5
696145-2024-116,696145,Lonnie White Jr.,2024,High-A,South Atlantic League,Greensboro Grasshoppers,21,5,5
695604-2024-116,695604,T.J. White,2024,High-A,South Atlantic League,Wilmington Blue Rocks,20,5,5
802991-2024-116,802991,E.J. Exposito,2024,High-A,South Atlantic League,Rome Emperors,23,5,2
687431-2024-116,687431,Hudson Head,2024,High-A,South Atlantic League,Greensboro Grasshoppers,23,5,5
690991-2024-116,690991,Mac Horvath,2024,High-A,South Atlantic League,Bowling Green Hot Rods,22,5,2
702261-2024-116,702261,Termarr Johnson,2024,High-A,South Atlantic League,Greensboro Grasshoppers,20,5,2
683079-2024-116,683079,Omar Martinez,2024,High-A,South Atlantic League,Hudson Valley Renegades,22,5,5
691858-2024-116,691858,Jared Serna,2024,High-A,South Atlantic League,Hudson Valley Renegades,22,5,1
695508-2024-116,695508,Cam Cauley,2024,High-A,South Atlantic League,Hickory Crawdads,21,5,2
691792-2024-116,691792,Roc Riggio,2024,High-A,South Atlantic League,Hudson Valley Renegades,22,5,2
689688-2024-116,689688,Ethan Workinger,2024,High-A,South Atlantic League,Rome Emperors,22,5,2
701778-2024-116,701778,Jace Avina,2024,High-A,South Atlantic League,Hudson Valley Renegades,21,5,1
695048-2024-116,695048,Garret Guillemette,2024,High-A,South Atlantic League,Asheville Tourists,22,5,5
695692-2024-116,695692,Cooper Kinney,2024,High-A,South Atlantic League,Bowling Green Hot Rods,21,5,3
806964-2024-116,806964,Sebastian Walcott,2024,High-A,South Atlantic League,Hickory Crawdads,18,5,3
700845-2024-116,700845,Adam Zebrowski,2024,High-A,South Atlantic League,Rome Emperors,23,5,3
694218-2024-116,694218,Yeison Morrobel,2024,High-A,South Atlantic League,Hickory Crawdads,20,5,1
694742-2024-116,694742,Josh Moylan,2024,High-A,South Atlantic League,Hudson Valley Renegades,21,5,3
691385-2024-116,691385,Ronald Rosario,2024,High-A,South Atlantic League,Greenville Drive,21,5,1
694214-2024-116,694214,Samuel Zavala,2024,High-A,South Atlantic League,Winston-Salem Dash,19,5,2
801523-2024-116,801523,Chris Suero,2024,High-A,South Atlantic League,Brooklyn Cyclones,20,5,2
691645-2024-116,691645,Jefrey De Los Santos,2024,High-A,South Atlantic League,Brooklyn Cyclones,21,5,5
690983-2024-116,690983,Hunter Haas,2024,High-A,South Atlantic League,Bowling Green Hot Rods,22,5,2
694991-2024-116,694991,Mitch Jebb,2024,High-A,South Atlantic League,Greensboro Grasshoppers,22,5,4
691708-2024-116,691708,Junior Tilien,2024,High-A,South Atlantic League,Brooklyn Cyclones,21,5,1
677356-2024-116,677356,Carter Young,2024,High-A,South Atlantic League,Aberdeen IronBirds,23,5,2
687201-2024-116,687201,Kevin Kilpatrick Jr.,2024,High-A,South Atlantic League,Rome Emperors,23,5,4
688500-2024-116,688500,Stephen Paolini,2024,High-A,South Atlantic League,Rome Emperors,23,5,3
694884-2024-116,694884,Jalen Vasquez,2024,High-A,South Atlantic League,Aberdeen IronBirds,22,5,2
702708-2024-116,702708,Emaarion Boyd,2024,High-A,South Atlantic League,Jersey Shore BlueClaws,20,5,4
694754-2024-116,694754,Sabin Ceballos,2024,High-A,South Atlantic League,Rome Emperors,21,5,2
694230-2024-116,694230,Hendry Mendez,2024,High-A,South Atlantic League,Jersey Shore BlueClaws,20,5,1
703492-2024-116,703492,Nick Morabito,2024,High-A,South Atlantic League,Brooklyn Cyclones,21,5,4
801600-2024-116,801600,Bryce Willits,2024,High-A,South Atlantic League,Winston-Salem Dash,24,5,1
688394-2024-116,688394,Jordan Sprinkle,2024,High-A,South Atlantic League,Winston-Salem Dash,23,5,2
703151-2024-116,703151,William Bergolla Jr.,2024,High-A,South Atlantic League,Winston-Salem Dash,19,5,4
701701-2024-116,701701,Quincy Scott,2024,High-A,South Atlantic League,Hickory Crawdads,21,5,1
678021-2024-111,678021,Nicholas Northcut,2024,Double-A,Southern League,Chattanooga Lookouts,25,5,5
691788-2024-111,691788,Joe Mack,2024,Double-A,Southern League,Pensacola Blue Wahoos,21,5,5
700246-2024-111,700246,Carson Williams,2024,Double-A,Southern League,Montgomery Biscuits,21,5,5
694385-2024-111,694385,Brock Wilken,2024,Double-A,Southern League,Biloxi Shuckers,22,5,5
687272-2024-111,687272,Tucker Flint,2024,Double-A,Southern League,Rocket City Trash Pandas,23,5,3
687210-2024-111,687210,Nathan Martorella,2024,Double-A,Southern League,Pensacola Blue Wahoos,23,5,5
691442-2024-111,691442,Wilfred Veras,2024,Double-A,Southern League,Birmingham Barons,21,5,3
672569-2024-111,672569,Gustavo Campero,2024,Double-A,Southern League,Rocket City Trash Pandas,26,5,2
676572-2024-111,676572,Eric Wagaman,2024,Double-A,Southern League,Rocket City Trash Pandas,26,5,1
667803-2024-111,667803,Ernesto Martinez Jr.,2024,Double-A,Southern League,Biloxi Shuckers,25,5,1
702333-2024-111,702333,Haydn McGeary,2024,Double-A,Southern League,Tennessee Smokies,24,5,5
682192-2024-111,682192,Paul McIntosh,2024,Double-A,Southern League,Pensacola Blue Wahoos,26,5,1
690988-2024-111,690988,Austin Hendrick,2024,Double-A,Southern League,Chattanooga Lookouts,23,5,2
681357-2024-111,681357,Cody Morissette,2024,Double-A,Southern League,Pensacola Blue Wahoos,24,5,2
676473-2024-111,676473,Lamar Sparks,2024,Double-A,Southern League,Biloxi Shuckers,25,5,3
694351-2024-111,694351,Jacob Berry,2024,Double-A,Southern League,Pensacola Blue Wahoos,23,5,1
681371-2024-111,681371,Dom Keegan,2024,Double-A,Southern League,Montgomery Biscuits,23,5,3
695587-2024-111,695587,Bryson Horne,2024,Double-A,Southern League,Mississippi Braves,25,5,3
805300-2024-111,805300,Jakob Marsee,2024,Double-A,Southern League,Pensacola Blue Wahoos,23,5,2
695020-2024-111,695020,Tanner Murray,2024,Double-A,Southern League,Montgomery Biscuits,24,5,1
701649-2024-111,701649,James Triantos,2024,Double-A,Southern League,Tennessee Smokies,21,5,4
681047-2024-111,681047,Christian Franklin,2024,Double-A,Southern League,Tennessee Smokies,24,5,4
694378-2024-111,694378,Jacob Gonzalez,2024,Double-A,Southern League,Birmingham Barons,22,5,1
687862-2024-111,687862,Cody Milligan,2024,Double-A,Southern League,Mississippi Braves,25,5,4
695299-2024-111,695299,Terrell Tatum,2024,Double-A,Southern League,Birmingham Barons,24,5,2
687521-2024-111,687521,Eric Brown Jr.,2024,Double-A,Southern League,Biloxi Shuckers,23,5,2
694848-2024-111,694848,Sam Brown,2024,Double-A,Southern League,Rocket City Trash Pandas,22,5,1
667240-2024-111,667240,Jason Matthews,2024,Double-A,Southern League,Birmingham Barons,27,5,2
695462-2024-111,695462,Cal Conley,2024,Double-A,Southern League,Mississippi Braves,24,5,4
687152-2024-111,687152,Darrien Miller,2024,Double-A,Southern League,Biloxi Shuckers,23,5,2
694478-2024-111,694478,Michael Turner,2024,Double-A,Southern League,Birmingham Barons,25,5,1
677605-2024-111,677605,Luis Verdugo,2024,Double-A,Southern League,Tennessee Smokies,23,5,1
687248-2024-111,687248,Keshawn Ogans,2024,Double-A,Southern League,Mississippi Braves,22,5,2
703185-2024-111,703185,Nelson Rada,2024,Double-A,Southern League,Rocket City Trash Pandas,18,5,4
681333-2024-111,681333,Dru Baker,2024,Double-A,Southern League,Montgomery Biscuits,24,5,4
699471-2024-109,699471,Ivan Melendez,2024,Double-A,Texas League,Amarillo Sod Poodles,24,5,5
694374-2024-109,694374,Tim Tawa,2024,Double-A,Texas League,Amarillo Sod Poodles,25,5,5
681134-2024-109,681134,Caleb Roberts,2024,Double-A,Texas League,Amarillo Sod Poodles,24,5,5
623507-2024-109,623507,Josh Lester,2024,Double-A,Texas League,Northwest Arkansas Naturals,29,5,5
694673-2024-109,694673,Abimelec Ortiz,2024,Double-A,Texas League,Frisco RoughRiders,22,5,5
651016-2024-109,651016,Matt Lloyd,2024,Double-A,Texas League,Springfield Cardinals,28,5,5
682947-2024-109,682947,Jose Ramos,2024,Double-A,Texas League,Tulsa Drillers,23,5,5
691021-2024-109,691021,A.J. Vukovich,2024,Double-A,Texas League,Amarillo Sod Poodles,22,5,3
686770-2024-109,686770,Dillan Shrum,2024,Double-A,Texas League,Northwest Arkansas Naturals,26,5,5
688457-2024-109,688457,Gavin Cross,2024,Double-A,Texas League,Northwest Arkansas Naturals,23,5,2
676812-2024-109,676812,Carson McCusker,2024,Double-A,Texas League,Wichita Wind Surge,26,5,3
686810-2024-109,686810,Brennan Milone,2024,Double-A,Texas League,Midland RockHounds,23,5,5
702112-2024-109,702112,Hogan Windish,2024,Double-A,Texas League,Arkansas Travelers,25,5,5
694271-2024-109,694271,R.J. Yeager,2024,Double-A,Texas League,Springfield Cardinals,25,5,1
683227-2024-109,683227,Cody Freeman,2024,Double-A,Texas League,Frisco RoughRiders,23,5,1
674976-2024-109,674976,Griffin Lockwood-Powell,2024,Double-A,Texas League,Tulsa Drillers,26,5,5
681123-2024-109,681123,Luca Tresh,2024,Double-A,Texas League,Northwest Arkansas Naturals,24,5,5
686523-2024-109,686523,Peyton Wilson,2024,Double-A,Texas League,Northwest Arkansas Naturals,24,5,2
676203-2024-109,676203,Marcos Castañon,2024,Double-A,Texas League,San Antonio Missions,25,5,1
672016-2024-109,672016,Denzel Clarke,2024,Double-A,Texas League,Midland RockHounds,24,5,3
677049-2024-109,677049,Josh Hatcher,2024,Double-A,Texas League,Frisco RoughRiders,25,5,3
642134-2024-109,642134,Robbie Tenerowicz,2024,Double-A,Texas League,San Antonio Missions,29,5,1
677565-2024-109,677565,Kristian Robinson,2024,Double-A,Texas League,Amarillo Sod Poodles,23,5,3
805346-2024-109,805346,Ben Ross,2024,Double-A,Texas League,Wichita Wind Surge,23,5,2
702113-2024-109,702113,Cole Cummings,2024,Double-A,Texas League,San Antonio Missions,26,5,3
687567-2024-109,687567,Jorel Ortega,2024,Double-A,Texas League,Wichita Wind Surge,23,5,2
690474-2024-109,690474,Tommy Sacco Jr.,2024,Double-A,Texas League,Corpus Christi Hooks,25,5,2
802355-2024-109,802355,Tanner Schobel,2024,Double-A,Texas League,Wichita Wind Surge,23,5,2
701675-2024-109,701675,Nathan Church,2024,Double-A,Texas League,Springfield Cardinals,23,5,1
663478-2024-109,663478,Brendon Davis,2024,Double-A,Texas League,Tulsa Drillers,26,5,2
642720-2024-109,642720,Ray-Patrick Didder,2024,Double-A,Texas League,San Antonio Missions,29,5,2
672596-2024-109,672596,Robert Perez Jr.,2024,Double-A,Texas League,San Antonio Missions,24,5,3
696160-2024-109,696160,Jake Rucker,2024,Double-A,Texas League,Wichita Wind Surge,24,5,1
702284-2024-109,702284,Cole Young,2024,Double-A,Texas League,Arkansas Travelers,20,5,2
691185-2024-109,691185,Maximo Acosta,2024,Double-A,Texas League,Frisco RoughRiders,21,5,1
678746-2024-109,678746,Diego Hernandez,2024,Double-A,Texas League,Northwest Arkansas Naturals,23,5,1
678577-2024-109,678577,Junior Perez,2024,Double-A,Texas League,Midland RockHounds,22,5,3
677601-2024-109,677601,Keyber Rodriguez,2024,Double-A,Texas League,Frisco RoughRiders,23,5,1
805834-2024-109,805834,Javi Vaz,2024,Double-A,Texas League,Northwest Arkansas Naturals,23,5,1
676466-2024-109,676466,Jack Winkler,2024,Double-A,Texas League,Midland RockHounds,25,5,2
689750-2024-109,689750,Jacob Buchberger,2024,Double-A,Texas League,Springfield Cardinals,26,5,1
695670-2024-109,695670,Harry Ford,2024,Double-A,Texas League,Arkansas Travelers,21,5,2
701648-2024-109,701648,Aaron Zavala,2024,Double-A,Texas League,Frisco RoughRiders,24,5,2
685341-2024-109,685341,Ripken Reyes,2024,Double-A,Texas League,San Antonio Missions,27,5,1
686475-2024-109,686475,Tyler Tolbert,2024,Double-A,Texas League,Northwest Arkansas Naturals,26,5,4
805891-2024-109,805891,Taylor Young,2024,Double-A,Texas League,Tulsa Drillers,25,5,2
691558-2024-109,691558,Yeiner Fernandez,2024,Double-A,Texas League,Tulsa Drillers,21,5,1
692405-2024-109,692405,Jeremy Rivas,2024,Double-A,Texas League,Springfield Cardinals,21,5,4
679754-2024-109,679754,Alberto Rodriguez,2024,Double-A,Texas League,Arkansas Travelers,23,5,2
810938-2024-109,810938,Ben Williamson,2024,Double-A,Texas League,Arkansas Travelers,23,5,3
663494-2024-109,663494,Bryan Torres,2024,Double-A,Texas League,Springfield Cardinals,26,5,4
671080-2024-109,671080,Jeremy Arocho,2024,Double-A,Texas League,Corpus Christi Hooks,25,5,4
702331-2024-109,702331,Noah Mendlinger,2024,Double-A,Texas League,Springfield Cardinals,23,5,1
692039-2025-110,692039,Carlos Jimenez,2025,Low-A,California League,Modesto Nuts,22,5,2
702607-2025-110,702607,Dakota Jordan,2025,Low-A,California League,San Jose Giants,22,5,3
808234-2025-110,808234,Eduardo Quintero,2025,Low-A,California League,Rancho Cucamonga Quakes,19,5,3
804558-2025-110,804558,Raudi Rodriguez,2025,Low-A,California League,Inland Empire 66ers,21,5,3
701837-2025-110,701837,Kavares Tears,2025,Low-A,California League,Lake Elsinore Storm,22,5,3
806152-2025-110,806152,Walker Martin,2025,Low-A,California League,San Jose Giants,21,5,3
807957-2025-110,807957,Yassel Soler,2025,Low-A,California League,Visalia Rawhide,19,5,1
813771-2025-110,813771,Robert Hipwell,2025,Low-A,California League,San Jose Giants,22,5,5
703153-2025-110,703153,Samuel Munoz,2025,Low-A,California League,Rancho Cucamonga Quakes,20,5,2
806978-2025-110,806978,Robert Calaz,2025,Low-A,California League,Fresno Grizzlies,19,5,1
815464-2025-110,815464,Lisbel Diaz,2025,Low-A,California League,San Jose Giants,19,5,1
694563-2025-110,694563,Harold Coll,2025,Low-A,California League,Inland Empire 66ers,23,5,3
814696-2025-110,814696,Jaron Elkins,2025,Low-A,California League,Rancho Cucamonga Quakes,20,5,4
802474-2025-110,802474,Cameron Leary,2025,Low-A,California League,Stockton Ports,23,5,2
691561-2025-110,691561,Jose Meza,2025,Low-A,California League,Rancho Cucamonga Quakes,22,5,2
800185-2025-110,800185,Ruben Santana,2025,Low-A,California League,Visalia Rawhide,20,5,1
699698-2025-110,699698,Ricardo Cova,2025,Low-A,California League,Modesto Nuts,21,5,4
800302-2025-110,800302,Mairoshendrick Martinus,2025,Low-A,California League,Rancho Cucamonga Quakes,20,5,2
806958-2025-110,806958,Felnin Celesten,2025,Low-A,California League,Modesto Nuts,19,5,4
822624-2025-110,822624,Kevin Fitzer,2025,Low-A,California League,Fresno Grizzlies,23,5,1
800193-2025-110,800193,Kelvin Hidalgo,2025,Low-A,California League,Fresno Grizzlies,20,5,4
805117-2025-110,805117,Jean Carlos Sió,2025,Low-A,California League,San Jose Giants,21,5,1
800569-2025-110,800569,Alberto Barriga,2025,Low-A,California League,Visalia Rawhide,20,5,2
702601-2025-110,702601,Lamar King Jr.,2025,Low-A,California League,Lake Elsinore Storm,21,5,2
800188-2025-110,800188,Dario Laverde,2025,Low-A,California League,Inland Empire 66ers,20,5,1
694318-2025-110,694318,Austin St. Laurent,2025,Low-A,California League,Modesto Nuts,22,5,4
828473-2025-110,828473,Zach Evans,2025,Low-A,California League,Lake Elsinore Storm,22,5,1
805319-2025-110,805319,Dervy Ventura,2025,Low-A,California League,Modesto Nuts,21,5,4
814091-2025-110,814091,John Wimmer,2025,Low-A,California League,Inland Empire 66ers,20,5,3
703192-2025-110,703192,Abdias De La Cruz,2025,Low-A,California League,Visalia Rawhide,20,5,2
691571-2025-110,691571,Johan Macias,2025,Low-A,California League,Inland Empire 66ers,22,5,1
807975-2025-110,807975,Yeiker Reyes,2025,Low-A,California League,Fresno Grizzlies,19,5,4
800206-2025-110,800206,Yerald Nin,2025,Low-A,California League,Visalia Rawhide,19,5,4
694953-2025-110,694953,C.J. Pittaro,2025,Low-A,California League,Stockton Ports,23,5,3
702409-2025-110,702409,Jorge Ruiz,2025,Low-A,California League,Inland Empire 66ers,21,5,4
800724-2025-122,800724,Eric Bitonti,2025,Low-A,Carolina League,Carolina Mudcats,19,5,5
805804-2025-122,805804,George Wolkow,2025,Low-A,Carolina League,Kannapolis Cannon Ballers,19,5,2
807722-2025-122,807722,Maxton Martin,2025,Low-A,Carolina League,Hickory Crawdads,20,5,1
808153-2025-122,808153,Luis Merejo,2025,Low-A,Carolina League,Hill City Howlers,19,5,2
815121-2025-122,815121,Alexey Lumpuy,2025,Low-A,Carolina League,Myrtle Beach Pelicans,21,5,3
815352-2025-122,815352,Caleb Bonemer,2025,Low-A,Carolina League,Kannapolis Cannon Ballers,19,5,2
806985-2025-122,806985,Yoeilin Cespedes,2025,Low-A,Carolina League,Salem Red Sox,19,5,1
806995-2025-122,806995,Filippo Di Turi,2025,Low-A,Carolina League,Carolina Mudcats,19,5,2
801561-2025-122,801561,Matt Halbach,2025,Low-A,Carolina League,Myrtle Beach Pelicans,22,5,1
695707-2025-122,695707,Brennon McNair,2025,Low-A,Carolina League,Columbia Fireflies,22,5,2
800393-2025-122,800393,Yeremy Cabrera,2025,Low-A,Carolina League,Hickory Crawdads,19,5,2
806980-2025-122,806980,Angel Cepeda,2025,Low-A,Carolina League,Myrtle Beach Pelicans,19,5,3
824615-2025-122,824615,Connor Hujsak,2025,Low-A,Carolina League,Charleston RiverDogs,23,5,2
808245-2025-122,808245,Starlyn Nunez,2025,Low-A,Carolina League,Salem Red Sox,19,5,1
703143-2025-122,703143,Cristhian Vaquero,2025,Low-A,Carolina League,Fredericksburg Nationals,20,5,2
808535-2025-122,808535,John Gil,2025,Low-A,Carolina League,Augusta GreenJackets,19,5,4
808326-2025-122,808326,Pablo Guerrero,2025,Low-A,Carolina League,Hickory Crawdads,18,5,1
808631-2025-122,808631,Frederik Jimenez,2025,Low-A,Carolina League,Salem Red Sox,20,5,2
703612-2025-122,703612,Nick Peoples,2025,Low-A,Carolina League,Fredericksburg Nationals,20,5,3
703178-2025-122,703178,Braylin Tavera,2025,Low-A,Carolina League,Delmarva Shorebirds,20,5,2
696083-2025-122,696083,Leonel Espinoza,2025,Low-A,Carolina League,Myrtle Beach Pelicans,22,5,4
807083-2025-122,807083,Nathan Flewelling,2025,Low-A,Carolina League,Charleston RiverDogs,18,5,3
800377-2025-122,800377,Angel Mateo,2025,Low-A,Carolina League,Charleston RiverDogs,20,5,1
806611-2025-122,806611,Jancel Villarroel,2025,Low-A,Carolina League,Fayetteville Woodpeckers,20,5,2
814453-2025-122,814453,Nathan Archer,2025,Low-A,Carolina League,Kannapolis Cannon Ballers,22,5,2
806061-2025-122,806061,Isaiah Drake,2025,Low-A,Carolina League,Augusta GreenJackets,19,5,2
803241-2025-122,803241,Jose Escobar,2025,Low-A,Carolina League,Myrtle Beach Pelicans,20,5,1
807080-2025-122,807080,Eric Hartman,2025,Low-A,Carolina League,Augusta GreenJackets,19,5,4
807277-2025-122,807277,Nick Montgomery,2025,Low-A,Carolina League,Augusta GreenJackets,19,5,2
826928-2025-122,826928,Owen Carey,2025,Low-A,Carolina League,Augusta GreenJackets,18,5,1
821100-2025-122,821100,Justin Gonzales,2025,Low-A,Carolina League,Salem Red Sox,18,5,4
815908-2025-122,815908,Jesús Made,2025,Low-A,Carolina League,Carolina Mudcats,18,5,4
800540-2025-122,800540,Hector Osorio,2025,Low-A,Carolina League,Hickory Crawdads,20,5,1
800440-2025-122,800440,Narciso Polanco,2025,Low-A,Carolina League,Charleston RiverDogs,20,5,2
800426-2025-122,800426,Raylin Ramos,2025,Low-A,Carolina League,Delmarva Shorebirds,20,5,4
806212-2025-122,806212,Stone Russell,2025,Low-A,Carolina League,Columbia Fireflies,21,5,1
808307-2025-122,808307,Kleyver Salazar,2025,Low-A,Carolina League,Salem Red Sox,19,5,1
806988-2025-122,806988,Welbyn Francisca,2025,Low-A,Carolina League,Hill City Howlers,19,5,4
808141-2025-122,808141,Jose Pirela,2025,Low-A,Carolina League,Hill City Howlers,19,5,2
800256-2025-122,800256,Natanael Yuten,2025,Low-A,Carolina League,Salem Red Sox,20,5,3
695538-2025-122,695538,Randal Diaz,2025,Low-A,Carolina League,Fredericksburg Nationals,22,5,1
808706-2025-122,808706,Asbel Gonzalez,2025,Low-A,Carolina League,Columbia Fireflies,19,5,4
803475-2025-122,803475,Colby Jones,2025,Low-A,Carolina League,Augusta GreenJackets,21,5,4
805950-2025-122,805950,Antonis Macias,2025,Low-A,Carolina League,Hickory Crawdads,20,5,1
800357-2025-122,800357,Ricardo Gonzalez,2025,Low-A,Carolina League,Charleston RiverDogs,20,5,4
807257-2025-122,807257,Ty Southisene,2025,Low-A,Carolina League,Myrtle Beach Pelicans,19,5,4
691775-2025-113,691775,Ryan Clifford,2025,Double-A,Eastern League,Binghamton Rumble Ponies,21,5,5
701177-2025-113,701177,Nick Cimillo,2025,Double-A,Eastern League,Altoona Curve,25,5,5
676205-2025-113,676205,Tyler Hardman,2025,Double-A,Eastern League,Somerset Patriots,26,5,5
687724-2025-113,687724,Jake Holton,2025,Double-A,Eastern League,Erie SeaWolves,27,5,5
807727-2025-113,807727,Charles McAdoo,2025,Double-A,Eastern League,New Hampshire Fisher Cats,23,5,2
695735-2025-113,695735,Creed Willems,2025,Double-A,Eastern League,Chesapeake Baysox,22,5,1
694249-2025-113,694249,Cole Carrigg,2025,Double-A,Eastern League,Hartford Yard Goats,23,5,2
694025-2025-113,694025,Felix Reyes,2025,Double-A,Eastern League,Reading Fightin Phils,24,5,1
801194-2025-113,801194,Max Anderson,2025,Double-A,Eastern League,Erie SeaWolves,23,5,1
684222-2025-113,684222,Jorge Burgos,2025,Double-A,Eastern League,Akron RubberDucks,22,5,5
682003-2025-113,682003,Garrett Martin,2025,Double-A,Eastern League,Somerset Patriots,25,5,1
678926-2025-113,678926,Carlos De La Cruz,2025,Double-A,Eastern League,Harrisburg Senators,25,5,3
815734-2025-113,815734,Dylan Jasso,2025,Double-A,Eastern League,Somerset Patriots,22,5,5
805795-2025-113,805795,Aidan Miller,2025,Double-A,Eastern League,Reading Fightin Phils,21,5,2
806273-2025-113,806273,Adam Retzbach,2025,Double-A,Eastern League,Chesapeake Baysox,24,5,3
682674-2025-113,682674,Victor Bericoto,2025,Double-A,Eastern League,Richmond Flying Squirrels,23,5,3
694425-2025-113,694425,Justice Bigbie,2025,Double-A,Eastern League,Erie SeaWolves,26,5,1
699073-2025-113,699073,Thayron Liranzo,2025,Double-A,Eastern League,Erie SeaWolves,21,5,5
691385-2025-113,691385,Ronald Rosario,2025,Double-A,Eastern League,Portland Sea Dogs,22,5,1
683233-2025-113,683233,Douglas Hodo III,2025,Double-A,Eastern League,Chesapeake Baysox,24,5,2
802407-2025-113,802407,Joe Lampe,2025,Double-A,Eastern League,Akron RubberDucks,24,5,3
691024-2025-113,691024,Cayden Wallace,2025,Double-A,Eastern League,Harrisburg Senators,23,5,2
702518-2025-113,702518,Jett Williams,2025,Double-A,Eastern League,Binghamton Rumble Ponies,21,5,2
694876-2025-113,694876,Cooper Ingle,2025,Double-A,Eastern League,Akron RubberDucks,23,5,5
702261-2025-113,702261,Termarr Johnson,2025,Double-A,Eastern League,Altoona Curve,21,5,4
683610-2025-113,683610,Leandro Pineda,2025,Double-A,Eastern League,Reading Fightin Phils,23,5,5
806146-2025-113,806146,George Lombard Jr.,2025,Double-A,Eastern League,Somerset Patriots,20,5,2
691369-2025-113,691369,Allan Castro,2025,Double-A,Eastern League,Portland Sea Dogs,22,5,2
681132-2025-113,681132,Max Ferguson,2025,Double-A,Eastern League,Portland Sea Dogs,25,5,2
800765-2025-113,800765,Carter Howell,2025,Double-A,Eastern League,Richmond Flying Squirrels,26,5,2
700681-2025-113,700681,Nick Lorusso,2025,Double-A,Eastern League,Binghamton Rumble Ponies,24,5,2
692348-2025-113,692348,Aeverson Arteaga,2025,Double-A,Eastern League,Richmond Flying Squirrels,22,5,2
694754-2025-113,694754,Sabin Ceballos,2025,Double-A,Eastern League,Richmond Flying Squirrels,22,5,1
701298-2025-113,701298,Phillip Glasser,2025,Double-A,Eastern League,Harrisburg Senators,25,5,4
683493-2025-113,683493,William Lugo,2025,Double-A,Eastern League,Binghamton Rumble Ponies,23,5,2
703492-2025-113,703492,Nick Morabito,2025,Double-A,Eastern League,Binghamton Rumble Ponies,22,5,4
691449-2025-113,691449,Roberto Campos,2025,Double-A,Eastern League,Erie SeaWolves,22,5,1
683103-2025-113,683103,Cade Doughty,2025,Double-A,Eastern League,New Hampshire Fisher Cats,24,5,1
684715-2025-113,684715,Nic Kent,2025,Double-A,Eastern League,Hartford Yard Goats,25,5,1
699157-2025-113,699157,Ahbram Liendo,2025,Double-A,Eastern League,Portland Sea Dogs,21,5,4
806005-2025-113,806005,Ryan McCarty,2025,Double-A,Eastern League,New Hampshire Fisher Cats,26,5,2
695612-2025-113,695612,Alex Mooney,2025,Double-A,Eastern League,Akron RubberDucks,22,5,2
683172-2025-113,683172,Joe Naranjo,2025,Double-A,Eastern League,Harrisburg Senators,24,5,3
682648-2025-113,682648,Juan Guerrero,2025,Double-A,Eastern League,Hartford Yard Goats,23,5,1
694170-2025-113,694170,Dyan Jorge,2025,Double-A,Eastern League,Hartford Yard Goats,22,5,4
694196-2025-113,694196,Diego Velasquez,2025,Double-A,Eastern League,Richmond Flying Squirrels,21,5,1
694991-2025-113,694991,Mitch Jebb,2025,Double-A,Eastern League,Altoona Curve,23,5,1
806957-2025-123,806957,Alfredo Duno,2025,Low-A,Florida State League,Daytona Tortugas,19,5,5
694184-2025-123,694184,Cristian Santana,2025,Low-A,Florida State League,Lakeland Flying Tigers,21,5,5
703154-2025-123,703154,Yordany De Los Santos,2025,Low-A,Florida State League,Bradenton Marauders,20,5,4
703177-2025-123,703177,Jhonny Severino,2025,Low-A,Florida State League,Bradenton Marauders,20,5,1
703160-2025-123,703160,Yasser Mercedes,2025,Low-A,Florida State League,Fort Myers Mighty Mussels,20,5,2
699014-2025-123,699014,Eddy Rodriguez,2025,Low-A,Florida State League,Bradenton Marauders,21,5,5
700720-2025-123,700720,Luis Pino,2025,Low-A,Florida State League,Palm Beach Cardinals,21,5,5
800246-2025-123,800246,Engelth Urena,2025,Low-A,Florida State League,Tampa Tarpons,20,5,1
808516-2025-123,808516,Andres Valor,2025,Low-A,Florida State League,Jupiter Hammerheads,19,5,2
800257-2025-123,800257,Yonatan Henriquez,2025,Low-A,Florida State League,St. Lucie Mets,20,5,4
808864-2025-123,808864,Raider Tello,2025,Low-A,Florida State League,Clearwater Threshers,24,5,3
703149-2025-123,703149,Roderick Arias,2025,Low-A,Florida State League,Tampa Tarpons,20,5,2
703159-2025-123,703159,Simon Juan,2025,Low-A,Florida State League,St. Lucie Mets,19,5,1
807239-2025-123,807239,Bernard Moon,2025,Low-A,Florida State League,Daytona Tortugas,20,5,1
703204-2025-123,703204,Esmith Pineda,2025,Low-A,Florida State League,Daytona Tortugas,20,5,1
800140-2025-123,800140,Kendry Chirinos,2025,Low-A,Florida State League,Dunedin Blue Jays,20,5,3
808365-2025-123,808365,Dameury Pena,2025,Low-A,Florida State League,Fort Myers Mighty Mussels,19,5,1
800266-2025-123,800266,Yordalin Peña,2025,Low-A,Florida State League,Palm Beach Cardinals,20,5,2
702283-2025-123,702283,Tucker Toman,2025,Low-A,Florida State League,Dunedin Blue Jays,21,5,3
694202-2025-123,694202,Manuel Beltre,2025,Low-A,Florida State League,Dunedin Blue Jays,21,5,1
815551-2025-123,815551,Trey Snyder,2025,Low-A,Florida State League,St. Lucie Mets,19,5,4
828319-2025-123,828319,Marshall Toole,2025,Low-A,Florida State League,Tampa Tarpons,22,5,4
806987-2025-123,806987,Daiverson Gutierrez,2025,Low-A,Florida State League,St. Lucie Mets,19,5,1
702977-2025-123,702977,Dillon Head,2025,Low-A,Florida State League,Jupiter Hammerheads,20,5,4
807276-2025-123,807276,Dante Nori,2025,Low-A,Florida State League,Clearwater Threshers,20,5,4
806230-2025-123,806230,Sammy Stafura,2025,Low-A,Florida State League,Bradenton Marauders,20,5,2
815793-2025-123,815793,Carter Johnson,2025,Low-A,Florida State League,Jupiter Hammerheads,19,5,2
829035-2025-123,829035,Andrew Salas,2025,Low-A,Florida State League,Jupiter Hammerheads,17,5,2
699027-2025-123,699027,José Suárez,2025,Low-A,Florida State League,Palm Beach Cardinals,20,5,4
803679-2025-123,803679,Sammy Hernandez,2025,Low-A,Florida State League,Palm Beach Cardinals,21,5,1
801276-2025-123,801276,Juan Matheus,2025,Low-A,Florida State League,Tampa Tarpons,21,5,4
800510-2025-123,800510,Samuel Gil,2025,Low-A,Florida State League,Lakeland Flying Tigers,20,5,1
806120-2025-123,806120,Kyle Henley,2025,Low-A,Florida State League,Daytona Tortugas,20,5,4
807007-2025-123,807007,Jeremy Rodriguez,2025,Low-A,Florida State League,St. Lucie Mets,18,5,4
813620-2025-123,813620,Carson Rucker,2025,Low-A,Florida State League,Lakeland Flying Tigers,20,5,1
814297-2025-123,814297,Edgleen Perez,2025,Low-A,Florida State League,Bradenton Marauders,19,5,1
800254-2025-123,800254,Abrahan Ramirez,2025,Low-A,Florida State League,Jupiter Hammerheads,20,5,4
670351-2025-117,670351,Jose Rojas,2025,Triple-A,International League,Scranton/Wilkes-Barre RailRiders,32,5,5
676044-2025-117,676044,Bob Seymour,2025,Triple-A,International League,Durham Bulls,26,5,5
542208-2025-117,542208,Carlos Pérez,2025,Triple-A,International League,Iowa Cubs,34,5,5
671284-2025-117,671284,Tim Elko,2025,Triple-A,International League,Charlotte Knights,26,5,3
621458-2025-117,621458,Edwin Rios,2025,Triple-A,International League,Louisville Bats,31,5,3
666915-2025-117,666915,Bobby Dalbec,2025,Triple-A,International League,Omaha Storm Chasers,30,5,3
677956-2025-117,677956,Rece Hinds,2025,Triple-A,International League,Louisville Bats,24,5,5
700246-2025-117,700246,Carson Williams,2025,Triple-A,International League,Durham Bulls,22,5,5
683357-2025-117,683357,Owen Caissie,2025,Triple-A,International League,Iowa Cubs,22,5,3
676812-2025-117,676812,Carson McCusker,2025,Triple-A,International League,St. Paul Saints,27,5,5
675455-2025-117,675455,Milan Tolentino,2025,Triple-A,International League,Columbus Clippers,23,5,5
687478-2025-117,687478,Cam Devanney,2025,Triple-A,International League,Indianapolis Indians,28,5,5
678760-2025-117,678760,Eddys Leonard,2025,Triple-A,International League,Gwinnett Stripers,24,5,1
675085-2025-117,675085,Jonathon Long,2025,Triple-A,International League,Iowa Cubs,23,5,3
669004-2025-117,669004,MJ Melendez,2025,Triple-A,International League,Omaha Storm Chasers,26,5,5
687605-2025-117,687605,Andrew Pinckney,2025,Triple-A,International League,Rochester Red Wings,24,5,3
666801-2025-117,666801,Rodolfo Castro,2025,Triple-A,International League,Lehigh Valley IronPigs,26,5,5
687637-2025-117,687637,Dylan Beavers,2025,Triple-A,International League,Norfolk Tides,23,5,5
686531-2025-117,686531,Andre Lipcius,2025,Triple-A,International League,Charlotte Knights,27,5,5
605353-2025-117,605353,Vimael Machín,2025,Triple-A,International League,Norfolk Tides,31,5,1
691788-2025-117,691788,Joe Mack,2025,Triple-A,International League,Jacksonville Jumbo Shrimp,22,5,5
695020-2025-117,695020,Tanner Murray,2025,Triple-A,International League,Durham Bulls,25,5,1
687282-2025-117,687282,Gabriel Rincones Jr.,2025,Triple-A,International League,Lehigh Valley IronPigs,24,5,5
682634-2025-117,682634,Kevin Alcántara,2025,Triple-A,International League,Iowa Cubs,22,5,3
666150-2025-117,666150,Dominic Fletcher,2025,Triple-A,International League,Charlotte Knights,27,5,5
687208-2025-117,687208,Nathan Hickey,2025,Triple-A,International League,Worcester Red Sox,25,5,5
690291-2025-117,690291,Jace Jung,2025,Triple-A,International League,Toledo Mud Hens,24,5,5
668723-2025-117,668723,Ryan Vilade,2025,Triple-A,International League,Louisville Bats,26,5,5
682868-2025-117,682868,Bryan Ramos,2025,Triple-A,International League,Charlotte Knights,23,5,5
681198-2025-117,681198,TJ Rumfield,2025,Triple-A,International League,Scranton/Wilkes-Barre RailRiders,25,5,5
668731-2025-117,668731,Akil Baddoo,2025,Triple-A,International League,Toledo Mud Hens,26,5,3
650559-2025-117,650559,Bryan De La Cruz,2025,Triple-A,International League,Scranton/Wilkes-Barre RailRiders,28,5,5
682983-2025-117,682983,Jud Fabian,2025,Triple-A,International League,Norfolk Tides,24,5,5
667452-2025-117,667452,Corey Julks,2025,Triple-A,International League,Charlotte Knights,29,5,3
671976-2025-117,671976,Tristan Peters,2025,Triple-A,International League,Durham Bulls,25,5,1
699625-2025-117,699625,Jimmy Crooks,2025,Triple-A,International League,Memphis Redbirds,23,5,3
690984-2025-117,690984,Petey Halpin,2025,Triple-A,International League,Columbus Clippers,23,5,5
689288-2025-117,689288,Matt Koperniak,2025,Triple-A,International League,Memphis Redbirds,27,5,1
701678-2025-117,701678,Hao-Yu Lee,2025,Triple-A,International League,Toledo Mud Hens,22,5,2
805300-2025-117,805300,Jakob Marsee,2025,Triple-A,International League,Jacksonville Jumbo Shrimp,24,5,2
669256-2025-117,669256,Nick Solak,2025,Triple-A,International League,Indianapolis Indians,30,5,3
691185-2025-117,691185,Maximo Acosta,2025,Triple-A,International League,Jacksonville Jumbo Shrimp,22,5,2
694208-2025-117,694208,Moisés Ballesteros,2025,Triple-A,International League,Iowa Cubs,21,5,1
687093-2025-117,687093,Vaughn Grissom,2025,Triple-A,International League,Worcester Red Sox,24,5,1
622268-2025-117,622268,Donovan Walton,2025,Triple-A,International League,Lehigh Valley IronPigs,31,5,1
691277-2025-117,691277,Deyvison De Los Santos,2025,Triple-A,International League,Jacksonville Jumbo Shrimp,22,5,1
681047-2025-117,681047,Christian Franklin,2025,Triple-A,International League,Rochester Red Wings,25,5,3
694661-2025-117,694661,Riley Tirotta,2025,Triple-A,International League,Buffalo Bisons,26,5,3
702358-2025-117,702358,Trey Lipscomb,2025,Triple-A,International League,Rochester Red Wings,25,5,1
608841-2025-117,608841,Joey Meneses,2025,Triple-A,International League,Syracuse Mets,33,5,1
640458-2025-117,640458,Óscar Mercado,2025,Triple-A,International League,Lehigh Valley IronPigs,30,5,2
691002-2025-117,691002,Yohandy Morales,2025,Triple-A,International League,Rochester Red Wings,23,5,3
682239-2025-117,682239,Luke Ritter,2025,Triple-A,International League,Syracuse Mets,28,5,3
668843-2025-117,668843,Conner Capel,2025,Triple-A,International League,Gwinnett Stripers,28,5,2
665482-2025-117,665482,Gilberto Celestino,2025,Triple-A,International League,Syracuse Mets,26,5,3
701496-2025-117,701496,Ben Cowles,2025,Triple-A,International League,Charlotte Knights,25,5,2
668472-2025-117,668472,Nick Pratto,2025,Triple-A,International League,Omaha Storm Chasers,26,5,5
693409-2025-117,693409,César Prieto,2025,Triple-A,International League,Memphis Redbirds,26,5,1
663494-2025-117,663494,Bryan Torres,2025,Triple-A,International League,Memphis Redbirds,27,5,4
694351-2025-117,694351,Jacob Berry,2025,Triple-A,International League,Jacksonville Jumbo Shrimp,24,5,2
686554-2025-117,686554,Oliver Dunn,2025,Triple-A,International League,Nashville Sounds,27,5,3
663796-2025-117,663796,Coco Montes,2025,Triple-A,International League,Durham Bulls,28,5,2
677578-2025-117,677578,Carlos Rodríguez,2025,Triple-A,International League,Gwinnett Stripers,24,5,1
672279-2025-117,672279,Michael Siani,2025,Triple-A,International League,Memphis Redbirds,25,5,2
702222-2025-117,702222,Justin Crawford,2025,Triple-A,International League,Lehigh Valley IronPigs,21,5,4
694362-2025-117,694362,Blake Dunn,2025,Triple-A,International League,Louisville Bats,26,5,3
664731-2025-117,664731,P.J. Higgins,2025,Triple-A,International League,Louisville Bats,32,5,1
682119-2025-117,682119,Levi Jordan,2025,Triple-A,International League,Louisville Bats,29,5,1
672463-2025-117,672463,Rafael Lantigua,2025,Triple-A,International League,Lehigh Valley IronPigs,27,5,1
701649-2025-117,701649,James Triantos,2025,Triple-A,International League,Iowa Cubs,22,5,4
642197-2025-117,642197,Jamie Westbrook,2025,Triple-A,International League,Durham Bulls,30,5,1
694377-2025-117,694377,Nick Yorke,2025,Triple-A,International League,Indianapolis Indians,23,5,3
687627-2025-117,687627,Kody Huff,2025,Triple-A,International League,Columbus Clippers,24,5,1
683021-2025-117,683021,Michael Stefanic,2025,Triple-A,International League,Buffalo Bisons,29,5,1
669384-2025-117,669384,Raynel Delgado,2025,Triple-A,International League,Nashville Sounds,25,5,4
686765-2025-117,686765,Nick Sogard,2025,Triple-A,International League,Worcester Red Sox,27,5,2
688005-2025-117,688005,Francisco Urbaez,2025,Triple-A,International League,Louisville Bats,27,5,1
678391-2025-117,678391,Jorbit Vivas,2025,Triple-A,International League,Scranton/Wilkes-Barre RailRiders,24,5,1
686551-2025-117,686551,Christian Cairo,2025,Triple-A,International League,Columbus Clippers,24,5,4
691789-2025-118,691789,Izaac Pacheco,2025,High-A,Midwest League,West Michigan Whitecaps,22,5,5
806252-2025-118,806252,Ralphy Velazquez,2025,High-A,Midwest League,Lake County Captains,20,5,5
806263-2025-118,806263,Brandon Winokur,2025,High-A,Midwest League,Cedar Rapids Kernels,20,5,2
695372-2025-118,695372,Jake Gelof,2025,High-A,Midwest League,Great Lakes Loons,23,5,5
702488-2025-118,702488,Logan Wagner,2025,High-A,Midwest League,Great Lakes Loons,21,5,5
691410-2025-118,691410,Jose Devers,2025,High-A,Midwest League,Lake County Captains,22,5,5
702114-2025-118,702114,John Michael Faile,2025,High-A,Midwest League,Dayton Dragons,25,5,5
682633-2025-118,682633,Eduardo Garcia,2025,High-A,Midwest League,Wisconsin Timber Rattlers,22,5,2
814307-2025-118,814307,Zyhir Hope,2025,High-A,Midwest League,Great Lakes Loons,20,5,3
698916-2025-118,698916,Rosman Verdugo,2025,High-A,Midwest League,Fort Wayne TinCaps,20,5,5
800543-2025-118,800543,Josue De Paula,2025,High-A,Midwest League,Great Lakes Loons,20,5,2
701682-2025-118,701682,Braedon Karpathios,2025,High-A,Midwest League,Fort Wayne TinCaps,22,5,3
699130-2025-118,699130,Jadher Areinamo,2025,High-A,Midwest League,Wisconsin Timber Rattlers,21,5,1
822578-2025-118,822578,Brandon Butterworth,2025,High-A,Midwest League,Fort Wayne TinCaps,22,5,5
694320-2025-118,694320,Jack Costello,2025,High-A,Midwest League,Fort Wayne TinCaps,24,5,1
815888-2025-118,815888,Leo De Vries,2025,High-A,Midwest League,Lansing Lugnuts,18,5,5
687543-2025-118,687543,Andrew Jenkins,2025,High-A,Midwest League,West Michigan Whitecaps,24,5,1
687260-2025-118,687260,Brian Kalmer,2025,High-A,Midwest League,South Bend Cubs,24,5,5
807726-2025-118,807726,John Peck,2025,High-A,Midwest League,West Michigan Whitecaps,22,5,3
694185-2025-118,694185,Danny De Andrade,2025,High-A,Midwest League,Cedar Rapids Kernels,21,5,1
691416-2025-118,691416,Esteban González,2025,High-A,Midwest League,Lake County Captains,22,5,1
827294-2025-118,827294,Edgar Alvarez,2025,High-A,Midwest League,South Bend Cubs,24,5,1
814414-2025-118,814414,Kyle DeBarge,2025,High-A,Midwest League,Cedar Rapids Kernels,21,5,4
814522-2025-118,814522,Caden Kendle,2025,High-A,Midwest League,Cedar Rapids Kernels,23,5,2
700931-2025-118,700931,Seth Stephenson,2025,High-A,Midwest League,West Michigan Whitecaps,24,5,4
694838-2025-118,694838,Joe Vetrano,2025,High-A,Midwest League,Great Lakes Loons,23,5,3
694200-2025-118,694200,Ariel Almonte,2025,High-A,Midwest League,Dayton Dragons,21,5,5
689931-2025-118,689931,Peyton Graham,2025,High-A,Midwest League,West Michigan Whitecaps,24,5,2
694183-2025-118,694183,Cristian Hernández,2025,High-A,Midwest League,South Bend Cubs,21,5,4
694387-2025-118,694387,Christian Knapczyk,2025,High-A,Midwest League,Lake County Captains,23,5,1
801978-2025-118,801978,Callan Moss,2025,High-A,Midwest League,Quad Cities River Bandits,21,5,3
691948-2025-118,691948,Jordan Thompson,2025,High-A,Midwest League,Great Lakes Loons,23,5,2
800231-2025-118,800231,Won-Bin Cho,2025,High-A,Midwest League,Peoria Chiefs,21,5,4
801406-2025-118,801406,Jared Dickey,2025,High-A,Midwest League,Lansing Lugnuts,23,5,1
826545-2025-118,826545,Brendan Durfee,2025,High-A,Midwest League,Fort Wayne TinCaps,23,5,1
699115-2025-118,699115,Carlos Jorge,2025,High-A,Midwest League,Dayton Dragons,21,5,4
813666-2025-118,813666,Ariel Armas,2025,High-A,Midwest League,South Bend Cubs,22,5,1
695501-2025-118,695501,Blake Burke,2025,High-A,Midwest League,Wisconsin Timber Rattlers,22,5,3
695634-2025-118,695634,Jaime Ferrer,2025,High-A,Midwest League,Cedar Rapids Kernels,22,5,1
814413-2025-118,814413,Ian Petrutz,2025,High-A,Midwest League,Peoria Chiefs,22,5,1
672013-2025-118,672013,T.J. Schofield-Sam,2025,High-A,Midwest League,Lansing Lugnuts,24,5,1
691398-2025-118,691398,Yerlin Confidan,2025,High-A,Midwest League,Dayton Dragons,22,5,3
824028-2025-118,824028,Gage Miller,2025,High-A,Midwest League,Beloit Sky Carp,22,5,2
701481-2025-118,701481,Ryan Campos,2025,High-A,Midwest League,Peoria Chiefs,22,5,1
815150-2025-118,815150,Carter Frederick,2025,High-A,Midwest League,Quad Cities River Bandits,22,5,3
806077-2025-118,806077,Kendall George,2025,High-A,Midwest League,Great Lakes Loons,20,5,4
682662-2025-118,682662,Rafael Morel,2025,High-A,Midwest League,South Bend Cubs,23,5,2
694977-2025-118,694977,Nate Nankil,2025,High-A,Midwest League,Lansing Lugnuts,22,5,1
814528-2025-118,814528,Sam Kulasingam,2025,High-A,Midwest League,Quad Cities River Bandits,23,5,4
805075-2025-118,805075,Erick Torres,2025,High-A,Midwest League,Quad Cities River Bandits,20,5,1
694193-2025-118,694193,Victor Acosta,2025,High-A,Midwest League,Dayton Dragons,21,5,1
822501-2025-118,822501,Jon Jon Gazdar,2025,High-A,Midwest League,Peoria Chiefs,23,5,1
694187-2025-118,694187,Daniel Vazquez,2025,High-A,Midwest League,Quad Cities River Bandits,21,5,4
671748-2025-118,671748,Casey Yamauchi,2025,High-A,Midwest League,Lansing Lugnuts,24,5,1
800345-2025-118,800345,Juan Baez,2025,High-A,Midwest League,Wisconsin Timber Rattlers,20,5,1
811965-2025-118,811965,Joshua Kuroda-Grauer,2025,High-A,Midwest League,Lansing Lugnuts,22,5,4
692044-2025-126,692044,Luis Suisbel,2025,High-A,Northwest League,Everett AquaSox,22,5,5
813860-2025-126,813860,Charlie Pagliarini,2025,High-A,Northwest League,Everett AquaSox,24,5,5
805126-2025-126,805126,Charlie Szykowny,2025,High-A,Northwest League,Eugene Emeralds,25,5,5
815873-2025-126,815873,Sean Keys,2025,High-A,Northwest League,Vancouver Canadians,22,5,5
806191-2025-126,806191,Tai Peete,2025,High-A,Northwest League,Everett AquaSox,19,5,5
703194-2025-126,703194,Randy De Jesus,2025,High-A,Northwest League,Tri-City Dust Devils,20,5,5
701860-2025-126,701860,Carter Cunningham,2025,High-A,Northwest League,Vancouver Canadians,24,5,5
691269-2025-126,691269,Adrian Placencia,2025,High-A,Northwest League,Tri-City Dust Devils,22,5,5
815067-2025-126,815067,Aidan Longwell,2025,High-A,Northwest League,Spokane Indians,23,5,5
804446-2025-126,804446,Eddie Micheletti Jr.,2025,High-A,Northwest League,Vancouver Canadians,23,5,5
690804-2025-126,690804,Ryan Nicholson,2025,High-A,Northwest League,Tri-City Dust Devils,24,5,5
687918-2025-126,687918,Braylen Wimmer,2025,High-A,Northwest League,Spokane Indians,24,5,1
805796-2025-126,805796,Arjun Nimmala,2025,High-A,Northwest League,Vancouver Canadians,19,5,1
703430-2025-126,703430,Anthony Scull,2025,High-A,Northwest League,Tri-City Dust Devils,21,5,1
800959-2025-126,800959,Nick Goodwin,2025,High-A,Northwest League,Vancouver Canadians,23,5,2
702690-2025-126,702690,Cutter Coffey,2025,High-A,Northwest League,Vancouver Canadians,21,5,3
694806-2025-126,694806,Brandon Eike,2025,High-A,Northwest League,Everett AquaSox,23,5,5
806068-2025-126,806068,Colt Emerson,2025,High-A,Northwest League,Everett AquaSox,19,5,1
691292-2025-126,691292,Angel Ortiz,2025,High-A,Northwest League,Hillsboro Hops,22,5,1
813841-2025-126,813841,Jonah Cox,2025,High-A,Northwest League,Eugene Emeralds,23,5,4
815306-2025-126,815306,Rio Foster,2025,High-A,Northwest League,Tri-City Dust Devils,22,5,3
676038-2025-126,676038,Skyler Messinger,2025,High-A,Northwest League,Spokane Indians,26,5,1
814194-2025-126,814194,Quinn McDaniel,2025,High-A,Northwest League,Eugene Emeralds,22,5,2
814154-2025-126,814154,Scott Bandura,2025,High-A,Northwest League,Eugene Emeralds,23,5,3
701783-2025-126,701783,Cole Messina,2025,High-A,Northwest League,Spokane Indians,22,5,1
700321-2025-126,700321,Andy Perez,2025,High-A,Northwest League,Spokane Indians,21,5,1
800198-2025-126,800198,Cristofer Torin,2025,High-A,Northwest League,Hillsboro Hops,20,5,1
702258-2025-126,702258,Druw Jones,2025,High-A,Northwest League,Hillsboro Hops,21,5,4
800306-2025-126,800306,Jansel Luis,2025,High-A,Northwest League,Hillsboro Hops,20,5,4
800194-2025-126,800194,Capri Ortiz,2025,High-A,Northwest League,Tri-City Dust Devils,20,5,1
823185-2025-126,823185,Zane Zielinski,2025,High-A,Northwest League,Eugene Emeralds,23,5,4
699232-2025-126,699232,Anderdson Rojas,2025,High-A,Northwest League,Hillsboro Hops,21,5,1
669899-2025-112,669899,Ryan Ward,2025,Triple-A,Pacific Coast League,Oklahoma City Comets,27,5,5
694359-2025-112,694359,Niko Kavadas,2025,Triple-A,Pacific Coast League,Salt Lake Bees,26,5,5
669134-2025-112,669134,Luis Campusano,2025,Triple-A,Pacific Coast League,El Paso Chihuahuas,26,5,3
694376-2025-112,694376,Shay Whitcomb,2025,Triple-A,Pacific Coast League,Sugar Land Space Cowboys,26,5,5
682617-2025-112,682617,Marco Luciano,2025,Triple-A,Pacific Coast League,Sacramento River Cats,23,5,5
691021-2025-112,691021,A.J. Vukovich,2025,Triple-A,Pacific Coast League,Reno Aces,23,5,3
688760-2025-112,688760,Blaine Crim,2025,Triple-A,Pacific Coast League,Albuquerque Isotopes,28,5,5
669374-2025-112,669374,Keston Hiura,2025,Triple-A,Pacific Coast League,Albuquerque Isotopes,28,5,5
679822-2025-112,679822,Justin Foscue,2025,Triple-A,Pacific Coast League,Round Rock Express,26,5,5
683227-2025-112,683227,Cody Freeman,2025,Triple-A,Pacific Coast League,Round Rock Express,24,5,1
682988-2025-112,682988,Tyler Locklear,2025,Triple-A,Pacific Coast League,Tacoma Rainiers,24,5,3
666632-2025-112,666632,Yonathan Perlaza,2025,Triple-A,Pacific Coast League,El Paso Chihuahuas,26,5,3
805672-2025-112,805672,Collin Price,2025,Triple-A,Pacific Coast League,Sugar Land Space Cowboys,25,5,5
677060-2025-112,677060,Chad Stevens,2025,Triple-A,Pacific Coast League,Salt Lake Bees,26,5,3
691740-2025-112,691740,Daniel Susac,2025,Triple-A,Pacific Coast League,Las Vegas Aviators,24,5,3
694514-2025-112,694514,Sterlin Thompson,2025,Triple-A,Pacific Coast League,Albuquerque Isotopes,24,5,3
656541-2025-112,656541,Sam Hilliard,2025,Triple-A,Pacific Coast League,Albuquerque Isotopes,31,5,5
694728-2025-112,694728,Brice Matthews,2025,Triple-A,Pacific Coast League,Sugar Land Space Cowboys,23,5,3
669392-2025-112,669392,Samad Taylor,2025,Triple-A,Pacific Coast League,Tacoma Rainiers,26,5,4
695670-2025-112,695670,Harry Ford,2025,Triple-A,Pacific Coast League,Tacoma Rainiers,22,5,3
690976-2025-112,690976,Alex Freeland,2025,Triple-A,Pacific Coast League,Oklahoma City Comets,23,5,5
665923-2025-112,665923,Esteury Ruiz,2025,Triple-A,Pacific Coast League,Oklahoma City Comets,26,5,4
680769-2025-112,680769,CJ Alexander,2025,Triple-A,Pacific Coast League,Oklahoma City Comets,28,5,5
687529-2025-112,687529,Grant McCray,2025,Triple-A,Pacific Coast League,Sacramento River Cats,24,5,3
670097-2025-112,670097,Zack Short,2025,Triple-A,Pacific Coast League,Sugar Land Space Cowboys,30,5,5
678545-2025-112,678545,Osleivis Basabe,2025,Triple-A,Pacific Coast League,Sacramento River Cats,24,5,1
687867-2025-112,687867,Clay Dungan,2025,Triple-A,Pacific Coast League,El Paso Chihuahuas,29,5,3
663536-2025-112,663536,Tristin English,2025,Triple-A,Pacific Coast League,Reno Aces,28,5,1
683090-2025-112,683090,Matthew Lugo,2025,Triple-A,Pacific Coast League,Salt Lake Bees,24,5,3
665846-2025-112,665846,Jesús Bastidas,2025,Triple-A,Pacific Coast League,Sugar Land Space Cowboys,26,5,5
669386-2025-112,669386,Trevor Hauver,2025,Triple-A,Pacific Coast League,Round Rock Express,26,5,3
669222-2025-112,669222,Nick Senzel,2025,Triple-A,Pacific Coast League,Oklahoma City Comets,30,5,1
687957-2025-112,687957,Dustin Harris,2025,Triple-A,Pacific Coast League,Round Rock Express,25,5,2
680911-2025-112,680911,Owen Miller,2025,Triple-A,Pacific Coast League,Albuquerque Isotopes,28,5,1
691728-2025-112,691728,Zac Veen,2025,Triple-A,Pacific Coast League,Albuquerque Isotopes,23,5,1
669722-2025-112,669722,Logan Davidson,2025,Triple-A,Pacific Coast League,Sugar Land Space Cowboys,27,5,3
689070-2025-112,689070,Spencer Packard,2025,Triple-A,Pacific Coast League,Tacoma Rainiers,27,5,1
641796-2025-112,641796,Tim Locastro,2025,Triple-A,Pacific Coast League,El Paso Chihuahuas,32,5,1
687005-2025-112,687005,Kellen Strahm,2025,Triple-A,Pacific Coast League,Round Rock Express,28,5,4
678489-2025-112,678489,Jorge Barrosa,2025,Triple-A,Pacific Coast League,Reno Aces,24,5,3
685744-2025-112,685744,Kenedy Corona,2025,Triple-A,Pacific Coast League,Sugar Land Space Cowboys,25,5,2
689041-2025-112,689041,Rhylan Thomas,2025,Triple-A,Pacific Coast League,Tacoma Rainiers,25,5,1
670148-2025-112,670148,Nate Mondou,2025,Triple-A,Pacific Coast League,El Paso Chihuahuas,30,5,1
664670-2025-112,664670,Alejo Lopez,2025,Triple-A,Pacific Coast League,Las Vegas Aviators,29,5,1
702789-2025-112,702789,Austin Gauthier,2025,Triple-A,Pacific Coast League,Oklahoma City Comets,26,5,3
687231-2025-112,687231,Darell Hernaiz,2025,Triple-A,Pacific Coast League,Las Vegas Aviators,23,5,1
570560-2025-112,570560,Yolmer Sánchez,2025,Triple-A,Pacific Coast League,Salt Lake Bees,33,5,3
642727-2025-112,642727,Sergio Alcántara,2025,Triple-A,Pacific Coast League,Reno Aces,28,5,3
800419-2025-116,800419,Jeral Perez,2025,High-A,South Atlantic League,Winston-Salem Dash,20,5,5
699213-2025-116,699213,Gleider Figuereo,2025,High-A,South Atlantic League,Hub City Spartanburgers,21,5,5
691922-2025-116,691922,Javier Rivas,2025,High-A,South Atlantic League,Greensboro Grasshoppers,22,5,1
690991-2025-116,690991,Mac Horvath,2025,High-A,South Atlantic League,Bowling Green Hot Rods,23,5,2
700731-2025-116,700731,Keiner Delgado,2025,High-A,South Atlantic League,Greensboro Grasshoppers,21,5,2
806223-2025-116,806223,Aidan Smith,2025,High-A,South Atlantic League,Bowling Green Hot Rods,20,5,2
702662-2025-116,702662,Dylan Dreiling,2025,High-A,South Atlantic League,Hub City Spartanburgers,22,5,2
801075-2025-116,801075,Walker Janek,2025,High-A,South Atlantic League,Asheville Tourists,22,5,2
701062-2025-116,701062,Alec Briley,2025,High-A,South Atlantic League,Winston-Salem Dash,24,5,5
826164-2025-116,826164,Drew Vogel,2025,High-A,South Atlantic League,Asheville Tourists,23,5,2
691252-2025-116,691252,Jhon Diaz,2025,High-A,South Atlantic League,Bowling Green Hot Rods,22,5,1
692371-2025-116,692371,Lizandro Espinoza,2025,High-A,South Atlantic League,Rome Emperors,22,5,2
815697-2025-116,815697,Arturo Disla,2025,High-A,South Atlantic League,Hub City Spartanburgers,24,5,1
828335-2025-116,828335,Titus Dumitru,2025,High-A,South Atlantic League,Greensboro Grasshoppers,22,5,3
692150-2025-116,692150,Émilien Pitre,2025,High-A,South Atlantic League,Bowling Green Hot Rods,22,5,1
694214-2025-116,694214,Samuel Zavala,2025,High-A,South Atlantic League,Winston-Salem Dash,20,5,2
683569-2025-116,683569,Jose Colmenares,2025,High-A,South Atlantic League,Jersey Shore BlueClaws,23,5,2
805168-2025-116,805168,Alejandro Nunez,2025,High-A,South Atlantic League,Asheville Tourists,20,5,2
815089-2025-116,815089,Coby Morales,2025,High-A,South Atlantic League,Hudson Valley Renegades,23,5,3
694742-2025-116,694742,Josh Moylan,2025,High-A,South Atlantic League,Hudson Valley Renegades,22,5,3
702501-2025-116,702501,Eli Serrano III,2025,High-A,South Atlantic League,Brooklyn Cyclones,22,5,1
807511-2025-116,807511,Nelly Taylor,2025,High-A,South Atlantic League,Greenville Drive,22,5,2
695604-2025-116,695604,T.J. White,2025,High-A,South Atlantic League,Wilmington Blue Rocks,21,5,2
808265-2025-116,808265,Franklin Arias,2025,High-A,South Atlantic League,Greenville Drive,19,5,1
695517-2025-116,695517,Casey Cook,2025,High-A,South Atlantic League,Hub City Spartanburgers,22,5,2
698945-2025-116,698945,Anderson De Los Santos,2025,High-A,South Atlantic League,Aberdeen IronBirds,21,5,2
703198-2025-116,703198,Kenni Gomez,2025,High-A,South Atlantic League,Asheville Tourists,20,5,2
698933-2025-116,698933,Ronald Hernandez,2025,High-A,South Atlantic League,Brooklyn Cyclones,21,5,4
671956-2025-116,671956,Noah Myers,2025,High-A,South Atlantic League,Bowling Green Hot Rods,25,5,3
804858-2025-116,804858,Bryan Rincon,2025,High-A,South Atlantic League,Jersey Shore BlueClaws,21,5,2
805801-2025-116,805801,Nazzan Zanetello,2025,High-A,South Atlantic League,Greenville Drive,20,5,2
814431-2025-116,814431,Jackson Castillo,2025,High-A,South Atlantic League,Hudson Valley Renegades,22,5,1
701689-2025-116,701689,Vance Honeycutt,2025,High-A,South Atlantic League,Aberdeen IronBirds,22,5,2
823277-2025-116,823277,Cole McConnell,2025,High-A,South Atlantic League,Winston-Salem Dash,24,5,3
806983-2025-116,806983,Yophery Rodriguez,2025,High-A,South Atlantic League,Greenville Drive,19,5,1
694222-2025-116,694222,Ambioris Tavarez,2025,High-A,South Atlantic League,Rome Emperors,21,5,3
696264-2025-116,696264,Tyler Whitaker,2025,High-A,South Atlantic League,Asheville Tourists,22,5,2
805951-2025-116,805951,Boston Baro,2025,High-A,South Atlantic League,Brooklyn Cyclones,20,5,2
701616-2025-116,701616,Caleb Lomavita,2025,High-A,South Atlantic League,Wilmington Blue Rocks,22,5,1
803172-2025-116,803172,Griff O'Ferrall,2025,High-A,South Atlantic League,Aberdeen IronBirds,22,5,2
802117-2025-116,802117,Patrick Clohisy,2025,High-A,South Atlantic League,Rome Emperors,23,5,4
691913-2025-116,691913,Jesus Castillo,2025,High-A,South Atlantic League,Greensboro Grasshoppers,21,5,4
703152-2025-116,703152,Anthony Gutierrez,2025,High-A,South Atlantic League,Hub City Spartanburgers,20,5,4
803745-2025-116,803745,Adrian Santana,2025,High-A,South Atlantic League,Bowling Green Hot Rods,19,5,4
804614-2025-116,804614,Marco Vargas,2025,High-A,South Atlantic League,Brooklyn Cyclones,20,5,4
702140-2025-111,702140,Ruben Ibarra,2025,Double-A,Southern League,Chattanooga Lookouts,26,5,5
681230-2025-111,681230,BJ Murray,2025,Double-A,Southern League,Knoxville Smokies,25,5,2
696521-2025-111,696521,Garrett Spain,2025,Double-A,Southern League,Biloxi Shuckers,24,5,5
689688-2025-111,689688,Ethan Workinger,2025,Double-A,Southern League,Columbus Clingstones,23,5,1
694580-2025-111,694580,Kemp Alderman,2025,Double-A,Southern League,Pensacola Blue Wahoos,22,5,4
680846-2025-111,680846,Pablo Aliendo,2025,Double-A,Southern League,Knoxville Smokies,24,5,5
695692-2025-111,695692,Cooper Kinney,2025,Double-A,Southern League,Montgomery Biscuits,22,5,1
687310-2025-111,687310,Will Simpson,2025,Double-A,Southern League,Montgomery Biscuits,23,5,2
694203-2025-111,694203,Denzer Guzman,2025,Double-A,Southern League,Rocket City Trash Pandas,21,5,5
675394-2025-111,675394,Johnny Olmstead,2025,Double-A,Southern League,Pensacola Blue Wahoos,24,5,2
680518-2025-111,680518,Zavier Warren,2025,Double-A,Southern League,Biloxi Shuckers,26,5,2
687554-2025-111,687554,DJ Gladney,2025,Double-A,Southern League,Birmingham Barons,23,5,3
687210-2025-111,687210,Nathan Martorella,2025,Double-A,Southern League,Pensacola Blue Wahoos,24,5,2
678173-2025-111,678173,David McCabe,2025,Double-A,Southern League,Columbus Clingstones,25,5,3
684852-2025-111,684852,Geraldo Quintero,2025,Double-A,Southern League,Columbus Clingstones,23,5,2
691442-2025-111,691442,Wilfred Veras,2025,Double-A,Southern League,Birmingham Barons,22,5,3
695481-2025-111,695481,Jay Allen II,2025,Double-A,Southern League,Chattanooga Lookouts,22,5,2
681941-2025-111,681941,Jaylen Palmer,2025,Double-A,Southern League,Knoxville Smokies,24,5,3
806198-2025-111,806198,Cooper Pratt,2025,Double-A,Southern League,Biloxi Shuckers,20,5,2
699393-2025-111,699393,Pedro Ramírez,2025,Double-A,Southern League,Knoxville Smokies,21,5,4
694966-2025-111,694966,Brayden Taylor,2025,Double-A,Southern League,Montgomery Biscuits,23,5,2
814436-2025-111,814436,Ryan Galanie,2025,Double-A,Southern League,Birmingham Barons,25,5,1
807742-2025-111,807742,Colton Ledbetter,2025,Double-A,Southern League,Montgomery Biscuits,23,5,2
694420-2025-111,694420,Tatem Levins,2025,Double-A,Southern League,Montgomery Biscuits,26,5,3
807751-2025-111,807751,Ethan O'Donnell,2025,Double-A,Southern League,Chattanooga Lookouts,23,5,3
686541-2025-111,686541,Drew Compton,2025,Double-A,Southern League,Columbus Clingstones,24,5,3
804645-2025-111,804645,Caden Connor,2025,Double-A,Southern League,Birmingham Barons,24,5,1
695490-2025-111,695490,Edwin Arroyo,2025,Double-A,Southern League,Chattanooga Lookouts,21,5,1
691858-2025-111,691858,Jared Serna,2025,Double-A,Southern League,Pensacola Blue Wahoos,23,5,1
703520-2025-111,703520,Brett Bateman,2025,Double-A,Southern League,Knoxville Smokies,23,5,4
687144-2025-111,687144,Corey Joyce,2025,Double-A,Southern League,Knoxville Smokies,26,5,3
800325-2025-111,800325,Luis Lara,2025,Double-A,Southern League,Biloxi Shuckers,20,5,4
695462-2025-111,695462,Cal Conley,2025,Double-A,Southern League,Columbus Clingstones,25,5,1
703185-2025-111,703185,Nelson Rada,2025,Double-A,Southern League,Rocket City Trash Pandas,19,5,4
703151-2025-111,703151,William Bergolla Jr.,2025,Double-A,Southern League,Birmingham Barons,20,5,4
683344-2025-111,683344,Homer Bush Jr.,2025,Double-A,Southern League,Montgomery Biscuits,23,5,4
807747-2025-111,807747,Rikuu Nishida,2025,Double-A,Southern League,Birmingham Barons,24,5,4
693850-2025-109,693850,Kala'i Rosario,2025,Double-A,Texas League,Wichita Wind Surge,22,5,5
693459-2025-109,693459,Kyler Fedko,2025,Double-A,Texas League,Wichita Wind Surge,25,5,5
683006-2025-109,683006,Chris Newell,2025,Double-A,Texas League,Tulsa Drillers,24,5,5
692416-2025-109,692416,Christian Cerda,2025,Double-A,Texas League,Amarillo Sod Poodles,22,5,5
688457-2025-109,688457,Gavin Cross,2025,Double-A,Texas League,Northwest Arkansas Naturals,24,5,2
699912-2025-109,699912,Jose Fernandez,2025,Double-A,Texas League,Amarillo Sod Poodles,21,5,1
694673-2025-109,694673,Abimelec Ortiz,2025,Double-A,Texas League,Frisco RoughRiders,23,5,5
695508-2025-109,695508,Cam Cauley,2025,Double-A,Texas League,Frisco RoughRiders,22,5,2
687730-2025-109,687730,Caleb Cali,2025,Double-A,Texas League,Arkansas Travelers,24,5,5
680636-2025-109,680636,Ramon Mendoza,2025,Double-A,Texas League,Springfield Cardinals,24,5,5
672635-2025-109,672635,Luis Mieses,2025,Double-A,Texas League,Frisco RoughRiders,25,5,5
694211-2025-109,694211,Manuel Pena,2025,Double-A,Texas League,Amarillo Sod Poodles,21,5,1
678577-2025-109,678577,Junior Perez,2025,Double-A,Texas League,Midland RockHounds,23,5,5
805346-2025-109,805346,Ben Ross,2025,Double-A,Texas League,Wichita Wind Surge,24,5,2
701648-2025-109,701648,Aaron Zavala,2025,Double-A,Texas League,Frisco RoughRiders,25,5,3
699024-2025-109,699024,Leo Bernal,2025,Double-A,Texas League,Springfield Cardinals,21,5,1
691627-2025-109,691627,Ricardo Olivar,2025,Double-A,Texas League,Wichita Wind Surge,23,5,2
806964-2025-109,806964,Sebastian Walcott,2025,Double-A,Texas League,Frisco RoughRiders,19,5,4
676203-2025-109,676203,Marcos Castañon,2025,Double-A,Texas League,San Antonio Missions,26,5,1
695521-2025-109,695521,Gavin Conticello,2025,Double-A,Texas League,Amarillo Sod Poodles,22,5,1
694410-2025-109,694410,LuJames Groover,2025,Double-A,Texas League,Amarillo Sod Poodles,23,5,1
681377-2025-109,681377,Josh Hood,2025,Double-A,Texas League,Arkansas Travelers,24,5,2
686810-2025-109,686810,Brennan Milone,2025,Double-A,Texas League,Midland RockHounds,24,5,5
703804-2025-109,703804,Romeo Sanabria,2025,Double-A,Texas League,San Antonio Missions,23,5,1
814791-2025-109,814791,Jared Sundstrom,2025,Double-A,Texas League,Arkansas Travelers,24,5,2
694371-2025-109,694371,Tommy Troy,2025,Double-A,Texas League,Amarillo Sod Poodles,23,5,1
678218-2025-109,678218,Brandon Valenzuela,2025,Double-A,Texas League,San Antonio Missions,24,5,5
680996-2025-109,680996,Luke Mann,2025,Double-A,Texas League,Midland RockHounds,25,5,5
690971-2025-109,690971,Chase Davis,2025,Double-A,Texas League,Springfield Cardinals,23,5,3
703766-2025-109,703766,Dakota Harris,2025,Double-A,Texas League,Springfield Cardinals,23,5,1
692405-2025-109,692405,Jeremy Rivas,2025,Double-A,Texas League,Springfield Cardinals,22,5,2
681134-2025-109,681134,Caleb Roberts,2025,Double-A,Texas League,Amarillo Sod Poodles,25,5,5
689531-2025-109,689531,Brett Squires,2025,Double-A,Texas League,Northwest Arkansas Naturals,25,5,3
686438-2025-109,686438,Rubel Cespedes,2025,Double-A,Texas League,Wichita Wind Surge,24,5,1
677049-2025-109,677049,Josh Hatcher,2025,Double-A,Texas League,Frisco RoughRiders,26,5,1
672696-2025-109,672696,Francisco Acuna,2025,Double-A,Texas League,San Antonio Missions,25,5,2
686638-2025-109,686638,Hunter Fitz-Gerald,2025,Double-A,Texas League,Arkansas Travelers,24,5,3
814299-2025-109,814299,Pascanel Ferreras,2025,Double-A,Texas League,Corpus Christi Hooks,23,5,1
664332-2025-109,664332,Moisés Gómez,2025,Double-A,Texas League,San Antonio Missions,26,5,5
687981-2025-109,687981,John Rhodes,2025,Double-A,Texas League,Tulsa Drillers,24,5,2
811289-2025-109,811289,Spencer Nivens,2025,Double-A,Texas League,Northwest Arkansas Naturals,23,5,2
668776-2025-109,668776,Devin Ortiz,2025,Double-A,Texas League,San Antonio Missions,26,5,1
681036-2025-109,681036,Anthony Vilar,2025,Double-A,Texas League,San Antonio Missions,26,5,2
669413-2025-109,669413,Frainyer Chavez,2025,Double-A,Texas League,Frisco RoughRiders,26,5,2
815039-2025-109,815039,Dustin Dickerson,2025,Double-A,Texas League,Northwest Arkansas Naturals,24,5,2
690985-2025-109,690985,Colby Halter,2025,Double-A,Texas League,Midland RockHounds,23,5,3
683169-2025-109,683169,Sean McLain,2025,Double-A,Texas League,Tulsa Drillers,24,5,2
681098-2025-109,681098,Bill Knight,2025,Double-A,Texas League,Arkansas Travelers,25,5,4
805834-2025-109,805834,Javi Vaz,2025,Double-A,Texas League,Northwest Arkansas Naturals,24,5,1
691558-2025-109,691558,Yeiner Fernandez,2025,Double-A,Texas League,Tulsa Drillers,22,5,1
677601-2025-109,677601,Keyber Rodriguez,2025,Double-A,Texas League,Frisco RoughRiders,24,5,1
805891-2025-109,805891,Taylor Young,2025,Double-A,Texas League,Tulsa Drillers,26,5,2
687625-2025-109,687625,Kai Murphy,2025,Double-A,Texas League,San Antonio Missions,24,5,1
800683-2025-109,800683,Blake Rambusch,2025,Double-A,Texas League,Arkansas Travelers,25,5,4
676203-2022-110,676203,Marcos Castañon,2022,Low-A,California League,Lake Elsinore Storm,23,6,3
692585-2022-110,692585,Yanquiel Fernández,2022,Low-A,California League,Fresno Grizzlies,19,6,2
687529-2022-110,687529,Grant McCray,2022,Low-A,California League,San Jose Giants,21,6,5
672596-2022-110,672596,Robert Perez Jr.,2022,Low-A,California League,Modesto Nuts,22,6,3
700337-2022-110,700337,Edgar Quero,2022,Low-A,California League,Inland Empire 66ers,19,6,2
691777-2022-110,691777,Max Muncy,2022,Low-A,California League,Stockton Ports,19,6,3
678596-2022-110,678596,Yorlis Rodriguez,2022,Low-A,California League,San Jose Giants,22,6,1
691182-2022-110,691182,Adael Amador,2022,Low-A,California League,Fresno Grizzlies,19,6,1
690924-2022-110,690924,Braxton Fulford,2022,Low-A,California League,Fresno Grizzlies,23,6,1
678577-2022-110,678577,Junior Perez,2022,Low-A,California League,Stockton Ports,20,6,5
692348-2022-110,692348,Aeverson Arteaga,2022,Low-A,California League,San Jose Giants,19,6,5
691285-2022-110,691285,Junior Franco,2022,Low-A,California League,Visalia Rawhide,19,6,4
682648-2022-110,682648,Juan Guerrero,2022,Low-A,California League,Fresno Grizzlies,20,6,1
695490-2022-110,695490,Edwin Arroyo,2022,Low-A,California League,Modesto Nuts,18,6,5
682729-2022-110,682729,Jonatan Clase,2022,Low-A,California League,Modesto Nuts,20,6,4
678832-2022-110,678832,Yunior Garcia,2022,Low-A,California League,Rancho Cucamonga Quakes,20,6,2
694808-2022-110,694808,Zach Kokoska,2022,Low-A,California League,Fresno Grizzlies,23,6,3
691269-2022-110,691269,Adrian Placencia,2022,Low-A,California League,Inland Empire 66ers,19,6,5
682674-2022-110,682674,Victor Bericoto,2022,Low-A,California League,San Jose Giants,20,6,2
701618-2022-110,701618,Damon Keith,2022,Low-A,California League,Rancho Cucamonga Quakes,22,6,2
682877-2022-110,682877,Juan Brito,2022,Low-A,California League,Fresno Grizzlies,20,6,3
668993-2022-110,668993,Justin Farmer,2022,Low-A,California League,Lake Elsinore Storm,23,6,6
695670-2022-110,695670,Harry Ford,2022,Low-A,California League,Modesto Nuts,19,6,5
691177-2022-110,691177,Luis Rodriguez,2022,Low-A,California League,Rancho Cucamonga Quakes,19,6,2
691558-2022-110,691558,Yeiner Fernandez,2022,Low-A,California League,Rancho Cucamonga Quakes,19,6,1
682643-2022-110,682643,Alexander Ramirez,2022,Low-A,California League,Inland Empire 66ers,19,6,2
683341-2022-110,683341,David Calabrese,2022,Low-A,California League,Inland Empire 66ers,19,6,6
702789-2022-110,702789,Austin Gauthier,2022,Low-A,California League,Rancho Cucamonga Quakes,23,6,2
672013-2022-110,672013,T.J. Schofield-Sam,2022,Low-A,California League,Stockton Ports,21,6,1
679751-2022-110,679751,Danny Bautista Jr.,2022,Low-A,California League,Stockton Ports,21,6,1
676004-2022-110,676004,Walking Cabrera,2022,Low-A,California League,Modesto Nuts,21,6,1
683102-2022-110,683102,Garrett Frechette,2022,Low-A,California League,San Jose Giants,21,6,1
691186-2022-110,691186,Arol Vera,2022,Low-A,California League,Inland Empire 66ers,19,6,2
691949-2022-110,691949,Jake Vogel,2022,Low-A,California League,Rancho Cucamonga Quakes,20,6,6
696045-2022-122,696045,Yosy Galan,2022,Low-A,Carolina League,Down East Wood Ducks,21,6,5
700246-2022-122,700246,Carson Williams,2022,Low-A,Carolina League,Charleston RiverDogs,19,6,5
687554-2022-122,687554,DJ Gladney,2022,Low-A,Carolina League,Kannapolis Cannon Ballers,20,6,5
692221-2022-122,692221,Sammy Infante,2022,Low-A,Carolina League,Fredericksburg Nationals,21,6,3
691442-2022-122,691442,Wilfred Veras,2022,Low-A,Carolina League,Kannapolis Cannon Ballers,19,6,2
682634-2022-122,682634,Kevin Alcántara,2022,Low-A,Carolina League,Myrtle Beach Pelicans,19,6,2
681488-2022-122,681488,Logan Cerny,2022,Low-A,Carolina League,Fayetteville Woodpeckers,22,6,5
691616-2022-122,691616,Hedbert Perez,2022,Low-A,Carolina League,Carolina Mudcats,19,6,3
695770-2022-122,695770,Wes Kath,2022,Low-A,Carolina League,Kannapolis Cannon Ballers,19,6,5
682011-2022-122,682011,Tyler Miller,2022,Low-A,Carolina League,Salem Red Sox,22,6,6
682796-2022-122,682796,Eddinson Paulino,2022,Low-A,Carolina League,Salem Red Sox,19,6,1
678652-2022-122,678652,Jesus Chirinos,2022,Low-A,Carolina League,Carolina Mudcats,20,6,2
683170-2022-122,683170,Kadon Morton,2022,Low-A,Carolina League,Augusta GreenJackets,21,6,5
676044-2022-122,676044,Bob Seymour,2022,Low-A,Carolina League,Charleston RiverDogs,23,6,2
701817-2022-122,701817,River Town,2022,Low-A,Carolina League,Columbia Fireflies,22,6,3
695600-2022-122,695600,Carter Jensen,2022,Low-A,Carolina League,Columbia Fireflies,18,6,3
686863-2022-122,686863,Daniel Mateo,2022,Low-A,Carolina League,Down East Wood Ducks,20,6,4
681868-2022-122,681868,Ezequiel Pagan,2022,Low-A,Carolina League,Myrtle Beach Pelicans,21,6,1
696264-2022-122,696264,Tyler Whitaker,2022,Low-A,Carolina League,Fayetteville Woodpeckers,19,6,6
695604-2022-122,695604,T.J. White,2022,Low-A,Carolina League,Fredericksburg Nationals,18,6,2
682633-2022-122,682633,Eduardo Garcia,2022,Low-A,Carolina League,Carolina Mudcats,19,6,5
691938-2022-122,691938,Willy Vasquez,2022,Low-A,Carolina League,Charleston RiverDogs,20,6,2
689047-2022-122,689047,Jacob Wetzel,2022,Low-A,Carolina League,Myrtle Beach Pelicans,22,6,6
680631-2022-122,680631,Oneill Manzueta,2022,Low-A,Carolina League,Charleston RiverDogs,21,6,2
682801-2022-122,682801,Noelberth Romero,2022,Low-A,Carolina League,Delmarva Shorebirds,20,6,1
687071-2022-122,687071,Shane Sasaki,2022,Low-A,Carolina League,Charleston RiverDogs,21,6,4
682722-2022-122,682722,Isaac De León,2022,Low-A,Carolina League,Delmarva Shorebirds,20,6,5
691458-2022-122,691458,Blaze Jordan,2022,Low-A,Carolina League,Salem Red Sox,19,6,1
678733-2022-122,678733,Guillermo Quintana,2022,Low-A,Carolina League,Columbia Fireflies,21,6,6
688500-2022-122,688500,Stephen Paolini,2022,Low-A,Carolina League,Augusta GreenJackets,21,6,6
701649-2022-122,701649,James Triantos,2022,Low-A,Carolina League,Myrtle Beach Pelicans,19,6,1
682900-2022-122,682900,Brainer Bonaci,2022,Low-A,Carolina League,Salem Red Sox,19,6,6
684222-2022-122,684222,Jorge Burgos,2022,Low-A,Carolina League,Lynchburg Hillcats,19,6,2
682679-2022-122,682679,Dayan Frias,2022,Low-A,Carolina League,Lynchburg Hillcats,20,6,2
702416-2022-122,702416,Leosdany Molina,2022,Low-A,Carolina League,Fayetteville Woodpeckers,22,6,6
684852-2022-122,684852,Geraldo Quintero,2022,Low-A,Carolina League,Augusta GreenJackets,20,6,6
680998-2022-122,680998,Branden Boissiere,2022,Low-A,Carolina League,Fredericksburg Nationals,22,6,2
695780-2022-122,695780,Jake Fox,2022,Low-A,Carolina League,Lynchburg Hillcats,19,6,6
694230-2022-122,694230,Hendry Mendez,2022,Low-A,Carolina League,Carolina Mudcats,18,6,2
687526-2022-122,687526,Marcus Smith,2022,Low-A,Carolina League,Down East Wood Ducks,21,6,5
691185-2022-122,691185,Maximo Acosta,2022,Low-A,Carolina League,Down East Wood Ducks,19,6,4
693309-2022-122,693309,Isaiah Greene,2022,Low-A,Carolina League,Lynchburg Hillcats,20,6,4
702457-2022-122,702457,Colby Smelley,2022,Low-A,Carolina League,Kannapolis Cannon Ballers,22,6,2
678841-2022-122,678841,Brandol Mezquita,2022,Low-A,Carolina League,Augusta GreenJackets,20,6,2
686798-2022-122,686798,Yordys Valdes,2022,Low-A,Carolina League,Lynchburg Hillcats,20,6,2
684712-2022-122,684712,Wilber Sanchez,2022,Low-A,Carolina League,Kannapolis Cannon Ballers,20,6,6
687667-2022-122,687667,Luis Valdez,2022,Low-A,Carolina League,Delmarva Shorebirds,22,6,4
696285-2022-122,696285,Jacob Young,2022,Low-A,Carolina League,Fredericksburg Nationals,22,6,4
683427-2022-122,683427,Omar Hernandez,2022,Low-A,Carolina League,Columbia Fireflies,20,6,1
676811-2022-113,676811,Quincy Nieporte,2022,Double-A,Eastern League,Erie SeaWolves,27,6,3
682619-2022-113,682619,Orelvis Martinez,2022,Double-A,Eastern League,New Hampshire Fisher Cats,20,6,3
677595-2022-113,677595,Ronny Mauricio,2022,Double-A,Eastern League,Binghamton Rumble Ponies,21,6,1
687823-2022-113,687823,Aaron Shackelford,2022,Double-A,Eastern League,Altoona Curve,25,6,3
667472-2022-113,667472,Dane Myers,2022,Double-A,Eastern League,Erie SeaWolves,26,6,5
600902-2022-113,600902,Wilson Garcia,2022,Double-A,Eastern League,Harrisburg Senators,28,6,1
686668-2022-113,686668,Brenton Doyle,2022,Double-A,Eastern League,Hartford Yard Goats,24,6,5
669911-2022-113,669911,Michael Toglia,2022,Double-A,Eastern League,Hartford Yard Goats,23,6,3
666149-2022-113,666149,Tyler Fitzgerald,2022,Double-A,Eastern League,Richmond Flying Squirrels,24,6,5
687019-2022-113,687019,Andrés Alvarez,2022,Double-A,Eastern League,Altoona Curve,25,6,3
683146-2022-113,683146,Brett Baty,2022,Double-A,Eastern League,Binghamton Rumble Ponies,22,6,2
665846-2022-113,665846,Jesús Bastidas,2022,Double-A,Eastern League,Somerset Patriots,23,6,3
685382-2022-113,685382,Andrew Navigato,2022,Double-A,Eastern League,Erie SeaWolves,24,6,1
687588-2022-113,687588,Micah Pries,2022,Double-A,Eastern League,Akron RubberDucks,24,6,3
683011-2022-113,683011,Anthony Volpe,2022,Double-A,Eastern League,Somerset Patriots,21,6,6
682266-2022-113,682266,Brett Auerbach,2022,Double-A,Eastern League,Richmond Flying Squirrels,23,6,5
685313-2022-113,685313,Elijah Dunham,2022,Double-A,Eastern League,Somerset Patriots,24,6,6
683766-2022-113,683766,Christian Koss,2022,Double-A,Eastern League,Portland Sea Dogs,24,6,2
665560-2022-113,665560,Jhailyn Ortiz,2022,Double-A,Eastern League,Reading Fightin Phils,23,6,5
678009-2022-113,678009,Parker Meadows,2022,Double-A,Eastern League,Erie SeaWolves,22,6,3
674330-2022-113,674330,Zac Cook,2022,Double-A,Eastern League,New Hampshire Fisher Cats,24,6,5
669898-2022-113,669898,Andrew Daschbach,2022,Double-A,Eastern League,Bowie Baysox,24,6,5
681370-2022-113,681370,Hudson Haskin,2022,Double-A,Eastern League,Bowie Baysox,23,6,1
680862-2022-113,680862,Willie MacIver,2022,Double-A,Eastern League,Hartford Yard Goats,25,6,3
687401-2022-113,687401,Joey Ortiz,2022,Double-A,Eastern League,Bowie Baysox,23,6,3
671655-2022-113,671655,George Valera,2022,Double-A,Eastern League,Akron RubberDucks,21,6,2
625506-2022-113,625506,Aldrem Corredor,2022,Double-A,Eastern League,Reading Fightin Phils,26,6,2
693307-2022-113,693307,Dillon Dingler,2022,Double-A,Eastern League,Erie SeaWolves,23,6,5
672823-2022-113,672823,Sebastian Espino,2022,Double-A,Eastern League,New Hampshire Fisher Cats,22,6,5
663604-2022-113,663604,Brandon Lockridge,2022,Double-A,Eastern League,Somerset Patriots,25,6,6
666165-2022-113,666165,Blake Sabol,2022,Double-A,Eastern League,Altoona Curve,24,6,5
668845-2022-113,668845,Aaron Schunk,2022,Double-A,Eastern League,Hartford Yard Goats,24,6,1
669398-2022-113,669398,Gage Workman,2022,Double-A,Eastern League,Erie SeaWolves,22,6,5
682239-2022-113,682239,Luke Ritter,2022,Double-A,Eastern League,Binghamton Rumble Ponies,25,6,3
677587-2022-113,677587,Brayan Rocchio,2022,Double-A,Eastern League,Akron RubberDucks,21,6,1
677588-2022-113,677588,José Tena,2022,Double-A,Eastern League,Akron RubberDucks,21,6,2
666152-2022-113,666152,David Hamilton,2022,Double-A,Eastern League,Portland Sea Dogs,24,6,6
676847-2022-113,676847,Shane Matheny,2022,Double-A,Eastern League,Richmond Flying Squirrels,26,6,5
620442-2022-113,620442,Wendell Rijo,2022,Double-A,Eastern League,Reading Fightin Phils,26,6,6
676667-2022-113,676667,Justin Connell,2022,Double-A,Eastern League,Harrisburg Senators,23,6,5
666126-2022-113,666126,Carlos Cortes,2022,Double-A,Eastern League,Binghamton Rumble Ponies,25,6,3
671271-2022-113,671271,Jeisson Rosario,2022,Double-A,Eastern League,Somerset Patriots,22,6,6
665782-2022-113,665782,Luis De Los Santos,2022,Double-A,Eastern League,New Hampshire Fisher Cats,24,6,2
678894-2022-113,678894,Liover Peguero,2022,Double-A,Eastern League,Altoona Curve,21,6,1
667663-2022-113,667663,Hunter Stovall,2022,Double-A,Eastern League,Hartford Yard Goats,25,6,2
669707-2022-113,669707,Jared Triolo,2022,Double-A,Eastern League,Altoona Curve,24,6,6
676280-2022-113,676280,Tyler Dearden,2022,Double-A,Eastern League,Portland Sea Dogs,23,6,2
686659-2022-113,686659,Julian Escobedo,2022,Double-A,Eastern League,Akron RubberDucks,24,6,6
669002-2022-113,669002,Connor Scott,2022,Double-A,Eastern League,Altoona Curve,22,6,1
687714-2022-113,687714,Jackson Cluff,2022,Double-A,Eastern League,Harrisburg Senators,25,6,6
670208-2022-113,670208,Matt Fraizer,2022,Double-A,Eastern League,Altoona Curve,24,6,6
682177-2022-113,682177,Daniel Schneemann,2022,Double-A,Eastern League,Akron RubberDucks,25,6,6
696281-2022-113,696281,Wyatt Young,2022,Double-A,Eastern League,Binghamton Rumble Ponies,22,6,2
668667-2022-113,668667,Daniel Cabrera,2022,Double-A,Eastern League,Erie SeaWolves,23,6,1
686555-2022-113,686555,Isaac Collins,2022,Double-A,Eastern League,Hartford Yard Goats,24,6,6
693409-2022-113,693409,César Prieto,2022,Double-A,Eastern League,Bowie Baysox,23,6,1
686639-2022-113,686639,Jack Dunn,2022,Double-A,Eastern League,Harrisburg Senators,25,6,2
666695-2022-113,666695,Jonathan Guzmán,2022,Double-A,Eastern League,Reading Fightin Phils,22,6,6
657075-2022-113,657075,Jeremy Vasquez,2022,Double-A,Eastern League,Binghamton Rumble Ponies,25,6,1
683364-2022-123,683364,Carlos Dominguez,2022,Low-A,Florida State League,St. Lucie Mets,22,6,5
691456-2022-123,691456,Manuel Sequera,2022,Low-A,Florida State League,Lakeland Flying Tigers,19,6,3
684519-2022-123,684519,Omar De Los Santos,2022,Low-A,Florida State League,St. Lucie Mets,22,6,4
678742-2022-123,678742,Rainer Nunez,2022,Low-A,Florida State League,Dunedin Blue Jays,21,6,1
687749-2022-123,687749,Jase Bowen,2022,Low-A,Florida State League,Bradenton Marauders,21,6,2
683550-2022-123,683550,Marcos Cabrera,2022,Low-A,Florida State League,Tampa Tarpons,20,6,5
678803-2022-123,678803,Anthony Garcia,2022,Low-A,Florida State League,Tampa Tarpons,21,6,5
693850-2022-123,693850,Kala'i Rosario,2022,Low-A,Florida State League,Fort Myers Mighty Mussels,19,6,5
686577-2022-123,686577,Keoni Cavaco,2022,Low-A,Florida State League,Fort Myers Mighty Mussels,21,6,5
683493-2022-123,683493,William Lugo,2022,Low-A,Florida State League,St. Lucie Mets,20,6,3
681433-2022-123,681433,Noah Cardenas,2022,Low-A,Florida State League,Fort Myers Mighty Mussels,22,6,6
696135-2022-123,696135,Kahlil Watson,2022,Low-A,Florida State League,Jupiter Hammerheads,19,6,5
680918-2022-123,680918,Brady Allen,2022,Low-A,Florida State League,Jupiter Hammerheads,22,6,2
682625-2022-123,682625,Antonio Gomez,2022,Low-A,Florida State League,Tampa Tarpons,20,6,2
691789-2022-123,691789,Izaac Pacheco,2022,Low-A,Florida State League,Lakeland Flying Tigers,19,6,1
683061-2022-123,683061,Alexander Vargas,2022,Low-A,Florida State League,Tampa Tarpons,20,6,6
682656-2022-123,682656,Sergio Campana,2022,Low-A,Florida State League,Bradenton Marauders,20,6,5
691907-2022-123,691907,Tsung-Che Cheng,2022,Low-A,Florida State League,Bradenton Marauders,20,6,4
691449-2022-123,691449,Roberto Campos,2022,Low-A,Florida State League,Lakeland Flying Tigers,19,6,2
694425-2022-123,694425,Justice Bigbie,2022,Low-A,Florida State League,Lakeland Flying Tigers,23,6,2
695653-2022-123,695653,Noah Miller,2022,Low-A,Florida State League,Fort Myers Mighty Mussels,19,6,6
692405-2022-123,692405,Jeremy Rivas,2022,Low-A,Florida State League,Palm Beach Cardinals,19,6,2
692497-2022-123,692497,Estiven Machado,2022,Low-A,Florida State League,Dunedin Blue Jays,19,6,2
656484-2022-117,656484,Tristan Gray,2022,Triple-A,International League,Durham Bulls,26,6,3
623507-2022-117,623507,Josh Lester,2022,Triple-A,International League,Toledo Mud Hens,27,6,3
669742-2022-117,669742,Darick Hall,2022,Triple-A,International League,Lehigh Valley IronPigs,26,6,3
676551-2022-117,676551,Brewer Hicklen,2022,Triple-A,International League,Omaha Storm Chasers,26,6,5
594953-2022-117,594953,Daniel Palka,2022,Triple-A,International League,Syracuse Mets,30,6,3
592622-2022-117,592622,Mark Payton,2022,Triple-A,International League,Charlotte Knights,30,6,3
572138-2022-117,572138,Jon Singleton,2022,Triple-A,International League,Nashville Sounds,30,6,3
668901-2022-117,668901,Mark Vientos,2022,Triple-A,International League,Syracuse Mets,22,6,2
663609-2022-117,663609,Luken Baker,2022,Triple-A,International League,Memphis Redbirds,25,6,3
656024-2022-117,656024,Carlos Pérez,2022,Triple-A,International League,Charlotte Knights,25,6,1
676475-2022-117,676475,Alec Burleson,2022,Triple-A,International League,Memphis Redbirds,23,6,1
608841-2022-117,608841,Joey Meneses,2022,Triple-A,International League,Rochester Red Wings,30,6,3
643271-2022-117,643271,Narciso Crook,2022,Triple-A,International League,Iowa Cubs,26,6,5
676733-2022-117,676733,Mason Martin,2022,Triple-A,International League,Indianapolis Indians,23,6,5
672724-2022-117,672724,Oswald Peraza,2022,Triple-A,International League,Scranton/Wilkes-Barre RailRiders,22,6,6
621514-2022-117,621514,Christin Stewart,2022,Triple-A,International League,Worcester Red Sox,28,6,5
669065-2022-117,669065,Kyle Stowers,2022,Triple-A,International League,Norfolk Tides,24,6,3
666018-2022-117,666018,Jonathan Aranda,2022,Triple-A,International League,Durham Bulls,24,6,2
670113-2022-117,670113,Jim Haley,2022,Triple-A,International League,Durham Bulls,27,6,3
676059-2022-117,676059,Jordan Westburg,2022,Triple-A,International League,Norfolk Tides,23,6,3
681807-2022-117,681807,David Fry,2022,Triple-A,International League,Columbus Clippers,26,6,1
660613-2022-117,660613,Ronaldo Hernández,2022,Triple-A,International League,Worcester Red Sox,24,6,1
676724-2022-117,676724,Jared Young,2022,Triple-A,International League,Iowa Cubs,26,6,3
680837-2022-117,680837,Ryan Fitzgerald,2022,Triple-A,International League,Worcester Red Sox,28,6,3
670156-2022-117,670156,Miles Mastrobuoni,2022,Triple-A,International League,Durham Bulls,26,6,2
664057-2022-117,664057,Andrew Stevenson,2022,Triple-A,International League,Rochester Red Wings,28,6,4
643603-2022-117,643603,Tyler White,2022,Triple-A,International League,Gwinnett Stripers,31,6,3
607430-2022-117,607430,John Andreoli,2022,Triple-A,International League,St. Paul Saints,32,6,5
593528-2022-117,593528,Jorge Bonifacio,2022,Triple-A,International League,Lehigh Valley IronPigs,29,6,3
680814-2022-117,680814,Peyton Burdick,2022,Triple-A,International League,Jacksonville Jumbo Shrimp,25,6,3
676628-2022-117,676628,Mark Contreras,2022,Triple-A,International League,St. Paul Saints,27,6,5
664314-2022-117,664314,Estevan Florial,2022,Triple-A,International League,Scranton/Wilkes-Barre RailRiders,24,6,5
656514-2022-117,656514,Adam Haseley,2022,Triple-A,International League,Charlotte Knights,26,6,1
680438-2022-117,680438,Robert Neustrom,2022,Triple-A,International League,Norfolk Tides,25,6,3
680118-2022-117,680118,Dairon Blanco,2022,Triple-A,International League,Omaha Storm Chasers,29,6,4
663478-2022-117,663478,Brendon Davis,2022,Triple-A,International League,Toledo Mud Hens,24,6,3
680737-2022-117,680737,Michael Helman,2022,Triple-A,International League,St. Paul Saints,26,6,6
650339-2022-117,650339,Jermaine Palacios,2022,Triple-A,International League,St. Paul Saints,25,6,2
676625-2022-117,676625,Rylan Bannon,2022,Triple-A,International League,Gwinnett Stripers,26,6,3
666164-2022-117,666164,Blake Rutherford,2022,Triple-A,International League,Charlotte Knights,25,6,1
668930-2022-117,668930,Brice Turang,2022,Triple-A,International League,Nashville Sounds,22,6,2
669008-2022-117,669008,Ronnie Dawson,2022,Triple-A,International League,Louisville Bats,27,6,2
664770-2022-117,664770,Nathan Lukes,2022,Triple-A,International League,Buffalo Bisons,27,6,1
578570-2022-117,578570,Juniel Querecuto,2022,Triple-A,International League,Louisville Bats,29,6,3
622569-2022-117,622569,Pablo Reyes,2022,Triple-A,International League,Nashville Sounds,28,6,6
670298-2022-117,670298,Kramer Robertson,2022,Triple-A,International League,Memphis Redbirds,27,6,2
655996-2022-117,655996,Cristian Santana,2022,Triple-A,International League,Louisville Bats,25,6,2
670097-2022-117,670097,Zack Short,2022,Triple-A,International League,Toledo Mud Hens,27,6,3
664051-2022-117,664051,Mitchell Tolman,2022,Triple-A,International League,Columbus Clippers,28,6,2
642197-2022-117,642197,Jamie Westbrook,2022,Triple-A,International League,Toledo Mud Hens,27,6,1
642215-2022-117,642215,Weston Wilson,2022,Triple-A,International League,Nashville Sounds,27,6,6
663662-2022-117,663662,Daz Cameron,2022,Triple-A,International League,Toledo Mud Hens,25,6,5
666137-2022-117,666137,Khalil Lee,2022,Triple-A,International League,Syracuse Mets,24,6,5
669738-2022-117,669738,Jake Noll,2022,Triple-A,International League,Rochester Red Wings,28,6,1
605486-2022-117,605486,Cory Spangenberg,2022,Triple-A,International League,Memphis Redbirds,31,6,2
642162-2022-117,642162,Pat Valaika,2022,Triple-A,International League,Gwinnett Stripers,29,6,1
686823-2022-117,686823,Will Brennan,2022,Triple-A,International League,Columbus Clippers,24,6,1
641512-2022-117,641512,Ben DeLuzio,2022,Triple-A,International League,Memphis Redbirds,27,6,4
687867-2022-117,687867,Clay Dungan,2022,Triple-A,International League,Omaha Storm Chasers,26,6,6
640460-2022-117,640460,Dustin Peterson,2022,Triple-A,International League,Lehigh Valley IronPigs,27,6,2
621545-2022-117,621545,Zach Remillard,2022,Triple-A,International League,Charlotte Knights,28,6,2
680552-2022-117,680552,Travis Swaggerty,2022,Triple-A,International League,Indianapolis Indians,24,6,2
678225-2022-117,678225,Ji Hwan Bae,2022,Triple-A,International League,Indianapolis Indians,22,6,4
624417-2022-117,624417,Bryson Brigman,2022,Triple-A,International League,Jacksonville Jumbo Shrimp,27,6,1
675925-2022-117,675925,Cullen Large,2022,Triple-A,International League,Buffalo Bisons,26,6,2
675649-2022-117,675649,Brian Miller,2022,Triple-A,International League,Jacksonville Jumbo Shrimp,26,6,4
622668-2022-117,622668,Ivan Castillo,2022,Triple-A,International League,Omaha Storm Chasers,27,6,1
661411-2022-117,661411,Lorenzo Cedrola,2022,Triple-A,International League,Louisville Bats,24,6,1
656734-2022-117,656734,Evan Mendoza,2022,Triple-A,International League,Memphis Redbirds,26,6,6
677954-2022-117,677954,Jordan Groshans,2022,Triple-A,International League,Jacksonville Jumbo Shrimp,22,6,1
691503-2022-117,691503,Yolbert Sanchez,2022,Triple-A,International League,Charlotte Knights,25,6,1
592261-2022-117,592261,Delino DeShields,2022,Triple-A,International League,Gwinnett Stripers,29,6,4
691016-2022-118,691016,Tyler Soderstrom,2022,High-A,Midwest League,Lansing Lugnuts,20,6,3
678413-2022-118,678413,Alexfri Planez,2022,High-A,Midwest League,Lake County Captains,20,6,3
682947-2022-118,682947,Jose Ramos,2022,High-A,Midwest League,Great Lakes Loons,21,6,5
683172-2022-118,683172,Joe Naranjo,2022,High-A,Midwest League,Lake County Captains,21,6,3
676002-2022-118,676002,Juan Carlos Negret,2022,High-A,Midwest League,Quad Cities River Bandits,23,6,3
677673-2022-118,677673,Imanol Vargas,2022,High-A,Midwest League,Great Lakes Loons,24,6,5
680799-2022-118,680799,Seth Gray,2022,High-A,Midwest League,Cedar Rapids Kernels,24,6,5
686770-2022-118,686770,Dillan Shrum,2022,High-A,Midwest League,Quad Cities River Bandits,24,6,5
669336-2022-118,669336,Joe Gray Jr.,2022,High-A,Midwest League,Wisconsin Timber Rattlers,22,6,3
678760-2022-118,678760,Eddys Leonard,2022,High-A,Midwest League,Great Lakes Loons,21,6,1
685087-2022-118,685087,Jordan Nwogu,2022,High-A,Midwest League,South Bend Cubs,23,6,3
686523-2022-118,686523,Peyton Wilson,2022,High-A,Midwest League,Quad Cities River Bandits,22,6,2
687724-2022-118,687724,Jake Holton,2022,High-A,Midwest League,West Michigan Whitecaps,24,6,2
695292-2022-118,695292,L.J. Jones,2022,High-A,Midwest League,Peoria Chiefs,23,6,1
681357-2022-118,681357,Cody Morissette,2022,High-A,Midwest League,Beloit Sky Carp,22,6,3
682818-2022-118,682818,Yohendrick Piñango,2022,High-A,Midwest League,South Bend Cubs,20,6,1
686958-2022-118,686958,Jose Torres,2022,High-A,Midwest League,Dayton Dragons,22,6,6
668860-2022-118,668860,Kale Emshoff,2022,High-A,Midwest League,Quad Cities River Bandits,24,6,5
665820-2022-118,665820,Wander Javier,2022,High-A,Midwest League,Cedar Rapids Kernels,23,6,3
687152-2022-118,687152,Darrien Miller,2022,High-A,Midwest League,Wisconsin Timber Rattlers,21,6,3
683357-2022-118,683357,Owen Caissie,2022,High-A,Midwest League,South Bend Cubs,19,6,2
668698-2022-118,668698,Todd Lott,2022,High-A,Midwest League,Peoria Chiefs,24,6,2
676509-2022-118,676509,Josh Crouch,2022,High-A,Midwest League,West Michigan Whitecaps,23,6,1
677577-2022-118,677577,Ynmanol Mariñez,2022,High-A,Midwest League,Beloit Sky Carp,21,6,2
669442-2022-118,669442,Alerick Soularie,2022,High-A,Midwest League,Cedar Rapids Kernels,22,6,6
678218-2022-118,678218,Brandon Valenzuela,2022,High-A,Midwest League,Fort Wayne TinCaps,21,6,3
678391-2022-118,678391,Jorbit Vivas,2022,High-A,Midwest League,Great Lakes Loons,21,6,1
680518-2022-118,680518,Zavier Warren,2022,High-A,Midwest League,Wisconsin Timber Rattlers,23,6,3
689750-2022-118,689750,Jacob Buchberger,2022,High-A,Midwest League,Peoria Chiefs,24,6,1
678648-2022-118,678648,Herard Gonzalez,2022,High-A,Midwest League,Quad Cities River Bandits,21,6,2
702315-2022-118,702315,Bennett Hostetler,2022,High-A,Midwest League,Beloit Sky Carp,24,6,1
682621-2022-118,682621,Gabriel Rodriguez,2022,High-A,Midwest League,Lake County Captains,20,6,2
672537-2022-118,672537,Dalvy Rosario,2022,High-A,Midwest League,Beloit Sky Carp,21,6,6
669360-2022-118,669360,Trei Cruz,2022,High-A,Midwest League,West Michigan Whitecaps,23,6,6
693459-2022-118,693459,Kyler Fedko,2022,High-A,Midwest League,Cedar Rapids Kernels,22,6,6
678285-2022-118,678285,Fabian Pertuz,2022,High-A,Midwest League,South Bend Cubs,21,6,6
678746-2022-118,678746,Diego Hernandez,2022,High-A,Midwest League,Quad Cities River Bandits,21,6,4
686845-2022-118,686845,Tommy Jew,2022,High-A,Midwest League,Peoria Chiefs,24,6,6
671976-2022-118,671976,Tristan Peters,2022,High-A,Midwest League,Wisconsin Timber Rattlers,22,6,2
690984-2022-118,690984,Petey Halpin,2022,High-A,Midwest League,Lake County Captains,20,6,2
681468-2022-118,681468,Corey Rosier,2022,High-A,Midwest League,Fort Wayne TinCaps,22,6,4
672882-2022-118,672882,Ismael Alcantara,2022,High-A,Midwest League,Great Lakes Loons,23,6,6
677731-2022-118,677731,Francisco Hernandez,2022,High-A,Midwest League,Peoria Chiefs,22,6,2
683748-2022-118,683748,Victor Mesa Jr.,2022,High-A,Midwest League,Beloit Sky Carp,20,6,1
696140-2022-118,696140,Ethan Murray,2022,High-A,Midwest League,Wisconsin Timber Rattlers,22,6,6
677605-2022-118,677605,Luis Verdugo,2022,High-A,Midwest League,South Bend Cubs,21,6,1
673062-2022-118,673062,Jarryd Dale,2022,High-A,Midwest League,Fort Wayne TinCaps,21,6,6
701162-2022-118,701162,Ben Malgeri,2022,High-A,Midwest League,West Michigan Whitecaps,22,6,2
686475-2022-118,686475,Tyler Tolbert,2022,High-A,Midwest League,Quad Cities River Bandits,24,6,4
683494-2022-118,683494,Euribiel Angeles,2022,High-A,Midwest League,Lansing Lugnuts,20,6,1
689456-2022-118,689456,Austin Murr,2022,High-A,Midwest League,West Michigan Whitecaps,23,6,1
683083-2022-118,683083,Nasim Nuñez,2022,High-A,Midwest League,Beloit Sky Carp,21,6,4
649810-2022-126,649810,Dariel Gomez,2022,High-A,Northwest League,Everett AquaSox,25,6,3
678681-2022-126,678681,Luis Toribio,2022,High-A,Northwest League,Eugene Emeralds,21,6,3
669477-2022-126,669477,Casey Schmitt,2022,High-A,Northwest League,Eugene Emeralds,23,6,3
685388-2022-126,685388,Colin Simpson,2022,High-A,Northwest League,Spokane Indians,25,6,3
682622-2022-126,682622,Noelvi Marte,2022,High-A,Northwest League,Everett AquaSox,20,6,3
691021-2022-126,691021,A.J. Vukovich,2022,High-A,Northwest League,Hillsboro Hops,20,6,4
687346-2022-126,687346,Gabe Matthews,2022,High-A,Northwest League,Tri-City Dust Devils,24,6,3
682646-2022-126,682646,Jairo Pomares,2022,High-A,Northwest League,Eugene Emeralds,21,6,5
666183-2022-126,666183,Hunter Bishop,2022,High-A,Northwest League,Eugene Emeralds,24,6,5
676678-2022-126,676678,PK Morris,2022,High-A,Northwest League,Vancouver Canadians,23,6,3
681466-2022-126,681466,James Parker,2022,High-A,Northwest League,Everett AquaSox,22,6,3
679734-2022-126,679734,Julio Carreras,2022,High-A,Northwest League,Spokane Indians,22,6,1
677599-2022-126,677599,Miguel Hiraldo,2022,High-A,Northwest League,Vancouver Canadians,21,6,6
682641-2022-126,682641,Luis Matos,2022,High-A,Northwest League,Eugene Emeralds,20,6,1
691728-2022-126,691728,Zac Veen,2022,High-A,Northwest League,Spokane Indians,20,6,4
669208-2022-126,669208,Ryan Bliss,2022,High-A,Northwest League,Hillsboro Hops,22,6,6
700032-2022-126,700032,Victor Labrada,2022,High-A,Northwest League,Everett AquaSox,22,6,5
679754-2022-126,679754,Alberto Rodriguez,2022,High-A,Northwest League,Everett AquaSox,21,6,2
673990-2022-126,673990,Andy Thomas,2022,High-A,Northwest League,Eugene Emeralds,24,6,2
681134-2022-126,681134,Caleb Roberts,2022,High-A,Northwest League,Hillsboro Hops,22,6,2
677347-2022-126,677347,Kyren Paris,2022,High-A,Northwest League,Tri-City Dust Devils,20,6,5
675440-2022-126,675440,Mike Peabody,2022,High-A,Northwest League,Tri-City Dust Devils,23,6,2
678837-2022-126,678837,Bladimir Restituyo,2022,High-A,Northwest League,Spokane Indians,20,6,1
669671-2022-126,669671,Justin Lavey,2022,High-A,Northwest League,Everett AquaSox,24,6,2
677647-2022-126,677647,Eddy Diaz,2022,High-A,Northwest League,Spokane Indians,22,6,4
691011-2022-126,691011,Drew Romo,2022,High-A,Northwest League,Spokane Indians,20,6,1
668577-2022-126,668577,Osmy Gregorio,2022,High-A,Northwest League,Tri-City Dust Devils,24,6,2
677610-2022-126,677610,D'Shawn Knowles,2022,High-A,Northwest League,Tri-City Dust Devils,21,6,2
641829-2022-112,641829,Jason Martin,2022,Triple-A,Pacific Coast League,Oklahoma City Dodgers,26,6,5
667452-2022-112,667452,Corey Julks,2022,Triple-A,Pacific Coast League,Sugar Land Space Cowboys,26,6,3
542208-2022-112,542208,Carlos Pérez,2022,Triple-A,Pacific Coast League,Albuquerque Isotopes,31,6,3
656448-2022-112,656448,Stone Garrett,2022,Triple-A,Pacific Coast League,Reno Aces,26,6,3
686676-2022-112,686676,Korey Lee,2022,Triple-A,Pacific Coast League,Sugar Land Space Cowboys,23,6,3
676116-2022-112,676116,Ryan Noda,2022,Triple-A,Pacific Coast League,Oklahoma City Dodgers,26,6,5
656449-2022-112,656449,Jake Gatewood,2022,Triple-A,Pacific Coast League,Salt Lake Bees,26,6,3
666703-2022-112,666703,Eguy Rosario,2022,Triple-A,Pacific Coast League,El Paso Chihuahuas,22,6,3
592144-2022-112,592144,Wynton Bernard,2022,Triple-A,Pacific Coast League,Albuquerque Isotopes,31,6,2
683737-2022-112,683737,Michael Busch,2022,Triple-A,Pacific Coast League,Oklahoma City Dodgers,24,6,3
669200-2022-112,669200,Mason McCoy,2022,Triple-A,Pacific Coast League,Tacoma Rainiers,27,6,3
663796-2022-112,663796,Coco Montes,2022,Triple-A,Pacific Coast League,Albuquerque Isotopes,25,6,5
656403-2022-112,656403,Drew Ellis,2022,Triple-A,Pacific Coast League,Tacoma Rainiers,26,6,3
605504-2022-112,605504,Dillon Thomas,2022,Triple-A,Pacific Coast League,Salt Lake Bees,29,6,2
621573-2022-112,621573,Austin Dean,2022,Triple-A,Pacific Coast League,Sacramento River Cats,28,6,3
546994-2022-112,546994,C.J. Hinojosa,2022,Triple-A,Pacific Coast League,El Paso Chihuahuas,27,6,1
694175-2022-112,694175,Pedro León,2022,Triple-A,Pacific Coast League,Sugar Land Space Cowboys,24,6,5
678246-2022-112,678246,Miguel Vargas,2022,Triple-A,Pacific Coast League,Oklahoma City Dodgers,22,6,3
625510-2022-112,625510,Erick Mejia,2022,Triple-A,Pacific Coast League,Tacoma Rainiers,27,6,2
670128-2022-112,670128,Taylor Kohlwey,2022,Triple-A,Pacific Coast League,El Paso Chihuahuas,27,6,1
671218-2022-112,671218,Heliot Ramos,2022,Triple-A,Pacific Coast League,Sacramento River Cats,22,6,2
682073-2022-112,682073,David Hensley,2022,Triple-A,Pacific Coast League,Sugar Land Space Cowboys,26,6,2
621008-2022-112,621008,Alex De Goti,2022,Triple-A,Pacific Coast League,Sugar Land Space Cowboys,27,6,1
664954-2022-112,664954,Brett Sullivan,2022,Triple-A,Pacific Coast League,El Paso Chihuahuas,28,6,1
682183-2022-112,682183,Drew Avans,2022,Triple-A,Pacific Coast League,Oklahoma City Dodgers,26,6,5
670148-2022-112,670148,Nate Mondou,2022,Triple-A,Pacific Coast League,Las Vegas Aviators,27,6,2
676900-2022-112,676900,Ryan Dorow,2022,Triple-A,Pacific Coast League,Round Rock Express,26,6,6
657088-2022-112,657088,Forrest Wall,2022,Triple-A,Pacific Coast League,Tacoma Rainiers,26,6,4
666150-2022-112,666150,Dominic Fletcher,2022,Triple-A,Pacific Coast League,Reno Aces,24,6,2
668723-2022-112,668723,Ryan Vilade,2022,Triple-A,Pacific Coast League,Albuquerque Isotopes,23,6,1
642221-2022-112,642221,Kean Wong,2022,Triple-A,Pacific Coast League,Salt Lake Bees,27,6,4
681715-2022-116,681715,Heriberto Hernández,2022,High-A,South Atlantic League,Bowling Green Hot Rods,22,6,5
671113-2022-116,671113,Zach Daniels,2022,High-A,South Atlantic League,Asheville Tourists,23,6,5
676205-2022-116,676205,Tyler Hardman,2022,High-A,South Atlantic League,Hudson Valley Renegades,23,6,5
683593-2022-116,683593,Dariel Lopez,2022,High-A,South Atlantic League,Greensboro Grasshoppers,20,6,2
682868-2022-116,682868,Bryan Ramos,2022,High-A,South Atlantic League,Winston-Salem Dash,20,6,3
686677-2022-116,686677,Landon Stephens,2022,High-A,South Atlantic League,Rome Braves,24,6,3
683090-2022-116,683090,Matthew Lugo,2022,High-A,South Atlantic League,Greenville Drive,21,6,1
676288-2022-116,676288,Baron Radcliff,2022,High-A,South Atlantic League,Jersey Shore BlueClaws,23,6,5
682848-2022-116,682848,Endy Rodríguez,2022,High-A,South Atlantic League,Greensboro Grasshoppers,22,6,3
695257-2022-116,695257,Billy Cook,2022,High-A,South Atlantic League,Aberdeen IronBirds,23,6,5
678900-2022-116,678900,Alexander Ovalles,2022,High-A,South Atlantic League,Bowling Green Hot Rods,21,6,2
695336-2022-116,695336,Thomas Saggese,2022,High-A,South Atlantic League,Hickory Crawdads,20,6,5
700242-2022-116,700242,Trey Sweeney,2022,High-A,South Atlantic League,Hudson Valley Renegades,22,6,6
683227-2022-116,683227,Cody Freeman,2022,High-A,South Atlantic League,Hickory Crawdads,21,6,1
669386-2022-116,669386,Trevor Hauver,2022,High-A,South Atlantic League,Hickory Crawdads,23,6,3
670868-2022-116,670868,Abrahan Gutierrez,2022,High-A,South Atlantic League,Greensboro Grasshoppers,22,6,2
672635-2022-116,672635,Luis Mieses,2022,High-A,South Atlantic League,Winston-Salem Dash,22,6,1
685121-2022-116,685121,Beau Philip,2022,High-A,South Atlantic League,Rome Braves,23,6,2
677060-2022-116,677060,Chad Stevens,2022,High-A,South Atlantic League,Asheville Tourists,23,6,5
694497-2022-116,694497,Evan Carter,2022,High-A,South Atlantic League,Hickory Crawdads,19,6,6
695587-2022-116,695587,Bryson Horne,2022,High-A,South Atlantic League,Rome Braves,23,6,2
670919-2022-116,670919,Luis Santana,2022,High-A,South Atlantic League,Asheville Tourists,22,6,2
694377-2022-116,694377,Nick Yorke,2022,High-A,South Atlantic League,Greenville Drive,20,6,6
701648-2022-116,701648,Aaron Zavala,2022,High-A,South Atlantic League,Hickory Crawdads,22,6,5
671276-2022-116,671276,Yasel Antuna,2022,High-A,South Atlantic League,Wilmington Blue Rocks,22,6,6
682685-2022-116,682685,Cristian Gonzalez,2022,High-A,South Atlantic League,Asheville Tourists,20,6,1
687431-2022-116,687431,Hudson Head,2022,High-A,South Atlantic League,Greensboro Grasshoppers,21,6,5
665827-2022-116,665827,Harvin Mendoza,2022,High-A,South Atlantic League,Winston-Salem Dash,23,6,6
677068-2022-116,677068,Tyler Osik,2022,High-A,South Atlantic League,Winston-Salem Dash,25,6,2
688403-2022-116,688403,Michael Sandle,2022,High-A,South Atlantic League,Asheville Tourists,23,6,1
669451-2022-116,669451,Chris Seise,2022,High-A,South Atlantic League,Hickory Crawdads,23,6,2
675961-2022-116,675961,Alika Williams,2022,High-A,South Atlantic League,Bowling Green Hot Rods,23,6,6
669363-2022-116,669363,Jacob Gonzalez,2022,High-A,South Atlantic League,Greensboro Grasshoppers,24,6,1
665850-2022-116,665850,Cristian Inoa,2022,High-A,South Atlantic League,Hickory Crawdads,22,6,1
694812-2022-116,694812,Tyler McDonough,2022,High-A,South Atlantic League,Greenville Drive,23,6,2
681941-2022-116,681941,Jaylen Palmer,2022,High-A,South Atlantic League,Brooklyn Cyclones,21,6,5
688682-2022-116,688682,Cooper Bowman,2022,High-A,South Atlantic League,Hudson Valley Renegades,22,6,6
682182-2022-116,682182,J.C. Correa,2022,High-A,South Atlantic League,Asheville Tourists,23,6,1
665989-2022-116,665989,Shervyen Newton,2022,High-A,South Atlantic League,Brooklyn Cyclones,23,6,2
672692-2022-116,672692,Jose Peroza,2022,High-A,South Atlantic League,Brooklyn Cyclones,22,6,2
688449-2022-116,688449,TT Bowens,2022,High-A,South Atlantic League,Aberdeen IronBirds,24,6,2
686601-2022-116,686601,Drew Campbell,2022,High-A,South Atlantic League,Rome Braves,24,6,2
668752-2022-116,668752,Duke Ellis,2022,High-A,South Atlantic League,Winston-Salem Dash,24,6,4
666141-2022-116,666141,Drew Mendoza,2022,High-A,South Atlantic League,Wilmington Blue Rocks,24,6,6
681159-2022-116,681159,Ethan Wilson,2022,High-A,South Atlantic League,Jersey Shore BlueClaws,22,6,6
681286-2022-116,681286,JT Schwartz,2022,High-A,South Atlantic League,Brooklyn Cyclones,22,6,2
678362-2022-116,678362,Gilberto Jimenez,2022,High-A,South Atlantic League,Greenville Drive,21,6,4
676045-2022-116,676045,Casey Martin,2022,High-A,South Atlantic League,Jersey Shore BlueClaws,23,6,6
672750-2022-116,672750,Ricardo Méndez,2022,High-A,South Atlantic League,Wilmington Blue Rocks,22,6,1
672566-2022-116,672566,José Sánchez,2022,High-A,South Atlantic League,Wilmington Blue Rocks,21,6,1
677601-2022-116,677601,Keyber Rodriguez,2022,High-A,South Atlantic League,Hickory Crawdads,21,6,1
689822-2022-116,689822,Matt Rudick,2022,High-A,South Atlantic League,Brooklyn Cyclones,23,6,6
702250-2022-116,702250,Jared Carr,2022,High-A,South Atlantic League,Jersey Shore BlueClaws,23,6,2
672479-2022-116,672479,Aldenis Sanchez,2022,High-A,South Atlantic League,Hudson Valley Renegades,23,6,4
656666-2022-111,656666,Drew Lugbauer,2022,Double-A,Southern League,Mississippi Braves,25,6,5
665052-2022-111,665052,Griffin Conine,2022,Double-A,Southern League,Pensacola Blue Wahoos,24,6,5
666632-2022-111,666632,Yonathan Perlaza,2022,Double-A,Southern League,Tennessee Smokies,23,6,3
670286-2022-111,670286,Craig Dedelow,2022,Double-A,Southern League,Birmingham Barons,27,6,5
668664-2022-111,668664,Chase Strumpf,2022,Double-A,Southern League,Tennessee Smokies,24,6,5
687478-2022-111,687478,Cam Devanney,2022,Double-A,Southern League,Biloxi Shuckers,25,6,3
670237-2022-111,670237,Jake Slaughter,2022,Double-A,Southern League,Tennessee Smokies,25,6,5
673461-2022-111,673461,Yoelqui Céspedes,2022,Double-A,Southern League,Birmingham Barons,24,6,5
686759-2022-111,686759,TJ Hopkins,2022,Double-A,Southern League,Chattanooga Lookouts,25,6,3
680574-2022-111,680574,Matt McLain,2022,Double-A,Southern League,Chattanooga Lookouts,22,6,5
670224-2022-111,670224,Kameron Misner,2022,Double-A,Southern League,Montgomery Biscuits,24,6,5
686894-2022-111,686894,Joey Wiemer,2022,Double-A,Southern League,Biloxi Shuckers,23,6,5
689172-2022-111,689172,Brett Wisely,2022,Double-A,Southern League,Montgomery Biscuits,23,6,6
669326-2022-111,669326,Bryce Teodosio,2022,Double-A,Southern League,Rocket City Trash Pandas,23,6,5
682192-2022-111,682192,Paul McIntosh,2022,Double-A,Southern League,Pensacola Blue Wahoos,24,6,3
666186-2022-111,666186,Thomas Dillard,2022,Double-A,Southern League,Biloxi Shuckers,24,6,5
672279-2022-111,672279,Michael Siani,2022,Double-A,Southern League,Chattanooga Lookouts,22,6,4
680589-2022-111,680589,Felix Valerio,2022,Double-A,Southern League,Biloxi Shuckers,21,6,6
668787-2022-111,668787,Bryce Ball,2022,Double-A,Southern League,Tennessee Smokies,23,6,2
670867-2022-111,670867,Kevin Maitan,2022,Double-A,Southern League,Rocket City Trash Pandas,22,6,2
679563-2022-111,679563,José Rodríguez,2022,Double-A,Southern League,Birmingham Barons,21,6,4
687859-2022-111,687859,Troy Johnston,2022,Double-A,Southern League,Pensacola Blue Wahoos,25,6,1
663692-2022-111,663692,Jalen Miller,2022,Double-A,Southern League,Mississippi Braves,25,6,6
641945-2022-111,641945,Preston Palmeiro,2022,Double-A,Southern League,Rocket City Trash Pandas,27,6,1
670869-2022-111,670869,Livan Soto,2022,Double-A,Southern League,Rocket City Trash Pandas,22,6,1
664697-2022-111,664697,Cobie Fletcher-Vance,2022,Double-A,Southern League,Pensacola Blue Wahoos,24,6,1
676629-2022-111,676629,Riley Delgado,2022,Double-A,Southern League,Mississippi Braves,27,6,1
660681-2022-109,660681,Leandro Cedeño,2022,Double-A,Texas League,Amarillo Sod Poodles,23,6,2
669899-2022-109,669899,Ryan Ward,2022,Double-A,Texas League,Tulsa Drillers,24,6,3
681624-2022-109,681624,Andy Pages,2022,Double-A,Texas League,Tulsa Drillers,21,6,3
688760-2022-109,688760,Blaine Crim,2022,Double-A,Texas League,Frisco RoughRiders,25,6,1
686781-2022-109,686781,Brandon Lewis,2022,Double-A,Texas League,Tulsa Drillers,23,6,3
666143-2022-109,666143,Joe Rizzo,2022,Double-A,Texas League,Arkansas Travelers,24,6,3
676595-2022-109,676595,Jake Scheiner,2022,Double-A,Texas League,Arkansas Travelers,26,6,3
688869-2022-109,688869,Justin Dirden,2022,Double-A,Texas League,Corpus Christi Hooks,24,6,5
687799-2022-109,687799,Cade Marlowe,2022,Double-A,Texas League,Arkansas Travelers,25,6,5
668832-2022-109,668832,Kyle McCann,2022,Double-A,Texas League,Midland RockHounds,24,6,5
674671-2022-109,674671,Robbie Glendinning,2022,Double-A,Texas League,Northwest Arkansas Naturals,26,6,5
691023-2022-109,691023,Jordan Walker,2022,Double-A,Texas League,Springfield Cardinals,20,6,2
694376-2022-109,694376,Shay Whitcomb,2022,Double-A,Texas League,Corpus Christi Hooks,23,6,5
687957-2022-109,687957,Dustin Harris,2022,Double-A,Texas League,Frisco RoughRiders,22,6,3
666397-2022-109,666397,Edouard Julien,2022,Double-A,Texas League,Wichita Wind Surge,23,6,5
666197-2022-109,666197,Grae Kessinger,2022,Double-A,Texas League,Corpus Christi Hooks,24,6,6
665890-2022-109,665890,Seuly Matias,2022,Double-A,Texas League,Northwest Arkansas Naturals,23,6,5
677800-2022-109,677800,Wilyer Abreu,2022,Double-A,Texas League,Corpus Christi Hooks,23,6,5
672478-2022-109,672478,Jordan Diaz,2022,Double-A,Texas League,Midland RockHounds,21,6,1
679822-2022-109,679822,Justin Foscue,2022,Double-A,Texas League,Frisco RoughRiders,23,6,3
660857-2022-109,660857,Yorman Rodriguez,2022,Double-A,Texas League,San Antonio Missions,24,6,1
669722-2022-109,669722,Logan Davidson,2022,Double-A,Texas League,Midland RockHounds,24,6,2
676113-2022-109,676113,Zach DeLoach,2022,Double-A,Texas League,Arkansas Travelers,23,6,3
689288-2022-109,689288,Matt Koperniak,2022,Double-A,Texas League,Springfield Cardinals,24,6,2
680716-2022-109,680716,Jonathan Ornelas,2022,Double-A,Texas League,Frisco RoughRiders,22,6,2
670231-2022-109,670231,John Rave,2022,Double-A,Texas League,Northwest Arkansas Naturals,24,6,5
680869-2022-109,680869,Zack Gelof,2022,Double-A,Texas League,Midland RockHounds,22,6,5
678489-2022-109,678489,Jorge Barrosa,2022,Double-A,Texas League,Amarillo Sod Poodles,21,6,6
666124-2022-109,666124,Luke Berryhill,2022,Double-A,Texas League,Corpus Christi Hooks,24,6,5
674646-2022-109,674646,Tucker Bradley,2022,Double-A,Texas League,Northwest Arkansas Naturals,24,6,2
679845-2022-109,679845,Nick Loftin,2022,Double-A,Texas League,Northwest Arkansas Naturals,23,6,1
687659-2022-109,687659,Kaden Polcovich,2022,Double-A,Texas League,Arkansas Travelers,23,6,6
666452-2022-109,666452,Eduardo Diaz,2022,Double-A,Texas League,Amarillo Sod Poodles,24,6,1
689374-2022-109,689374,Jake Means,2022,Double-A,Texas League,Northwest Arkansas Naturals,26,6,3
691026-2022-109,691026,Masyn Winn,2022,Double-A,Texas League,Springfield Cardinals,20,6,6
677223-2022-109,677223,Jack Larsen,2022,Double-A,Texas League,Arkansas Travelers,27,6,2
642736-2022-109,642736,Domingo Leyba,2022,Double-A,Texas League,San Antonio Missions,26,6,6
663618-2022-109,663618,Josh Stowers,2022,Double-A,Texas League,Frisco RoughRiders,25,6,6
687005-2022-109,687005,Kellen Strahm,2022,Double-A,Texas League,Frisco RoughRiders,25,6,2
656431-2022-109,656431,Ti'Quan Forbes,2022,Double-A,Texas League,Amarillo Sod Poodles,25,6,2
667442-2022-109,667442,Connor Hollis,2022,Double-A,Texas League,San Antonio Missions,27,6,2
624523-2022-109,624523,Riley Unroe,2022,Double-A,Texas League,Arkansas Travelers,26,6,6
657144-2022-109,657144,Justin Yurchak,2022,Double-A,Texas League,Tulsa Drillers,25,6,1
680709-2022-109,680709,Nick Dunn,2022,Double-A,Texas League,Springfield Cardinals,25,6,1
680577-2022-109,680577,DaShawn Keirsey Jr.,2022,Double-A,Texas League,Wichita Wind Surge,25,6,4
672359-2022-109,672359,Tirso Ornelas,2022,Double-A,Texas League,San Antonio Missions,22,6,2
682079-2022-109,682079,Chase Calabuig,2022,Double-A,Texas League,Midland RockHounds,26,6,2
668885-2022-109,668885,Austin Martin,2022,Double-A,Texas League,Wichita Wind Surge,23,6,4
667749-2022-109,667749,Juan Fernandez,2022,Double-A,Texas League,San Antonio Missions,23,6,1
699073-2023-110,699073,Thayron Liranzo,2023,Low-A,California League,Rancho Cucamonga Quakes,19,6,5
676038-2023-110,676038,Skyler Messinger,2023,Low-A,California League,Fresno Grizzlies,24,6,3
695521-2023-110,695521,Gavin Conticello,2023,Low-A,California League,Visalia Rawhide,20,6,3
703607-2023-110,703607,Henry Bolte,2023,Low-A,California League,Stockton Ports,19,6,2
699061-2023-110,699061,Rayne Doncon,2023,Low-A,California League,Rancho Cucamonga Quakes,19,6,1
694214-2023-110,694214,Samuel Zavala,2023,Low-A,California League,Lake Elsinore Storm,18,6,5
681044-2023-110,681044,EJ Andrews Jr.,2023,Low-A,California League,Fresno Grizzlies,22,6,3
682732-2023-110,682732,Gabriel Moncada,2023,Low-A,California League,Modesto Nuts,21,6,3
701864-2023-110,701864,Griffin Doersching,2023,Low-A,California League,Lake Elsinore Storm,24,6,3
681377-2023-110,681377,Josh Hood,2023,Low-A,California League,Modesto Nuts,22,6,6
689909-2023-110,689909,Jadiel Sanchez,2023,Low-A,California League,Inland Empire 66ers,22,6,1
684109-2023-110,684109,Jesus Bugarin,2023,Low-A,California League,Fresno Grizzlies,21,6,1
682630-2023-110,682630,Alvin Guzman,2023,Low-A,California League,Visalia Rawhide,21,6,5
681201-2023-110,681201,Tanner O'Tremba,2023,Low-A,California League,San Jose Giants,23,6,2
694196-2023-110,694196,Diego Velasquez,2023,Low-A,California League,San Jose Giants,19,6,1
694203-2023-110,694203,Denzer Guzman,2023,Low-A,California League,Inland Empire 66ers,19,6,2
692222-2023-110,692222,Jose Izarra,2023,Low-A,California League,Rancho Cucamonga Quakes,21,6,5
686744-2023-110,686744,Jake Snider,2023,Low-A,California League,Fresno Grizzlies,25,6,2
683665-2023-110,683665,Alexander Suarez,2023,Low-A,California League,San Jose Giants,21,6,6
699912-2023-110,699912,Jose Fernandez,2023,Low-A,California League,Visalia Rawhide,19,6,2
702284-2023-110,702284,Cole Young,2023,Low-A,California League,Modesto Nuts,19,6,1
700164-2023-110,700164,Bryant Betancourt,2023,Low-A,California League,Fresno Grizzlies,19,6,1
698916-2023-110,698916,Rosman Verdugo,2023,Low-A,California League,Lake Elsinore Storm,18,6,6
703185-2023-110,703185,Nelson Rada,2023,Low-A,California League,Inland Empire 66ers,17,6,4
692374-2023-110,692374,Jose Ramos,2023,Low-A,California League,San Jose Giants,20,6,4
699232-2023-110,699232,Anderdson Rojas,2023,Low-A,California League,Visalia Rawhide,19,6,1
671080-2023-110,671080,Jeremy Arocho,2023,Low-A,California League,Inland Empire 66ers,24,6,4
805737-2023-110,805737,Bjay Cooke,2023,Low-A,California League,Stockton Ports,20,6,2
700321-2023-110,700321,Andy Perez,2023,Low-A,California League,Fresno Grizzlies,19,6,1
683529-2023-110,683529,Milkar Perez,2023,Low-A,California League,Modesto Nuts,21,6,2
684494-2023-122,684494,Jeremy Celedonio,2023,Low-A,Carolina League,Augusta GreenJackets,21,6,5
689531-2023-122,689531,Brett Squires,2023,Low-A,Carolina League,Columbia Fireflies,23,6,5
685776-2023-122,685776,Stiven Acevedo,2023,Low-A,Carolina League,Delmarva Shorebirds,20,6,5
701778-2023-122,701778,Jace Avina,2023,Low-A,Carolina League,Carolina Mudcats,20,6,3
800060-2023-122,800060,Xavier Isaac,2023,Low-A,Carolina League,Charleston RiverDogs,19,6,3
696513-2023-122,696513,Andy Garriola,2023,Low-A,Carolina League,Myrtle Beach Pelicans,23,6,1
801600-2023-122,801600,Bryce Willits,2023,Low-A,Carolina League,Kannapolis Cannon Ballers,23,6,3
702726-2023-122,702726,Luke Adams,2023,Low-A,Carolina League,Carolina Mudcats,19,6,6
691410-2023-122,691410,Jose Devers,2023,Low-A,Carolina League,Lynchburg Hillcats,20,6,4
691476-2023-122,691476,Luis Encarnacion,2023,Low-A,Carolina League,Fayetteville Woodpeckers,20,6,1
695692-2023-122,695692,Cooper Kinney,2023,Low-A,Carolina League,Charleston RiverDogs,20,6,1
691797-2023-122,691797,Ryan Spikes,2023,Low-A,Carolina League,Charleston RiverDogs,20,6,6
699213-2023-122,699213,Gleider Figuereo,2023,Low-A,Carolina League,Down East Wood Ducks,19,6,2
699816-2023-122,699816,Jackson Loftin,2023,Low-A,Carolina League,Fayetteville Woodpeckers,23,6,6
701424-2023-122,701424,JoJo Blackmon,2023,Low-A,Carolina League,Down East Wood Ducks,20,6,5
802991-2023-122,802991,E.J. Exposito,2023,Low-A,Carolina League,Augusta GreenJackets,22,6,6
699393-2023-122,699393,Pedro Ramírez,2023,Low-A,Carolina League,Myrtle Beach Pelicans,19,6,1
682662-2023-122,682662,Rafael Morel,2023,Low-A,Carolina League,Myrtle Beach Pelicans,21,6,2
691497-2023-122,691497,Lizandro Rodriguez,2023,Low-A,Carolina League,Columbia Fireflies,20,6,6
694222-2023-122,694222,Ambioris Tavarez,2023,Low-A,Carolina League,Augusta GreenJackets,19,6,5
686404-2023-122,686404,Wuilfredo Antunez,2023,Low-A,Carolina League,Lynchburg Hillcats,21,6,6
698945-2023-122,698945,Anderson De Los Santos,2023,Low-A,Carolina League,Delmarva Shorebirds,19,6,6
691252-2023-122,691252,Jhon Diaz,2023,Low-A,Carolina League,Charleston RiverDogs,20,6,2
695744-2023-122,695744,Ian Moller,2023,Low-A,Carolina League,Down East Wood Ducks,20,6,6
699144-2023-122,699144,Luis Ravelo,2023,Low-A,Carolina League,Salem Red Sox,19,6,6
699130-2023-122,699130,Jadher Areinamo,2023,Low-A,Carolina League,Carolina Mudcats,19,6,1
694227-2023-122,694227,Danyer Cueva,2023,Low-A,Carolina League,Down East Wood Ducks,19,6,2
694183-2023-122,694183,Cristian Hernández,2023,Low-A,Carolina League,Myrtle Beach Pelicans,19,6,4
805763-2023-122,805763,Drake Logan,2023,Low-A,Carolina League,Kannapolis Cannon Ballers,22,6,5
692453-2023-122,692453,Roismar Quintana,2023,Low-A,Carolina League,Fredericksburg Nationals,20,6,2
684976-2023-122,684976,Johnathon Thomas,2023,Low-A,Carolina League,Fredericksburg Nationals,23,6,4
691405-2023-122,691405,Juan Benjamin,2023,Low-A,Carolina League,Lynchburg Hillcats,20,6,4
694182-2023-122,694182,Armando Cruz,2023,Low-A,Carolina League,Fredericksburg Nationals,19,6,1
678706-2023-122,678706,Reivaj Garcia,2023,Low-A,Carolina League,Myrtle Beach Pelicans,21,6,4
694187-2023-122,694187,Daniel Vazquez,2023,Low-A,Carolina League,Columbia Fireflies,19,6,6
677356-2023-122,677356,Carter Young,2023,Low-A,Carolina League,Delmarva Shorebirds,22,6,6
683539-2023-122,683539,Cristopher Barete,2023,Low-A,Carolina League,Charleston RiverDogs,21,6,4
680519-2023-122,680519,Mario Camilletti,2023,Low-A,Carolina League,Kannapolis Cannon Ballers,24,6,2
699126-2023-122,699126,Gregory Barrios,2023,Low-A,Carolina League,Carolina Mudcats,19,6,1
686956-2023-122,686956,Adam Crampton,2023,Low-A,Carolina League,Delmarva Shorebirds,22,6,6
802415-2023-122,802415,Chandler Simpson,2023,Low-A,Carolina League,Charleston RiverDogs,22,6,4
696100-2023-113,696100,Hunter Goodman,2023,Double-A,Eastern League,Hartford Yard Goats,23,6,3
695257-2023-113,695257,Billy Cook,2023,Double-A,Eastern League,Bowie Baysox,24,6,3
678926-2023-113,678926,Carlos De La Cruz,2023,Double-A,Eastern League,Reading Fightin Phils,23,6,2
686554-2023-113,686554,Oliver Dunn,2023,Double-A,Eastern League,Reading Fightin Phils,25,6,5
671913-2023-113,671913,Damiano Palmegiani,2023,Double-A,Eastern League,New Hampshire Fisher Cats,23,6,3
683770-2023-113,683770,Will Robertson,2023,Double-A,Eastern League,New Hampshire Fisher Cats,25,6,3
677570-2023-113,677570,Aaron Bracho,2023,Double-A,Eastern League,Akron RubberDucks,22,6,3
672361-2023-113,672361,Agustin Ruiz,2023,Double-A,Eastern League,Binghamton Rumble Ponies,23,6,3
685301-2023-113,685301,Matt Gorski,2023,Double-A,Eastern League,Altoona Curve,25,6,3
680693-2023-113,680693,Grant Lavigne,2023,Double-A,Eastern League,Hartford Yard Goats,23,6,3
687981-2023-113,687981,John Rhodes,2023,Double-A,Eastern League,Bowie Baysox,22,6,3
681159-2023-113,681159,Ethan Wilson,2023,Double-A,Eastern League,Reading Fightin Phils,23,6,3
691176-2023-113,691176,Jasson Domínguez,2023,Double-A,Eastern League,Somerset Patriots,20,6,4
678837-2023-113,678837,Bladimir Restituyo,2023,Double-A,Eastern League,Hartford Yard Goats,21,6,1
669360-2023-113,669360,Trei Cruz,2023,Double-A,Eastern League,Erie SeaWolves,24,6,3
687724-2023-113,687724,Jake Holton,2023,Double-A,Eastern League,Erie SeaWolves,25,6,1
666177-2023-113,666177,Carter Aldrete,2023,Double-A,Eastern League,Richmond Flying Squirrels,25,6,3
663979-2023-113,663979,Kyle Datres,2023,Double-A,Eastern League,Hartford Yard Goats,27,6,2
679821-2023-113,679821,Rowdey Jordan,2023,Double-A,Eastern League,Binghamton Rumble Ponies,24,6,6
701162-2023-113,701162,Ben Malgeri,2023,Double-A,Eastern League,Erie SeaWolves,23,6,5
700242-2023-113,700242,Trey Sweeney,2023,Double-A,Eastern League,Somerset Patriots,23,6,6
694377-2023-113,694377,Nick Yorke,2023,Double-A,Eastern League,Portland Sea Dogs,21,6,5
676762-2023-113,676762,Frankie Tostado,2023,Double-A,Eastern League,Harrisburg Senators,25,6,1
682657-2023-113,682657,Angel Martínez,2023,Double-A,Eastern League,Akron RubberDucks,21,6,6
673990-2023-113,673990,Andy Thomas,2023,Double-A,Eastern League,Richmond Flying Squirrels,25,6,3
682877-2023-113,682877,Juan Brito,2023,Double-A,Eastern League,Akron RubberDucks,21,6,3
672692-2023-113,672692,Jose Peroza,2023,Double-A,Eastern League,Binghamton Rumble Ponies,23,6,5
671271-2023-113,671271,Jeisson Rosario,2023,Double-A,Eastern League,Somerset Patriots,23,6,5
690984-2023-113,690984,Petey Halpin,2023,Double-A,Eastern League,Akron RubberDucks,21,6,6
689651-2023-113,689651,Phillip Sikes,2023,Double-A,Eastern League,Portland Sea Dogs,24,6,6
687019-2023-113,687019,Andrés Alvarez,2023,Double-A,Eastern League,Altoona Curve,26,6,6
670208-2023-113,670208,Matt Fraizer,2023,Double-A,Eastern League,Altoona Curve,25,6,6
690987-2023-113,690987,Robert Hassell III,2023,Double-A,Eastern League,Harrisburg Senators,21,6,2
676024-2023-113,676024,Donta' Williams,2023,Double-A,Eastern League,Bowie Baysox,24,6,6
672642-2023-113,672642,Steward Berroa,2023,Double-A,Eastern League,New Hampshire Fisher Cats,24,6,4
805367-2023-113,805367,Chase Meidroth,2023,Double-A,Eastern League,Portland Sea Dogs,21,6,2
681468-2023-113,681468,Corey Rosier,2023,Double-A,Eastern League,Portland Sea Dogs,23,6,4
657010-2023-113,657010,Madison Stokes,2023,Double-A,Eastern League,Reading Fightin Phils,27,6,6
686793-2023-113,686793,J.T. Arruda,2023,Double-A,Eastern League,Harrisburg Senators,25,6,6
701634-2023-113,701634,Connor Kokx,2023,Double-A,Eastern League,Akron RubberDucks,23,6,6
696281-2023-113,696281,Wyatt Young,2023,Double-A,Eastern League,Binghamton Rumble Ponies,23,6,6
683616-2023-123,683616,Rodolfo Nolasco,2023,Low-A,Florida State League,Bradenton Marauders,21,6,5
691858-2023-123,691858,Jared Serna,2023,Low-A,Florida State League,Tampa Tarpons,21,6,1
683079-2023-123,683079,Omar Martinez,2023,Low-A,Florida State League,Tampa Tarpons,21,6,3
699302-2023-123,699302,Héctor Rodríguez,2023,Low-A,Florida State League,Daytona Tortugas,19,6,1
702906-2023-123,702906,Wilfredo Lara,2023,Low-A,Florida State League,St. Lucie Mets,19,6,3
686438-2023-123,686438,Rubel Cespedes,2023,Low-A,Florida State League,Fort Myers Mighty Mussels,22,6,3
682627-2023-123,682627,Jose De La Cruz,2023,Low-A,Florida State League,Lakeland Flying Tigers,21,6,5
694184-2023-123,694184,Cristian Santana,2023,Low-A,Florida State League,Lakeland Flying Tigers,19,6,3
694185-2023-123,694185,Danny De Andrade,2023,Low-A,Florida State League,Fort Myers Mighty Mussels,19,6,6
691627-2023-123,691627,Ricardo Olivar,2023,Low-A,Florida State League,Fort Myers Mighty Mussels,21,6,2
701398-2023-123,701398,Sal Stewart,2023,Low-A,Florida State League,Daytona Tortugas,19,6,2
699115-2023-123,699115,Carlos Jorge,2023,Low-A,Florida State League,Daytona Tortugas,19,6,4
691927-2023-123,691927,Enmanuel Terrero,2023,Low-A,Florida State League,Bradenton Marauders,20,6,4
695491-2023-123,695491,Joshua Báez,2023,Low-A,Florida State League,Palm Beach Cardinals,20,6,5
800231-2023-123,800231,Won-Bin Cho,2023,Low-A,Florida State League,Palm Beach Cardinals,19,6,4
692371-2023-123,692371,Lizandro Espinoza,2023,Low-A,Florida State League,Palm Beach Cardinals,20,6,6
693808-2023-123,693808,Daury Arias,2023,Low-A,Florida State League,Tampa Tarpons,21,6,1
694202-2023-123,694202,Manuel Beltre,2023,Low-A,Florida State League,Dunedin Blue Jays,19,6,1
702253-2023-123,702253,Cam Collier,2023,Low-A,Florida State League,Daytona Tortugas,18,6,2
694200-2023-123,694200,Ariel Almonte,2023,Low-A,Florida State League,Daytona Tortugas,19,6,2
691588-2023-123,691588,Ian Lewis Jr.,2023,Low-A,Florida State League,Jupiter Hammerheads,20,6,4
689355-2023-123,689355,Brett Roberts,2023,Low-A,Florida State League,Jupiter Hammerheads,22,6,1
702283-2023-123,702283,Tucker Toman,2023,Low-A,Florida State League,Dunedin Blue Jays,19,6,2
700931-2023-123,700931,Seth Stephenson,2023,Low-A,Florida State League,Lakeland Flying Tigers,22,6,4
691601-2023-123,691601,Brenny Escanio,2023,Low-A,Florida State League,Tampa Tarpons,20,6,6
694193-2023-123,694193,Victor Acosta,2023,Low-A,Florida State League,Daytona Tortugas,19,6,1
683152-2023-123,683152,Michael Curialle,2023,Low-A,Florida State League,Palm Beach Cardinals,22,6,2
696291-2023-123,696291,Jordan McCants,2023,Low-A,Florida State League,Jupiter Hammerheads,21,6,4
701437-2023-123,701437,Jaden Rudd,2023,Low-A,Florida State League,Dunedin Blue Jays,20,6,6
692944-2023-123,692944,Kevin Villavicencio,2023,Low-A,Florida State League,St. Lucie Mets,19,6,1
702708-2023-123,702708,Emaarion Boyd,2023,Low-A,Florida State League,Clearwater Threshers,19,6,4
691913-2023-123,691913,Jesus Castillo,2023,Low-A,Florida State League,Bradenton Marauders,19,6,6
701010-2023-123,701010,Roque Salinas,2023,Low-A,Florida State League,Dunedin Blue Jays,20,6,1
691594-2023-123,691594,Javier Sanoja,2023,Low-A,Florida State League,Jupiter Hammerheads,20,6,4
666915-2023-117,666915,Bobby Dalbec,2023,Triple-A,International League,Worcester Red Sox,28,6,5
642215-2023-117,642215,Weston Wilson,2023,Triple-A,International League,Lehigh Valley IronPigs,28,6,5
664332-2023-117,664332,Moisés Gómez,2023,Triple-A,International League,Memphis Redbirds,24,6,3
656484-2023-117,656484,Tristan Gray,2023,Triple-A,International League,Durham Bulls,27,6,3
664314-2023-117,664314,Estevan Florial,2023,Triple-A,International League,Scranton/Wilkes-Barre RailRiders,25,6,5
678877-2023-117,678877,Jhonkensy Noel,2023,Triple-A,International League,Columbus Clippers,21,6,3
666464-2023-117,666464,Jerar Encarnacion,2023,Triple-A,International League,Jacksonville Jumbo Shrimp,25,6,5
666018-2023-117,666018,Jonathan Aranda,2023,Triple-A,International League,Durham Bulls,25,6,5
665953-2023-117,665953,Andrés Chaparro,2023,Triple-A,International League,Scranton/Wilkes-Barre RailRiders,24,6,3
680814-2023-117,680814,Peyton Burdick,2023,Triple-A,International League,Jacksonville Jumbo Shrimp,26,6,5
663905-2023-117,663905,Travis Blankenhorn,2023,Triple-A,International League,Rochester Red Wings,26,6,3
623507-2023-117,623507,Josh Lester,2023,Triple-A,International League,Norfolk Tides,28,6,3
669234-2023-117,669234,Justyn-Henry Malloy,2023,Triple-A,International League,Toledo Mud Hens,23,6,5
677595-2023-117,677595,Ronny Mauricio,2023,Triple-A,International League,Syracuse Mets,22,6,1
666632-2023-117,666632,Yonathan Perlaza,2023,Triple-A,International League,Iowa Cubs,24,6,3
665180-2023-117,665180,Ruben Cardenas,2023,Triple-A,International League,Durham Bulls,25,6,5
670223-2023-117,670223,Matt Mervis,2023,Triple-A,International League,Iowa Cubs,25,6,3
608703-2023-117,608703,Matt Reynolds,2023,Triple-A,International League,Louisville Bats,32,6,3
670237-2023-117,670237,Jake Slaughter,2023,Triple-A,International League,Iowa Cubs,26,6,3
657562-2023-117,657562,Patrick Dorrian,2023,Triple-A,International League,Nashville Sounds,27,6,3
670224-2023-117,670224,Kameron Misner,2023,Triple-A,International League,Durham Bulls,25,6,5
681393-2023-117,681393,Connor Norby,2023,Triple-A,International League,Norfolk Tides,23,6,2
642197-2023-117,642197,Jamie Westbrook,2023,Triple-A,International League,Scranton/Wilkes-Barre RailRiders,28,6,2
622682-2023-117,622682,Victor Reyes,2023,Triple-A,International League,Charlotte Knights,28,6,2
678009-2023-117,678009,Parker Meadows,2023,Triple-A,International League,Toledo Mud Hens,23,6,3
691026-2023-117,691026,Masyn Winn,2023,Triple-A,International League,Memphis Redbirds,21,6,3
650331-2023-117,650331,Lewin Díaz,2023,Triple-A,International League,Norfolk Tides,26,6,3
666152-2023-117,666152,David Hamilton,2023,Triple-A,International League,Worcester Red Sox,25,6,6
680881-2023-117,680881,Niko Hulsizer,2023,Triple-A,International League,Durham Bulls,26,6,3
700932-2023-117,700932,Kyle Manzardo,2023,Triple-A,International League,Columbus Clippers,22,6,3
594953-2023-117,594953,Daniel Palka,2023,Triple-A,International League,Syracuse Mets,31,6,3
609280-2023-117,609280,Miguel Andujar,2023,Triple-A,International League,Indianapolis Indians,28,6,1
663662-2023-117,663662,Daz Cameron,2023,Triple-A,International League,Norfolk Tides,26,6,6
641470-2023-117,641470,Zack Collins,2023,Triple-A,International League,Columbus Clippers,28,6,5
694355-2023-117,694355,Tyler Gentry,2023,Triple-A,International League,Omaha Storm Chasers,24,6,3
669699-2023-117,669699,Braden Shewmake,2023,Triple-A,International League,Gwinnett Stripers,25,6,1
664057-2023-117,664057,Andrew Stevenson,2023,Triple-A,International League,St. Paul Saints,29,6,4
676070-2023-117,676070,Jacob Amaya,2023,Triple-A,International League,Jacksonville Jumbo Shrimp,24,6,2
666126-2023-117,666126,Carlos Cortes,2023,Triple-A,International League,Syracuse Mets,26,6,3
605361-2023-117,605361,Nick Martini,2023,Triple-A,International League,Louisville Bats,33,6,3
675986-2023-117,675986,Canaan Smith-Njigba,2023,Triple-A,International League,Indianapolis Indians,24,6,2
660620-2023-117,660620,Jonathan Araúz,2023,Triple-A,International League,Syracuse Mets,24,6,3
623520-2023-117,623520,David Bote,2023,Triple-A,International League,Iowa Cubs,30,6,3
693304-2023-117,693304,Nick Gonzales,2023,Triple-A,International League,Indianapolis Indians,24,6,5
689288-2023-117,689288,Matt Koperniak,2023,Triple-A,International League,Memphis Redbirds,25,6,2
687588-2023-117,687588,Micah Pries,2023,Triple-A,International League,Columbus Clippers,25,6,3
687823-2023-117,687823,Aaron Shackelford,2023,Triple-A,International League,Indianapolis Indians,26,6,3
664068-2023-117,664068,Scott Kingery,2023,Triple-A,International League,Lehigh Valley IronPigs,29,6,5
670148-2023-117,670148,Nate Mondou,2023,Triple-A,International League,Charlotte Knights,28,6,3
682515-2023-117,682515,Logan Porter,2023,Triple-A,International League,Omaha Storm Chasers,27,6,3
578570-2023-117,578570,Juniel Querecuto,2023,Triple-A,International League,Memphis Redbirds,30,6,3
642020-2023-117,642020,Chuckie Robinson,2023,Triple-A,International League,Louisville Bats,28,6,2
682177-2023-117,682177,Daniel Schneemann,2023,Triple-A,International League,Columbus Clippers,26,6,2
672463-2023-117,672463,Rafael Lantigua,2023,Triple-A,International League,Buffalo Bisons,25,6,2
670113-2023-117,670113,Jim Haley,2023,Triple-A,International League,Lehigh Valley IronPigs,28,6,2
686531-2023-117,686531,Andre Lipcius,2023,Triple-A,International League,Toledo Mud Hens,25,6,3
664901-2023-117,664901,Danny Mendick,2023,Triple-A,International League,Syracuse Mets,29,6,1
687462-2023-117,687462,Spencer Horwitz,2023,Triple-A,International League,Buffalo Bisons,25,6,2
672279-2023-117,672279,Michael Siani,2023,Triple-A,International League,Memphis Redbirds,23,6,6
687093-2023-117,687093,Vaughn Grissom,2023,Triple-A,International League,Gwinnett Stripers,22,6,1
680700-2023-117,680700,Richie Palacios,2023,Triple-A,International League,Memphis Redbirds,26,6,1
570560-2023-117,570560,Yolmer Sánchez,2023,Triple-A,International League,Gwinnett Stripers,31,6,6
669392-2023-117,669392,Samad Taylor,2023,Triple-A,International League,Omaha Storm Chasers,24,6,4
647351-2023-117,647351,Abraham Toro,2023,Triple-A,International League,Nashville Sounds,26,6,3
657088-2023-117,657088,Forrest Wall,2023,Triple-A,International League,Gwinnett Stripers,27,6,4
669364-2023-117,669364,Xavier Edwards,2023,Triple-A,International League,Jacksonville Jumbo Shrimp,23,6,1
664670-2023-117,664670,Alejo Lopez,2023,Triple-A,International League,Louisville Bats,27,6,2
665922-2023-117,665922,Símon Muzziotti,2023,Triple-A,International League,Lehigh Valley IronPigs,24,6,4
677587-2023-117,677587,Brayan Rocchio,2023,Triple-A,International League,Columbus Clippers,22,6,1
686765-2023-117,686765,Nick Sogard,2023,Triple-A,International League,Worcester Red Sox,25,6,6
677954-2023-117,677954,Jordan Groshans,2023,Triple-A,International League,Jacksonville Jumbo Shrimp,23,6,1
671088-2023-117,671088,Tanner Morris,2023,Triple-A,International League,Buffalo Bisons,25,6,2
668723-2023-117,668723,Ryan Vilade,2023,Triple-A,International League,Indianapolis Indians,24,6,2
570481-2023-117,570481,Erik González,2023,Triple-A,International League,Charlotte Knights,31,6,2
663968-2023-117,663968,Jake Mangum,2023,Triple-A,International League,Jacksonville Jumbo Shrimp,27,6,1
678545-2023-117,678545,Osleivis Basabe,2023,Triple-A,International League,Durham Bulls,22,6,1
671117-2023-117,671117,Darren Baker,2023,Triple-A,International League,Rochester Red Wings,24,6,2
686490-2023-117,686490,Cam Eden,2023,Triple-A,International League,Buffalo Bisons,25,6,4
621006-2023-117,621006,Richie Martin Jr.,2023,Triple-A,International League,Rochester Red Wings,28,6,6
670298-2023-117,670298,Kramer Robertson,2023,Triple-A,International League,Memphis Redbirds,28,6,6
691503-2023-117,691503,Yolbert Sanchez,2023,Triple-A,International League,Charlotte Knights,26,6,1
693850-2023-118,693850,Kala'i Rosario,2023,High-A,Midwest League,Cedar Rapids Kernels,20,6,5
676002-2023-118,676002,Juan Carlos Negret,2023,High-A,Midwest League,Quad Cities River Bandits,24,6,3
805346-2023-118,805346,Ben Ross,2023,High-A,Midwest League,Cedar Rapids Kernels,22,6,3
680918-2023-118,680918,Brady Allen,2023,High-A,Midwest League,West Michigan Whitecaps,23,6,3
702140-2023-118,702140,Ruben Ibarra,2023,High-A,Midwest League,Dayton Dragons,24,6,3
680756-2023-118,680756,Mat Nelson,2023,High-A,Midwest League,Dayton Dragons,24,6,3
687210-2023-118,687210,Nathan Martorella,2023,High-A,Midwest League,Fort Wayne TinCaps,22,6,3
691181-2023-118,691181,Emmanuel Rodriguez,2023,High-A,Midwest League,Cedar Rapids Kernels,20,6,5
665989-2023-118,665989,Shervyen Newton,2023,High-A,Midwest League,Quad Cities River Bandits,24,6,3
687221-2023-118,687221,Dalton Rushing,2023,High-A,Midwest League,Great Lakes Loons,22,6,3
690988-2023-118,690988,Austin Hendrick,2023,High-A,Midwest League,Dayton Dragons,22,6,6
690291-2023-118,690291,Jace Jung,2023,High-A,Midwest League,West Michigan Whitecaps,22,6,3
695490-2023-118,695490,Edwin Arroyo,2023,High-A,Midwest League,Dayton Dragons,19,6,1
674976-2023-118,674976,Griffin Lockwood-Powell,2023,High-A,Midwest League,Great Lakes Loons,25,6,3
805300-2023-118,805300,Jakob Marsee,2023,High-A,Midwest League,Fort Wayne TinCaps,22,6,6
679788-2023-118,679788,Jack Rogers,2023,High-A,Midwest League,Dayton Dragons,24,6,5
682634-2023-118,682634,Kevin Alcántara,2023,High-A,Midwest League,South Bend Cubs,20,6,2
699625-2023-118,699625,Jimmy Crooks,2023,High-A,Midwest League,Peoria Chiefs,21,6,2
688457-2023-118,688457,Gavin Cross,2023,High-A,Midwest League,Quad Cities River Bandits,22,6,6
691789-2023-118,691789,Izaac Pacheco,2023,High-A,Midwest League,West Michigan Whitecaps,20,6,3
678577-2023-118,678577,Junior Perez,2023,High-A,Midwest League,Lansing Lugnuts,21,6,5
682679-2023-118,682679,Dayan Frias,2023,High-A,Midwest League,Lake County Captains,21,6,3
669336-2023-118,669336,Joe Gray Jr.,2023,High-A,Midwest League,Wisconsin Timber Rattlers,23,6,6
695600-2023-118,695600,Carter Jensen,2023,High-A,Midwest League,Quad Cities River Bandits,19,6,3
701618-2023-118,701618,Damon Keith,2023,High-A,Midwest League,Great Lakes Loons,23,6,5
691024-2023-118,691024,Cayden Wallace,2023,High-A,Midwest League,Quad Cities River Bandits,21,6,2
690976-2023-118,690976,Alex Freeland,2023,High-A,Midwest League,Great Lakes Loons,21,6,5
681142-2023-118,681142,Justice Thompson,2023,High-A,Midwest League,Dayton Dragons,22,6,5
672613-2023-118,672613,Eliezer Alfonzo,2023,High-A,Midwest League,West Michigan Whitecaps,23,6,1
682997-2023-118,682997,Tyler Callihan,2023,High-A,Midwest League,Dayton Dragons,23,6,6
695780-2023-118,695780,Jake Fox,2023,High-A,Midwest League,Lake County Captains,20,6,6
695653-2023-118,695653,Noah Miller,2023,High-A,Midwest League,Cedar Rapids Kernels,20,6,6
691001-2023-118,691001,Robert Moore,2023,High-A,Midwest League,Wisconsin Timber Rattlers,21,6,6
804588-2023-118,804588,Bubba Alleyne,2023,High-A,Midwest League,Great Lakes Loons,24,6,6
683494-2023-118,683494,Euribiel Angeles,2023,High-A,Midwest League,Lansing Lugnuts,21,6,1
684222-2023-118,684222,Jorge Burgos,2023,High-A,Midwest League,Lake County Captains,20,6,2
702472-2023-118,702472,Austin Callahan,2023,High-A,Midwest League,Dayton Dragons,22,6,5
690903-2023-118,690903,Lucas Dunn,2023,High-A,Midwest League,Fort Wayne TinCaps,24,6,6
672861-2023-118,672861,Carlos Luis,2023,High-A,Midwest League,Fort Wayne TinCaps,23,6,2
687152-2023-118,687152,Darrien Miller,2023,High-A,Midwest League,Wisconsin Timber Rattlers,22,6,3
691740-2023-118,691740,Daniel Susac,2023,High-A,Midwest League,Lansing Lugnuts,22,6,2
694976-2023-118,694976,Osvaldo Tovalin,2023,High-A,Midwest League,Peoria Chiefs,23,6,1
805891-2023-118,805891,Taylor Young,2023,High-A,Midwest League,Great Lakes Loons,24,6,6
691558-2023-118,691558,Yeiner Fernandez,2023,High-A,Midwest League,Great Lakes Loons,20,6,1
691788-2023-118,691788,Joe Mack,2023,High-A,Midwest League,Beloit Sky Carp,20,6,1
682818-2023-118,682818,Yohendrick Piñango,2023,High-A,Midwest League,South Bend Cubs,21,6,6
701817-2023-118,701817,River Town,2023,High-A,Midwest League,Quad Cities River Bandits,23,6,1
805834-2023-118,805834,Javi Vaz,2023,High-A,Midwest League,Quad Cities River Bandits,22,6,6
691449-2023-118,691449,Roberto Campos,2023,High-A,Midwest League,West Michigan Whitecaps,20,6,1
691268-2023-118,691268,Yiddi Cappe,2023,High-A,Midwest League,Beloit Sky Carp,20,6,1
802407-2023-118,802407,Joe Lampe,2023,High-A,Midwest League,Lake County Captains,22,6,6
690902-2023-118,690902,Ben Metzinger,2023,High-A,Midwest League,Wisconsin Timber Rattlers,24,6,5
681868-2023-118,681868,Ezequiel Pagan,2023,High-A,Midwest League,South Bend Cubs,22,6,1
695370-2023-118,695370,Thomas Francisco,2023,High-A,Midwest League,Peoria Chiefs,24,6,1
691191-2023-118,691191,Jose Salas,2023,High-A,Midwest League,Cedar Rapids Kernels,20,6,6
682618-2023-118,682618,Misael Urbina,2023,High-A,Midwest League,Cedar Rapids Kernels,21,6,6
679751-2023-118,679751,Danny Bautista Jr.,2023,High-A,Midwest League,Lansing Lugnuts,22,6,1
681433-2023-118,681433,Noah Cardenas,2023,High-A,Midwest League,Cedar Rapids Kernels,23,6,2
701675-2023-118,701675,Nathan Church,2023,High-A,Midwest League,Peoria Chiefs,22,6,1
692405-2023-118,692405,Jeremy Rivas,2023,High-A,Midwest League,Peoria Chiefs,20,6,6
691949-2023-118,691949,Jake Vogel,2023,High-A,Midwest League,Great Lakes Loons,21,6,6
678648-2023-118,678648,Herard Gonzalez,2023,High-A,Midwest League,Quad Cities River Bandits,22,6,6
687783-2023-118,687783,Matthew Wood,2023,High-A,Midwest League,Wisconsin Timber Rattlers,22,6,1
702112-2023-126,702112,Hogan Windish,2023,High-A,Northwest League,Everett AquaSox,24,6,5
683103-2023-126,683103,Cade Doughty,2023,High-A,Northwest League,Vancouver Canadians,22,6,5
692348-2023-126,692348,Aeverson Arteaga,2023,High-A,Northwest League,Eugene Emeralds,20,6,3
678681-2023-126,678681,Luis Toribio,2023,High-A,Northwest League,Eugene Emeralds,22,6,2
695670-2023-126,695670,Harry Ford,2023,High-A,Northwest League,Everett AquaSox,20,6,6
687529-2023-126,687529,Grant McCray,2023,High-A,Northwest League,Eugene Emeralds,22,6,5
684855-2023-126,684855,Jared Dupere,2023,High-A,Northwest League,Eugene Emeralds,24,6,5
683447-2023-126,683447,Gabriel Martinez,2023,High-A,Northwest League,Vancouver Canadians,20,6,1
668756-2023-126,668756,Ben Ramirez,2023,High-A,Northwest League,Everett AquaSox,24,6,2
696521-2023-126,696521,Garrett Spain,2023,High-A,Northwest League,Vancouver Canadians,22,6,3
684715-2023-126,684715,Nic Kent,2023,High-A,Northwest League,Spokane Indians,23,6,1
695603-2023-126,695603,Benny Montgomery,2023,High-A,Northwest League,Spokane Indians,20,6,2
691269-2023-126,691269,Adrian Placencia,2023,High-A,Northwest League,Tri-City Dust Devils,20,6,6
672018-2023-126,672018,Dasan Brown,2023,High-A,Northwest League,Vancouver Canadians,21,6,6
682648-2023-126,682648,Juan Guerrero,2023,High-A,Northwest League,Spokane Indians,21,6,1
690956-2023-126,690956,Werner Blakely,2023,High-A,Northwest League,Tri-City Dust Devils,21,6,5
679741-2023-126,679741,Wilderd Patiño,2023,High-A,Northwest League,Hillsboro Hops,21,6,4
688460-2023-126,688460,Josh Kasevich,2023,High-A,Northwest League,Vancouver Canadians,22,6,1
677610-2023-126,677610,D'Shawn Knowles,2023,High-A,Northwest League,Tri-City Dust Devils,22,6,2
682643-2023-126,682643,Alexander Ramirez,2023,High-A,Northwest League,Tri-City Dust Devils,20,6,5
680396-2023-126,680396,Joe Stewart,2023,High-A,Northwest League,Tri-City Dust Devils,25,6,4
691186-2023-126,691186,Arol Vera,2023,High-A,Northwest League,Tri-City Dust Devils,20,6,2
663550-2023-112,663550,Trey Cabbage,2023,Triple-A,Pacific Coast League,Salt Lake Bees,26,6,5
676595-2023-112,676595,Jake Scheiner,2023,Triple-A,Pacific Coast League,Tacoma Rainiers,27,6,3
673995-2023-112,673995,Davis Wendzel,2023,Triple-A,Pacific Coast League,Round Rock Express,26,6,3
683737-2023-112,683737,Michael Busch,2023,Triple-A,Pacific Coast League,Oklahoma City Dodgers,25,6,3
676113-2023-112,676113,Zach DeLoach,2023,Triple-A,Pacific Coast League,Tacoma Rainiers,24,6,5
660758-2023-112,660758,Sandro Fabian,2023,Triple-A,Pacific Coast League,Round Rock Express,25,6,3
642137-2023-112,642137,Cody Thomas,2023,Triple-A,Pacific Coast League,Las Vegas Aviators,28,6,2
670092-2023-112,670092,Trenton Brooks,2023,Triple-A,Pacific Coast League,Sacramento River Cats,27,6,3
688760-2023-112,688760,Blaine Crim,2023,Triple-A,Pacific Coast League,Round Rock Express,26,6,3
663796-2023-112,663796,Coco Montes,2023,Triple-A,Pacific Coast League,Albuquerque Isotopes,26,6,5
694175-2023-112,694175,Pedro León,2023,Triple-A,Pacific Coast League,Sugar Land Space Cowboys,25,6,5
669899-2023-112,669899,Ryan Ward,2023,Triple-A,Pacific Coast League,Oklahoma City Dodgers,25,6,3
666149-2023-112,666149,Tyler Fitzgerald,2023,Triple-A,Pacific Coast League,Sacramento River Cats,25,6,5
676939-2023-112,676939,Jimmy Herron,2023,Triple-A,Pacific Coast League,Albuquerque Isotopes,26,6,5
676625-2023-112,676625,Rylan Bannon,2023,Triple-A,Pacific Coast League,Sugar Land Space Cowboys,27,6,3
679822-2023-112,679822,Justin Foscue,2023,Triple-A,Pacific Coast League,Round Rock Express,24,6,1
609274-2023-112,609274,Elier Hernandez,2023,Triple-A,Pacific Coast League,Round Rock Express,28,6,2
642220-2023-112,642220,Jantzen Witte,2023,Triple-A,Pacific Coast League,El Paso Chihuahuas,33,6,3
656695-2023-112,656695,J.J. Matijevic,2023,Triple-A,Pacific Coast League,Sugar Land Space Cowboys,27,6,3
677941-2023-112,677941,Jordyn Adams,2023,Triple-A,Pacific Coast League,Salt Lake Bees,23,6,5
676632-2023-112,676632,Bligh Madris,2023,Triple-A,Pacific Coast League,Sugar Land Space Cowboys,27,6,3
668845-2023-112,668845,Aaron Schunk,2023,Triple-A,Pacific Coast League,Albuquerque Isotopes,25,6,5
678489-2023-112,678489,Jorge Barrosa,2023,Triple-A,Pacific Coast League,Reno Aces,22,6,3
621005-2023-112,621005,Tim Lopes,2023,Triple-A,Pacific Coast League,El Paso Chihuahuas,29,6,4
656821-2023-112,656821,Kevin Padlo,2023,Triple-A,Pacific Coast League,Salt Lake Bees,26,6,3
676946-2023-112,676946,Matthew Batten,2023,Triple-A,Pacific Coast League,El Paso Chihuahuas,28,6,6
670128-2023-112,670128,Taylor Kohlwey,2023,Triple-A,Pacific Coast League,El Paso Chihuahuas,28,6,2
682183-2023-112,682183,Drew Avans,2023,Triple-A,Pacific Coast League,Oklahoma City Dodgers,27,6,2
595943-2023-112,595943,Phillip Evans,2023,Triple-A,Pacific Coast League,Reno Aces,30,6,1
680474-2023-112,680474,Max Schuemann,2023,Triple-A,Pacific Coast League,Las Vegas Aviators,26,6,2
669450-2023-112,669450,Cooper Hummel,2023,Triple-A,Pacific Coast League,Tacoma Rainiers,28,6,5
680716-2023-112,680716,Jonathan Ornelas,2023,Triple-A,Pacific Coast League,Round Rock Express,23,6,2
667663-2023-112,667663,Hunter Stovall,2023,Triple-A,Pacific Coast League,Albuquerque Isotopes,26,6,1
671083-2023-112,671083,Buddy Kennedy,2023,Triple-A,Pacific Coast League,Las Vegas Aviators,24,6,2
683021-2023-112,683021,Michael Stefanic,2023,Triple-A,Pacific Coast League,Salt Lake Bees,27,6,1
660634-2023-112,660634,Yonny Hernández,2023,Triple-A,Pacific Coast League,Oklahoma City Dodgers,25,6,4
660636-2023-112,660636,Diego Castillo,2023,Triple-A,Pacific Coast League,Reno Aces,25,6,2
687749-2023-116,687749,Jase Bowen,2023,High-A,South Atlantic League,Greensboro Grasshoppers,22,6,3
681679-2023-116,681679,Stanley Consuegra,2023,High-A,South Atlantic League,Brooklyn Cyclones,22,6,3
700246-2023-116,700246,Carson Williams,2023,High-A,South Atlantic League,Bowling Green Hot Rods,20,6,5
691775-2023-116,691775,Ryan Clifford,2023,High-A,South Atlantic League,Brooklyn Cyclones,19,6,3
687554-2023-116,687554,DJ Gladney,2023,High-A,South Atlantic League,Winston-Salem Dash,21,6,3
689200-2023-116,689200,Jacob Melton,2023,High-A,South Atlantic League,Asheville Tourists,22,6,6
678010-2023-116,678010,Nick Schnell,2023,High-A,South Atlantic League,Bowling Green Hot Rods,23,6,5
691938-2023-116,691938,Willy Vasquez,2023,High-A,South Atlantic League,Bowling Green Hot Rods,21,6,1
677342-2023-116,677342,Brock Jones,2023,High-A,South Atlantic League,Bowling Green Hot Rods,22,6,3
678534-2023-116,678534,Rixon Wingrove,2023,High-A,South Atlantic League,Jersey Shore BlueClaws,23,6,2
686948-2023-116,686948,Drake Baldwin,2023,High-A,South Atlantic League,Rome Braves,22,6,3
681333-2023-116,681333,Dru Baker,2023,High-A,South Atlantic League,Bowling Green Hot Rods,23,6,4
681488-2023-116,681488,Logan Cerny,2023,High-A,South Atlantic League,Asheville Tourists,23,6,5
682987-2023-116,682987,Spencer Jones,2023,High-A,South Atlantic League,Hudson Valley Renegades,22,6,5
700845-2023-116,700845,Adam Zebrowski,2023,High-A,South Atlantic League,Rome Braves,22,6,3
683227-2023-116,683227,Cody Freeman,2023,High-A,South Atlantic League,Hickory Crawdads,22,6,3
682796-2023-116,682796,Eddinson Paulino,2023,High-A,South Atlantic League,Greenville Drive,20,6,2
690474-2023-116,690474,Tommy Sacco Jr.,2023,High-A,South Atlantic League,Asheville Tourists,24,6,6
691185-2023-116,691185,Maximo Acosta,2023,High-A,South Atlantic League,Hickory Crawdads,20,6,1
680874-2023-116,680874,Tim Borden II,2023,High-A,South Atlantic League,Asheville Tourists,23,6,5
682793-2023-116,682793,Bryan Gonzalez,2023,High-A,South Atlantic League,Greenville Drive,21,6,2
683493-2023-116,683493,William Lugo,2023,High-A,South Atlantic League,Brooklyn Cyclones,21,6,3
691006-2023-116,691006,Kevin Parada,2023,High-A,South Atlantic League,Brooklyn Cyclones,21,6,3
691442-2023-116,691442,Wilfred Veras,2023,High-A,South Atlantic League,Winston-Salem Dash,20,6,2
703070-2023-116,703070,Loidel Chapelli,2023,High-A,South Atlantic League,Winston-Salem Dash,21,6,5
701496-2023-116,701496,Ben Cowles,2023,High-A,South Atlantic League,Hudson Valley Renegades,23,6,5
686863-2023-116,686863,Daniel Mateo,2023,High-A,South Atlantic League,Hickory Crawdads,21,6,4
694484-2023-116,694484,Max Wagner,2023,High-A,South Atlantic League,Aberdeen IronBirds,21,6,6
687637-2023-116,687637,Dylan Beavers,2023,High-A,South Atlantic League,Aberdeen IronBirds,21,6,5
682011-2023-116,682011,Tyler Miller,2023,High-A,South Atlantic League,Greenville Drive,23,6,1
687248-2023-116,687248,Keshawn Ogans,2023,High-A,South Atlantic League,Rome Braves,21,6,6
683610-2023-116,683610,Leandro Pineda,2023,High-A,South Atlantic League,Jersey Shore BlueClaws,21,6,2
687545-2023-116,687545,Blake Robertson,2023,High-A,South Atlantic League,Bowling Green Hot Rods,22,6,2
686445-2023-116,686445,Sammy Siani,2023,High-A,South Atlantic League,Greensboro Grasshoppers,22,6,2
683061-2023-116,683061,Alexander Vargas,2023,High-A,South Atlantic League,Hudson Valley Renegades,21,6,6
804668-2023-116,804668,Rafael Flores Jr.,2023,High-A,South Atlantic League,Hudson Valley Renegades,22,6,2
687206-2023-116,687206,Tres Gonzalez,2023,High-A,South Atlantic League,Greensboro Grasshoppers,22,6,2
700361-2023-116,700361,Shawn Goosenberg,2023,High-A,South Atlantic League,Winston-Salem Dash,23,6,6
695770-2023-116,695770,Wes Kath,2023,High-A,South Atlantic League,Winston-Salem Dash,20,6,5
686984-2023-116,686984,Marcus Lee Sang,2023,High-A,South Atlantic League,Jersey Shore BlueClaws,22,6,5
682187-2023-116,682187,Nick Ward,2023,High-A,South Atlantic League,Jersey Shore BlueClaws,27,6,6
805373-2023-116,805373,Nacho Alvarez Jr.,2023,High-A,South Atlantic League,Rome Braves,20,6,2
682707-2023-116,682707,Jeremy De La Rosa,2023,High-A,South Atlantic League,Wilmington Blue Rocks,21,6,2
684519-2023-116,684519,Omar De Los Santos,2023,High-A,South Atlantic League,Brooklyn Cyclones,23,6,6
691267-2023-116,691267,Alex Ramírez,2023,High-A,South Atlantic League,Brooklyn Cyclones,20,6,6
688403-2023-116,688403,Michael Sandle,2023,High-A,South Atlantic League,Asheville Tourists,24,6,6
686982-2023-116,686982,Jared McKenzie,2023,High-A,South Atlantic League,Wilmington Blue Rocks,22,6,1
808206-2023-116,808206,Geisel Cepeda,2023,High-A,South Atlantic League,Hickory Crawdads,25,6,1
682722-2023-116,682722,Isaac De León,2023,High-A,South Atlantic League,Aberdeen IronBirds,21,6,2
681132-2023-116,681132,Max Ferguson,2023,High-A,South Atlantic League,Greenville Drive,23,6,4
687201-2023-116,687201,Kevin Kilpatrick Jr.,2023,High-A,South Atlantic League,Rome Braves,22,6,6
702250-2023-116,702250,Jared Carr,2023,High-A,South Atlantic League,Jersey Shore BlueClaws,24,6,4
694478-2023-116,694478,Michael Turner,2023,High-A,South Atlantic League,Winston-Salem Dash,24,6,2
684852-2023-116,684852,Geraldo Quintero,2023,High-A,South Atlantic League,Rome Braves,21,6,4
695930-2023-116,695930,Frederick Bencosme,2023,High-A,South Atlantic League,Aberdeen IronBirds,20,6,1
678854-2023-116,678854,Viandel Pena,2023,High-A,South Atlantic League,Wilmington Blue Rocks,22,6,6
682265-2023-111,682265,Wes Clarke,2023,Double-A,Southern League,Biloxi Shuckers,23,6,3
677943-2023-111,677943,Will Banfield,2023,Double-A,Southern League,Pensacola Blue Wahoos,23,6,3
677956-2023-111,677956,Rece Hinds,2023,Double-A,Southern League,Chattanooga Lookouts,22,6,5
683357-2023-111,683357,Owen Caissie,2023,Double-A,Southern League,Tennessee Smokies,20,6,5
694192-2023-111,694192,Jackson Chourio,2023,Double-A,Southern League,Biloxi Shuckers,19,6,4
686677-2023-111,686677,Landon Stephens,2023,Double-A,Southern League,Mississippi Braves,25,6,3
687859-2023-111,687859,Troy Johnston,2023,Double-A,Southern League,Pensacola Blue Wahoos,26,6,3
683748-2023-111,683748,Victor Mesa Jr.,2023,Double-A,Southern League,Pensacola Blue Wahoos,21,6,1
679563-2023-111,679563,José Rodríguez,2023,Double-A,Southern League,Birmingham Barons,22,6,1
686989-2023-111,686989,James Free,2023,Double-A,Southern League,Chattanooga Lookouts,25,6,3
680846-2023-111,680846,Pablo Aliendo,2023,Double-A,Southern League,Tennessee Smokies,22,6,3
685298-2023-111,685298,Cade Bunnell,2023,Double-A,Southern League,Mississippi Braves,26,6,5
702333-2023-111,702333,Haydn McGeary,2023,Double-A,Southern League,Tennessee Smokies,23,6,3
681357-2023-111,681357,Cody Morissette,2023,Double-A,Southern League,Pensacola Blue Wahoos,23,6,3
681230-2023-111,681230,BJ Murray,2023,Double-A,Southern League,Tennessee Smokies,23,6,3
691620-2023-111,691620,Jeferson Quero,2023,Double-A,Southern League,Biloxi Shuckers,20,6,1
683341-2023-111,683341,David Calabrese,2023,Double-A,Southern League,Rocket City Trash Pandas,20,6,6
675966-2023-111,675966,Jesse Franklin V,2023,Double-A,Southern League,Mississippi Braves,24,6,5
680518-2023-111,680518,Zavier Warren,2023,Double-A,Southern League,Biloxi Shuckers,24,6,3
672012-2023-111,672012,Tyler Black,2023,Double-A,Southern League,Biloxi Shuckers,22,6,5
671155-2023-111,671155,Ivan Johnson,2023,Double-A,Southern League,Chattanooga Lookouts,24,6,3
687331-2023-111,687331,Quincy McAfee,2023,Double-A,Southern League,Chattanooga Lookouts,25,6,3
677347-2023-111,677347,Kyren Paris,2023,Double-A,Southern League,Rocket City Trash Pandas,21,6,5
687272-2023-111,687272,Tucker Flint,2023,Double-A,Southern League,Rocket City Trash Pandas,22,6,2
681715-2023-111,681715,Heriberto Hernández,2023,Double-A,Southern League,Montgomery Biscuits,23,6,2
687020-2023-111,687020,Mason Auer,2023,Double-A,Southern League,Montgomery Biscuits,22,6,5
686555-2023-111,686555,Isaac Collins,2023,Double-A,Southern League,Biloxi Shuckers,25,6,6
682927-2023-111,682927,Ronny Simon,2023,Double-A,Southern League,Montgomery Biscuits,23,6,6
673461-2023-111,673461,Yoelqui Céspedes,2023,Double-A,Southern League,Birmingham Barons,25,6,6
685127-2023-111,685127,Alex McGarry,2023,Double-A,Southern League,Chattanooga Lookouts,25,6,2
672635-2023-111,672635,Luis Mieses,2023,Double-A,Southern League,Birmingham Barons,23,6,1
680672-2023-111,680672,Luke Waddell,2023,Double-A,Southern League,Mississippi Braves,24,6,6
672701-2023-111,672701,José Devers,2023,Double-A,Southern League,Pensacola Blue Wahoos,23,6,1
671976-2023-111,671976,Tristan Peters,2023,Double-A,Southern League,Montgomery Biscuits,23,6,6
669326-2023-111,669326,Bryce Teodosio,2023,Double-A,Southern League,Rocket City Trash Pandas,24,6,6
703920-2023-111,703920,Alsander Womack,2023,Double-A,Southern League,Birmingham Barons,24,6,2
668965-2023-111,668965,Freddy Zamora,2023,Double-A,Southern League,Biloxi Shuckers,24,6,2
696140-2023-111,696140,Ethan Murray,2023,Double-A,Southern League,Biloxi Shuckers,23,6,2
700337-2023-111,700337,Edgar Quero,2023,Double-A,Southern League,Birmingham Barons,20,6,2
665940-2023-111,665940,Moisés Castillo,2023,Double-A,Southern League,Birmingham Barons,23,6,6
650506-2023-111,650506,Jose Gomez,2023,Double-A,Southern League,Rocket City Trash Pandas,26,6,2
683083-2023-111,683083,Nasim Nuñez,2023,Double-A,Southern League,Pensacola Blue Wahoos,22,6,4
681581-2023-111,681581,Andy Weber,2023,Double-A,Southern League,Tennessee Smokies,25,6,1
695462-2023-111,695462,Cal Conley,2023,Double-A,Southern League,Mississippi Braves,23,6,4
677578-2023-111,677578,Carlos Rodríguez,2023,Double-A,Southern League,Biloxi Shuckers,22,6,1
687470-2023-109,687470,Chandler Redmond,2023,Double-A,Texas League,Springfield Cardinals,26,6,5
695336-2023-109,695336,Thomas Saggese,2023,Double-A,Texas League,Springfield Cardinals,21,6,5
670870-2023-109,670870,Yunior Severino,2023,Double-A,Texas League,Wichita Wind Surge,23,6,5
691021-2023-109,691021,A.J. Vukovich,2023,Double-A,Texas League,Amarillo Sod Poodles,21,6,5
593528-2023-109,593528,Jorge Bonifacio,2023,Double-A,Texas League,Northwest Arkansas Naturals,30,6,3
656462-2023-109,656462,Isiah Gilliam,2023,Double-A,Texas League,Arkansas Travelers,26,6,5
694374-2023-109,694374,Tim Tawa,2023,Double-A,Texas League,Amarillo Sod Poodles,24,6,3
677673-2023-109,677673,Imanol Vargas,2023,Double-A,Texas League,Tulsa Drillers,25,6,5
685744-2023-109,685744,Kenedy Corona,2023,Double-A,Texas League,Corpus Christi Hooks,23,6,6
691277-2023-109,691277,Deyvison De Los Santos,2023,Double-A,Texas League,Amarillo Sod Poodles,20,6,2
684576-2023-109,684576,Alex Isola,2023,Double-A,Texas League,Wichita Wind Surge,24,6,3
682616-2023-109,682616,Diego Cartaya,2023,Double-A,Texas League,Tulsa Drillers,21,6,3
682947-2023-109,682947,Jose Ramos,2023,Double-A,Texas League,Tulsa Drillers,22,6,3
690443-2023-109,690443,Mike Antico,2023,Double-A,Texas League,Springfield Cardinals,25,6,6
689750-2023-109,689750,Jacob Buchberger,2023,Double-A,Texas League,Springfield Cardinals,25,6,3
678689-2023-109,678689,Neyfy Castillo,2023,Double-A,Texas League,Amarillo Sod Poodles,22,6,5
681134-2023-109,681134,Caleb Roberts,2023,Double-A,Texas League,Amarillo Sod Poodles,23,6,5
666783-2023-109,666783,Yusniel Díaz,2023,Double-A,Texas League,Tulsa Drillers,26,6,3
686780-2023-109,686780,Pedro Pagés,2023,Double-A,Texas League,Springfield Cardinals,24,6,3
672596-2023-109,672596,Robert Perez Jr.,2023,Double-A,Texas League,Arkansas Travelers,23,6,2
642134-2023-109,642134,Robbie Tenerowicz,2023,Double-A,Texas League,Arkansas Travelers,28,6,3
641323-2023-109,641323,Luis Aviles Jr.,2023,Double-A,Texas League,Corpus Christi Hooks,28,6,6
691783-2023-109,691783,Jordan Lawlar,2023,Double-A,Texas League,Amarillo Sod Poodles,20,6,6
677060-2023-109,677060,Chad Stevens,2023,Double-A,Texas League,Corpus Christi Hooks,24,6,5
670860-2023-109,670860,Lazaro Armenteros,2023,Double-A,Texas League,Midland RockHounds,24,6,5
689070-2023-109,689070,Spencer Packard,2023,Double-A,Texas League,Arkansas Travelers,25,6,2
682729-2023-109,682729,Jonatan Clase,2023,Double-A,Texas League,Arkansas Travelers,21,6,6
669288-2023-109,669288,Daniel Johnson,2023,Double-A,Texas League,San Antonio Missions,27,6,6
680577-2023-109,680577,DaShawn Keirsey Jr.,2023,Double-A,Texas League,Wichita Wind Surge,26,6,4
680890-2023-109,680890,Jax Biggers,2023,Double-A,Texas League,Frisco RoughRiders,26,6,6
694497-2023-109,694497,Evan Carter,2023,Double-A,Texas League,Frisco RoughRiders,20,6,5
669386-2023-109,669386,Trevor Hauver,2023,Double-A,Texas League,Frisco RoughRiders,24,6,5
678391-2023-109,678391,Jorbit Vivas,2023,Double-A,Texas League,Tulsa Drillers,22,6,1
682210-2023-109,682210,Kody Hoese,2023,Double-A,Texas League,Tulsa Drillers,25,6,1
686797-2023-109,686797,Brooks Lee,2023,Double-A,Texas League,Wichita Wind Surge,22,6,2
678760-2023-109,678760,Eddys Leonard,2023,Double-A,Texas League,Tulsa Drillers,22,6,3
686475-2023-109,686475,Tyler Tolbert,2023,Double-A,Texas League,Northwest Arkansas Naturals,25,6,4
681123-2023-109,681123,Luca Tresh,2023,Double-A,Texas League,Northwest Arkansas Naturals,23,6,3
679938-2023-109,679938,Yoyner Fajardo,2023,Double-A,Texas League,Wichita Wind Surge,24,6,4
660614-2023-109,660614,Arquímedes Gamboa,2023,Double-A,Texas League,Springfield Cardinals,25,6,2
696160-2023-109,696160,Jake Rucker,2023,Double-A,Texas League,Wichita Wind Surge,23,6,6
657089-2023-109,657089,Logan Warmoth,2023,Double-A,Texas League,Arkansas Travelers,27,6,6
682668-2023-109,682668,Luisangel Acuña,2023,Double-A,Texas League,Frisco RoughRiders,21,6,4
631222-2023-109,631222,Michael De La Cruz,2023,Double-A,Texas League,San Antonio Missions,30,6,1
667749-2023-109,667749,Juan Fernandez,2023,Double-A,Texas League,San Antonio Missions,24,6,1
682182-2023-109,682182,J.C. Correa,2023,Double-A,Texas League,Corpus Christi Hooks,24,6,1
702789-2023-109,702789,Austin Gauthier,2023,Double-A,Texas League,Tulsa Drillers,24,6,2
685341-2023-109,685341,Ripken Reyes,2023,Double-A,Texas League,San Antonio Missions,26,6,1
686523-2023-109,686523,Peyton Wilson,2023,Double-A,Texas League,Northwest Arkansas Naturals,23,6,2
660844-2023-109,660844,Leo Rivas,2023,Double-A,Texas League,Arkansas Travelers,25,6,4
687005-2023-109,687005,Kellen Strahm,2023,Double-A,Texas League,Frisco RoughRiders,26,6,2
701648-2023-109,701648,Aaron Zavala,2023,Double-A,Texas League,Frisco RoughRiders,23,6,5
676063-2023-109,676063,Shane McGuire,2023,Double-A,Texas League,Midland RockHounds,24,6,2
702331-2023-109,702331,Noah Mendlinger,2023,Double-A,Texas League,Springfield Cardinals,22,6,2
692044-2024-110,692044,Luis Suisbel,2024,Low-A,California League,Modesto Nuts,21,6,5
677673-2024-110,677673,Imanol Vargas,2024,Low-A,California League,Inland Empire 66ers,26,6,5
687918-2024-110,687918,Braylen Wimmer,2024,Low-A,California League,Fresno Grizzlies,23,6,1
687982-2024-110,687982,Carson Jones,2024,Low-A,California League,Modesto Nuts,23,6,5
813860-2024-110,813860,Charlie Pagliarini,2024,Low-A,California League,Modesto Nuts,23,6,5
703194-2024-110,703194,Randy De Jesus,2024,Low-A,California League,Inland Empire 66ers,19,6,2
692364-2024-110,692364,Cesar Quintas,2024,Low-A,California League,San Jose Giants,21,6,1
815888-2024-110,815888,Leo De Vries,2024,Low-A,California League,Lake Elsinore Storm,17,6,3
802504-2024-110,802504,Myles Naylor,2024,Low-A,California League,Stockton Ports,19,6,2
694977-2024-110,694977,Nate Nankil,2024,Low-A,California League,Stockton Ports,21,6,2
700321-2024-110,700321,Andy Perez,2024,Low-A,California League,Fresno Grizzlies,20,6,1
806223-2024-110,806223,Aidan Smith,2024,Low-A,California League,Modesto Nuts,19,6,5
698916-2024-110,698916,Rosman Verdugo,2024,Low-A,California League,Lake Elsinore Storm,19,6,5
701682-2024-110,701682,Braedon Karpathios,2024,Low-A,California League,Lake Elsinore Storm,21,6,2
691292-2024-110,691292,Angel Ortiz,2024,Low-A,California League,Visalia Rawhide,21,6,2
805931-2024-110,805931,Caleb Hobson,2024,Low-A,California League,Fresno Grizzlies,22,6,4
800306-2024-110,800306,Jansel Luis,2024,Low-A,California League,Visalia Rawhide,19,6,1
806191-2024-110,806191,Tai Peete,2024,Low-A,California League,Modesto Nuts,18,6,5
703430-2024-110,703430,Anthony Scull,2024,Low-A,California League,Inland Empire 66ers,20,6,1
702258-2024-110,702258,Druw Jones,2024,Low-A,California League,Visalia Rawhide,20,6,2
683887-2024-110,683887,Darlyn Montero,2024,Low-A,California League,Stockton Ports,22,6,2
683529-2024-110,683529,Milkar Perez,2024,Low-A,California League,Modesto Nuts,22,6,2
700170-2024-110,700170,Felix Tena,2024,Low-A,California League,Fresno Grizzlies,20,6,1
703153-2024-110,703153,Samuel Munoz,2024,Low-A,California League,Rancho Cucamonga Quakes,19,6,1
699232-2024-110,699232,Anderdson Rojas,2024,Low-A,California League,Visalia Rawhide,20,6,4
700341-2024-110,700341,Kenny Castillo,2024,Low-A,California League,Visalia Rawhide,20,6,1
694180-2024-110,694180,Wilman Diaz,2024,Low-A,California League,Rancho Cucamonga Quakes,20,6,2
695457-2024-110,695457,Jason Hinchman,2024,Low-A,California League,Fresno Grizzlies,24,6,2
805782-2024-110,805782,Ryan Lasko,2024,Low-A,California League,Stockton Ports,22,6,2
800194-2024-110,800194,Capri Ortiz,2024,Low-A,California League,Inland Empire 66ers,19,6,4
800185-2024-110,800185,Ruben Santana,2024,Low-A,California League,Visalia Rawhide,19,6,2
800198-2024-110,800198,Cristofer Torin,2024,Low-A,California League,Visalia Rawhide,19,6,6
801698-2024-110,801698,Ryan Wilson,2024,Low-A,California League,Lake Elsinore Storm,22,6,1
806077-2024-110,806077,Kendall George,2024,Low-A,California League,Rancho Cucamonga Quakes,19,6,4
699127-2024-122,699127,Luis Castillo,2024,Low-A,Carolina League,Carolina Mudcats,20,6,3
696513-2024-122,696513,Andy Garriola,2024,Low-A,Carolina League,Myrtle Beach Pelicans,24,6,3
805810-2024-122,805810,Blake Mitchell,2024,Low-A,Carolina League,Columbia Fireflies,19,6,5
806210-2024-122,806210,Alfonsin Rosario,2024,Low-A,Carolina League,Myrtle Beach Pelicans,20,6,5
800448-2024-122,800448,Echedry Vargas,2024,Low-A,Carolina League,Down East Wood Ducks,19,6,1
700283-2024-122,700283,Derlin Figueroa,2024,Low-A,Carolina League,Columbia Fireflies,20,6,6
701327-2024-122,701327,Elijah Green,2024,Low-A,Carolina League,Fredericksburg Nationals,20,6,5
815697-2024-122,815697,Arturo Disla,2024,Low-A,Carolina League,Down East Wood Ducks,23,6,1
800051-2024-122,800051,Austin Charles,2024,Low-A,Carolina League,Columbia Fireflies,20,6,6
806441-2024-122,806441,Nehomar Ochoa Jr.,2024,Low-A,Carolina League,Fayetteville Woodpeckers,18,6,6
691179-2024-122,691179,Erick Peña,2024,Low-A,Carolina League,Columbia Fireflies,21,6,5
806252-2024-122,806252,Ralphy Velazquez,2024,Low-A,Carolina League,Lynchburg Hillcats,19,6,3
800406-2024-122,800406,Aron Estrada,2024,Low-A,Carolina League,Delmarva Shorebirds,19,6,4
699615-2024-122,699615,Brandon Pimentel,2024,Low-A,Carolina League,Fredericksburg Nationals,24,6,2
806983-2024-122,806983,Yophery Rodriguez,2024,Low-A,Carolina League,Carolina Mudcats,18,6,2
683149-2024-122,683149,Julian Brock,2024,Low-A,Carolina League,Down East Wood Ducks,23,6,2
703198-2024-122,703198,Kenni Gomez,2024,Low-A,Carolina League,Fayetteville Woodpeckers,19,6,1
800377-2024-122,800377,Angel Mateo,2024,Low-A,Carolina League,Charleston RiverDogs,19,6,6
807511-2024-122,807511,Nelly Taylor,2024,Low-A,Carolina League,Salem Red Sox,21,6,6
800256-2024-122,800256,Natanael Yuten,2024,Low-A,Carolina League,Salem Red Sox,19,6,1
702995-2024-122,702995,Antonio Anderson,2024,Low-A,Carolina League,Salem Red Sox,19,6,6
702693-2024-122,702693,Jaison Chourio,2024,Low-A,Carolina League,Lynchburg Hillcats,19,6,4
694183-2024-122,694183,Cristian Hernández,2024,Low-A,Carolina League,Myrtle Beach Pelicans,20,6,4
800440-2024-122,800440,Narciso Polanco,2024,Low-A,Carolina League,Charleston RiverDogs,19,6,6
703143-2024-122,703143,Cristhian Vaquero,2024,Low-A,Carolina League,Fredericksburg Nationals,19,6,6
804645-2024-122,804645,Caden Connor,2024,Low-A,Carolina League,Kannapolis Cannon Ballers,23,6,2
694065-2024-122,694065,Arxy Hernandez,2024,Low-A,Carolina League,Kannapolis Cannon Ballers,20,6,2
691262-2024-122,691262,Reginald Preciado,2024,Low-A,Carolina League,Myrtle Beach Pelicans,21,6,1
805075-2024-122,805075,Erick Torres,2024,Low-A,Carolina League,Columbia Fireflies,19,6,1
800421-2024-122,800421,Marvin Alcantara,2024,Low-A,Carolina League,Salem Red Sox,19,6,1
694206-2024-122,694206,Daniel Guilarte,2024,Low-A,Carolina League,Carolina Mudcats,20,6,4
691405-2024-122,691405,Juan Benjamin,2024,Low-A,Carolina League,Lynchburg Hillcats,21,6,4
821009-2024-122,821009,Cesar Hernandez,2024,Low-A,Carolina League,Fayetteville Woodpeckers,21,6,4
694387-2024-122,694387,Christian Knapczyk,2024,Low-A,Carolina League,Lynchburg Hillcats,22,6,1
815299-2024-122,815299,Will Verdung,2024,Low-A,Carolina League,Augusta GreenJackets,21,6,6
800345-2024-122,800345,Juan Baez,2024,Low-A,Carolina League,Carolina Mudcats,19,6,1
694181-2024-122,694181,Carlos Colmenarez,2024,Low-A,Carolina League,Charleston RiverDogs,20,6,6
694070-2024-122,694070,Yhoswar Garcia,2024,Low-A,Carolina League,Carolina Mudcats,22,6,4
800357-2024-122,800357,Ricardo Gonzalez,2024,Low-A,Carolina League,Charleston RiverDogs,19,6,6
803142-2024-122,803142,Tommy Hawke,2024,Low-A,Carolina League,Lynchburg Hillcats,21,6,4
805082-2024-122,805082,Ronny Hernandez,2024,Low-A,Carolina League,Kannapolis Cannon Ballers,19,6,1
807747-2024-122,807747,Rikuu Nishida,2024,Low-A,Carolina League,Kannapolis Cannon Ballers,23,6,4
803745-2024-122,803745,Adrian Santana,2024,Low-A,Carolina League,Charleston RiverDogs,18,6,4
694808-2024-113,694808,Zach Kokoska,2024,Double-A,Eastern League,Hartford Yard Goats,25,6,3
669236-2024-113,669236,Jeremiah Jackson,2024,Double-A,Eastern League,Binghamton Rumble Ponies,24,6,3
691775-2024-113,691775,Ryan Clifford,2024,Double-A,Eastern League,Binghamton Rumble Ponies,20,6,3
682983-2024-113,682983,Jud Fabian,2024,Double-A,Eastern League,Bowie Baysox,23,6,3
680273-2024-113,680273,Chris Meyers,2024,Double-A,Eastern League,Erie SeaWolves,25,6,3
669398-2024-113,669398,Gage Workman,2024,Double-A,Eastern League,Erie SeaWolves,24,6,5
682987-2024-113,682987,Spencer Jones,2024,Double-A,Eastern League,Somerset Patriots,23,6,5
694212-2024-113,694212,Samuel Basallo,2024,Double-A,Eastern League,Bowie Baysox,19,6,1
678413-2024-113,678413,Alexfri Planez,2024,Double-A,Eastern League,Akron RubberDucks,22,6,3
694930-2024-113,694930,Carson Taylor,2024,Double-A,Eastern League,Reading Fightin Phils,25,6,3
696135-2024-113,696135,Kahlil Watson,2024,Double-A,Eastern League,Akron RubberDucks,21,6,3
701350-2024-113,701350,Roman Anthony,2024,Double-A,Eastern League,Portland Sea Dogs,20,6,5
687637-2024-113,687637,Dylan Beavers,2024,Double-A,Eastern League,Bowie Baysox,22,6,6
685313-2024-113,685313,Elijah Dunham,2024,Double-A,Eastern League,Somerset Patriots,26,6,3
691182-2024-113,691182,Adael Amador,2024,Double-A,Eastern League,Hartford Yard Goats,21,6,6
660650-2024-113,660650,Dérmis Garcia,2024,Double-A,Eastern League,Harrisburg Senators,26,6,3
687724-2024-113,687724,Jake Holton,2024,Double-A,Eastern League,Erie SeaWolves,26,6,2
686984-2024-113,686984,Marcus Lee Sang,2024,Double-A,Eastern League,Reading Fightin Phils,23,6,2
691006-2024-113,691006,Kevin Parada,2024,Double-A,Eastern League,Binghamton Rumble Ponies,22,6,3
689651-2024-113,689651,Phillip Sikes,2024,Double-A,Eastern League,Portland Sea Dogs,25,6,5
694514-2024-113,694514,Sterlin Thompson,2024,Double-A,Eastern League,Hartford Yard Goats,23,6,2
690984-2024-113,690984,Petey Halpin,2024,Double-A,Eastern League,Akron RubberDucks,22,6,6
701678-2024-113,701678,Hao-Yu Lee,2024,Double-A,Eastern League,Erie SeaWolves,21,6,2
701162-2024-113,701162,Ben Malgeri,2024,Double-A,Eastern League,Erie SeaWolves,24,6,5
678742-2024-113,678742,Rainer Nunez,2024,Double-A,Eastern League,New Hampshire Fisher Cats,23,6,2
678011-2024-113,678011,Anthony Seigler,2024,Double-A,Eastern League,Somerset Patriots,25,6,6
682674-2024-113,682674,Victor Bericoto,2024,Double-A,Eastern League,Richmond Flying Squirrels,22,6,2
691907-2024-113,691907,Tsung-Che Cheng,2024,Double-A,Eastern League,Altoona Curve,22,6,6
682775-2024-113,682775,Kervin Pichardo,2024,Double-A,Eastern League,Altoona Curve,22,6,2
691019-2024-113,691019,Kyle Teel,2024,Double-A,Eastern League,Portland Sea Dogs,22,6,5
687749-2024-113,687749,Jase Bowen,2024,Double-A,Eastern League,Altoona Curve,23,6,6
675994-2024-113,675994,Devonte Brown,2024,Double-A,Eastern League,New Hampshire Fisher Cats,24,6,5
690924-2024-113,690924,Braxton Fulford,2024,Double-A,Eastern League,Hartford Yard Goats,25,6,3
672613-2024-113,672613,Eliezer Alfonzo,2024,Double-A,Eastern League,Erie SeaWolves,24,6,1
680918-2024-113,680918,Brady Allen,2024,Double-A,Eastern League,Erie SeaWolves,24,6,5
682653-2024-113,682653,Warming Bernabel,2024,Double-A,Eastern League,Hartford Yard Goats,22,6,1
701496-2024-113,701496,Ben Cowles,2024,Double-A,Eastern League,Somerset Patriots,24,6,1
669360-2024-113,669360,Trei Cruz,2024,Double-A,Eastern League,Erie SeaWolves,25,6,2
679821-2024-113,679821,Rowdey Jordan,2024,Double-A,Eastern League,Binghamton Rumble Ponies,25,6,6
691001-2024-113,691001,Robert Moore,2024,Double-A,Eastern League,Reading Fightin Phils,22,6,6
685300-2024-113,685300,Grant Richardson,2024,Double-A,Eastern League,Somerset Patriots,24,6,5
675455-2024-113,675455,Milan Tolentino,2024,Double-A,Eastern League,Akron RubberDucks,22,6,6
695930-2024-113,695930,Frederick Bencosme,2024,Double-A,Eastern League,Bowie Baysox,21,6,6
677570-2024-113,677570,Aaron Bracho,2024,Double-A,Eastern League,Akron RubberDucks,23,6,6
682942-2024-113,682942,Alex De Jesus,2024,Double-A,Eastern League,New Hampshire Fisher Cats,22,6,2
687981-2024-113,687981,John Rhodes,2024,Double-A,Eastern League,Bowie Baysox,23,6,6
689822-2024-113,689822,Matt Rudick,2024,Double-A,Eastern League,Binghamton Rumble Ponies,25,6,6
686798-2024-113,686798,Yordys Valdes,2024,Double-A,Eastern League,Akron RubberDucks,22,6,2
694368-2024-113,694368,Jimmy Glowenke,2024,Double-A,Eastern League,Richmond Flying Squirrels,25,6,6
687627-2024-113,687627,Kody Huff,2024,Double-A,Eastern League,Akron RubberDucks,23,6,6
691458-2024-113,691458,Blaze Jordan,2024,Double-A,Eastern League,Portland Sea Dogs,21,6,1
687605-2024-113,687605,Andrew Pinckney,2024,Double-A,Eastern League,Harrisburg Senators,23,6,2
690022-2024-113,690022,Ryan Ritter,2024,Double-A,Eastern League,Hartford Yard Goats,23,6,2
683447-2024-113,683447,Gabriel Martinez,2024,Double-A,Eastern League,New Hampshire Fisher Cats,21,6,1
682679-2024-113,682679,Dayan Frias,2024,Double-A,Eastern League,Akron RubberDucks,22,6,6
685332-2024-113,685332,Carlos Mendoza,2024,Double-A,Eastern League,Erie SeaWolves,24,6,4
691267-2024-113,691267,Alex Ramírez,2024,Double-A,Eastern League,Binghamton Rumble Ponies,21,6,6
678837-2024-113,678837,Bladimir Restituyo,2024,Double-A,Eastern League,Hartford Yard Goats,22,6,1
686445-2024-113,686445,Sammy Siani,2024,Double-A,Eastern League,Altoona Curve,23,6,1
673990-2024-113,673990,Andy Thomas,2024,Double-A,Eastern League,Richmond Flying Squirrels,26,6,6
686976-2024-113,686976,Silas Ardoin,2024,Double-A,Eastern League,Bowie Baysox,23,6,6
802407-2024-113,802407,Joe Lampe,2024,Double-A,Eastern League,Akron RubberDucks,23,6,1
696281-2024-113,696281,Wyatt Young,2024,Double-A,Eastern League,Binghamton Rumble Ponies,24,6,2
686793-2024-113,686793,J.T. Arruda,2024,Double-A,Eastern League,Harrisburg Senators,26,6,1
800765-2024-113,800765,Carter Howell,2024,Double-A,Eastern League,Richmond Flying Squirrels,25,6,1
688460-2024-113,688460,Josh Kasevich,2024,Double-A,Eastern League,New Hampshire Fisher Cats,23,6,1
687751-2024-113,687751,Cortland Lawson,2024,Double-A,Eastern League,Harrisburg Senators,24,6,1
699013-2024-123,699013,Esmerlyn Valdez,2024,Low-A,Florida State League,Bradenton Marauders,20,6,3
694200-2024-123,694200,Ariel Almonte,2024,Low-A,Florida State League,Daytona Tortugas,20,6,3
813880-2024-123,813880,Devin Saltiban,2024,Low-A,Florida State League,Clearwater Threshers,19,6,3
682627-2024-123,682627,Jose De La Cruz,2024,Low-A,Florida State League,Lakeland Flying Tigers,22,6,5
805796-2024-123,805796,Arjun Nimmala,2024,Low-A,Florida State League,Dunedin Blue Jays,18,6,3
806263-2024-123,806263,Brandon Winokur,2024,Low-A,Florida State League,Fort Myers Mighty Mussels,19,6,5
703149-2024-123,703149,Roderick Arias,2024,Low-A,Florida State League,Tampa Tarpons,19,6,5
691922-2024-123,691922,Javier Rivas,2024,Low-A,Florida State League,Bradenton Marauders,21,6,2
703150-2024-123,703150,Ricky Cabrera,2024,Low-A,Florida State League,Daytona Tortugas,19,6,1
694186-2024-123,694186,Shalin Polanco,2024,Low-A,Florida State League,Bradenton Marauders,20,6,6
691398-2024-123,691398,Yerlin Confidan,2024,Low-A,Florida State League,Daytona Tortugas,21,6,2
815734-2024-123,815734,Dylan Jasso,2024,Low-A,Florida State League,Tampa Tarpons,21,6,3
801938-2024-123,801938,Avery Owusu-Asiedu,2024,Low-A,Florida State League,Clearwater Threshers,21,6,5
703204-2024-123,703204,Esmith Pineda,2024,Low-A,Florida State League,Daytona Tortugas,19,6,6
700731-2024-123,700731,Keiner Delgado,2024,Low-A,Florida State League,Bradenton Marauders,20,6,6
694215-2024-123,694215,Hans Montero,2024,Low-A,Florida State League,Tampa Tarpons,20,6,6
701206-2024-123,701206,Willy Montero,2024,Low-A,Florida State League,Tampa Tarpons,19,6,1
694202-2024-123,694202,Manuel Beltre,2024,Low-A,Florida State League,Dunedin Blue Jays,20,6,1
692390-2024-123,692390,Jose Cordoba,2024,Low-A,Florida State League,Palm Beach Cardinals,21,6,1
698933-2024-123,698933,Ronald Hernandez,2024,Low-A,Florida State League,St. Lucie Mets,20,6,2
806124-2024-123,806124,Colin Houck,2024,Low-A,Florida State League,St. Lucie Mets,19,6,5
806146-2024-123,806146,George Lombard Jr.,2024,Low-A,Florida State League,Tampa Tarpons,19,6,4
805951-2024-123,805951,Boston Baro,2024,Low-A,Florida State League,St. Lucie Mets,19,6,2
815089-2024-123,815089,Coby Morales,2024,Low-A,Florida State League,Tampa Tarpons,22,6,4
696291-2024-123,696291,Jordan McCants,2024,Low-A,Florida State League,Jupiter Hammerheads,22,6,6
808818-2024-123,808818,David Smith,2024,Low-A,Florida State League,Lakeland Flying Tigers,23,6,6
805102-2024-123,805102,Byron Chourio,2024,Low-A,Florida State League,Fort Myers Mighty Mussels,19,6,6
699293-2024-123,699293,Yohairo Cuevas,2024,Low-A,Florida State League,St. Lucie Mets,20,6,6
800510-2024-123,800510,Samuel Gil,2024,Low-A,Florida State League,Lakeland Flying Tigers,19,6,2
663609-2024-117,663609,Luken Baker,2024,Triple-A,International League,Memphis Redbirds,27,6,3
671286-2024-117,671286,Johnathan Rodríguez,2024,Triple-A,International League,Columbus Clippers,24,6,5
663905-2024-117,663905,Travis Blankenhorn,2024,Triple-A,International League,Rochester Red Wings,27,6,3
682239-2024-117,682239,Luke Ritter,2024,Triple-A,International League,Syracuse Mets,27,6,2
664068-2024-117,664068,Scott Kingery,2024,Triple-A,International League,Lehigh Valley IronPigs,30,6,5
685301-2024-117,685301,Matt Gorski,2024,Triple-A,International League,Indianapolis Indians,26,6,3
572204-2024-117,572204,Trayce Thompson,2024,Triple-A,International League,Iowa Cubs,33,6,3
676551-2024-117,676551,Brewer Hicklen,2024,Triple-A,International League,Nashville Sounds,28,6,5
621458-2024-117,621458,Edwin Rios,2024,Triple-A,International League,Louisville Bats,30,6,5
682877-2024-117,682877,Juan Brito,2024,Triple-A,International League,Columbus Clippers,22,6,3
669288-2024-117,669288,Daniel Johnson,2024,Triple-A,International League,Norfolk Tides,28,6,3
685382-2024-117,685382,Andrew Navigato,2024,Triple-A,International League,Toledo Mud Hens,26,6,5
670231-2024-117,670231,John Rave,2024,Triple-A,International League,Omaha Storm Chasers,26,6,3
670870-2024-117,670870,Yunior Severino,2024,Triple-A,International League,St. Paul Saints,24,6,2
666915-2024-117,666915,Bobby Dalbec,2024,Triple-A,International League,Worcester Red Sox,29,6,5
689288-2024-117,689288,Matt Koperniak,2024,Triple-A,International League,Memphis Redbirds,26,6,2
695336-2024-117,695336,Thomas Saggese,2024,Triple-A,International League,Memphis Redbirds,22,6,3
683357-2024-117,683357,Owen Caissie,2024,Triple-A,International League,Iowa Cubs,21,6,5
665052-2024-117,665052,Griffin Conine,2024,Triple-A,International League,Jacksonville Jumbo Shrimp,26,6,5
687478-2024-117,687478,Cam Devanney,2024,Triple-A,International League,Omaha Storm Chasers,27,6,2
676632-2024-117,676632,Bligh Madris,2024,Triple-A,International League,Toledo Mud Hens,28,6,3
671913-2024-117,671913,Damiano Palmegiani,2024,Triple-A,International League,Buffalo Bisons,24,6,3
683770-2024-117,683770,Will Robertson,2024,Triple-A,International League,Buffalo Bisons,26,6,3
657193-2024-117,657193,Eddy Alvarez,2024,Triple-A,International League,Worcester Red Sox,34,6,3
676625-2024-117,676625,Rylan Bannon,2024,Triple-A,International League,St. Paul Saints,28,6,3
695657-2024-117,695657,Colson Montgomery,2024,Triple-A,International League,Charlotte Knights,22,6,3
677588-2024-117,677588,José Tena,2024,Triple-A,International League,Rochester Red Wings,23,6,2
666211-2024-117,666211,Taylor Trammell,2024,Triple-A,International League,Scranton/Wilkes-Barre RailRiders,26,6,5
656484-2024-117,656484,Tristan Gray,2024,Triple-A,International League,Jacksonville Jumbo Shrimp,28,6,3
670224-2024-117,670224,Kameron Misner,2024,Triple-A,International League,Durham Bulls,26,6,5
681393-2024-117,681393,Connor Norby,2024,Triple-A,International League,Jacksonville Jumbo Shrimp,24,6,5
695257-2024-117,695257,Billy Cook,2024,Triple-A,International League,Indianapolis Indians,25,6,5
681987-2024-117,681987,Nate Eaton,2024,Triple-A,International League,Omaha Storm Chasers,27,6,6
694355-2024-117,694355,Tyler Gentry,2024,Triple-A,International League,Omaha Storm Chasers,25,6,5
669742-2024-117,669742,Darick Hall,2024,Triple-A,International League,Lehigh Valley IronPigs,28,6,3
668472-2024-117,668472,Nick Pratto,2024,Triple-A,International League,Omaha Storm Chasers,25,6,5
623205-2024-117,623205,Andrew Velazquez,2024,Triple-A,International League,Gwinnett Stripers,29,6,5
670712-2024-117,670712,Mike Brosseau,2024,Triple-A,International League,Syracuse Mets,30,6,1
681198-2024-117,681198,TJ Rumfield,2024,Triple-A,International League,Scranton/Wilkes-Barre RailRiders,24,6,2
672012-2024-117,672012,Tyler Black,2024,Triple-A,International League,Nashville Sounds,23,6,6
686555-2024-117,686555,Isaac Collins,2024,Triple-A,International League,Nashville Sounds,26,6,3
680837-2024-117,680837,Ryan Fitzgerald,2024,Triple-A,International League,Omaha Storm Chasers,30,6,3
677956-2024-117,677956,Rece Hinds,2024,Triple-A,International League,Louisville Bats,23,6,5
690291-2024-117,690291,Jace Jung,2024,Triple-A,International League,Toledo Mud Hens,23,6,3
680577-2024-117,680577,DaShawn Keirsey Jr.,2024,Triple-A,International League,St. Paul Saints,27,6,5
693409-2024-117,693409,César Prieto,2024,Triple-A,International League,Memphis Redbirds,25,6,1
671083-2024-117,671083,Buddy Kennedy,2024,Triple-A,International League,Lehigh Valley IronPigs,25,6,3
678554-2024-117,678554,Curtis Mead,2024,Triple-A,International League,Durham Bulls,23,6,1
678894-2024-117,678894,Liover Peguero,2024,Triple-A,International League,Indianapolis Indians,23,6,2
672724-2024-117,672724,Oswald Peraza,2024,Triple-A,International League,Scranton/Wilkes-Barre RailRiders,24,6,6
686765-2024-117,686765,Nick Sogard,2024,Triple-A,International League,Worcester Red Sox,26,6,2
668723-2024-117,668723,Ryan Vilade,2024,Triple-A,International League,Toledo Mud Hens,25,6,5
671221-2024-117,671221,Drew Waters,2024,Triple-A,International League,Omaha Storm Chasers,25,6,5
671976-2024-117,671976,Tristan Peters,2024,Triple-A,International League,Durham Bulls,24,6,3
642197-2024-117,642197,Jamie Westbrook,2024,Triple-A,International League,Worcester Red Sox,29,6,2
693049-2024-117,693049,Oscar Colás,2024,Triple-A,International League,Charlotte Knights,25,6,6
664731-2024-117,664731,P.J. Higgins,2024,Triple-A,International League,Louisville Bats,31,6,2
687859-2024-117,687859,Troy Johnston,2024,Triple-A,International League,Jacksonville Jumbo Shrimp,27,6,1
682650-2024-117,682650,Malcom Nuñez,2024,Triple-A,International League,Indianapolis Indians,23,6,2
592622-2024-117,592622,Mark Payton,2024,Triple-A,International League,Charlotte Knights,32,6,1
682927-2024-117,682927,Ronny Simon,2024,Triple-A,International League,Durham Bulls,24,6,2
660636-2024-117,660636,Diego Castillo,2024,Triple-A,International League,St. Paul Saints,26,6,6
686639-2024-117,686639,Jack Dunn,2024,Triple-A,International League,Rochester Red Wings,27,6,6
678391-2024-117,678391,Jorbit Vivas,2024,Triple-A,International League,Scranton/Wilkes-Barre RailRiders,23,6,6
681962-2024-117,681962,Vinny Capra,2024,Triple-A,International League,Nashville Sounds,27,6,6
682668-2024-117,682668,Luisangel Acuña,2024,Triple-A,International League,Syracuse Mets,22,6,4
694362-2024-117,694362,Blake Dunn,2024,Triple-A,International League,Louisville Bats,25,6,6
571875-2024-117,571875,Jake Lamb,2024,Triple-A,International League,Indianapolis Indians,33,6,3
805367-2024-117,805367,Chase Meidroth,2024,Triple-A,International League,Worcester Red Sox,22,6,2
676113-2024-117,676113,Zach DeLoach,2024,Triple-A,International League,Charlotte Knights,25,6,2
570481-2024-117,570481,Erik González,2024,Triple-A,International League,Louisville Bats,32,6,1
663968-2024-117,663968,Jake Mangum,2024,Triple-A,International League,Durham Bulls,28,6,1
679881-2024-117,679881,J.P. Martínez,2024,Triple-A,International League,Gwinnett Stripers,28,6,6
691594-2024-117,691594,Javier Sanoja,2024,Triple-A,International League,Jacksonville Jumbo Shrimp,21,6,1
694425-2024-117,694425,Justice Bigbie,2024,Triple-A,International League,Toledo Mud Hens,25,6,2
672463-2024-117,672463,Rafael Lantigua,2024,Triple-A,International League,Buffalo Bisons,26,6,2
664670-2024-117,664670,Alejo Lopez,2024,Triple-A,International League,Gwinnett Stripers,28,6,4
668791-2024-117,668791,Anthony Prato,2024,Triple-A,International League,St. Paul Saints,26,6,2
664702-2024-117,664702,Myles Straw,2024,Triple-A,International League,Columbus Clippers,29,6,6
680672-2024-117,680672,Luke Waddell,2024,Triple-A,International League,Gwinnett Stripers,25,6,6
671117-2024-117,671117,Darren Baker,2024,Triple-A,International League,Rochester Red Wings,25,6,4
683006-2024-118,683006,Chris Newell,2024,High-A,Midwest League,Great Lakes Loons,23,6,3
702253-2024-118,702253,Cam Collier,2024,High-A,Midwest League,Dayton Dragons,19,6,3
811289-2024-118,811289,Spencer Nivens,2024,High-A,Midwest League,Quad Cities River Bandits,22,6,3
695031-2024-118,695031,Josh Zamora,2024,High-A,Midwest League,Beloit Sky Carp,25,6,3
687310-2024-118,687310,Will Simpson,2024,High-A,Midwest League,Lansing Lugnuts,22,6,3
688780-2024-118,688780,Luke Gold,2024,High-A,Midwest League,West Michigan Whitecaps,23,6,3
686438-2024-118,686438,Rubel Cespedes,2024,High-A,Midwest League,Cedar Rapids Kernels,23,6,2
696501-2024-118,696501,Mark Coley II,2024,High-A,Midwest League,Beloit Sky Carp,23,6,5
699115-2024-118,699115,Carlos Jorge,2024,High-A,Midwest League,Dayton Dragons,20,6,6
699073-2024-118,699073,Thayron Liranzo,2024,High-A,Midwest League,West Michigan Whitecaps,20,6,3
695612-2024-118,695612,Alex Mooney,2024,High-A,Midwest League,Lake County Captains,21,6,6
699302-2024-118,699302,Héctor Rodríguez,2024,High-A,Midwest League,Dayton Dragons,20,6,1
702726-2024-118,702726,Luke Adams,2024,High-A,Midwest League,Wisconsin Timber Rattlers,20,6,6
801194-2024-118,801194,Max Anderson,2024,High-A,Midwest League,West Michigan Whitecaps,22,6,1
691627-2024-118,691627,Ricardo Olivar,2024,High-A,Midwest League,Cedar Rapids Kernels,22,6,3
675394-2024-118,675394,Johnny Olmstead,2024,High-A,Midwest League,Beloit Sky Carp,23,6,3
687731-2024-118,687731,Trevor Werner,2024,High-A,Midwest League,Quad Cities River Bandits,23,6,5
695481-2024-118,695481,Jay Allen II,2024,High-A,Midwest League,Dayton Dragons,21,6,6
699130-2024-118,699130,Jadher Areinamo,2024,High-A,Midwest League,Wisconsin Timber Rattlers,20,6,1
699024-2024-118,699024,Leo Bernal,2024,High-A,Midwest League,Peoria Chiefs,20,6,2
694749-2024-118,694749,Dylan Campbell,2024,High-A,Midwest League,Great Lakes Loons,21,6,6
691449-2024-118,691449,Roberto Campos,2024,High-A,Midwest League,West Michigan Whitecaps,21,6,2
801406-2024-118,801406,Jared Dickey,2024,High-A,Midwest League,Lansing Lugnuts,22,6,1
695600-2024-118,695600,Carter Jensen,2024,High-A,Midwest League,Quad Cities River Bandits,20,6,5
807751-2024-118,807751,Ethan O'Donnell,2024,High-A,Midwest League,Dayton Dragons,22,6,4
811287-2024-118,811287,Carson Roccaforte,2024,High-A,Midwest League,Quad Cities River Bandits,22,6,6
695358-2024-118,695358,Jonny Butler,2024,High-A,Midwest League,Lansing Lugnuts,25,6,6
682631-2024-118,682631,Eduarqui Fernandez,2024,High-A,Midwest League,Wisconsin Timber Rattlers,22,6,6
693819-2024-118,693819,Kyle Nevin,2024,High-A,Midwest League,Great Lakes Loons,22,6,5
683454-2024-118,683454,Brayan Buelvas,2024,High-A,Midwest League,Lansing Lugnuts,22,6,5
683481-2024-118,683481,Nerwilian Cedeño,2024,High-A,Midwest League,Fort Wayne TinCaps,22,6,6
691408-2024-118,691408,Maick Collado,2024,High-A,Midwest League,Lake County Captains,21,6,6
691410-2024-118,691410,Jose Devers,2024,High-A,Midwest League,Lake County Captains,21,6,2
695780-2024-118,695780,Jake Fox,2024,High-A,Midwest League,Lake County Captains,21,6,6
687192-2024-118,687192,Cade Hunter,2024,High-A,Midwest League,Dayton Dragons,23,6,6
683494-2024-118,683494,Euribiel Angeles,2024,High-A,Midwest League,Lansing Lugnuts,22,6,1
699114-2024-118,699114,Leo Balcazar,2024,High-A,Midwest League,Dayton Dragons,20,6,1
695653-2024-118,695653,Noah Miller,2024,High-A,Midwest League,Great Lakes Loons,21,6,1
687625-2024-118,687625,Kai Murphy,2024,High-A,Midwest League,Fort Wayne TinCaps,23,6,2
668776-2024-118,668776,Devin Ortiz,2024,High-A,Midwest League,Fort Wayne TinCaps,25,6,1
800473-2024-118,800473,Jefferson Rojas,2024,High-A,Midwest League,South Bend Cubs,19,6,6
809945-2024-118,809945,Jonah Advincula,2024,High-A,Midwest League,Lake County Captains,23,6,6
700931-2024-118,700931,Seth Stephenson,2024,High-A,Midwest League,West Michigan Whitecaps,23,6,4
682618-2024-118,682618,Misael Urbina,2024,High-A,Midwest League,Cedar Rapids Kernels,22,6,6
694193-2024-118,694193,Victor Acosta,2024,High-A,Midwest League,Dayton Dragons,20,6,6
679751-2024-118,679751,Danny Bautista Jr.,2024,High-A,Midwest League,Lansing Lugnuts,23,6,1
800325-2024-118,800325,Luis Lara,2024,High-A,Midwest League,Wisconsin Timber Rattlers,19,6,4
699393-2024-118,699393,Pedro Ramírez,2024,High-A,Midwest League,South Bend Cubs,20,6,2
806956-2024-118,806956,Ethan Salas,2024,High-A,Midwest League,Fort Wayne TinCaps,18,6,6
691191-2024-118,691191,Jose Salas,2024,High-A,Midwest League,Cedar Rapids Kernels,21,6,6
687783-2024-118,687783,Matthew Wood,2024,High-A,Midwest League,Wisconsin Timber Rattlers,23,6,1
805280-2024-118,805280,Alex Iadisernia,2024,High-A,Midwest League,Peoria Chiefs,23,6,6
813386-2024-118,813386,Justin Johnson,2024,High-A,Midwest League,Quad Cities River Bandits,24,6,6
690914-2024-118,690914,Brody Moore,2024,High-A,Midwest League,Peoria Chiefs,23,6,4
800231-2024-118,800231,Won-Bin Cho,2024,High-A,Midwest League,Peoria Chiefs,20,6,2
815039-2024-118,815039,Dustin Dickerson,2024,High-A,Midwest League,Quad Cities River Bandits,23,6,6
690992-2024-118,690992,Ed Howard,2024,High-A,Midwest League,South Bend Cubs,22,6,2
703520-2024-118,703520,Brett Bateman,2024,High-A,Midwest League,South Bend Cubs,22,6,4
694249-2024-126,694249,Cole Carrigg,2024,High-A,Northwest League,Spokane Indians,22,6,4
681377-2024-126,681377,Josh Hood,2024,High-A,Northwest League,Everett AquaSox,23,6,6
691720-2024-126,691720,Kyle Karros,2024,High-A,Northwest League,Spokane Indians,21,6,5
690957-2024-126,690957,Jace Bohrofen,2024,High-A,Northwest League,Vancouver Canadians,22,6,3
687730-2024-126,687730,Caleb Cali,2024,High-A,Northwest League,Everett AquaSox,23,6,3
814194-2024-126,814194,Quinn McDaniel,2024,High-A,Northwest League,Eugene Emeralds,21,6,5
814791-2024-126,814791,Jared Sundstrom,2024,High-A,Northwest League,Everett AquaSox,23,6,6
700164-2024-126,700164,Bryant Betancourt,2024,High-A,Northwest League,Spokane Indians,20,6,6
694815-2024-126,694815,Jack Hurley,2024,High-A,Northwest League,Hillsboro Hops,22,6,2
681098-2024-126,681098,Bill Knight,2024,High-A,Northwest League,Everett AquaSox,24,6,6
695521-2024-126,695521,Gavin Conticello,2024,High-A,Northwest League,Hillsboro Hops,21,6,2
800959-2024-126,800959,Nick Goodwin,2024,High-A,Northwest League,Vancouver Canadians,22,6,6
671925-2024-126,671925,Matt Coutney,2024,High-A,Northwest League,Tri-City Dust Devils,24,6,2
691726-2024-126,691726,Kevin Sim,2024,High-A,Northwest League,Hillsboro Hops,22,6,2
699912-2024-126,699912,Jose Fernandez,2024,High-A,Northwest League,Hillsboro Hops,20,6,1
814408-2024-126,814408,Jackson Hornung,2024,High-A,Northwest League,Vancouver Canadians,23,6,2
810053-2024-126,810053,Caleb Ketchup,2024,High-A,Northwest League,Tri-City Dust Devils,22,6,6
692046-2024-126,692046,Axel Sanchez,2024,High-A,Northwest League,Everett AquaSox,21,6,6
682648-2024-126,682648,Juan Guerrero,2024,High-A,Northwest League,Spokane Indians,22,6,1
694211-2024-126,694211,Manuel Pena,2024,High-A,Northwest League,Hillsboro Hops,20,6,2
690956-2024-126,690956,Werner Blakely,2024,High-A,Northwest League,Tri-City Dust Devils,22,6,6
694170-2024-126,694170,Dyan Jorge,2024,High-A,Northwest League,Spokane Indians,21,6,4
669899-2024-112,669899,Ryan Ward,2024,Triple-A,Pacific Coast League,Oklahoma City Baseball Club,26,6,3
613564-2024-112,613564,Jason Vosler,2024,Triple-A,Pacific Coast League,Tacoma Rainiers,30,6,3
664247-2024-112,664247,Kyle Garlick,2024,Triple-A,Pacific Coast League,Reno Aces,32,6,3
542208-2024-112,542208,Carlos Pérez,2024,Triple-A,Pacific Coast League,Las Vegas Aviators,33,6,3
680728-2024-112,680728,Adrian Del Castillo,2024,Triple-A,Pacific Coast League,Reno Aces,24,6,3
665846-2024-112,665846,Jesús Bastidas,2024,Triple-A,Pacific Coast League,Sugar Land Space Cowboys,25,6,3
686531-2024-112,686531,Andre Lipcius,2024,Triple-A,Pacific Coast League,Oklahoma City Baseball Club,26,6,3
694376-2024-112,694376,Shay Whitcomb,2024,Triple-A,Pacific Coast League,Sugar Land Space Cowboys,25,6,3
694175-2024-112,694175,Pedro León,2024,Triple-A,Pacific Coast League,Sugar Land Space Cowboys,26,6,5
672359-2024-112,672359,Tirso Ornelas,2024,Triple-A,Pacific Coast League,El Paso Chihuahuas,24,6,2
672478-2024-112,672478,Jordan Diaz,2024,Triple-A,Pacific Coast League,Las Vegas Aviators,23,6,2
668751-2024-112,668751,Cal Mitchell,2024,Triple-A,Pacific Coast League,El Paso Chihuahuas,25,6,3
676116-2024-112,676116,Ryan Noda,2024,Triple-A,Pacific Coast League,Las Vegas Aviators,28,6,3
666703-2024-112,666703,Eguy Rosario,2024,Triple-A,Pacific Coast League,El Paso Chihuahuas,24,6,3
688760-2024-112,688760,Blaine Crim,2024,Triple-A,Pacific Coast League,Round Rock Express,27,6,1
665953-2024-112,665953,Andrés Chaparro,2024,Triple-A,Pacific Coast League,Reno Aces,25,6,3
680693-2024-112,680693,Grant Lavigne,2024,Triple-A,Pacific Coast League,Albuquerque Isotopes,24,6,3
660758-2024-112,660758,Sandro Fabian,2024,Triple-A,Pacific Coast League,Round Rock Express,26,6,1
682210-2024-112,682210,Kody Hoese,2024,Triple-A,Pacific Coast League,Oklahoma City Baseball Club,26,6,1
664954-2024-112,664954,Brett Sullivan,2024,Triple-A,Pacific Coast League,El Paso Chihuahuas,30,6,3
663536-2024-112,663536,Tristin English,2024,Triple-A,Pacific Coast League,Reno Aces,27,6,1
675659-2024-112,675659,Greg Jones,2024,Triple-A,Pacific Coast League,Albuquerque Isotopes,26,6,5
681584-2024-112,681584,David Villar,2024,Triple-A,Pacific Coast League,Sacramento River Cats,27,6,3
680810-2024-112,680810,Quincy Hamilton,2024,Triple-A,Pacific Coast League,Sugar Land Space Cowboys,26,6,3
676939-2024-112,676939,Jimmy Herron,2024,Triple-A,Pacific Coast League,Albuquerque Isotopes,27,6,1
669087-2024-112,669087,Sam Huff,2024,Triple-A,Pacific Coast League,Round Rock Express,26,6,2
687799-2024-112,687799,Cade Marlowe,2024,Triple-A,Pacific Coast League,Tacoma Rainiers,27,6,5
700242-2024-112,700242,Trey Sweeney,2024,Triple-A,Pacific Coast League,Oklahoma City Baseball Club,24,6,2
669208-2024-112,669208,Ryan Bliss,2024,Triple-A,Pacific Coast League,Tacoma Rainiers,24,6,4
641779-2024-112,641779,Charles Leblanc,2024,Triple-A,Pacific Coast League,Salt Lake Bees,28,6,3
605346-2024-112,605346,Jack López,2024,Triple-A,Pacific Coast League,Salt Lake Bees,31,6,2
669386-2024-112,669386,Trevor Hauver,2024,Triple-A,Pacific Coast League,Round Rock Express,25,6,5
669392-2024-112,669392,Samad Taylor,2024,Triple-A,Pacific Coast League,Tacoma Rainiers,25,6,4
677941-2024-112,677941,Jordyn Adams,2024,Triple-A,Pacific Coast League,Salt Lake Bees,24,6,4
676946-2024-112,676946,Matthew Batten,2024,Triple-A,Pacific Coast League,El Paso Chihuahuas,29,6,6
670092-2024-112,670092,Trenton Brooks,2024,Triple-A,Pacific Coast League,Sacramento River Cats,28,6,3
687957-2024-112,687957,Dustin Harris,2024,Triple-A,Pacific Coast League,Round Rock Express,24,6,6
669450-2024-112,669450,Cooper Hummel,2024,Triple-A,Pacific Coast League,Sugar Land Space Cowboys,29,6,2
546991-2024-112,546991,Albert Almora Jr.,2024,Triple-A,Pacific Coast League,Reno Aces,30,6,1
666183-2024-112,666183,Hunter Bishop,2024,Triple-A,Pacific Coast League,Sacramento River Cats,26,6,2
660829-2024-112,660829,Hoy Park,2024,Triple-A,Pacific Coast League,Las Vegas Aviators,28,6,2
642727-2024-112,642727,Sergio Alcántara,2024,Triple-A,Pacific Coast League,Reno Aces,27,6,2
682183-2024-112,682183,Drew Avans,2024,Triple-A,Pacific Coast League,Oklahoma City Baseball Club,28,6,5
667663-2024-112,667663,Hunter Stovall,2024,Triple-A,Pacific Coast League,Albuquerque Isotopes,27,6,1
669200-2024-112,669200,Mason McCoy,2024,Triple-A,Pacific Coast League,El Paso Chihuahuas,29,6,6
670148-2024-112,670148,Nate Mondou,2024,Triple-A,Pacific Coast League,El Paso Chihuahuas,29,6,6
669326-2024-112,669326,Bryce Teodosio,2024,Triple-A,Pacific Coast League,Salt Lake Bees,25,6,4
519303-2024-112,519303,Elliot Soto,2024,Triple-A,Pacific Coast League,Salt Lake Bees,34,6,6
680890-2024-112,680890,Jax Biggers,2024,Triple-A,Pacific Coast League,Round Rock Express,27,6,6
702789-2024-112,702789,Austin Gauthier,2024,Triple-A,Pacific Coast League,Oklahoma City Baseball Club,25,6,2
676566-2024-116,676566,Shawn Ross,2024,High-A,South Atlantic League,Greensboro Grasshoppers,24,6,3
800232-2024-116,800232,Luis Baez,2024,High-A,South Atlantic League,Asheville Tourists,20,6,3
682793-2024-116,682793,Bryan Gonzalez,2024,High-A,South Atlantic League,Greenville Drive,22,6,5
677342-2024-116,677342,Brock Jones,2024,High-A,South Atlantic League,Bowling Green Hot Rods,23,6,5
695770-2024-116,695770,Wes Kath,2024,High-A,South Atlantic League,Winston-Salem Dash,21,6,5
807742-2024-116,807742,Colton Ledbetter,2024,High-A,South Atlantic League,Bowling Green Hot Rods,22,6,5
691369-2024-116,691369,Allan Castro,2024,High-A,South Atlantic League,Greenville Drive,21,6,3
802459-2024-116,802459,Ryan Johnson,2024,High-A,South Atlantic League,Asheville Tourists,23,6,5
694966-2024-116,694966,Brayden Taylor,2024,High-A,South Atlantic League,Bowling Green Hot Rods,22,6,5
696145-2024-116,696145,Lonnie White Jr.,2024,High-A,South Atlantic League,Greensboro Grasshoppers,21,6,6
695604-2024-116,695604,T.J. White,2024,High-A,South Atlantic League,Wilmington Blue Rocks,20,6,3
802991-2024-116,802991,E.J. Exposito,2024,High-A,South Atlantic League,Rome Emperors,23,6,6
687431-2024-116,687431,Hudson Head,2024,High-A,South Atlantic League,Greensboro Grasshoppers,23,6,3
690991-2024-116,690991,Mac Horvath,2024,High-A,South Atlantic League,Bowling Green Hot Rods,22,6,6
702261-2024-116,702261,Termarr Johnson,2024,High-A,South Atlantic League,Greensboro Grasshoppers,20,6,6
683079-2024-116,683079,Omar Martinez,2024,High-A,South Atlantic League,Hudson Valley Renegades,22,6,3
691858-2024-116,691858,Jared Serna,2024,High-A,South Atlantic League,Hudson Valley Renegades,22,6,3
695508-2024-116,695508,Cam Cauley,2024,High-A,South Atlantic League,Hickory Crawdads,21,6,5
691792-2024-116,691792,Roc Riggio,2024,High-A,South Atlantic League,Hudson Valley Renegades,22,6,6
689688-2024-116,689688,Ethan Workinger,2024,High-A,South Atlantic League,Rome Emperors,22,6,3
701778-2024-116,701778,Jace Avina,2024,High-A,South Atlantic League,Hudson Valley Renegades,21,6,1
695048-2024-116,695048,Garret Guillemette,2024,High-A,South Atlantic League,Asheville Tourists,22,6,3
695692-2024-116,695692,Cooper Kinney,2024,High-A,South Atlantic League,Bowling Green Hot Rods,21,6,2
806964-2024-116,806964,Sebastian Walcott,2024,High-A,South Atlantic League,Hickory Crawdads,18,6,5
700845-2024-116,700845,Adam Zebrowski,2024,High-A,South Atlantic League,Rome Emperors,23,6,2
694218-2024-116,694218,Yeison Morrobel,2024,High-A,South Atlantic League,Hickory Crawdads,20,6,6
694742-2024-116,694742,Josh Moylan,2024,High-A,South Atlantic League,Hudson Valley Renegades,21,6,2
691385-2024-116,691385,Ronald Rosario,2024,High-A,South Atlantic League,Greenville Drive,21,6,1
694214-2024-116,694214,Samuel Zavala,2024,High-A,South Atlantic League,Winston-Salem Dash,19,6,6
801523-2024-116,801523,Chris Suero,2024,High-A,South Atlantic League,Brooklyn Cyclones,20,6,6
691645-2024-116,691645,Jefrey De Los Santos,2024,High-A,South Atlantic League,Brooklyn Cyclones,21,6,3
690983-2024-116,690983,Hunter Haas,2024,High-A,South Atlantic League,Bowling Green Hot Rods,22,6,6
694991-2024-116,694991,Mitch Jebb,2024,High-A,South Atlantic League,Greensboro Grasshoppers,22,6,4
691708-2024-116,691708,Junior Tilien,2024,High-A,South Atlantic League,Brooklyn Cyclones,21,6,1
677356-2024-116,677356,Carter Young,2024,High-A,South Atlantic League,Aberdeen IronBirds,23,6,6
687201-2024-116,687201,Kevin Kilpatrick Jr.,2024,High-A,South Atlantic League,Rome Emperors,23,6,4
688500-2024-116,688500,Stephen Paolini,2024,High-A,South Atlantic League,Rome Emperors,23,6,2
694884-2024-116,694884,Jalen Vasquez,2024,High-A,South Atlantic League,Aberdeen IronBirds,22,6,6
702708-2024-116,702708,Emaarion Boyd,2024,High-A,South Atlantic League,Jersey Shore BlueClaws,20,6,4
694754-2024-116,694754,Sabin Ceballos,2024,High-A,South Atlantic League,Rome Emperors,21,6,2
694230-2024-116,694230,Hendry Mendez,2024,High-A,South Atlantic League,Jersey Shore BlueClaws,20,6,2
703492-2024-116,703492,Nick Morabito,2024,High-A,South Atlantic League,Brooklyn Cyclones,21,6,4
801600-2024-116,801600,Bryce Willits,2024,High-A,South Atlantic League,Winston-Salem Dash,24,6,1
688394-2024-116,688394,Jordan Sprinkle,2024,High-A,South Atlantic League,Winston-Salem Dash,23,6,6
703151-2024-116,703151,William Bergolla Jr.,2024,High-A,South Atlantic League,Winston-Salem Dash,19,6,4
701701-2024-116,701701,Quincy Scott,2024,High-A,South Atlantic League,Hickory Crawdads,21,6,6
678021-2024-111,678021,Nicholas Northcut,2024,Double-A,Southern League,Chattanooga Lookouts,25,6,3
691788-2024-111,691788,Joe Mack,2024,Double-A,Southern League,Pensacola Blue Wahoos,21,6,3
700246-2024-111,700246,Carson Williams,2024,Double-A,Southern League,Montgomery Biscuits,21,6,5
694385-2024-111,694385,Brock Wilken,2024,Double-A,Southern League,Biloxi Shuckers,22,6,3
687272-2024-111,687272,Tucker Flint,2024,Double-A,Southern League,Rocket City Trash Pandas,23,6,5
687210-2024-111,687210,Nathan Martorella,2024,Double-A,Southern League,Pensacola Blue Wahoos,23,6,3
691442-2024-111,691442,Wilfred Veras,2024,Double-A,Southern League,Birmingham Barons,21,6,2
672569-2024-111,672569,Gustavo Campero,2024,Double-A,Southern League,Rocket City Trash Pandas,26,6,1
676572-2024-111,676572,Eric Wagaman,2024,Double-A,Southern League,Rocket City Trash Pandas,26,6,1
667803-2024-111,667803,Ernesto Martinez Jr.,2024,Double-A,Southern League,Biloxi Shuckers,25,6,1
702333-2024-111,702333,Haydn McGeary,2024,Double-A,Southern League,Tennessee Smokies,24,6,3
682192-2024-111,682192,Paul McIntosh,2024,Double-A,Southern League,Pensacola Blue Wahoos,26,6,1
690988-2024-111,690988,Austin Hendrick,2024,Double-A,Southern League,Chattanooga Lookouts,23,6,6
681357-2024-111,681357,Cody Morissette,2024,Double-A,Southern League,Pensacola Blue Wahoos,24,6,6
676473-2024-111,676473,Lamar Sparks,2024,Double-A,Southern League,Biloxi Shuckers,25,6,5
694351-2024-111,694351,Jacob Berry,2024,Double-A,Southern League,Pensacola Blue Wahoos,23,6,1
681371-2024-111,681371,Dom Keegan,2024,Double-A,Southern League,Montgomery Biscuits,23,6,2
695587-2024-111,695587,Bryson Horne,2024,Double-A,Southern League,Mississippi Braves,25,6,2
805300-2024-111,805300,Jakob Marsee,2024,Double-A,Southern League,Pensacola Blue Wahoos,23,6,6
695020-2024-111,695020,Tanner Murray,2024,Double-A,Southern League,Montgomery Biscuits,24,6,1
701649-2024-111,701649,James Triantos,2024,Double-A,Southern League,Tennessee Smokies,21,6,4
681047-2024-111,681047,Christian Franklin,2024,Double-A,Southern League,Tennessee Smokies,24,6,4
694378-2024-111,694378,Jacob Gonzalez,2024,Double-A,Southern League,Birmingham Barons,22,6,6
687862-2024-111,687862,Cody Milligan,2024,Double-A,Southern League,Mississippi Braves,25,6,4
695299-2024-111,695299,Terrell Tatum,2024,Double-A,Southern League,Birmingham Barons,24,6,6
687521-2024-111,687521,Eric Brown Jr.,2024,Double-A,Southern League,Biloxi Shuckers,23,6,6
694848-2024-111,694848,Sam Brown,2024,Double-A,Southern League,Rocket City Trash Pandas,22,6,1
667240-2024-111,667240,Jason Matthews,2024,Double-A,Southern League,Birmingham Barons,27,6,6
695462-2024-111,695462,Cal Conley,2024,Double-A,Southern League,Mississippi Braves,24,6,4
687152-2024-111,687152,Darrien Miller,2024,Double-A,Southern League,Biloxi Shuckers,23,6,6
694478-2024-111,694478,Michael Turner,2024,Double-A,Southern League,Birmingham Barons,25,6,2
677605-2024-111,677605,Luis Verdugo,2024,Double-A,Southern League,Tennessee Smokies,23,6,1
687248-2024-111,687248,Keshawn Ogans,2024,Double-A,Southern League,Mississippi Braves,22,6,6
703185-2024-111,703185,Nelson Rada,2024,Double-A,Southern League,Rocket City Trash Pandas,18,6,4
681333-2024-111,681333,Dru Baker,2024,Double-A,Southern League,Montgomery Biscuits,24,6,4
699471-2024-109,699471,Ivan Melendez,2024,Double-A,Texas League,Amarillo Sod Poodles,24,6,3
694374-2024-109,694374,Tim Tawa,2024,Double-A,Texas League,Amarillo Sod Poodles,25,6,3
681134-2024-109,681134,Caleb Roberts,2024,Double-A,Texas League,Amarillo Sod Poodles,24,6,3
623507-2024-109,623507,Josh Lester,2024,Double-A,Texas League,Northwest Arkansas Naturals,29,6,3
694673-2024-109,694673,Abimelec Ortiz,2024,Double-A,Texas League,Frisco RoughRiders,22,6,3
651016-2024-109,651016,Matt Lloyd,2024,Double-A,Texas League,Springfield Cardinals,28,6,3
682947-2024-109,682947,Jose Ramos,2024,Double-A,Texas League,Tulsa Drillers,23,6,5
691021-2024-109,691021,A.J. Vukovich,2024,Double-A,Texas League,Amarillo Sod Poodles,22,6,2
686770-2024-109,686770,Dillan Shrum,2024,Double-A,Texas League,Northwest Arkansas Naturals,26,6,3
688457-2024-109,688457,Gavin Cross,2024,Double-A,Texas League,Northwest Arkansas Naturals,23,6,6
676812-2024-109,676812,Carson McCusker,2024,Double-A,Texas League,Wichita Wind Surge,26,6,5
686810-2024-109,686810,Brennan Milone,2024,Double-A,Texas League,Midland RockHounds,23,6,3
702112-2024-109,702112,Hogan Windish,2024,Double-A,Texas League,Arkansas Travelers,25,6,5
694271-2024-109,694271,R.J. Yeager,2024,Double-A,Texas League,Springfield Cardinals,25,6,1
683227-2024-109,683227,Cody Freeman,2024,Double-A,Texas League,Frisco RoughRiders,23,6,3
674976-2024-109,674976,Griffin Lockwood-Powell,2024,Double-A,Texas League,Tulsa Drillers,26,6,3
681123-2024-109,681123,Luca Tresh,2024,Double-A,Texas League,Northwest Arkansas Naturals,24,6,3
686523-2024-109,686523,Peyton Wilson,2024,Double-A,Texas League,Northwest Arkansas Naturals,24,6,6
676203-2024-109,676203,Marcos Castañon,2024,Double-A,Texas League,San Antonio Missions,25,6,1
672016-2024-109,672016,Denzel Clarke,2024,Double-A,Texas League,Midland RockHounds,24,6,5
677049-2024-109,677049,Josh Hatcher,2024,Double-A,Texas League,Frisco RoughRiders,25,6,2
642134-2024-109,642134,Robbie Tenerowicz,2024,Double-A,Texas League,San Antonio Missions,29,6,1
677565-2024-109,677565,Kristian Robinson,2024,Double-A,Texas League,Amarillo Sod Poodles,23,6,5
805346-2024-109,805346,Ben Ross,2024,Double-A,Texas League,Wichita Wind Surge,23,6,6
702113-2024-109,702113,Cole Cummings,2024,Double-A,Texas League,San Antonio Missions,26,6,5
687567-2024-109,687567,Jorel Ortega,2024,Double-A,Texas League,Wichita Wind Surge,23,6,6
690474-2024-109,690474,Tommy Sacco Jr.,2024,Double-A,Texas League,Corpus Christi Hooks,25,6,6
802355-2024-109,802355,Tanner Schobel,2024,Double-A,Texas League,Wichita Wind Surge,23,6,6
701675-2024-109,701675,Nathan Church,2024,Double-A,Texas League,Springfield Cardinals,23,6,1
663478-2024-109,663478,Brendon Davis,2024,Double-A,Texas League,Tulsa Drillers,26,6,6
642720-2024-109,642720,Ray-Patrick Didder,2024,Double-A,Texas League,San Antonio Missions,29,6,6
672596-2024-109,672596,Robert Perez Jr.,2024,Double-A,Texas League,San Antonio Missions,24,6,2
696160-2024-109,696160,Jake Rucker,2024,Double-A,Texas League,Wichita Wind Surge,24,6,1
702284-2024-109,702284,Cole Young,2024,Double-A,Texas League,Arkansas Travelers,20,6,6
691185-2024-109,691185,Maximo Acosta,2024,Double-A,Texas League,Frisco RoughRiders,21,6,1
678746-2024-109,678746,Diego Hernandez,2024,Double-A,Texas League,Northwest Arkansas Naturals,23,6,1
678577-2024-109,678577,Junior Perez,2024,Double-A,Texas League,Midland RockHounds,22,6,5
677601-2024-109,677601,Keyber Rodriguez,2024,Double-A,Texas League,Frisco RoughRiders,23,6,1
805834-2024-109,805834,Javi Vaz,2024,Double-A,Texas League,Northwest Arkansas Naturals,23,6,1
676466-2024-109,676466,Jack Winkler,2024,Double-A,Texas League,Midland RockHounds,25,6,6
689750-2024-109,689750,Jacob Buchberger,2024,Double-A,Texas League,Springfield Cardinals,26,6,2
695670-2024-109,695670,Harry Ford,2024,Double-A,Texas League,Arkansas Travelers,21,6,6
701648-2024-109,701648,Aaron Zavala,2024,Double-A,Texas League,Frisco RoughRiders,24,6,6
685341-2024-109,685341,Ripken Reyes,2024,Double-A,Texas League,San Antonio Missions,27,6,1
686475-2024-109,686475,Tyler Tolbert,2024,Double-A,Texas League,Northwest Arkansas Naturals,26,6,4
805891-2024-109,805891,Taylor Young,2024,Double-A,Texas League,Tulsa Drillers,25,6,6
691558-2024-109,691558,Yeiner Fernandez,2024,Double-A,Texas League,Tulsa Drillers,21,6,1
692405-2024-109,692405,Jeremy Rivas,2024,Double-A,Texas League,Springfield Cardinals,21,6,4
679754-2024-109,679754,Alberto Rodriguez,2024,Double-A,Texas League,Arkansas Travelers,23,6,2
810938-2024-109,810938,Ben Williamson,2024,Double-A,Texas League,Arkansas Travelers,23,6,2
663494-2024-109,663494,Bryan Torres,2024,Double-A,Texas League,Springfield Cardinals,26,6,4
671080-2024-109,671080,Jeremy Arocho,2024,Double-A,Texas League,Corpus Christi Hooks,25,6,6
702331-2024-109,702331,Noah Mendlinger,2024,Double-A,Texas League,Springfield Cardinals,23,6,1
692039-2025-110,692039,Carlos Jimenez,2025,Low-A,California League,Modesto Nuts,22,6,6
702607-2025-110,702607,Dakota Jordan,2025,Low-A,California League,San Jose Giants,22,6,2
808234-2025-110,808234,Eduardo Quintero,2025,Low-A,California League,Rancho Cucamonga Quakes,19,6,5
804558-2025-110,804558,Raudi Rodriguez,2025,Low-A,California League,Inland Empire 66ers,21,6,5
701837-2025-110,701837,Kavares Tears,2025,Low-A,California League,Lake Elsinore Storm,22,6,2
806152-2025-110,806152,Walker Martin,2025,Low-A,California League,San Jose Giants,21,6,2
807957-2025-110,807957,Yassel Soler,2025,Low-A,California League,Visalia Rawhide,19,6,1
813771-2025-110,813771,Robert Hipwell,2025,Low-A,California League,San Jose Giants,22,6,5
703153-2025-110,703153,Samuel Munoz,2025,Low-A,California League,Rancho Cucamonga Quakes,20,6,6
806978-2025-110,806978,Robert Calaz,2025,Low-A,California League,Fresno Grizzlies,19,6,1
815464-2025-110,815464,Lisbel Diaz,2025,Low-A,California League,San Jose Giants,19,6,1
694563-2025-110,694563,Harold Coll,2025,Low-A,California League,Inland Empire 66ers,23,6,5
814696-2025-110,814696,Jaron Elkins,2025,Low-A,California League,Rancho Cucamonga Quakes,20,6,4
802474-2025-110,802474,Cameron Leary,2025,Low-A,California League,Stockton Ports,23,6,4
691561-2025-110,691561,Jose Meza,2025,Low-A,California League,Rancho Cucamonga Quakes,22,6,6
800185-2025-110,800185,Ruben Santana,2025,Low-A,California League,Visalia Rawhide,20,6,2
699698-2025-110,699698,Ricardo Cova,2025,Low-A,California League,Modesto Nuts,21,6,4
800302-2025-110,800302,Mairoshendrick Martinus,2025,Low-A,California League,Rancho Cucamonga Quakes,20,6,6
806958-2025-110,806958,Felnin Celesten,2025,Low-A,California League,Modesto Nuts,19,6,4
822624-2025-110,822624,Kevin Fitzer,2025,Low-A,California League,Fresno Grizzlies,23,6,6
800193-2025-110,800193,Kelvin Hidalgo,2025,Low-A,California League,Fresno Grizzlies,20,6,4
805117-2025-110,805117,Jean Carlos Sió,2025,Low-A,California League,San Jose Giants,21,6,1
800569-2025-110,800569,Alberto Barriga,2025,Low-A,California League,Visalia Rawhide,20,6,6
702601-2025-110,702601,Lamar King Jr.,2025,Low-A,California League,Lake Elsinore Storm,21,6,6
800188-2025-110,800188,Dario Laverde,2025,Low-A,California League,Inland Empire 66ers,20,6,1
694318-2025-110,694318,Austin St. Laurent,2025,Low-A,California League,Modesto Nuts,22,6,2
828473-2025-110,828473,Zach Evans,2025,Low-A,California League,Lake Elsinore Storm,22,6,1
805319-2025-110,805319,Dervy Ventura,2025,Low-A,California League,Modesto Nuts,21,6,4
814091-2025-110,814091,John Wimmer,2025,Low-A,California League,Inland Empire 66ers,20,6,5
703192-2025-110,703192,Abdias De La Cruz,2025,Low-A,California League,Visalia Rawhide,20,6,6
691571-2025-110,691571,Johan Macias,2025,Low-A,California League,Inland Empire 66ers,22,6,1
807975-2025-110,807975,Yeiker Reyes,2025,Low-A,California League,Fresno Grizzlies,19,6,4
800206-2025-110,800206,Yerald Nin,2025,Low-A,California League,Visalia Rawhide,19,6,4
694953-2025-110,694953,C.J. Pittaro,2025,Low-A,California League,Stockton Ports,23,6,2
702409-2025-110,702409,Jorge Ruiz,2025,Low-A,California League,Inland Empire 66ers,21,6,4
800724-2025-122,800724,Eric Bitonti,2025,Low-A,Carolina League,Carolina Mudcats,19,6,5
805804-2025-122,805804,George Wolkow,2025,Low-A,Carolina League,Kannapolis Cannon Ballers,19,6,6
807722-2025-122,807722,Maxton Martin,2025,Low-A,Carolina League,Hickory Crawdads,20,6,1
808153-2025-122,808153,Luis Merejo,2025,Low-A,Carolina League,Hill City Howlers,19,6,6
815121-2025-122,815121,Alexey Lumpuy,2025,Low-A,Carolina League,Myrtle Beach Pelicans,21,6,5
815352-2025-122,815352,Caleb Bonemer,2025,Low-A,Carolina League,Kannapolis Cannon Ballers,19,6,5
806985-2025-122,806985,Yoeilin Cespedes,2025,Low-A,Carolina League,Salem Red Sox,19,6,6
806995-2025-122,806995,Filippo Di Turi,2025,Low-A,Carolina League,Carolina Mudcats,19,6,6
801561-2025-122,801561,Matt Halbach,2025,Low-A,Carolina League,Myrtle Beach Pelicans,22,6,1
695707-2025-122,695707,Brennon McNair,2025,Low-A,Carolina League,Columbia Fireflies,22,6,6
800393-2025-122,800393,Yeremy Cabrera,2025,Low-A,Carolina League,Hickory Crawdads,19,6,4
806980-2025-122,806980,Angel Cepeda,2025,Low-A,Carolina League,Myrtle Beach Pelicans,19,6,2
824615-2025-122,824615,Connor Hujsak,2025,Low-A,Carolina League,Charleston RiverDogs,23,6,6
808245-2025-122,808245,Starlyn Nunez,2025,Low-A,Carolina League,Salem Red Sox,19,6,1
703143-2025-122,703143,Cristhian Vaquero,2025,Low-A,Carolina League,Fredericksburg Nationals,20,6,6
808535-2025-122,808535,John Gil,2025,Low-A,Carolina League,Augusta GreenJackets,19,6,4
808326-2025-122,808326,Pablo Guerrero,2025,Low-A,Carolina League,Hickory Crawdads,18,6,6
808631-2025-122,808631,Frederik Jimenez,2025,Low-A,Carolina League,Salem Red Sox,20,6,6
703612-2025-122,703612,Nick Peoples,2025,Low-A,Carolina League,Fredericksburg Nationals,20,6,5
703178-2025-122,703178,Braylin Tavera,2025,Low-A,Carolina League,Delmarva Shorebirds,20,6,5
696083-2025-122,696083,Leonel Espinoza,2025,Low-A,Carolina League,Myrtle Beach Pelicans,22,6,1
807083-2025-122,807083,Nathan Flewelling,2025,Low-A,Carolina League,Charleston RiverDogs,18,6,2
800377-2025-122,800377,Angel Mateo,2025,Low-A,Carolina League,Charleston RiverDogs,20,6,1
806611-2025-122,806611,Jancel Villarroel,2025,Low-A,Carolina League,Fayetteville Woodpeckers,20,6,6
814453-2025-122,814453,Nathan Archer,2025,Low-A,Carolina League,Kannapolis Cannon Ballers,22,6,6
806061-2025-122,806061,Isaiah Drake,2025,Low-A,Carolina League,Augusta GreenJackets,19,6,4
803241-2025-122,803241,Jose Escobar,2025,Low-A,Carolina League,Myrtle Beach Pelicans,20,6,2
807080-2025-122,807080,Eric Hartman,2025,Low-A,Carolina League,Augusta GreenJackets,19,6,4
807277-2025-122,807277,Nick Montgomery,2025,Low-A,Carolina League,Augusta GreenJackets,19,6,6
826928-2025-122,826928,Owen Carey,2025,Low-A,Carolina League,Augusta GreenJackets,18,6,1
821100-2025-122,821100,Justin Gonzales,2025,Low-A,Carolina League,Salem Red Sox,18,6,1
815908-2025-122,815908,Jesús Made,2025,Low-A,Carolina League,Carolina Mudcats,18,6,4
800540-2025-122,800540,Hector Osorio,2025,Low-A,Carolina League,Hickory Crawdads,20,6,6
800440-2025-122,800440,Narciso Polanco,2025,Low-A,Carolina League,Charleston RiverDogs,20,6,6
800426-2025-122,800426,Raylin Ramos,2025,Low-A,Carolina League,Delmarva Shorebirds,20,6,2
806212-2025-122,806212,Stone Russell,2025,Low-A,Carolina League,Columbia Fireflies,21,6,1
808307-2025-122,808307,Kleyver Salazar,2025,Low-A,Carolina League,Salem Red Sox,19,6,6
806988-2025-122,806988,Welbyn Francisca,2025,Low-A,Carolina League,Hill City Howlers,19,6,4
808141-2025-122,808141,Jose Pirela,2025,Low-A,Carolina League,Hill City Howlers,19,6,6
800256-2025-122,800256,Natanael Yuten,2025,Low-A,Carolina League,Salem Red Sox,20,6,2
695538-2025-122,695538,Randal Diaz,2025,Low-A,Carolina League,Fredericksburg Nationals,22,6,1
808706-2025-122,808706,Asbel Gonzalez,2025,Low-A,Carolina League,Columbia Fireflies,19,6,4
803475-2025-122,803475,Colby Jones,2025,Low-A,Carolina League,Augusta GreenJackets,21,6,4
805950-2025-122,805950,Antonis Macias,2025,Low-A,Carolina League,Hickory Crawdads,20,6,2
800357-2025-122,800357,Ricardo Gonzalez,2025,Low-A,Carolina League,Charleston RiverDogs,20,6,1
807257-2025-122,807257,Ty Southisene,2025,Low-A,Carolina League,Myrtle Beach Pelicans,19,6,4
691775-2025-113,691775,Ryan Clifford,2025,Double-A,Eastern League,Binghamton Rumble Ponies,21,6,3
701177-2025-113,701177,Nick Cimillo,2025,Double-A,Eastern League,Altoona Curve,25,6,3
676205-2025-113,676205,Tyler Hardman,2025,Double-A,Eastern League,Somerset Patriots,26,6,3
687724-2025-113,687724,Jake Holton,2025,Double-A,Eastern League,Erie SeaWolves,27,6,3
807727-2025-113,807727,Charles McAdoo,2025,Double-A,Eastern League,New Hampshire Fisher Cats,23,6,5
695735-2025-113,695735,Creed Willems,2025,Double-A,Eastern League,Chesapeake Baysox,22,6,3
694249-2025-113,694249,Cole Carrigg,2025,Double-A,Eastern League,Hartford Yard Goats,23,6,6
694025-2025-113,694025,Felix Reyes,2025,Double-A,Eastern League,Reading Fightin Phils,24,6,1
801194-2025-113,801194,Max Anderson,2025,Double-A,Eastern League,Erie SeaWolves,23,6,1
684222-2025-113,684222,Jorge Burgos,2025,Double-A,Eastern League,Akron RubberDucks,22,6,3
682003-2025-113,682003,Garrett Martin,2025,Double-A,Eastern League,Somerset Patriots,25,6,6
678926-2025-113,678926,Carlos De La Cruz,2025,Double-A,Eastern League,Harrisburg Senators,25,6,5
815734-2025-113,815734,Dylan Jasso,2025,Double-A,Eastern League,Somerset Patriots,22,6,3
805795-2025-113,805795,Aidan Miller,2025,Double-A,Eastern League,Reading Fightin Phils,21,6,5
806273-2025-113,806273,Adam Retzbach,2025,Double-A,Eastern League,Chesapeake Baysox,24,6,2
682674-2025-113,682674,Victor Bericoto,2025,Double-A,Eastern League,Richmond Flying Squirrels,23,6,2
694425-2025-113,694425,Justice Bigbie,2025,Double-A,Eastern League,Erie SeaWolves,26,6,1
699073-2025-113,699073,Thayron Liranzo,2025,Double-A,Eastern League,Erie SeaWolves,21,6,3
691385-2025-113,691385,Ronald Rosario,2025,Double-A,Eastern League,Portland Sea Dogs,22,6,6
683233-2025-113,683233,Douglas Hodo III,2025,Double-A,Eastern League,Chesapeake Baysox,24,6,6
802407-2025-113,802407,Joe Lampe,2025,Double-A,Eastern League,Akron RubberDucks,24,6,2
691024-2025-113,691024,Cayden Wallace,2025,Double-A,Eastern League,Harrisburg Senators,23,6,6
702518-2025-113,702518,Jett Williams,2025,Double-A,Eastern League,Binghamton Rumble Ponies,21,6,5
694876-2025-113,694876,Cooper Ingle,2025,Double-A,Eastern League,Akron RubberDucks,23,6,3
702261-2025-113,702261,Termarr Johnson,2025,Double-A,Eastern League,Altoona Curve,21,6,4
683610-2025-113,683610,Leandro Pineda,2025,Double-A,Eastern League,Reading Fightin Phils,23,6,3
806146-2025-113,806146,George Lombard Jr.,2025,Double-A,Eastern League,Somerset Patriots,20,6,6
691369-2025-113,691369,Allan Castro,2025,Double-A,Eastern League,Portland Sea Dogs,22,6,6
681132-2025-113,681132,Max Ferguson,2025,Double-A,Eastern League,Portland Sea Dogs,25,6,6
800765-2025-113,800765,Carter Howell,2025,Double-A,Eastern League,Richmond Flying Squirrels,26,6,6
700681-2025-113,700681,Nick Lorusso,2025,Double-A,Eastern League,Binghamton Rumble Ponies,24,6,6
692348-2025-113,692348,Aeverson Arteaga,2025,Double-A,Eastern League,Richmond Flying Squirrels,22,6,6
694754-2025-113,694754,Sabin Ceballos,2025,Double-A,Eastern League,Richmond Flying Squirrels,22,6,6
701298-2025-113,701298,Phillip Glasser,2025,Double-A,Eastern League,Harrisburg Senators,25,6,4
683493-2025-113,683493,William Lugo,2025,Double-A,Eastern League,Binghamton Rumble Ponies,23,6,6
703492-2025-113,703492,Nick Morabito,2025,Double-A,Eastern League,Binghamton Rumble Ponies,22,6,4
691449-2025-113,691449,Roberto Campos,2025,Double-A,Eastern League,Erie SeaWolves,22,6,1
683103-2025-113,683103,Cade Doughty,2025,Double-A,Eastern League,New Hampshire Fisher Cats,24,6,1
684715-2025-113,684715,Nic Kent,2025,Double-A,Eastern League,Hartford Yard Goats,25,6,1
699157-2025-113,699157,Ahbram Liendo,2025,Double-A,Eastern League,Portland Sea Dogs,21,6,4
806005-2025-113,806005,Ryan McCarty,2025,Double-A,Eastern League,New Hampshire Fisher Cats,26,6,6
695612-2025-113,695612,Alex Mooney,2025,Double-A,Eastern League,Akron RubberDucks,22,6,6
683172-2025-113,683172,Joe Naranjo,2025,Double-A,Eastern League,Harrisburg Senators,24,6,2
682648-2025-113,682648,Juan Guerrero,2025,Double-A,Eastern League,Hartford Yard Goats,23,6,1
694170-2025-113,694170,Dyan Jorge,2025,Double-A,Eastern League,Hartford Yard Goats,22,6,1
694196-2025-113,694196,Diego Velasquez,2025,Double-A,Eastern League,Richmond Flying Squirrels,21,6,1
694991-2025-113,694991,Mitch Jebb,2025,Double-A,Eastern League,Altoona Curve,23,6,1
806957-2025-123,806957,Alfredo Duno,2025,Low-A,Florida State League,Daytona Tortugas,19,6,3
694184-2025-123,694184,Cristian Santana,2025,Low-A,Florida State League,Lakeland Flying Tigers,21,6,3
703154-2025-123,703154,Yordany De Los Santos,2025,Low-A,Florida State League,Bradenton Marauders,20,6,4
703177-2025-123,703177,Jhonny Severino,2025,Low-A,Florida State League,Bradenton Marauders,20,6,1
703160-2025-123,703160,Yasser Mercedes,2025,Low-A,Florida State League,Fort Myers Mighty Mussels,20,6,6
699014-2025-123,699014,Eddy Rodriguez,2025,Low-A,Florida State League,Bradenton Marauders,21,6,3
700720-2025-123,700720,Luis Pino,2025,Low-A,Florida State League,Palm Beach Cardinals,21,6,3
800246-2025-123,800246,Engelth Urena,2025,Low-A,Florida State League,Tampa Tarpons,20,6,6
808516-2025-123,808516,Andres Valor,2025,Low-A,Florida State League,Jupiter Hammerheads,19,6,6
800257-2025-123,800257,Yonatan Henriquez,2025,Low-A,Florida State League,St. Lucie Mets,20,6,4
808864-2025-123,808864,Raider Tello,2025,Low-A,Florida State League,Clearwater Threshers,24,6,2
703149-2025-123,703149,Roderick Arias,2025,Low-A,Florida State League,Tampa Tarpons,20,6,6
703159-2025-123,703159,Simon Juan,2025,Low-A,Florida State League,St. Lucie Mets,19,6,1
807239-2025-123,807239,Bernard Moon,2025,Low-A,Florida State League,Daytona Tortugas,20,6,1
703204-2025-123,703204,Esmith Pineda,2025,Low-A,Florida State League,Daytona Tortugas,20,6,1
800140-2025-123,800140,Kendry Chirinos,2025,Low-A,Florida State League,Dunedin Blue Jays,20,6,2
808365-2025-123,808365,Dameury Pena,2025,Low-A,Florida State League,Fort Myers Mighty Mussels,19,6,1
800266-2025-123,800266,Yordalin Peña,2025,Low-A,Florida State League,Palm Beach Cardinals,20,6,6
702283-2025-123,702283,Tucker Toman,2025,Low-A,Florida State League,Dunedin Blue Jays,21,6,2
694202-2025-123,694202,Manuel Beltre,2025,Low-A,Florida State League,Dunedin Blue Jays,21,6,1
815551-2025-123,815551,Trey Snyder,2025,Low-A,Florida State League,St. Lucie Mets,19,6,4
828319-2025-123,828319,Marshall Toole,2025,Low-A,Florida State League,Tampa Tarpons,22,6,4
806987-2025-123,806987,Daiverson Gutierrez,2025,Low-A,Florida State League,St. Lucie Mets,19,6,1
702977-2025-123,702977,Dillon Head,2025,Low-A,Florida State League,Jupiter Hammerheads,20,6,6
807276-2025-123,807276,Dante Nori,2025,Low-A,Florida State League,Clearwater Threshers,20,6,1
806230-2025-123,806230,Sammy Stafura,2025,Low-A,Florida State League,Bradenton Marauders,20,6,5
815793-2025-123,815793,Carter Johnson,2025,Low-A,Florida State League,Jupiter Hammerheads,19,6,6
829035-2025-123,829035,Andrew Salas,2025,Low-A,Florida State League,Jupiter Hammerheads,17,6,6
699027-2025-123,699027,José Suárez,2025,Low-A,Florida State League,Palm Beach Cardinals,20,6,2
803679-2025-123,803679,Sammy Hernandez,2025,Low-A,Florida State League,Palm Beach Cardinals,21,6,6
801276-2025-123,801276,Juan Matheus,2025,Low-A,Florida State League,Tampa Tarpons,21,6,4
800510-2025-123,800510,Samuel Gil,2025,Low-A,Florida State League,Lakeland Flying Tigers,20,6,1
806120-2025-123,806120,Kyle Henley,2025,Low-A,Florida State League,Daytona Tortugas,20,6,4
807007-2025-123,807007,Jeremy Rodriguez,2025,Low-A,Florida State League,St. Lucie Mets,18,6,4
813620-2025-123,813620,Carson Rucker,2025,Low-A,Florida State League,Lakeland Flying Tigers,20,6,1
814297-2025-123,814297,Edgleen Perez,2025,Low-A,Florida State League,Bradenton Marauders,19,6,1
800254-2025-123,800254,Abrahan Ramirez,2025,Low-A,Florida State League,Jupiter Hammerheads,20,6,2
670351-2025-117,670351,Jose Rojas,2025,Triple-A,International League,Scranton/Wilkes-Barre RailRiders,32,6,3
676044-2025-117,676044,Bob Seymour,2025,Triple-A,International League,Durham Bulls,26,6,3
542208-2025-117,542208,Carlos Pérez,2025,Triple-A,International League,Iowa Cubs,34,6,3
671284-2025-117,671284,Tim Elko,2025,Triple-A,International League,Charlotte Knights,26,6,2
621458-2025-117,621458,Edwin Rios,2025,Triple-A,International League,Louisville Bats,31,6,5
666915-2025-117,666915,Bobby Dalbec,2025,Triple-A,International League,Omaha Storm Chasers,30,6,5
677956-2025-117,677956,Rece Hinds,2025,Triple-A,International League,Louisville Bats,24,6,5
700246-2025-117,700246,Carson Williams,2025,Triple-A,International League,Durham Bulls,22,6,5
683357-2025-117,683357,Owen Caissie,2025,Triple-A,International League,Iowa Cubs,22,6,5
676812-2025-117,676812,Carson McCusker,2025,Triple-A,International League,St. Paul Saints,27,6,5
675455-2025-117,675455,Milan Tolentino,2025,Triple-A,International League,Columbus Clippers,23,6,5
687478-2025-117,687478,Cam Devanney,2025,Triple-A,International League,Indianapolis Indians,28,6,3
678760-2025-117,678760,Eddys Leonard,2025,Triple-A,International League,Gwinnett Stripers,24,6,3
675085-2025-117,675085,Jonathon Long,2025,Triple-A,International League,Iowa Cubs,23,6,2
669004-2025-117,669004,MJ Melendez,2025,Triple-A,International League,Omaha Storm Chasers,26,6,5
687605-2025-117,687605,Andrew Pinckney,2025,Triple-A,International League,Rochester Red Wings,24,6,5
666801-2025-117,666801,Rodolfo Castro,2025,Triple-A,International League,Lehigh Valley IronPigs,26,6,3
687637-2025-117,687637,Dylan Beavers,2025,Triple-A,International League,Norfolk Tides,23,6,5
686531-2025-117,686531,Andre Lipcius,2025,Triple-A,International League,Charlotte Knights,27,6,3
605353-2025-117,605353,Vimael Machín,2025,Triple-A,International League,Norfolk Tides,31,6,3
691788-2025-117,691788,Joe Mack,2025,Triple-A,International League,Jacksonville Jumbo Shrimp,22,6,3
695020-2025-117,695020,Tanner Murray,2025,Triple-A,International League,Durham Bulls,25,6,1
687282-2025-117,687282,Gabriel Rincones Jr.,2025,Triple-A,International League,Lehigh Valley IronPigs,24,6,3
682634-2025-117,682634,Kevin Alcántara,2025,Triple-A,International League,Iowa Cubs,22,6,5
666150-2025-117,666150,Dominic Fletcher,2025,Triple-A,International League,Charlotte Knights,27,6,3
687208-2025-117,687208,Nathan Hickey,2025,Triple-A,International League,Worcester Red Sox,25,6,3
690291-2025-117,690291,Jace Jung,2025,Triple-A,International League,Toledo Mud Hens,24,6,3
668723-2025-117,668723,Ryan Vilade,2025,Triple-A,International League,Louisville Bats,26,6,3
682868-2025-117,682868,Bryan Ramos,2025,Triple-A,International League,Charlotte Knights,23,6,3
681198-2025-117,681198,TJ Rumfield,2025,Triple-A,International League,Scranton/Wilkes-Barre RailRiders,25,6,3
668731-2025-117,668731,Akil Baddoo,2025,Triple-A,International League,Toledo Mud Hens,26,6,5
650559-2025-117,650559,Bryan De La Cruz,2025,Triple-A,International League,Scranton/Wilkes-Barre RailRiders,28,6,3
682983-2025-117,682983,Jud Fabian,2025,Triple-A,International League,Norfolk Tides,24,6,3
667452-2025-117,667452,Corey Julks,2025,Triple-A,International League,Charlotte Knights,29,6,2
671976-2025-117,671976,Tristan Peters,2025,Triple-A,International League,Durham Bulls,25,6,3
699625-2025-117,699625,Jimmy Crooks,2025,Triple-A,International League,Memphis Redbirds,23,6,2
690984-2025-117,690984,Petey Halpin,2025,Triple-A,International League,Columbus Clippers,23,6,5
689288-2025-117,689288,Matt Koperniak,2025,Triple-A,International League,Memphis Redbirds,27,6,1
701678-2025-117,701678,Hao-Yu Lee,2025,Triple-A,International League,Toledo Mud Hens,22,6,6
805300-2025-117,805300,Jakob Marsee,2025,Triple-A,International League,Jacksonville Jumbo Shrimp,24,6,6
669256-2025-117,669256,Nick Solak,2025,Triple-A,International League,Indianapolis Indians,30,6,2
691185-2025-117,691185,Maximo Acosta,2025,Triple-A,International League,Jacksonville Jumbo Shrimp,22,6,6
694208-2025-117,694208,Moisés Ballesteros,2025,Triple-A,International League,Iowa Cubs,21,6,1
687093-2025-117,687093,Vaughn Grissom,2025,Triple-A,International League,Worcester Red Sox,24,6,1
622268-2025-117,622268,Donovan Walton,2025,Triple-A,International League,Lehigh Valley IronPigs,31,6,1
691277-2025-117,691277,Deyvison De Los Santos,2025,Triple-A,International League,Jacksonville Jumbo Shrimp,22,6,2
681047-2025-117,681047,Christian Franklin,2025,Triple-A,International League,Rochester Red Wings,25,6,2
694661-2025-117,694661,Riley Tirotta,2025,Triple-A,International League,Buffalo Bisons,26,6,5
702358-2025-117,702358,Trey Lipscomb,2025,Triple-A,International League,Rochester Red Wings,25,6,1
608841-2025-117,608841,Joey Meneses,2025,Triple-A,International League,Syracuse Mets,33,6,1
640458-2025-117,640458,Óscar Mercado,2025,Triple-A,International League,Lehigh Valley IronPigs,30,6,6
691002-2025-117,691002,Yohandy Morales,2025,Triple-A,International League,Rochester Red Wings,23,6,2
682239-2025-117,682239,Luke Ritter,2025,Triple-A,International League,Syracuse Mets,28,6,2
668843-2025-117,668843,Conner Capel,2025,Triple-A,International League,Gwinnett Stripers,28,6,6
665482-2025-117,665482,Gilberto Celestino,2025,Triple-A,International League,Syracuse Mets,26,6,2
701496-2025-117,701496,Ben Cowles,2025,Triple-A,International League,Charlotte Knights,25,6,6
668472-2025-117,668472,Nick Pratto,2025,Triple-A,International League,Omaha Storm Chasers,26,6,3
693409-2025-117,693409,César Prieto,2025,Triple-A,International League,Memphis Redbirds,26,6,1
663494-2025-117,663494,Bryan Torres,2025,Triple-A,International League,Memphis Redbirds,27,6,4
694351-2025-117,694351,Jacob Berry,2025,Triple-A,International League,Jacksonville Jumbo Shrimp,24,6,6
686554-2025-117,686554,Oliver Dunn,2025,Triple-A,International League,Nashville Sounds,27,6,2
663796-2025-117,663796,Coco Montes,2025,Triple-A,International League,Durham Bulls,28,6,6
677578-2025-117,677578,Carlos Rodríguez,2025,Triple-A,International League,Gwinnett Stripers,24,6,1
672279-2025-117,672279,Michael Siani,2025,Triple-A,International League,Memphis Redbirds,25,6,6
702222-2025-117,702222,Justin Crawford,2025,Triple-A,International League,Lehigh Valley IronPigs,21,6,4
694362-2025-117,694362,Blake Dunn,2025,Triple-A,International League,Louisville Bats,26,6,2
664731-2025-117,664731,P.J. Higgins,2025,Triple-A,International League,Louisville Bats,32,6,6
682119-2025-117,682119,Levi Jordan,2025,Triple-A,International League,Louisville Bats,29,6,1
672463-2025-117,672463,Rafael Lantigua,2025,Triple-A,International League,Lehigh Valley IronPigs,27,6,1
701649-2025-117,701649,James Triantos,2025,Triple-A,International League,Iowa Cubs,22,6,4
642197-2025-117,642197,Jamie Westbrook,2025,Triple-A,International League,Durham Bulls,30,6,1
694377-2025-117,694377,Nick Yorke,2025,Triple-A,International League,Indianapolis Indians,23,6,2
687627-2025-117,687627,Kody Huff,2025,Triple-A,International League,Columbus Clippers,24,6,2
683021-2025-117,683021,Michael Stefanic,2025,Triple-A,International League,Buffalo Bisons,29,6,1
669384-2025-117,669384,Raynel Delgado,2025,Triple-A,International League,Nashville Sounds,25,6,4
686765-2025-117,686765,Nick Sogard,2025,Triple-A,International League,Worcester Red Sox,27,6,6
688005-2025-117,688005,Francisco Urbaez,2025,Triple-A,International League,Louisville Bats,27,6,1
678391-2025-117,678391,Jorbit Vivas,2025,Triple-A,International League,Scranton/Wilkes-Barre RailRiders,24,6,1
686551-2025-117,686551,Christian Cairo,2025,Triple-A,International League,Columbus Clippers,24,6,4
691789-2025-118,691789,Izaac Pacheco,2025,High-A,Midwest League,West Michigan Whitecaps,22,6,5
806252-2025-118,806252,Ralphy Velazquez,2025,High-A,Midwest League,Lake County Captains,20,6,3
806263-2025-118,806263,Brandon Winokur,2025,High-A,Midwest League,Cedar Rapids Kernels,20,6,6
695372-2025-118,695372,Jake Gelof,2025,High-A,Midwest League,Great Lakes Loons,23,6,3
702488-2025-118,702488,Logan Wagner,2025,High-A,Midwest League,Great Lakes Loons,21,6,3
691410-2025-118,691410,Jose Devers,2025,High-A,Midwest League,Lake County Captains,22,6,3
702114-2025-118,702114,John Michael Faile,2025,High-A,Midwest League,Dayton Dragons,25,6,3
682633-2025-118,682633,Eduardo Garcia,2025,High-A,Midwest League,Wisconsin Timber Rattlers,22,6,5
814307-2025-118,814307,Zyhir Hope,2025,High-A,Midwest League,Great Lakes Loons,20,6,5
698916-2025-118,698916,Rosman Verdugo,2025,High-A,Midwest League,Fort Wayne TinCaps,20,6,3
800543-2025-118,800543,Josue De Paula,2025,High-A,Midwest League,Great Lakes Loons,20,6,6
701682-2025-118,701682,Braedon Karpathios,2025,High-A,Midwest League,Fort Wayne TinCaps,22,6,2
699130-2025-118,699130,Jadher Areinamo,2025,High-A,Midwest League,Wisconsin Timber Rattlers,21,6,1
822578-2025-118,822578,Brandon Butterworth,2025,High-A,Midwest League,Fort Wayne TinCaps,22,6,3
694320-2025-118,694320,Jack Costello,2025,High-A,Midwest League,Fort Wayne TinCaps,24,6,1
815888-2025-118,815888,Leo De Vries,2025,High-A,Midwest League,Lansing Lugnuts,18,6,3
687543-2025-118,687543,Andrew Jenkins,2025,High-A,Midwest League,West Michigan Whitecaps,24,6,2
687260-2025-118,687260,Brian Kalmer,2025,High-A,Midwest League,South Bend Cubs,24,6,3
807726-2025-118,807726,John Peck,2025,High-A,Midwest League,West Michigan Whitecaps,22,6,2
694185-2025-118,694185,Danny De Andrade,2025,High-A,Midwest League,Cedar Rapids Kernels,21,6,6
691416-2025-118,691416,Esteban González,2025,High-A,Midwest League,Lake County Captains,22,6,1
827294-2025-118,827294,Edgar Alvarez,2025,High-A,Midwest League,South Bend Cubs,24,6,2
814414-2025-118,814414,Kyle DeBarge,2025,High-A,Midwest League,Cedar Rapids Kernels,21,6,4
814522-2025-118,814522,Caden Kendle,2025,High-A,Midwest League,Cedar Rapids Kernels,23,6,6
700931-2025-118,700931,Seth Stephenson,2025,High-A,Midwest League,West Michigan Whitecaps,24,6,4
694838-2025-118,694838,Joe Vetrano,2025,High-A,Midwest League,Great Lakes Loons,23,6,2
694200-2025-118,694200,Ariel Almonte,2025,High-A,Midwest League,Dayton Dragons,21,6,3
689931-2025-118,689931,Peyton Graham,2025,High-A,Midwest League,West Michigan Whitecaps,24,6,2
694183-2025-118,694183,Cristian Hernández,2025,High-A,Midwest League,South Bend Cubs,21,6,4
694387-2025-118,694387,Christian Knapczyk,2025,High-A,Midwest League,Lake County Captains,23,6,1
801978-2025-118,801978,Callan Moss,2025,High-A,Midwest League,Quad Cities River Bandits,21,6,2
691948-2025-118,691948,Jordan Thompson,2025,High-A,Midwest League,Great Lakes Loons,23,6,6
800231-2025-118,800231,Won-Bin Cho,2025,High-A,Midwest League,Peoria Chiefs,21,6,4
801406-2025-118,801406,Jared Dickey,2025,High-A,Midwest League,Lansing Lugnuts,23,6,6
826545-2025-118,826545,Brendan Durfee,2025,High-A,Midwest League,Fort Wayne TinCaps,23,6,1
699115-2025-118,699115,Carlos Jorge,2025,High-A,Midwest League,Dayton Dragons,21,6,4
813666-2025-118,813666,Ariel Armas,2025,High-A,Midwest League,South Bend Cubs,22,6,1
695501-2025-118,695501,Blake Burke,2025,High-A,Midwest League,Wisconsin Timber Rattlers,22,6,2
695634-2025-118,695634,Jaime Ferrer,2025,High-A,Midwest League,Cedar Rapids Kernels,22,6,1
814413-2025-118,814413,Ian Petrutz,2025,High-A,Midwest League,Peoria Chiefs,22,6,1
672013-2025-118,672013,T.J. Schofield-Sam,2025,High-A,Midwest League,Lansing Lugnuts,24,6,1
691398-2025-118,691398,Yerlin Confidan,2025,High-A,Midwest League,Dayton Dragons,22,6,2
824028-2025-118,824028,Gage Miller,2025,High-A,Midwest League,Beloit Sky Carp,22,6,6
701481-2025-118,701481,Ryan Campos,2025,High-A,Midwest League,Peoria Chiefs,22,6,2
815150-2025-118,815150,Carter Frederick,2025,High-A,Midwest League,Quad Cities River Bandits,22,6,5
806077-2025-118,806077,Kendall George,2025,High-A,Midwest League,Great Lakes Loons,20,6,4
682662-2025-118,682662,Rafael Morel,2025,High-A,Midwest League,South Bend Cubs,23,6,6
694977-2025-118,694977,Nate Nankil,2025,High-A,Midwest League,Lansing Lugnuts,22,6,1
814528-2025-118,814528,Sam Kulasingam,2025,High-A,Midwest League,Quad Cities River Bandits,23,6,2
805075-2025-118,805075,Erick Torres,2025,High-A,Midwest League,Quad Cities River Bandits,20,6,1
694193-2025-118,694193,Victor Acosta,2025,High-A,Midwest League,Dayton Dragons,21,6,1
822501-2025-118,822501,Jon Jon Gazdar,2025,High-A,Midwest League,Peoria Chiefs,23,6,1
694187-2025-118,694187,Daniel Vazquez,2025,High-A,Midwest League,Quad Cities River Bandits,21,6,4
671748-2025-118,671748,Casey Yamauchi,2025,High-A,Midwest League,Lansing Lugnuts,24,6,1
800345-2025-118,800345,Juan Baez,2025,High-A,Midwest League,Wisconsin Timber Rattlers,20,6,1
811965-2025-118,811965,Joshua Kuroda-Grauer,2025,High-A,Midwest League,Lansing Lugnuts,22,6,4
692044-2025-126,692044,Luis Suisbel,2025,High-A,Northwest League,Everett AquaSox,22,6,3
813860-2025-126,813860,Charlie Pagliarini,2025,High-A,Northwest League,Everett AquaSox,24,6,3
805126-2025-126,805126,Charlie Szykowny,2025,High-A,Northwest League,Eugene Emeralds,25,6,3
815873-2025-126,815873,Sean Keys,2025,High-A,Northwest League,Vancouver Canadians,22,6,3
806191-2025-126,806191,Tai Peete,2025,High-A,Northwest League,Everett AquaSox,19,6,3
703194-2025-126,703194,Randy De Jesus,2025,High-A,Northwest League,Tri-City Dust Devils,20,6,3
701860-2025-126,701860,Carter Cunningham,2025,High-A,Northwest League,Vancouver Canadians,24,6,5
691269-2025-126,691269,Adrian Placencia,2025,High-A,Northwest League,Tri-City Dust Devils,22,6,3
815067-2025-126,815067,Aidan Longwell,2025,High-A,Northwest League,Spokane Indians,23,6,3
804446-2025-126,804446,Eddie Micheletti Jr.,2025,High-A,Northwest League,Vancouver Canadians,23,6,3
690804-2025-126,690804,Ryan Nicholson,2025,High-A,Northwest League,Tri-City Dust Devils,24,6,3
687918-2025-126,687918,Braylen Wimmer,2025,High-A,Northwest League,Spokane Indians,24,6,1
805796-2025-126,805796,Arjun Nimmala,2025,High-A,Northwest League,Vancouver Canadians,19,6,1
703430-2025-126,703430,Anthony Scull,2025,High-A,Northwest League,Tri-City Dust Devils,21,6,1
800959-2025-126,800959,Nick Goodwin,2025,High-A,Northwest League,Vancouver Canadians,23,6,3
702690-2025-126,702690,Cutter Coffey,2025,High-A,Northwest League,Vancouver Canadians,21,6,2
694806-2025-126,694806,Brandon Eike,2025,High-A,Northwest League,Everett AquaSox,23,6,3
806068-2025-126,806068,Colt Emerson,2025,High-A,Northwest League,Everett AquaSox,19,6,1
691292-2025-126,691292,Angel Ortiz,2025,High-A,Northwest League,Hillsboro Hops,22,6,3
813841-2025-126,813841,Jonah Cox,2025,High-A,Northwest League,Eugene Emeralds,23,6,4
815306-2025-126,815306,Rio Foster,2025,High-A,Northwest League,Tri-City Dust Devils,22,6,5
676038-2025-126,676038,Skyler Messinger,2025,High-A,Northwest League,Spokane Indians,26,6,1
814194-2025-126,814194,Quinn McDaniel,2025,High-A,Northwest League,Eugene Emeralds,22,6,6
814154-2025-126,814154,Scott Bandura,2025,High-A,Northwest League,Eugene Emeralds,23,6,4
701783-2025-126,701783,Cole Messina,2025,High-A,Northwest League,Spokane Indians,22,6,1
700321-2025-126,700321,Andy Perez,2025,High-A,Northwest League,Spokane Indians,21,6,1
800198-2025-126,800198,Cristofer Torin,2025,High-A,Northwest League,Hillsboro Hops,20,6,2
702258-2025-126,702258,Druw Jones,2025,High-A,Northwest League,Hillsboro Hops,21,6,2
800306-2025-126,800306,Jansel Luis,2025,High-A,Northwest League,Hillsboro Hops,20,6,1
800194-2025-126,800194,Capri Ortiz,2025,High-A,Northwest League,Tri-City Dust Devils,20,6,1
823185-2025-126,823185,Zane Zielinski,2025,High-A,Northwest League,Eugene Emeralds,23,6,4
699232-2025-126,699232,Anderdson Rojas,2025,High-A,Northwest League,Hillsboro Hops,21,6,1
669899-2025-112,669899,Ryan Ward,2025,Triple-A,Pacific Coast League,Oklahoma City Comets,27,6,3
694359-2025-112,694359,Niko Kavadas,2025,Triple-A,Pacific Coast League,Salt Lake Bees,26,6,3
669134-2025-112,669134,Luis Campusano,2025,Triple-A,Pacific Coast League,El Paso Chihuahuas,26,6,2
694376-2025-112,694376,Shay Whitcomb,2025,Triple-A,Pacific Coast League,Sugar Land Space Cowboys,26,6,3
682617-2025-112,682617,Marco Luciano,2025,Triple-A,Pacific Coast League,Sacramento River Cats,23,6,3
691021-2025-112,691021,A.J. Vukovich,2025,Triple-A,Pacific Coast League,Reno Aces,23,6,2
688760-2025-112,688760,Blaine Crim,2025,Triple-A,Pacific Coast League,Albuquerque Isotopes,28,6,3
669374-2025-112,669374,Keston Hiura,2025,Triple-A,Pacific Coast League,Albuquerque Isotopes,28,6,5
679822-2025-112,679822,Justin Foscue,2025,Triple-A,Pacific Coast League,Round Rock Express,26,6,3
683227-2025-112,683227,Cody Freeman,2025,Triple-A,Pacific Coast League,Round Rock Express,24,6,1
682988-2025-112,682988,Tyler Locklear,2025,Triple-A,Pacific Coast League,Tacoma Rainiers,24,6,2
666632-2025-112,666632,Yonathan Perlaza,2025,Triple-A,Pacific Coast League,El Paso Chihuahuas,26,6,2
805672-2025-112,805672,Collin Price,2025,Triple-A,Pacific Coast League,Sugar Land Space Cowboys,25,6,3
677060-2025-112,677060,Chad Stevens,2025,Triple-A,Pacific Coast League,Salt Lake Bees,26,6,5
691740-2025-112,691740,Daniel Susac,2025,Triple-A,Pacific Coast League,Las Vegas Aviators,24,6,2
694514-2025-112,694514,Sterlin Thompson,2025,Triple-A,Pacific Coast League,Albuquerque Isotopes,24,6,2
656541-2025-112,656541,Sam Hilliard,2025,Triple-A,Pacific Coast League,Albuquerque Isotopes,31,6,5
694728-2025-112,694728,Brice Matthews,2025,Triple-A,Pacific Coast League,Sugar Land Space Cowboys,23,6,5
669392-2025-112,669392,Samad Taylor,2025,Triple-A,Pacific Coast League,Tacoma Rainiers,26,6,4
695670-2025-112,695670,Harry Ford,2025,Triple-A,Pacific Coast League,Tacoma Rainiers,22,6,2
690976-2025-112,690976,Alex Freeland,2025,Triple-A,Pacific Coast League,Oklahoma City Comets,23,6,3
665923-2025-112,665923,Esteury Ruiz,2025,Triple-A,Pacific Coast League,Oklahoma City Comets,26,6,4
680769-2025-112,680769,CJ Alexander,2025,Triple-A,Pacific Coast League,Oklahoma City Comets,28,6,3
687529-2025-112,687529,Grant McCray,2025,Triple-A,Pacific Coast League,Sacramento River Cats,24,6,5
670097-2025-112,670097,Zack Short,2025,Triple-A,Pacific Coast League,Sugar Land Space Cowboys,30,6,3
678545-2025-112,678545,Osleivis Basabe,2025,Triple-A,Pacific Coast League,Sacramento River Cats,24,6,1
687867-2025-112,687867,Clay Dungan,2025,Triple-A,Pacific Coast League,El Paso Chihuahuas,29,6,2
663536-2025-112,663536,Tristin English,2025,Triple-A,Pacific Coast League,Reno Aces,28,6,1
683090-2025-112,683090,Matthew Lugo,2025,Triple-A,Pacific Coast League,Salt Lake Bees,24,6,5
665846-2025-112,665846,Jesús Bastidas,2025,Triple-A,Pacific Coast League,Sugar Land Space Cowboys,26,6,3
669386-2025-112,669386,Trevor Hauver,2025,Triple-A,Pacific Coast League,Round Rock Express,26,6,2
669222-2025-112,669222,Nick Senzel,2025,Triple-A,Pacific Coast League,Oklahoma City Comets,30,6,1
687957-2025-112,687957,Dustin Harris,2025,Triple-A,Pacific Coast League,Round Rock Express,25,6,6
680911-2025-112,680911,Owen Miller,2025,Triple-A,Pacific Coast League,Albuquerque Isotopes,28,6,1
691728-2025-112,691728,Zac Veen,2025,Triple-A,Pacific Coast League,Albuquerque Isotopes,23,6,2
669722-2025-112,669722,Logan Davidson,2025,Triple-A,Pacific Coast League,Sugar Land Space Cowboys,27,6,2
689070-2025-112,689070,Spencer Packard,2025,Triple-A,Pacific Coast League,Tacoma Rainiers,27,6,3
641796-2025-112,641796,Tim Locastro,2025,Triple-A,Pacific Coast League,El Paso Chihuahuas,32,6,1
687005-2025-112,687005,Kellen Strahm,2025,Triple-A,Pacific Coast League,Round Rock Express,28,6,4
678489-2025-112,678489,Jorge Barrosa,2025,Triple-A,Pacific Coast League,Reno Aces,24,6,2
685744-2025-112,685744,Kenedy Corona,2025,Triple-A,Pacific Coast League,Sugar Land Space Cowboys,25,6,6
689041-2025-112,689041,Rhylan Thomas,2025,Triple-A,Pacific Coast League,Tacoma Rainiers,25,6,1
670148-2025-112,670148,Nate Mondou,2025,Triple-A,Pacific Coast League,El Paso Chihuahuas,30,6,1
664670-2025-112,664670,Alejo Lopez,2025,Triple-A,Pacific Coast League,Las Vegas Aviators,29,6,1
702789-2025-112,702789,Austin Gauthier,2025,Triple-A,Pacific Coast League,Oklahoma City Comets,26,6,2
687231-2025-112,687231,Darell Hernaiz,2025,Triple-A,Pacific Coast League,Las Vegas Aviators,23,6,1
570560-2025-112,570560,Yolmer Sánchez,2025,Triple-A,Pacific Coast League,Salt Lake Bees,33,6,2
642727-2025-112,642727,Sergio Alcántara,2025,Triple-A,Pacific Coast League,Reno Aces,28,6,2
800419-2025-116,800419,Jeral Perez,2025,High-A,South Atlantic League,Winston-Salem Dash,20,6,3
699213-2025-116,699213,Gleider Figuereo,2025,High-A,South Atlantic League,Hub City Spartanburgers,21,6,3
691922-2025-116,691922,Javier Rivas,2025,High-A,South Atlantic League,Greensboro Grasshoppers,22,6,1
690991-2025-116,690991,Mac Horvath,2025,High-A,South Atlantic League,Bowling Green Hot Rods,23,6,6
700731-2025-116,700731,Keiner Delgado,2025,High-A,South Atlantic League,Greensboro Grasshoppers,21,6,6
806223-2025-116,806223,Aidan Smith,2025,High-A,South Atlantic League,Bowling Green Hot Rods,20,6,5
702662-2025-116,702662,Dylan Dreiling,2025,High-A,South Atlantic League,Hub City Spartanburgers,22,6,6
801075-2025-116,801075,Walker Janek,2025,High-A,South Atlantic League,Asheville Tourists,22,6,5
701062-2025-116,701062,Alec Briley,2025,High-A,South Atlantic League,Winston-Salem Dash,24,6,3
826164-2025-116,826164,Drew Vogel,2025,High-A,South Atlantic League,Asheville Tourists,23,6,6
691252-2025-116,691252,Jhon Diaz,2025,High-A,South Atlantic League,Bowling Green Hot Rods,22,6,1
692371-2025-116,692371,Lizandro Espinoza,2025,High-A,South Atlantic League,Rome Emperors,22,6,6
815697-2025-116,815697,Arturo Disla,2025,High-A,South Atlantic League,Hub City Spartanburgers,24,6,1
828335-2025-116,828335,Titus Dumitru,2025,High-A,South Atlantic League,Greensboro Grasshoppers,22,6,2
692150-2025-116,692150,Émilien Pitre,2025,High-A,South Atlantic League,Bowling Green Hot Rods,22,6,2
694214-2025-116,694214,Samuel Zavala,2025,High-A,South Atlantic League,Winston-Salem Dash,20,6,6
683569-2025-116,683569,Jose Colmenares,2025,High-A,South Atlantic League,Jersey Shore BlueClaws,23,6,6
805168-2025-116,805168,Alejandro Nunez,2025,High-A,South Atlantic League,Asheville Tourists,20,6,1
815089-2025-116,815089,Coby Morales,2025,High-A,South Atlantic League,Hudson Valley Renegades,23,6,2
694742-2025-116,694742,Josh Moylan,2025,High-A,South Atlantic League,Hudson Valley Renegades,22,6,5
702501-2025-116,702501,Eli Serrano III,2025,High-A,South Atlantic League,Brooklyn Cyclones,22,6,6
807511-2025-116,807511,Nelly Taylor,2025,High-A,South Atlantic League,Greenville Drive,22,6,6
695604-2025-116,695604,T.J. White,2025,High-A,South Atlantic League,Wilmington Blue Rocks,21,6,6
808265-2025-116,808265,Franklin Arias,2025,High-A,South Atlantic League,Greenville Drive,19,6,1
695517-2025-116,695517,Casey Cook,2025,High-A,South Atlantic League,Hub City Spartanburgers,22,6,6
698945-2025-116,698945,Anderson De Los Santos,2025,High-A,South Atlantic League,Aberdeen IronBirds,21,6,6
703198-2025-116,703198,Kenni Gomez,2025,High-A,South Atlantic League,Asheville Tourists,20,6,6
698933-2025-116,698933,Ronald Hernandez,2025,High-A,South Atlantic League,Brooklyn Cyclones,21,6,6
671956-2025-116,671956,Noah Myers,2025,High-A,South Atlantic League,Bowling Green Hot Rods,25,6,4
804858-2025-116,804858,Bryan Rincon,2025,High-A,South Atlantic League,Jersey Shore BlueClaws,21,6,6
805801-2025-116,805801,Nazzan Zanetello,2025,High-A,South Atlantic League,Greenville Drive,20,6,6
814431-2025-116,814431,Jackson Castillo,2025,High-A,South Atlantic League,Hudson Valley Renegades,22,6,1
701689-2025-116,701689,Vance Honeycutt,2025,High-A,South Atlantic League,Aberdeen IronBirds,22,6,5
823277-2025-116,823277,Cole McConnell,2025,High-A,South Atlantic League,Winston-Salem Dash,24,6,2
806983-2025-116,806983,Yophery Rodriguez,2025,High-A,South Atlantic League,Greenville Drive,19,6,6
694222-2025-116,694222,Ambioris Tavarez,2025,High-A,South Atlantic League,Rome Emperors,21,6,2
696264-2025-116,696264,Tyler Whitaker,2025,High-A,South Atlantic League,Asheville Tourists,22,6,5
805951-2025-116,805951,Boston Baro,2025,High-A,South Atlantic League,Brooklyn Cyclones,20,6,6
701616-2025-116,701616,Caleb Lomavita,2025,High-A,South Atlantic League,Wilmington Blue Rocks,22,6,1
803172-2025-116,803172,Griff O'Ferrall,2025,High-A,South Atlantic League,Aberdeen IronBirds,22,6,6
802117-2025-116,802117,Patrick Clohisy,2025,High-A,South Atlantic League,Rome Emperors,23,6,4
691913-2025-116,691913,Jesus Castillo,2025,High-A,South Atlantic League,Greensboro Grasshoppers,21,6,4
703152-2025-116,703152,Anthony Gutierrez,2025,High-A,South Atlantic League,Hub City Spartanburgers,20,6,4
803745-2025-116,803745,Adrian Santana,2025,High-A,South Atlantic League,Bowling Green Hot Rods,19,6,4
804614-2025-116,804614,Marco Vargas,2025,High-A,South Atlantic League,Brooklyn Cyclones,20,6,4
702140-2025-111,702140,Ruben Ibarra,2025,Double-A,Southern League,Chattanooga Lookouts,26,6,3
681230-2025-111,681230,BJ Murray,2025,Double-A,Southern League,Knoxville Smokies,25,6,6
696521-2025-111,696521,Garrett Spain,2025,Double-A,Southern League,Biloxi Shuckers,24,6,3
689688-2025-111,689688,Ethan Workinger,2025,Double-A,Southern League,Columbus Clingstones,23,6,6
694580-2025-111,694580,Kemp Alderman,2025,Double-A,Southern League,Pensacola Blue Wahoos,22,6,2
680846-2025-111,680846,Pablo Aliendo,2025,Double-A,Southern League,Knoxville Smokies,24,6,3
695692-2025-111,695692,Cooper Kinney,2025,Double-A,Southern League,Montgomery Biscuits,22,6,2
687310-2025-111,687310,Will Simpson,2025,Double-A,Southern League,Montgomery Biscuits,23,6,6
694203-2025-111,694203,Denzer Guzman,2025,Double-A,Southern League,Rocket City Trash Pandas,21,6,3
675394-2025-111,675394,Johnny Olmstead,2025,Double-A,Southern League,Pensacola Blue Wahoos,24,6,6
680518-2025-111,680518,Zavier Warren,2025,Double-A,Southern League,Biloxi Shuckers,26,6,3
687554-2025-111,687554,DJ Gladney,2025,Double-A,Southern League,Birmingham Barons,23,6,2
687210-2025-111,687210,Nathan Martorella,2025,Double-A,Southern League,Pensacola Blue Wahoos,24,6,6
678173-2025-111,678173,David McCabe,2025,Double-A,Southern League,Columbus Clingstones,25,6,2
684852-2025-111,684852,Geraldo Quintero,2025,Double-A,Southern League,Columbus Clingstones,23,6,6
691442-2025-111,691442,Wilfred Veras,2025,Double-A,Southern League,Birmingham Barons,22,6,2
695481-2025-111,695481,Jay Allen II,2025,Double-A,Southern League,Chattanooga Lookouts,22,6,6
681941-2025-111,681941,Jaylen Palmer,2025,Double-A,Southern League,Knoxville Smokies,24,6,5
806198-2025-111,806198,Cooper Pratt,2025,Double-A,Southern League,Biloxi Shuckers,20,6,6
699393-2025-111,699393,Pedro Ramírez,2025,Double-A,Southern League,Knoxville Smokies,21,6,4
694966-2025-111,694966,Brayden Taylor,2025,Double-A,Southern League,Montgomery Biscuits,23,6,6
814436-2025-111,814436,Ryan Galanie,2025,Double-A,Southern League,Birmingham Barons,25,6,1
807742-2025-111,807742,Colton Ledbetter,2025,Double-A,Southern League,Montgomery Biscuits,23,6,6
694420-2025-111,694420,Tatem Levins,2025,Double-A,Southern League,Montgomery Biscuits,26,6,2
807751-2025-111,807751,Ethan O'Donnell,2025,Double-A,Southern League,Chattanooga Lookouts,23,6,2
686541-2025-111,686541,Drew Compton,2025,Double-A,Southern League,Columbus Clingstones,24,6,2
804645-2025-111,804645,Caden Connor,2025,Double-A,Southern League,Birmingham Barons,24,6,1
695490-2025-111,695490,Edwin Arroyo,2025,Double-A,Southern League,Chattanooga Lookouts,21,6,1
691858-2025-111,691858,Jared Serna,2025,Double-A,Southern League,Pensacola Blue Wahoos,23,6,1
703520-2025-111,703520,Brett Bateman,2025,Double-A,Southern League,Knoxville Smokies,23,6,2
687144-2025-111,687144,Corey Joyce,2025,Double-A,Southern League,Knoxville Smokies,26,6,2
800325-2025-111,800325,Luis Lara,2025,Double-A,Southern League,Biloxi Shuckers,20,6,4
695462-2025-111,695462,Cal Conley,2025,Double-A,Southern League,Columbus Clingstones,25,6,1
703185-2025-111,703185,Nelson Rada,2025,Double-A,Southern League,Rocket City Trash Pandas,19,6,4
703151-2025-111,703151,William Bergolla Jr.,2025,Double-A,Southern League,Birmingham Barons,20,6,1
683344-2025-111,683344,Homer Bush Jr.,2025,Double-A,Southern League,Montgomery Biscuits,23,6,4
807747-2025-111,807747,Rikuu Nishida,2025,Double-A,Southern League,Birmingham Barons,24,6,4
693850-2025-109,693850,Kala'i Rosario,2025,Double-A,Texas League,Wichita Wind Surge,22,6,5
693459-2025-109,693459,Kyler Fedko,2025,Double-A,Texas League,Wichita Wind Surge,25,6,3
683006-2025-109,683006,Chris Newell,2025,Double-A,Texas League,Tulsa Drillers,24,6,5
692416-2025-109,692416,Christian Cerda,2025,Double-A,Texas League,Amarillo Sod Poodles,22,6,3
688457-2025-109,688457,Gavin Cross,2025,Double-A,Texas League,Northwest Arkansas Naturals,24,6,6
699912-2025-109,699912,Jose Fernandez,2025,Double-A,Texas League,Amarillo Sod Poodles,21,6,1
694673-2025-109,694673,Abimelec Ortiz,2025,Double-A,Texas League,Frisco RoughRiders,23,6,3
695508-2025-109,695508,Cam Cauley,2025,Double-A,Texas League,Frisco RoughRiders,22,6,6
687730-2025-109,687730,Caleb Cali,2025,Double-A,Texas League,Arkansas Travelers,24,6,5
680636-2025-109,680636,Ramon Mendoza,2025,Double-A,Texas League,Springfield Cardinals,24,6,3
672635-2025-109,672635,Luis Mieses,2025,Double-A,Texas League,Frisco RoughRiders,25,6,3
694211-2025-109,694211,Manuel Pena,2025,Double-A,Texas League,Amarillo Sod Poodles,21,6,2
678577-2025-109,678577,Junior Perez,2025,Double-A,Texas League,Midland RockHounds,23,6,3
805346-2025-109,805346,Ben Ross,2025,Double-A,Texas League,Wichita Wind Surge,24,6,6
701648-2025-109,701648,Aaron Zavala,2025,Double-A,Texas League,Frisco RoughRiders,25,6,5
699024-2025-109,699024,Leo Bernal,2025,Double-A,Texas League,Springfield Cardinals,21,6,1
691627-2025-109,691627,Ricardo Olivar,2025,Double-A,Texas League,Wichita Wind Surge,23,6,6
806964-2025-109,806964,Sebastian Walcott,2025,Double-A,Texas League,Frisco RoughRiders,19,6,6
676203-2025-109,676203,Marcos Castañon,2025,Double-A,Texas League,San Antonio Missions,26,6,1
695521-2025-109,695521,Gavin Conticello,2025,Double-A,Texas League,Amarillo Sod Poodles,22,6,2
694410-2025-109,694410,LuJames Groover,2025,Double-A,Texas League,Amarillo Sod Poodles,23,6,1
681377-2025-109,681377,Josh Hood,2025,Double-A,Texas League,Arkansas Travelers,24,6,6
686810-2025-109,686810,Brennan Milone,2025,Double-A,Texas League,Midland RockHounds,24,6,3
703804-2025-109,703804,Romeo Sanabria,2025,Double-A,Texas League,San Antonio Missions,23,6,1
814791-2025-109,814791,Jared Sundstrom,2025,Double-A,Texas League,Arkansas Travelers,24,6,6
694371-2025-109,694371,Tommy Troy,2025,Double-A,Texas League,Amarillo Sod Poodles,23,6,1
678218-2025-109,678218,Brandon Valenzuela,2025,Double-A,Texas League,San Antonio Missions,24,6,3
680996-2025-109,680996,Luke Mann,2025,Double-A,Texas League,Midland RockHounds,25,6,3
690971-2025-109,690971,Chase Davis,2025,Double-A,Texas League,Springfield Cardinals,23,6,2
703766-2025-109,703766,Dakota Harris,2025,Double-A,Texas League,Springfield Cardinals,23,6,1
692405-2025-109,692405,Jeremy Rivas,2025,Double-A,Texas League,Springfield Cardinals,22,6,6
681134-2025-109,681134,Caleb Roberts,2025,Double-A,Texas League,Amarillo Sod Poodles,25,6,3
689531-2025-109,689531,Brett Squires,2025,Double-A,Texas League,Northwest Arkansas Naturals,25,6,5
686438-2025-109,686438,Rubel Cespedes,2025,Double-A,Texas League,Wichita Wind Surge,24,6,1
677049-2025-109,677049,Josh Hatcher,2025,Double-A,Texas League,Frisco RoughRiders,26,6,1
672696-2025-109,672696,Francisco Acuna,2025,Double-A,Texas League,San Antonio Missions,25,6,6
686638-2025-109,686638,Hunter Fitz-Gerald,2025,Double-A,Texas League,Arkansas Travelers,24,6,2
814299-2025-109,814299,Pascanel Ferreras,2025,Double-A,Texas League,Corpus Christi Hooks,23,6,2
664332-2025-109,664332,Moisés Gómez,2025,Double-A,Texas League,San Antonio Missions,26,6,3
687981-2025-109,687981,John Rhodes,2025,Double-A,Texas League,Tulsa Drillers,24,6,6
811289-2025-109,811289,Spencer Nivens,2025,Double-A,Texas League,Northwest Arkansas Naturals,23,6,6
668776-2025-109,668776,Devin Ortiz,2025,Double-A,Texas League,San Antonio Missions,26,6,1
681036-2025-109,681036,Anthony Vilar,2025,Double-A,Texas League,San Antonio Missions,26,6,6
669413-2025-109,669413,Frainyer Chavez,2025,Double-A,Texas League,Frisco RoughRiders,26,6,2
815039-2025-109,815039,Dustin Dickerson,2025,Double-A,Texas League,Northwest Arkansas Naturals,24,6,6
690985-2025-109,690985,Colby Halter,2025,Double-A,Texas League,Midland RockHounds,23,6,5
683169-2025-109,683169,Sean McLain,2025,Double-A,Texas League,Tulsa Drillers,24,6,6
681098-2025-109,681098,Bill Knight,2025,Double-A,Texas League,Arkansas Travelers,25,6,4
805834-2025-109,805834,Javi Vaz,2025,Double-A,Texas League,Northwest Arkansas Naturals,24,6,1
691558-2025-109,691558,Yeiner Fernandez,2025,Double-A,Texas League,Tulsa Drillers,22,6,1
677601-2025-109,677601,Keyber Rodriguez,2025,Double-A,Texas League,Frisco RoughRiders,24,6,1
805891-2025-109,805891,Taylor Young,2025,Double-A,Texas League,Tulsa Drillers,26,6,6
687625-2025-109,687625,Kai Murphy,2025,Double-A,Texas League,San Antonio Missions,24,6,1
800683-2025-109,800683,Blake Rambusch,2025,Double-A,Texas League,Arkansas Travelers,25,6,4
