player_league_season_id,playerId,playerName,requested_season,requested_level,requested_league_name,teamName,age,cluster,silhouette_width
676203-2022-110,676203,Marcos Castañon,2022,Low-A,California League,Lake Elsinore Storm,23,1,0.132769019694457
692585-2022-110,692585,Yanquiel Fernández,2022,Low-A,California League,Fresno Grizzlies,19,3,0.007985661016936279
687529-2022-110,687529,Grant McCray,2022,Low-A,California League,San Jose Giants,21,3,0.1946636382507542
672596-2022-110,672596,Robert Perez Jr.,2022,Low-A,California League,Modesto Nuts,22,1,0.06615176300901607
700337-2022-110,700337,Edgar Quero,2022,Low-A,California League,Inland Empire 66ers,19,3,0.18004654434517675
691777-2022-110,691777,Max Muncy,2022,Low-A,California League,Stockton Ports,19,1,0.10799323274624081
678596-2022-110,678596,Yorlis Rodriguez,2022,Low-A,California League,San Jose Giants,22,2,0.21228766190116888
691182-2022-110,691182,Adael Amador,2022,Low-A,California League,Fresno Grizzlies,19,2,0.11690238771341045
690924-2022-110,690924,Braxton Fulford,2022,Low-A,California League,Fresno Grizzlies,23,2,0.11899208769969336
678577-2022-110,678577,Junior Perez,2022,Low-A,California League,Stockton Ports,20,3,0.0034527013187470993
692348-2022-110,692348,Aeverson Arteaga,2022,Low-A,California League,San Jose Giants,19,3,0.009052414047553402
691285-2022-110,691285,Junior Franco,2022,Low-A,California League,Visalia Rawhide,19,4,0.08257846823769609
682648-2022-110,682648,Juan Guerrero,2022,Low-A,California League,Fresno Grizzlies,20,2,0.29502563055256625
695490-2022-110,695490,Edwin Arroyo,2022,Low-A,California League,Modesto Nuts,18,3,0.10898376555795282
682729-2022-110,682729,Jonatan Clase,2022,Low-A,California League,Modesto Nuts,20,4,0.13146140511410634
678832-2022-110,678832,Yunior Garcia,2022,Low-A,California League,Rancho Cucamonga Quakes,20,3,0.050683508849865805
694808-2022-110,694808,Zach Kokoska,2022,Low-A,California League,Fresno Grizzlies,23,1,0.047473243480079794
691269-2022-110,691269,Adrian Placencia,2022,Low-A,California League,Inland Empire 66ers,19,3,0.2003298024378208
682674-2022-110,682674,Victor Bericoto,2022,Low-A,California League,San Jose Giants,20,3,0.037617525360552184
701618-2022-110,701618,Damon Keith,2022,Low-A,California League,Rancho Cucamonga Quakes,22,3,0.3359441497670817
682877-2022-110,682877,Juan Brito,2022,Low-A,California League,Fresno Grizzlies,20,1,0.005881582194113156
668993-2022-110,668993,Justin Farmer,2022,Low-A,California League,Lake Elsinore Storm,23,1,0.04662483273691511
695670-2022-110,695670,Harry Ford,2022,Low-A,California League,Modesto Nuts,19,3,0.21153021306083636
691177-2022-110,691177,Luis Rodriguez,2022,Low-A,California League,Rancho Cucamonga Quakes,19,3,0.30450462876731405
691558-2022-110,691558,Yeiner Fernandez,2022,Low-A,California League,Rancho Cucamonga Quakes,19,2,0.3617918716803998
682643-2022-110,682643,Alexander Ramirez,2022,Low-A,California League,Inland Empire 66ers,19,3,0.05450602147414806
683341-2022-110,683341,David Calabrese,2022,Low-A,California League,Inland Empire 66ers,19,4,0.019680558789101094
702789-2022-110,702789,Austin Gauthier,2022,Low-A,California League,Rancho Cucamonga Quakes,23,3,0.28497118744080435
672013-2022-110,672013,T.J. Schofield-Sam,2022,Low-A,California League,Stockton Ports,21,2,0.32725872707475007
679751-2022-110,679751,Danny Bautista Jr.,2022,Low-A,California League,Stockton Ports,21,2,0.2597371575219504
676004-2022-110,676004,Walking Cabrera,2022,Low-A,California League,Modesto Nuts,21,2,0.07758285436637355
683102-2022-110,683102,Garrett Frechette,2022,Low-A,California League,San Jose Giants,21,2,0.1813174695319221
691186-2022-110,691186,Arol Vera,2022,Low-A,California League,Inland Empire 66ers,19,4,-0.021693673881204203
691949-2022-110,691949,Jake Vogel,2022,Low-A,California League,Rancho Cucamonga Quakes,20,2,0.04564141494858113
696045-2022-122,696045,Yosy Galan,2022,Low-A,Carolina League,Down East Wood Ducks,21,1,0.21158178770668634
700246-2022-122,700246,Carson Williams,2022,Low-A,Carolina League,Charleston RiverDogs,19,3,0.03322845490059088
687554-2022-122,687554,DJ Gladney,2022,Low-A,Carolina League,Kannapolis Cannon Ballers,20,3,0.034762650562755945
692221-2022-122,692221,Sammy Infante,2022,Low-A,Carolina League,Fredericksburg Nationals,21,1,0.2907050253296843
691442-2022-122,691442,Wilfred Veras,2022,Low-A,Carolina League,Kannapolis Cannon Ballers,19,3,0.13142356205485603
682634-2022-122,682634,Kevin Alcántara,2022,Low-A,Carolina League,Myrtle Beach Pelicans,19,3,0.07528585860593491
681488-2022-122,681488,Logan Cerny,2022,Low-A,Carolina League,Fayetteville Woodpeckers,22,1,0.11782336106262088
691616-2022-122,691616,Hedbert Perez,2022,Low-A,Carolina League,Carolina Mudcats,19,1,0.25139497693368024
695770-2022-122,695770,Wes Kath,2022,Low-A,Carolina League,Kannapolis Cannon Ballers,19,3,0.19726398543682314
682011-2022-122,682011,Tyler Miller,2022,Low-A,Carolina League,Salem Red Sox,22,2,0.12629966248810942
682796-2022-122,682796,Eddinson Paulino,2022,Low-A,Carolina League,Salem Red Sox,19,2,0.05473993853456343
678652-2022-122,678652,Jesus Chirinos,2022,Low-A,Carolina League,Carolina Mudcats,20,3,0.23983906364145657
683170-2022-122,683170,Kadon Morton,2022,Low-A,Carolina League,Augusta GreenJackets,21,3,0.13222600712976734
676044-2022-122,676044,Bob Seymour,2022,Low-A,Carolina League,Charleston RiverDogs,23,3,0.2715882847533163
701817-2022-122,701817,River Town,2022,Low-A,Carolina League,Columbia Fireflies,22,1,0.20088487144779205
695600-2022-122,695600,Carter Jensen,2022,Low-A,Carolina League,Columbia Fireflies,18,1,0.2967472392897657
686863-2022-122,686863,Daniel Mateo,2022,Low-A,Carolina League,Down East Wood Ducks,20,4,0.1882114629881152
681868-2022-122,681868,Ezequiel Pagan,2022,Low-A,Carolina League,Myrtle Beach Pelicans,21,2,0.23505588693893933
696264-2022-122,696264,Tyler Whitaker,2022,Low-A,Carolina League,Fayetteville Woodpeckers,19,1,0.05782494549327037
695604-2022-122,695604,T.J. White,2022,Low-A,Carolina League,Fredericksburg Nationals,18,3,0.3221519672585939
682633-2022-122,682633,Eduardo Garcia,2022,Low-A,Carolina League,Carolina Mudcats,19,3,0.22670055418008483
691938-2022-122,691938,Willy Vasquez,2022,Low-A,Carolina League,Charleston RiverDogs,20,3,-0.010215915955273295
689047-2022-122,689047,Jacob Wetzel,2022,Low-A,Carolina League,Myrtle Beach Pelicans,22,2,0.038725510631738035
680631-2022-122,680631,Oneill Manzueta,2022,Low-A,Carolina League,Charleston RiverDogs,21,3,0.2525152641860241
682801-2022-122,682801,Noelberth Romero,2022,Low-A,Carolina League,Delmarva Shorebirds,20,2,0.27029780019949956
687071-2022-122,687071,Shane Sasaki,2022,Low-A,Carolina League,Charleston RiverDogs,21,4,0.07000046801949168
682722-2022-122,682722,Isaac De León,2022,Low-A,Carolina League,Delmarva Shorebirds,20,3,0.13657388348843483
691458-2022-122,691458,Blaze Jordan,2022,Low-A,Carolina League,Salem Red Sox,19,2,0.17994312621347278
678733-2022-122,678733,Guillermo Quintana,2022,Low-A,Carolina League,Columbia Fireflies,21,2,0.13486695509287316
688500-2022-122,688500,Stephen Paolini,2022,Low-A,Carolina League,Augusta GreenJackets,21,1,0.07025962827836606
701649-2022-122,701649,James Triantos,2022,Low-A,Carolina League,Myrtle Beach Pelicans,19,2,0.3038456293301879
682900-2022-122,682900,Brainer Bonaci,2022,Low-A,Carolina League,Salem Red Sox,19,4,0.13324407971221472
684222-2022-122,684222,Jorge Burgos,2022,Low-A,Carolina League,Lynchburg Hillcats,19,2,0.04262199542672825
682679-2022-122,682679,Dayan Frias,2022,Low-A,Carolina League,Lynchburg Hillcats,20,3,0.0034417281550449715
702416-2022-122,702416,Leosdany Molina,2022,Low-A,Carolina League,Fayetteville Woodpeckers,22,2,0.20523404781691723
684852-2022-122,684852,Geraldo Quintero,2022,Low-A,Carolina League,Augusta GreenJackets,20,4,0.0019907716732096266
680998-2022-122,680998,Branden Boissiere,2022,Low-A,Carolina League,Fredericksburg Nationals,22,3,0.13698678087240124
695780-2022-122,695780,Jake Fox,2022,Low-A,Carolina League,Lynchburg Hillcats,19,1,0.13964207838389803
694230-2022-122,694230,Hendry Mendez,2022,Low-A,Carolina League,Carolina Mudcats,18,2,0.088196820397238
687526-2022-122,687526,Marcus Smith,2022,Low-A,Carolina League,Down East Wood Ducks,21,4,0.015894348608888817
691185-2022-122,691185,Maximo Acosta,2022,Low-A,Carolina League,Down East Wood Ducks,19,4,0.2410279452973412
693309-2022-122,693309,Isaiah Greene,2022,Low-A,Carolina League,Lynchburg Hillcats,20,4,0.08436279654196738
702457-2022-122,702457,Colby Smelley,2022,Low-A,Carolina League,Kannapolis Cannon Ballers,22,3,0.18442009021567923
678841-2022-122,678841,Brandol Mezquita,2022,Low-A,Carolina League,Augusta GreenJackets,20,3,0.1174341253297939
686798-2022-122,686798,Yordys Valdes,2022,Low-A,Carolina League,Lynchburg Hillcats,20,2,0.0716759092970557
684712-2022-122,684712,Wilber Sanchez,2022,Low-A,Carolina League,Kannapolis Cannon Ballers,20,4,0.05268947310887737
687667-2022-122,687667,Luis Valdez,2022,Low-A,Carolina League,Delmarva Shorebirds,22,4,0.21631087236300703
696285-2022-122,696285,Jacob Young,2022,Low-A,Carolina League,Fredericksburg Nationals,22,4,0.13077139777154465
683427-2022-122,683427,Omar Hernandez,2022,Low-A,Carolina League,Columbia Fireflies,20,2,0.14973238320174817
676811-2022-113,676811,Quincy Nieporte,2022,Double-A,Eastern League,Erie SeaWolves,27,1,0.1843060851094383
682619-2022-113,682619,Orelvis Martinez,2022,Double-A,Eastern League,New Hampshire Fisher Cats,20,1,0.21388244171404372
677595-2022-113,677595,Ronny Mauricio,2022,Double-A,Eastern League,Binghamton Rumble Ponies,21,2,0.10967418557916282
687823-2022-113,687823,Aaron Shackelford,2022,Double-A,Eastern League,Altoona Curve,25,1,0.1871933266060318
667472-2022-113,667472,Dane Myers,2022,Double-A,Eastern League,Erie SeaWolves,26,3,0.008814825130338802
600902-2022-113,600902,Wilson Garcia,2022,Double-A,Eastern League,Harrisburg Senators,28,2,0.21291637441028657
686668-2022-113,686668,Brenton Doyle,2022,Double-A,Eastern League,Hartford Yard Goats,24,3,0.10073039035015478
669911-2022-113,669911,Michael Toglia,2022,Double-A,Eastern League,Hartford Yard Goats,23,1,0.23649525925466716
666149-2022-113,666149,Tyler Fitzgerald,2022,Double-A,Eastern League,Richmond Flying Squirrels,24,1,0.28369398036988247
687019-2022-113,687019,Andrés Alvarez,2022,Double-A,Eastern League,Altoona Curve,25,1,0.3239495300593333
683146-2022-113,683146,Brett Baty,2022,Double-A,Eastern League,Binghamton Rumble Ponies,22,3,0.31399463714184767
665846-2022-113,665846,Jesús Bastidas,2022,Double-A,Eastern League,Somerset Patriots,23,1,0.19555906936203
685382-2022-113,685382,Andrew Navigato,2022,Double-A,Eastern League,Erie SeaWolves,24,2,0.08187834365029639
687588-2022-113,687588,Micah Pries,2022,Double-A,Eastern League,Akron RubberDucks,24,3,0.0020175022749585932
683011-2022-113,683011,Anthony Volpe,2022,Double-A,Eastern League,Somerset Patriots,21,1,0.16289592836665923
682266-2022-113,682266,Brett Auerbach,2022,Double-A,Eastern League,Richmond Flying Squirrels,23,1,0.20557340173400532
685313-2022-113,685313,Elijah Dunham,2022,Double-A,Eastern League,Somerset Patriots,24,4,0.03826282755391689
683766-2022-113,683766,Christian Koss,2022,Double-A,Eastern League,Portland Sea Dogs,24,3,0.14245488427289887
665560-2022-113,665560,Jhailyn Ortiz,2022,Double-A,Eastern League,Reading Fightin Phils,23,1,0.12194559132423995
678009-2022-113,678009,Parker Meadows,2022,Double-A,Eastern League,Erie SeaWolves,22,1,0.2081948598944539
674330-2022-113,674330,Zac Cook,2022,Double-A,Eastern League,New Hampshire Fisher Cats,24,1,0.21859887540320497
669898-2022-113,669898,Andrew Daschbach,2022,Double-A,Eastern League,Bowie Baysox,24,1,0.08059749313348126
681370-2022-113,681370,Hudson Haskin,2022,Double-A,Eastern League,Bowie Baysox,23,2,0.15168125127981924
680862-2022-113,680862,Willie MacIver,2022,Double-A,Eastern League,Hartford Yard Goats,25,1,0.11484857674186753
687401-2022-113,687401,Joey Ortiz,2022,Double-A,Eastern League,Bowie Baysox,23,2,0.06840358962771562
671655-2022-113,671655,George Valera,2022,Double-A,Eastern League,Akron RubberDucks,21,3,0.15551884134962968
625506-2022-113,625506,Aldrem Corredor,2022,Double-A,Eastern League,Reading Fightin Phils,26,2,0.10045214851089994
693307-2022-113,693307,Dillon Dingler,2022,Double-A,Eastern League,Erie SeaWolves,23,3,-0.016000403083445774
672823-2022-113,672823,Sebastian Espino,2022,Double-A,Eastern League,New Hampshire Fisher Cats,22,1,0.07912221168510032
663604-2022-113,663604,Brandon Lockridge,2022,Double-A,Eastern League,Somerset Patriots,25,2,0.07998740684376789
666165-2022-113,666165,Blake Sabol,2022,Double-A,Eastern League,Altoona Curve,24,3,0.1971723699262234
668845-2022-113,668845,Aaron Schunk,2022,Double-A,Eastern League,Hartford Yard Goats,24,2,0.19843229805907062
669398-2022-113,669398,Gage Workman,2022,Double-A,Eastern League,Erie SeaWolves,22,3,0.08343481583635465
682239-2022-113,682239,Luke Ritter,2022,Double-A,Eastern League,Binghamton Rumble Ponies,25,1,0.11178177922832858
677587-2022-113,677587,Brayan Rocchio,2022,Double-A,Eastern League,Akron RubberDucks,21,2,0.1375702304338257
677588-2022-113,677588,José Tena,2022,Double-A,Eastern League,Akron RubberDucks,21,3,0.19024982356092437
666152-2022-113,666152,David Hamilton,2022,Double-A,Eastern League,Portland Sea Dogs,24,4,0.1680501318933445
676847-2022-113,676847,Shane Matheny,2022,Double-A,Eastern League,Richmond Flying Squirrels,26,3,0.14624797062439987
620442-2022-113,620442,Wendell Rijo,2022,Double-A,Eastern League,Reading Fightin Phils,26,4,7.238938811066976e-4
676667-2022-113,676667,Justin Connell,2022,Double-A,Eastern League,Harrisburg Senators,23,1,0.15413421070244965
666126-2022-113,666126,Carlos Cortes,2022,Double-A,Eastern League,Binghamton Rumble Ponies,25,1,0.29403138924696
671271-2022-113,671271,Jeisson Rosario,2022,Double-A,Eastern League,Somerset Patriots,22,2,0.08962115420164352
665782-2022-113,665782,Luis De Los Santos,2022,Double-A,Eastern League,New Hampshire Fisher Cats,24,2,0.08741072545186349
678894-2022-113,678894,Liover Peguero,2022,Double-A,Eastern League,Altoona Curve,21,2,0.11648858619572063
667663-2022-113,667663,Hunter Stovall,2022,Double-A,Eastern League,Hartford Yard Goats,25,2,0.13504465212933456
669707-2022-113,669707,Jared Triolo,2022,Double-A,Eastern League,Altoona Curve,24,4,-0.04145320298536798
676280-2022-113,676280,Tyler Dearden,2022,Double-A,Eastern League,Portland Sea Dogs,23,3,0.2263983740075634
686659-2022-113,686659,Julian Escobedo,2022,Double-A,Eastern League,Akron RubberDucks,24,2,0.08775263371438374
669002-2022-113,669002,Connor Scott,2022,Double-A,Eastern League,Altoona Curve,22,2,0.19422659270937337
687714-2022-113,687714,Jackson Cluff,2022,Double-A,Eastern League,Harrisburg Senators,25,1,0.2518729670313392
670208-2022-113,670208,Matt Fraizer,2022,Double-A,Eastern League,Altoona Curve,24,2,0.06142351544914273
682177-2022-113,682177,Daniel Schneemann,2022,Double-A,Eastern League,Akron RubberDucks,25,2,0.07821287065428935
696281-2022-113,696281,Wyatt Young,2022,Double-A,Eastern League,Binghamton Rumble Ponies,22,3,0.10215136818401568
668667-2022-113,668667,Daniel Cabrera,2022,Double-A,Eastern League,Erie SeaWolves,23,2,0.2734640580189062
686555-2022-113,686555,Isaac Collins,2022,Double-A,Eastern League,Hartford Yard Goats,24,4,0.08224756424449596
693409-2022-113,693409,César Prieto,2022,Double-A,Eastern League,Bowie Baysox,23,2,0.37256056734289233
686639-2022-113,686639,Jack Dunn,2022,Double-A,Eastern League,Harrisburg Senators,25,4,-0.018503253836434298
666695-2022-113,666695,Jonathan Guzmán,2022,Double-A,Eastern League,Reading Fightin Phils,22,2,0.15351870276955282
657075-2022-113,657075,Jeremy Vasquez,2022,Double-A,Eastern League,Binghamton Rumble Ponies,25,2,0.30260472385988785
683364-2022-123,683364,Carlos Dominguez,2022,Low-A,Florida State League,St. Lucie Mets,22,3,0.062489120416318475
691456-2022-123,691456,Manuel Sequera,2022,Low-A,Florida State League,Lakeland Flying Tigers,19,2,0.0090821893505889
684519-2022-123,684519,Omar De Los Santos,2022,Low-A,Florida State League,St. Lucie Mets,22,4,0.12408021882843766
678742-2022-123,678742,Rainer Nunez,2022,Low-A,Florida State League,Dunedin Blue Jays,21,2,0.09426395631285439
687749-2022-123,687749,Jase Bowen,2022,Low-A,Florida State League,Bradenton Marauders,21,3,0.20144244954775817
683550-2022-123,683550,Marcos Cabrera,2022,Low-A,Florida State League,Tampa Tarpons,20,1,0.10890892950211521
678803-2022-123,678803,Anthony Garcia,2022,Low-A,Florida State League,Tampa Tarpons,21,3,0.001707535510769416
693850-2022-123,693850,Kala'i Rosario,2022,Low-A,Florida State League,Fort Myers Mighty Mussels,19,3,0.23205012370525532
686577-2022-123,686577,Keoni Cavaco,2022,Low-A,Florida State League,Fort Myers Mighty Mussels,21,3,0.1253241290567049
683493-2022-123,683493,William Lugo,2022,Low-A,Florida State League,St. Lucie Mets,20,3,0.004891145161427379
681433-2022-123,681433,Noah Cardenas,2022,Low-A,Florida State League,Fort Myers Mighty Mussels,22,1,0.12379015967736551
696135-2022-123,696135,Kahlil Watson,2022,Low-A,Florida State League,Jupiter Hammerheads,19,3,0.21986820575733182
680918-2022-123,680918,Brady Allen,2022,Low-A,Florida State League,Jupiter Hammerheads,22,3,0.15465111075014454
682625-2022-123,682625,Antonio Gomez,2022,Low-A,Florida State League,Tampa Tarpons,20,3,0.2332297993569133
691789-2022-123,691789,Izaac Pacheco,2022,Low-A,Florida State League,Lakeland Flying Tigers,19,2,0.11173298341881406
683061-2022-123,683061,Alexander Vargas,2022,Low-A,Florida State League,Tampa Tarpons,20,4,0.04871526011712243
682656-2022-123,682656,Sergio Campana,2022,Low-A,Florida State League,Bradenton Marauders,20,4,-0.0034814031778127056
691907-2022-123,691907,Tsung-Che Cheng,2022,Low-A,Florida State League,Bradenton Marauders,20,4,0.10609740141057028
691449-2022-123,691449,Roberto Campos,2022,Low-A,Florida State League,Lakeland Flying Tigers,19,2,0.10059345260923744
694425-2022-123,694425,Justice Bigbie,2022,Low-A,Florida State League,Lakeland Flying Tigers,23,3,-0.003881204950449429
695653-2022-123,695653,Noah Miller,2022,Low-A,Florida State League,Fort Myers Mighty Mussels,19,4,0.02365853147389221
692405-2022-123,692405,Jeremy Rivas,2022,Low-A,Florida State League,Palm Beach Cardinals,19,2,0.14822694876378906
692497-2022-123,692497,Estiven Machado,2022,Low-A,Florida State League,Dunedin Blue Jays,19,3,0.14204179787898835
656484-2022-117,656484,Tristan Gray,2022,Triple-A,International League,Durham Bulls,26,1,0.3023638496906711
623507-2022-117,623507,Josh Lester,2022,Triple-A,International League,Toledo Mud Hens,27,1,0.18106916894048278
669742-2022-117,669742,Darick Hall,2022,Triple-A,International League,Lehigh Valley IronPigs,26,1,0.05138014501301239
676551-2022-117,676551,Brewer Hicklen,2022,Triple-A,International League,Omaha Storm Chasers,26,3,0.03516156201877754
594953-2022-117,594953,Daniel Palka,2022,Triple-A,International League,Syracuse Mets,30,3,0.029892307122552014
592622-2022-117,592622,Mark Payton,2022,Triple-A,International League,Charlotte Knights,30,2,-0.0029956213761043963
572138-2022-117,572138,Jon Singleton,2022,Triple-A,International League,Nashville Sounds,30,1,0.3122041767697568
668901-2022-117,668901,Mark Vientos,2022,Triple-A,International League,Syracuse Mets,22,3,0.26987675065419114
663609-2022-117,663609,Luken Baker,2022,Triple-A,International League,Memphis Redbirds,25,1,0.18766609089057856
656024-2022-117,656024,Carlos Pérez,2022,Triple-A,International League,Charlotte Knights,25,2,0.16668663458592578
676475-2022-117,676475,Alec Burleson,2022,Triple-A,International League,Memphis Redbirds,23,2,0.1552330673823606
608841-2022-117,608841,Joey Meneses,2022,Triple-A,International League,Rochester Red Wings,30,3,0.03264284556746621
643271-2022-117,643271,Narciso Crook,2022,Triple-A,International League,Iowa Cubs,26,3,0.24480021220660936
676733-2022-117,676733,Mason Martin,2022,Triple-A,International League,Indianapolis Indians,23,1,0.06384546576449482
672724-2022-117,672724,Oswald Peraza,2022,Triple-A,International League,Scranton/Wilkes-Barre RailRiders,22,4,-0.008258065838513306
621514-2022-117,621514,Christin Stewart,2022,Triple-A,International League,Worcester Red Sox,28,1,0.2325359612398237
669065-2022-117,669065,Kyle Stowers,2022,Triple-A,International League,Norfolk Tides,24,3,0.01785140220776663
666018-2022-117,666018,Jonathan Aranda,2022,Triple-A,International League,Durham Bulls,24,3,0.2902249930243248
670113-2022-117,670113,Jim Haley,2022,Triple-A,International League,Durham Bulls,27,3,-0.003895268389507345
676059-2022-117,676059,Jordan Westburg,2022,Triple-A,International League,Norfolk Tides,23,1,0.18008469477952754
681807-2022-117,681807,David Fry,2022,Triple-A,International League,Columbus Clippers,26,2,0.16171624068218654
660613-2022-117,660613,Ronaldo Hernández,2022,Triple-A,International League,Worcester Red Sox,24,2,0.22293138781412916
676724-2022-117,676724,Jared Young,2022,Triple-A,International League,Iowa Cubs,26,2,0.0691180993740506
680837-2022-117,680837,Ryan Fitzgerald,2022,Triple-A,International League,Worcester Red Sox,28,1,0.2749469240507361
670156-2022-117,670156,Miles Mastrobuoni,2022,Triple-A,International League,Durham Bulls,26,3,0.09932114550779385
664057-2022-117,664057,Andrew Stevenson,2022,Triple-A,International League,Rochester Red Wings,28,4,-0.010546319570157923
643603-2022-117,643603,Tyler White,2022,Triple-A,International League,Gwinnett Stripers,31,1,0.2990173944799223
607430-2022-117,607430,John Andreoli,2022,Triple-A,International League,St. Paul Saints,32,1,0.1678688155107182
593528-2022-117,593528,Jorge Bonifacio,2022,Triple-A,International League,Lehigh Valley IronPigs,29,1,0.30796662030793176
680814-2022-117,680814,Peyton Burdick,2022,Triple-A,International League,Jacksonville Jumbo Shrimp,25,1,0.3166662733851178
676628-2022-117,676628,Mark Contreras,2022,Triple-A,International League,St. Paul Saints,27,3,0.00397293684951536
664314-2022-117,664314,Estevan Florial,2022,Triple-A,International League,Scranton/Wilkes-Barre RailRiders,24,3,0.10672221404748572
656514-2022-117,656514,Adam Haseley,2022,Triple-A,International League,Charlotte Knights,26,2,0.21899557450259188
680438-2022-117,680438,Robert Neustrom,2022,Triple-A,International League,Norfolk Tides,25,1,0.049357262259130195
680118-2022-117,680118,Dairon Blanco,2022,Triple-A,International League,Omaha Storm Chasers,29,4,0.1276959484276474
663478-2022-117,663478,Brendon Davis,2022,Triple-A,International League,Toledo Mud Hens,24,1,0.3739894075748454
680737-2022-117,680737,Michael Helman,2022,Triple-A,International League,St. Paul Saints,26,4,-0.020648388603211842
650339-2022-117,650339,Jermaine Palacios,2022,Triple-A,International League,St. Paul Saints,25,3,0.27211912995935705
676625-2022-117,676625,Rylan Bannon,2022,Triple-A,International League,Gwinnett Stripers,26,1,0.18501027550348817
666164-2022-117,666164,Blake Rutherford,2022,Triple-A,International League,Charlotte Knights,25,2,0.30035485582368104
668930-2022-117,668930,Brice Turang,2022,Triple-A,International League,Nashville Sounds,22,4,0.004688875587094001
669008-2022-117,669008,Ronnie Dawson,2022,Triple-A,International League,Louisville Bats,27,3,0.2248945377803542
664770-2022-117,664770,Nathan Lukes,2022,Triple-A,International League,Buffalo Bisons,27,2,0.19033725243198144
578570-2022-117,578570,Juniel Querecuto,2022,Triple-A,International League,Louisville Bats,29,1,0.030545559047715377
622569-2022-117,622569,Pablo Reyes,2022,Triple-A,International League,Nashville Sounds,28,1,0.11065264670307275
670298-2022-117,670298,Kramer Robertson,2022,Triple-A,International League,Memphis Redbirds,27,4,0.06923207544321518
655996-2022-117,655996,Cristian Santana,2022,Triple-A,International League,Louisville Bats,25,3,0.09478660248515822
670097-2022-117,670097,Zack Short,2022,Triple-A,International League,Toledo Mud Hens,27,1,0.22750606400828596
664051-2022-117,664051,Mitchell Tolman,2022,Triple-A,International League,Columbus Clippers,28,3,0.062193588257970826
642197-2022-117,642197,Jamie Westbrook,2022,Triple-A,International League,Toledo Mud Hens,27,2,0.3264891830574108
642215-2022-117,642215,Weston Wilson,2022,Triple-A,International League,Nashville Sounds,27,1,0.07373046974812131
663662-2022-117,663662,Daz Cameron,2022,Triple-A,International League,Toledo Mud Hens,25,1,0.18355555515661037
666137-2022-117,666137,Khalil Lee,2022,Triple-A,International League,Syracuse Mets,24,3,0.12711571076486028
669738-2022-117,669738,Jake Noll,2022,Triple-A,International League,Rochester Red Wings,28,2,0.2817570866431393
605486-2022-117,605486,Cory Spangenberg,2022,Triple-A,International League,Memphis Redbirds,31,3,0.2955600568237527
642162-2022-117,642162,Pat Valaika,2022,Triple-A,International League,Gwinnett Stripers,29,2,0.14770857144949345
686823-2022-117,686823,Will Brennan,2022,Triple-A,International League,Columbus Clippers,24,2,0.2665667535420113
641512-2022-117,641512,Ben DeLuzio,2022,Triple-A,International League,Memphis Redbirds,27,4,0.12161305465729405
687867-2022-117,687867,Clay Dungan,2022,Triple-A,International League,Omaha Storm Chasers,26,2,0.1085634405294672
640460-2022-117,640460,Dustin Peterson,2022,Triple-A,International League,Lehigh Valley IronPigs,27,2,0.1492606983758751
621545-2022-117,621545,Zach Remillard,2022,Triple-A,International League,Charlotte Knights,28,3,0.055822189427143835
680552-2022-117,680552,Travis Swaggerty,2022,Triple-A,International League,Indianapolis Indians,24,3,0.16304022782299554
678225-2022-117,678225,Ji Hwan Bae,2022,Triple-A,International League,Indianapolis Indians,22,4,0.10515447183675787
624417-2022-117,624417,Bryson Brigman,2022,Triple-A,International League,Jacksonville Jumbo Shrimp,27,2,0.2516144725595651
675925-2022-117,675925,Cullen Large,2022,Triple-A,International League,Buffalo Bisons,26,3,0.14405979716878056
675649-2022-117,675649,Brian Miller,2022,Triple-A,International League,Jacksonville Jumbo Shrimp,26,4,-0.03695017906818043
622668-2022-117,622668,Ivan Castillo,2022,Triple-A,International League,Omaha Storm Chasers,27,2,0.33700858076885265
661411-2022-117,661411,Lorenzo Cedrola,2022,Triple-A,International League,Louisville Bats,24,2,0.30304201982484835
656734-2022-117,656734,Evan Mendoza,2022,Triple-A,International League,Memphis Redbirds,26,2,0.15768810255100674
677954-2022-117,677954,Jordan Groshans,2022,Triple-A,International League,Jacksonville Jumbo Shrimp,22,2,0.2941184075796459
691503-2022-117,691503,Yolbert Sanchez,2022,Triple-A,International League,Charlotte Knights,25,2,0.17987314157892537
592261-2022-117,592261,Delino DeShields,2022,Triple-A,International League,Gwinnett Stripers,29,4,0.25360972100888846
691016-2022-118,691016,Tyler Soderstrom,2022,High-A,Midwest League,Lansing Lugnuts,20,1,0.07313320863824199
678413-2022-118,678413,Alexfri Planez,2022,High-A,Midwest League,Lake County Captains,20,1,0.026764181746439367
682947-2022-118,682947,Jose Ramos,2022,High-A,Midwest League,Great Lakes Loons,21,3,0.07846735852155357
683172-2022-118,683172,Joe Naranjo,2022,High-A,Midwest League,Lake County Captains,21,1,0.24607600084100367
676002-2022-118,676002,Juan Carlos Negret,2022,High-A,Midwest League,Quad Cities River Bandits,23,1,0.2157576313147632
677673-2022-118,677673,Imanol Vargas,2022,High-A,Midwest League,Great Lakes Loons,24,3,0.17021851968120283
680799-2022-118,680799,Seth Gray,2022,High-A,Midwest League,Cedar Rapids Kernels,24,3,0.3019364411205743
686770-2022-118,686770,Dillan Shrum,2022,High-A,Midwest League,Quad Cities River Bandits,24,1,0.07971702973365866
669336-2022-118,669336,Joe Gray Jr.,2022,High-A,Midwest League,Wisconsin Timber Rattlers,22,1,0.3126638067142593
678760-2022-118,678760,Eddys Leonard,2022,High-A,Midwest League,Great Lakes Loons,21,2,0.22818402185499584
685087-2022-118,685087,Jordan Nwogu,2022,High-A,Midwest League,South Bend Cubs,23,1,0.16190165140254079
686523-2022-118,686523,Peyton Wilson,2022,High-A,Midwest League,Quad Cities River Bandits,22,3,0.16593469587728155
687724-2022-118,687724,Jake Holton,2022,High-A,Midwest League,West Michigan Whitecaps,24,3,0.03749815093873517
695292-2022-118,695292,L.J. Jones,2022,High-A,Midwest League,Peoria Chiefs,23,2,0.21632054950313515
681357-2022-118,681357,Cody Morissette,2022,High-A,Midwest League,Beloit Sky Carp,22,1,0.24089637173838965
682818-2022-118,682818,Yohendrick Piñango,2022,High-A,Midwest League,South Bend Cubs,20,2,0.30164980586988405
686958-2022-118,686958,Jose Torres,2022,High-A,Midwest League,Dayton Dragons,22,1,0.15527839542312696
668860-2022-118,668860,Kale Emshoff,2022,High-A,Midwest League,Quad Cities River Bandits,24,1,0.16062684938727667
665820-2022-118,665820,Wander Javier,2022,High-A,Midwest League,Cedar Rapids Kernels,23,1,0.11378831057568195
687152-2022-118,687152,Darrien Miller,2022,High-A,Midwest League,Wisconsin Timber Rattlers,21,1,0.2675480717586898
683357-2022-118,683357,Owen Caissie,2022,High-A,Midwest League,South Bend Cubs,19,3,0.33130755203630285
668698-2022-118,668698,Todd Lott,2022,High-A,Midwest League,Peoria Chiefs,24,3,0.2228470373408652
676509-2022-118,676509,Josh Crouch,2022,High-A,Midwest League,West Michigan Whitecaps,23,2,0.29648640462394404
677577-2022-118,677577,Ynmanol Mariñez,2022,High-A,Midwest League,Beloit Sky Carp,21,2,0.03982454741144061
669442-2022-118,669442,Alerick Soularie,2022,High-A,Midwest League,Cedar Rapids Kernels,22,1,0.059336387035589744
678218-2022-118,678218,Brandon Valenzuela,2022,High-A,Midwest League,Fort Wayne TinCaps,21,1,0.181745324246963
678391-2022-118,678391,Jorbit Vivas,2022,High-A,Midwest League,Great Lakes Loons,21,2,0.3660689914972131
680518-2022-118,680518,Zavier Warren,2022,High-A,Midwest League,Wisconsin Timber Rattlers,23,2,0.04582729015912995
689750-2022-118,689750,Jacob Buchberger,2022,High-A,Midwest League,Peoria Chiefs,24,2,0.24383460292106768
678648-2022-118,678648,Herard Gonzalez,2022,High-A,Midwest League,Quad Cities River Bandits,21,3,0.029667571829159627
702315-2022-118,702315,Bennett Hostetler,2022,High-A,Midwest League,Beloit Sky Carp,24,2,0.30133346748213385
682621-2022-118,682621,Gabriel Rodriguez,2022,High-A,Midwest League,Lake County Captains,20,2,0.1612990963945741
672537-2022-118,672537,Dalvy Rosario,2022,High-A,Midwest League,Beloit Sky Carp,21,4,-0.026967454980742645
669360-2022-118,669360,Trei Cruz,2022,High-A,Midwest League,West Michigan Whitecaps,23,1,0.0206400874422711
693459-2022-118,693459,Kyler Fedko,2022,High-A,Midwest League,Cedar Rapids Kernels,22,1,0.016319064990074753
678285-2022-118,678285,Fabian Pertuz,2022,High-A,Midwest League,South Bend Cubs,21,1,0.08986237899289777
678746-2022-118,678746,Diego Hernandez,2022,High-A,Midwest League,Quad Cities River Bandits,21,4,0.05378535692600526
686845-2022-118,686845,Tommy Jew,2022,High-A,Midwest League,Peoria Chiefs,24,4,-0.004941459794091017
671976-2022-118,671976,Tristan Peters,2022,High-A,Midwest League,Wisconsin Timber Rattlers,22,3,0.12555312332971585
690984-2022-118,690984,Petey Halpin,2022,High-A,Midwest League,Lake County Captains,20,4,-0.005377300746585141
681468-2022-118,681468,Corey Rosier,2022,High-A,Midwest League,Fort Wayne TinCaps,22,4,0.18260121228607182
672882-2022-118,672882,Ismael Alcantara,2022,High-A,Midwest League,Great Lakes Loons,23,2,0.1246579727124229
677731-2022-118,677731,Francisco Hernandez,2022,High-A,Midwest League,Peoria Chiefs,22,4,0.017444115770269476
683748-2022-118,683748,Victor Mesa Jr.,2022,High-A,Midwest League,Beloit Sky Carp,20,2,0.2997205332915355
696140-2022-118,696140,Ethan Murray,2022,High-A,Midwest League,Wisconsin Timber Rattlers,22,4,-0.03684697176275865
677605-2022-118,677605,Luis Verdugo,2022,High-A,Midwest League,South Bend Cubs,21,2,0.2318003542062523
673062-2022-118,673062,Jarryd Dale,2022,High-A,Midwest League,Fort Wayne TinCaps,21,4,0.03865876998947717
701162-2022-118,701162,Ben Malgeri,2022,High-A,Midwest League,West Michigan Whitecaps,22,3,0.05657230507792661
686475-2022-118,686475,Tyler Tolbert,2022,High-A,Midwest League,Quad Cities River Bandits,24,4,0.2611239376685486
683494-2022-118,683494,Euribiel Angeles,2022,High-A,Midwest League,Lansing Lugnuts,20,2,0.27732721456514897
689456-2022-118,689456,Austin Murr,2022,High-A,Midwest League,West Michigan Whitecaps,23,2,0.2642532582025012
683083-2022-118,683083,Nasim Nuñez,2022,High-A,Midwest League,Beloit Sky Carp,21,4,0.16688100330724712
649810-2022-126,649810,Dariel Gomez,2022,High-A,Northwest League,Everett AquaSox,25,1,0.115434465565257
678681-2022-126,678681,Luis Toribio,2022,High-A,Northwest League,Eugene Emeralds,21,1,0.04633703695261799
669477-2022-126,669477,Casey Schmitt,2022,High-A,Northwest League,Eugene Emeralds,23,1,0.14896186694415914
685388-2022-126,685388,Colin Simpson,2022,High-A,Northwest League,Spokane Indians,25,1,0.150867725766425
682622-2022-126,682622,Noelvi Marte,2022,High-A,Northwest League,Everett AquaSox,20,1,0.12234046863699419
691021-2022-126,691021,A.J. Vukovich,2022,High-A,Northwest League,Hillsboro Hops,20,4,0.04022305521882354
687346-2022-126,687346,Gabe Matthews,2022,High-A,Northwest League,Tri-City Dust Devils,24,1,0.10979485524914961
682646-2022-126,682646,Jairo Pomares,2022,High-A,Northwest League,Eugene Emeralds,21,3,0.10788352488795128
666183-2022-126,666183,Hunter Bishop,2022,High-A,Northwest League,Eugene Emeralds,24,3,0.1329856278505401
676678-2022-126,676678,PK Morris,2022,High-A,Northwest League,Vancouver Canadians,23,1,0.19485541389314417
681466-2022-126,681466,James Parker,2022,High-A,Northwest League,Everett AquaSox,22,1,0.21124603027931801
679734-2022-126,679734,Julio Carreras,2022,High-A,Northwest League,Spokane Indians,22,3,0.004610628962254377
677599-2022-126,677599,Miguel Hiraldo,2022,High-A,Northwest League,Vancouver Canadians,21,4,0.08731314751116696
682641-2022-126,682641,Luis Matos,2022,High-A,Northwest League,Eugene Emeralds,20,2,0.18470821376496815
691728-2022-126,691728,Zac Veen,2022,High-A,Northwest League,Spokane Indians,20,4,0.22813284853144533
669208-2022-126,669208,Ryan Bliss,2022,High-A,Northwest League,Hillsboro Hops,22,4,0.058102004456354474
700032-2022-126,700032,Victor Labrada,2022,High-A,Northwest League,Everett AquaSox,22,4,0.026342084437533397
679754-2022-126,679754,Alberto Rodriguez,2022,High-A,Northwest League,Everett AquaSox,21,3,0.2225932523965937
673990-2022-126,673990,Andy Thomas,2022,High-A,Northwest League,Eugene Emeralds,24,3,0.027443846785037296
681134-2022-126,681134,Caleb Roberts,2022,High-A,Northwest League,Hillsboro Hops,22,3,0.128034611290653
677347-2022-126,677347,Kyren Paris,2022,High-A,Northwest League,Tri-City Dust Devils,20,4,0.002026781144500099
675440-2022-126,675440,Mike Peabody,2022,High-A,Northwest League,Tri-City Dust Devils,23,3,0.0224874688961066
678837-2022-126,678837,Bladimir Restituyo,2022,High-A,Northwest League,Spokane Indians,20,2,0.10662642831293678
669671-2022-126,669671,Justin Lavey,2022,High-A,Northwest League,Everett AquaSox,24,3,0.1240818634757832
677647-2022-126,677647,Eddy Diaz,2022,High-A,Northwest League,Spokane Indians,22,4,0.12041467731246164
691011-2022-126,691011,Drew Romo,2022,High-A,Northwest League,Spokane Indians,20,2,0.2835400002859095
668577-2022-126,668577,Osmy Gregorio,2022,High-A,Northwest League,Tri-City Dust Devils,24,4,-4.323481850268502e-4
677610-2022-126,677610,D'Shawn Knowles,2022,High-A,Northwest League,Tri-City Dust Devils,21,3,0.028110194196204294
641829-2022-112,641829,Jason Martin,2022,Triple-A,Pacific Coast League,Oklahoma City Dodgers,26,3,0.12459983816815219
667452-2022-112,667452,Corey Julks,2022,Triple-A,Pacific Coast League,Sugar Land Space Cowboys,26,1,0.2478948648761456
542208-2022-112,542208,Carlos Pérez,2022,Triple-A,Pacific Coast League,Albuquerque Isotopes,31,1,0.2815350449884362
656448-2022-112,656448,Stone Garrett,2022,Triple-A,Pacific Coast League,Reno Aces,26,1,0.22529457077327472
686676-2022-112,686676,Korey Lee,2022,Triple-A,Pacific Coast League,Sugar Land Space Cowboys,23,1,0.2575816611534404
676116-2022-112,676116,Ryan Noda,2022,Triple-A,Pacific Coast League,Oklahoma City Dodgers,26,3,0.022687617668295582
656449-2022-112,656449,Jake Gatewood,2022,Triple-A,Pacific Coast League,Salt Lake Bees,26,1,0.32674727148273847
666703-2022-112,666703,Eguy Rosario,2022,Triple-A,Pacific Coast League,El Paso Chihuahuas,22,1,0.16033320698250753
592144-2022-112,592144,Wynton Bernard,2022,Triple-A,Pacific Coast League,Albuquerque Isotopes,31,3,0.03546809645034483
683737-2022-112,683737,Michael Busch,2022,Triple-A,Pacific Coast League,Oklahoma City Dodgers,24,3,0.01104824758717558
669200-2022-112,669200,Mason McCoy,2022,Triple-A,Pacific Coast League,Tacoma Rainiers,27,1,0.16069071342611904
663796-2022-112,663796,Coco Montes,2022,Triple-A,Pacific Coast League,Albuquerque Isotopes,25,1,0.058498419128311586
656403-2022-112,656403,Drew Ellis,2022,Triple-A,Pacific Coast League,Tacoma Rainiers,26,1,0.3308916742041608
605504-2022-112,605504,Dillon Thomas,2022,Triple-A,Pacific Coast League,Salt Lake Bees,29,3,0.24725834091333695
621573-2022-112,621573,Austin Dean,2022,Triple-A,Pacific Coast League,Sacramento River Cats,28,1,0.09225825752030327
546994-2022-112,546994,C.J. Hinojosa,2022,Triple-A,Pacific Coast League,El Paso Chihuahuas,27,2,0.20495965532022728
694175-2022-112,694175,Pedro León,2022,Triple-A,Pacific Coast League,Sugar Land Space Cowboys,24,1,0.050524069832971766
678246-2022-112,678246,Miguel Vargas,2022,Triple-A,Pacific Coast League,Oklahoma City Dodgers,22,1,0.09655574773026787
625510-2022-112,625510,Erick Mejia,2022,Triple-A,Pacific Coast League,Tacoma Rainiers,27,2,0.06082863972261246
670128-2022-112,670128,Taylor Kohlwey,2022,Triple-A,Pacific Coast League,El Paso Chihuahuas,27,2,0.15405586150641354
671218-2022-112,671218,Heliot Ramos,2022,Triple-A,Pacific Coast League,Sacramento River Cats,22,2,0.15202889485109303
682073-2022-112,682073,David Hensley,2022,Triple-A,Pacific Coast League,Sugar Land Space Cowboys,26,3,0.2010614778688182
621008-2022-112,621008,Alex De Goti,2022,Triple-A,Pacific Coast League,Sugar Land Space Cowboys,27,2,0.1469895732252926
664954-2022-112,664954,Brett Sullivan,2022,Triple-A,Pacific Coast League,El Paso Chihuahuas,28,2,0.2659803381330984
682183-2022-112,682183,Drew Avans,2022,Triple-A,Pacific Coast League,Oklahoma City Dodgers,26,3,0.03742242035861642
670148-2022-112,670148,Nate Mondou,2022,Triple-A,Pacific Coast League,Las Vegas Aviators,27,3,0.0014998821258790044
676900-2022-112,676900,Ryan Dorow,2022,Triple-A,Pacific Coast League,Round Rock Express,26,2,0.05991286833954678
657088-2022-112,657088,Forrest Wall,2022,Triple-A,Pacific Coast League,Tacoma Rainiers,26,4,0.22331203714993964
666150-2022-112,666150,Dominic Fletcher,2022,Triple-A,Pacific Coast League,Reno Aces,24,3,0.13436150812353684
668723-2022-112,668723,Ryan Vilade,2022,Triple-A,Pacific Coast League,Albuquerque Isotopes,23,2,0.3460004165263815
642221-2022-112,642221,Kean Wong,2022,Triple-A,Pacific Coast League,Salt Lake Bees,27,4,0.20883949049571168
681715-2022-116,681715,Heriberto Hernández,2022,High-A,South Atlantic League,Bowling Green Hot Rods,22,3,0.036721292226008104
671113-2022-116,671113,Zach Daniels,2022,High-A,South Atlantic League,Asheville Tourists,23,3,0.2701861375764155
676205-2022-116,676205,Tyler Hardman,2022,High-A,South Atlantic League,Hudson Valley Renegades,23,3,0.015470418175983729
683593-2022-116,683593,Dariel Lopez,2022,High-A,South Atlantic League,Greensboro Grasshoppers,20,3,0.13352086386229023
682868-2022-116,682868,Bryan Ramos,2022,High-A,South Atlantic League,Winston-Salem Dash,20,2,0.08095921110459714
686677-2022-116,686677,Landon Stephens,2022,High-A,South Atlantic League,Rome Braves,24,1,0.3670225253338387
683090-2022-116,683090,Matthew Lugo,2022,High-A,South Atlantic League,Greenville Drive,21,2,0.14383312014141908
676288-2022-116,676288,Baron Radcliff,2022,High-A,South Atlantic League,Jersey Shore BlueClaws,23,3,0.2108542328566731
682848-2022-116,682848,Endy Rodríguez,2022,High-A,South Atlantic League,Greensboro Grasshoppers,22,1,0.09089849623987278
695257-2022-116,695257,Billy Cook,2022,High-A,South Atlantic League,Aberdeen IronBirds,23,1,0.27059806313547125
678900-2022-116,678900,Alexander Ovalles,2022,High-A,South Atlantic League,Bowling Green Hot Rods,21,3,0.13772244655527488
695336-2022-116,695336,Thomas Saggese,2022,High-A,South Atlantic League,Hickory Crawdads,20,3,0.1901711022033021
700242-2022-116,700242,Trey Sweeney,2022,High-A,South Atlantic League,Hudson Valley Renegades,22,1,0.1754831919898248
683227-2022-116,683227,Cody Freeman,2022,High-A,South Atlantic League,Hickory Crawdads,21,2,0.21752492125502496
669386-2022-116,669386,Trevor Hauver,2022,High-A,South Atlantic League,Hickory Crawdads,23,1,0.1756484046845917
670868-2022-116,670868,Abrahan Gutierrez,2022,High-A,South Atlantic League,Greensboro Grasshoppers,22,3,0.13782152144763865
672635-2022-116,672635,Luis Mieses,2022,High-A,South Atlantic League,Winston-Salem Dash,22,2,0.30473178691841096
685121-2022-116,685121,Beau Philip,2022,High-A,South Atlantic League,Rome Braves,23,3,0.09119077781139753
677060-2022-116,677060,Chad Stevens,2022,High-A,South Atlantic League,Asheville Tourists,23,1,0.06330634280027245
694497-2022-116,694497,Evan Carter,2022,High-A,South Atlantic League,Hickory Crawdads,19,4,0.015521637745594069
695587-2022-116,695587,Bryson Horne,2022,High-A,South Atlantic League,Rome Braves,23,3,0.0901383319527498
670919-2022-116,670919,Luis Santana,2022,High-A,South Atlantic League,Asheville Tourists,22,2,0.03213688644640412
694377-2022-116,694377,Nick Yorke,2022,High-A,South Atlantic League,Greenville Drive,20,1,0.14441771527784916
701648-2022-116,701648,Aaron Zavala,2022,High-A,South Atlantic League,Hickory Crawdads,22,1,0.031612202209375724
671276-2022-116,671276,Yasel Antuna,2022,High-A,South Atlantic League,Wilmington Blue Rocks,22,1,0.113890786475568
682685-2022-116,682685,Cristian Gonzalez,2022,High-A,South Atlantic League,Asheville Tourists,20,2,0.1442164626405502
687431-2022-116,687431,Hudson Head,2022,High-A,South Atlantic League,Greensboro Grasshoppers,21,3,0.24867374795635325
665827-2022-116,665827,Harvin Mendoza,2022,High-A,South Atlantic League,Winston-Salem Dash,23,2,0.05176483952478266
677068-2022-116,677068,Tyler Osik,2022,High-A,South Atlantic League,Winston-Salem Dash,25,3,0.2521939864579061
688403-2022-116,688403,Michael Sandle,2022,High-A,South Atlantic League,Asheville Tourists,23,2,0.15962350524135172
669451-2022-116,669451,Chris Seise,2022,High-A,South Atlantic League,Hickory Crawdads,23,3,0.27361988135674714
675961-2022-116,675961,Alika Williams,2022,High-A,South Atlantic League,Bowling Green Hot Rods,23,1,0.1859468259549802
669363-2022-116,669363,Jacob Gonzalez,2022,High-A,South Atlantic League,Greensboro Grasshoppers,24,2,0.38353722974043597
665850-2022-116,665850,Cristian Inoa,2022,High-A,South Atlantic League,Hickory Crawdads,22,2,0.11448451907366478
694812-2022-116,694812,Tyler McDonough,2022,High-A,South Atlantic League,Greenville Drive,23,3,0.22447330168445626
681941-2022-116,681941,Jaylen Palmer,2022,High-A,South Atlantic League,Brooklyn Cyclones,21,3,0.11043035007792318
688682-2022-116,688682,Cooper Bowman,2022,High-A,South Atlantic League,Hudson Valley Renegades,22,4,0.13024504243916998
682182-2022-116,682182,J.C. Correa,2022,High-A,South Atlantic League,Asheville Tourists,23,2,0.3489714306954945
665989-2022-116,665989,Shervyen Newton,2022,High-A,South Atlantic League,Brooklyn Cyclones,23,3,0.09662597920935653
672692-2022-116,672692,Jose Peroza,2022,High-A,South Atlantic League,Brooklyn Cyclones,22,3,-0.018528300531480284
688449-2022-116,688449,TT Bowens,2022,High-A,South Atlantic League,Aberdeen IronBirds,24,3,0.3470606385690875
686601-2022-116,686601,Drew Campbell,2022,High-A,South Atlantic League,Rome Braves,24,4,0.01194889340851351
668752-2022-116,668752,Duke Ellis,2022,High-A,South Atlantic League,Winston-Salem Dash,24,4,0.21099245535389327
666141-2022-116,666141,Drew Mendoza,2022,High-A,South Atlantic League,Wilmington Blue Rocks,24,1,0.12978040381523706
681159-2022-116,681159,Ethan Wilson,2022,High-A,South Atlantic League,Jersey Shore BlueClaws,22,4,0.05573176921420998
681286-2022-116,681286,JT Schwartz,2022,High-A,South Atlantic League,Brooklyn Cyclones,22,3,0.008907231945341551
678362-2022-116,678362,Gilberto Jimenez,2022,High-A,South Atlantic League,Greenville Drive,21,4,0.019102126696655248
676045-2022-116,676045,Casey Martin,2022,High-A,South Atlantic League,Jersey Shore BlueClaws,23,2,0.03192686106792071
672750-2022-116,672750,Ricardo Méndez,2022,High-A,South Atlantic League,Wilmington Blue Rocks,22,2,0.16964156241704426
672566-2022-116,672566,José Sánchez,2022,High-A,South Atlantic League,Wilmington Blue Rocks,21,2,0.3193707459811976
677601-2022-116,677601,Keyber Rodriguez,2022,High-A,South Atlantic League,Hickory Crawdads,21,2,0.2636164620390972
689822-2022-116,689822,Matt Rudick,2022,High-A,South Atlantic League,Brooklyn Cyclones,23,2,0.08625092980433258
702250-2022-116,702250,Jared Carr,2022,High-A,South Atlantic League,Jersey Shore BlueClaws,23,4,0.07522480647913077
672479-2022-116,672479,Aldenis Sanchez,2022,High-A,South Atlantic League,Hudson Valley Renegades,23,4,0.0987030615200971
656666-2022-111,656666,Drew Lugbauer,2022,Double-A,Southern League,Mississippi Braves,25,1,0.13639272264440327
665052-2022-111,665052,Griffin Conine,2022,Double-A,Southern League,Pensacola Blue Wahoos,24,3,0.09660626278814656
666632-2022-111,666632,Yonathan Perlaza,2022,Double-A,Southern League,Tennessee Smokies,23,1,0.2112169931777535
670286-2022-111,670286,Craig Dedelow,2022,Double-A,Southern League,Birmingham Barons,27,1,0.1015892280524595
668664-2022-111,668664,Chase Strumpf,2022,Double-A,Southern League,Tennessee Smokies,24,1,0.08180689693238467
687478-2022-111,687478,Cam Devanney,2022,Double-A,Southern League,Biloxi Shuckers,25,1,0.137177370158174
670237-2022-111,670237,Jake Slaughter,2022,Double-A,Southern League,Tennessee Smokies,25,4,-0.014007995562909164
673461-2022-111,673461,Yoelqui Céspedes,2022,Double-A,Southern League,Birmingham Barons,24,4,0.024102533415126703
686759-2022-111,686759,TJ Hopkins,2022,Double-A,Southern League,Chattanooga Lookouts,25,1,0.1413820775106704
680574-2022-111,680574,Matt McLain,2022,Double-A,Southern League,Chattanooga Lookouts,22,1,0.19504783737771253
670224-2022-111,670224,Kameron Misner,2022,Double-A,Southern League,Montgomery Biscuits,24,3,0.04917351985651106
686894-2022-111,686894,Joey Wiemer,2022,Double-A,Southern League,Biloxi Shuckers,23,3,0.06441004851088349
689172-2022-111,689172,Brett Wisely,2022,Double-A,Southern League,Montgomery Biscuits,23,4,-0.009563570335891192
669326-2022-111,669326,Bryce Teodosio,2022,Double-A,Southern League,Rocket City Trash Pandas,23,3,-0.009527433563225654
682192-2022-111,682192,Paul McIntosh,2022,Double-A,Southern League,Pensacola Blue Wahoos,24,3,-0.02151595042900627
666186-2022-111,666186,Thomas Dillard,2022,Double-A,Southern League,Biloxi Shuckers,24,3,0.061479538907321024
672279-2022-111,672279,Michael Siani,2022,Double-A,Southern League,Chattanooga Lookouts,22,4,0.20040162912499798
680589-2022-111,680589,Felix Valerio,2022,Double-A,Southern League,Biloxi Shuckers,21,1,0.037480289602723205
668787-2022-111,668787,Bryce Ball,2022,Double-A,Southern League,Tennessee Smokies,23,3,0.023244701249268945
670867-2022-111,670867,Kevin Maitan,2022,Double-A,Southern League,Rocket City Trash Pandas,22,3,0.3329010613766808
679563-2022-111,679563,José Rodríguez,2022,Double-A,Southern League,Birmingham Barons,21,4,0.04287880675407473
687859-2022-111,687859,Troy Johnston,2022,Double-A,Southern League,Pensacola Blue Wahoos,25,2,0.20654786122758956
663692-2022-111,663692,Jalen Miller,2022,Double-A,Southern League,Mississippi Braves,25,2,0.054814872439412375
641945-2022-111,641945,Preston Palmeiro,2022,Double-A,Southern League,Rocket City Trash Pandas,27,2,0.33794861607704896
670869-2022-111,670869,Livan Soto,2022,Double-A,Southern League,Rocket City Trash Pandas,22,2,0.07573832087535254
664697-2022-111,664697,Cobie Fletcher-Vance,2022,Double-A,Southern League,Pensacola Blue Wahoos,24,2,0.37328437173540296
676629-2022-111,676629,Riley Delgado,2022,Double-A,Southern League,Mississippi Braves,27,2,0.22940024832558709
660681-2022-109,660681,Leandro Cedeño,2022,Double-A,Texas League,Amarillo Sod Poodles,23,3,0.2086885581599907
669899-2022-109,669899,Ryan Ward,2022,Double-A,Texas League,Tulsa Drillers,24,1,0.1951706613937827
681624-2022-109,681624,Andy Pages,2022,Double-A,Texas League,Tulsa Drillers,21,1,0.37907338117171874
688760-2022-109,688760,Blaine Crim,2022,Double-A,Texas League,Frisco RoughRiders,25,2,0.1324841058223553
686781-2022-109,686781,Brandon Lewis,2022,Double-A,Texas League,Tulsa Drillers,23,1,0.19152498357090025
666143-2022-109,666143,Joe Rizzo,2022,Double-A,Texas League,Arkansas Travelers,24,2,0.02335437921460422
676595-2022-109,676595,Jake Scheiner,2022,Double-A,Texas League,Arkansas Travelers,26,1,0.3151264859570217
688869-2022-109,688869,Justin Dirden,2022,Double-A,Texas League,Corpus Christi Hooks,24,3,0.06871400579136484
687799-2022-109,687799,Cade Marlowe,2022,Double-A,Texas League,Arkansas Travelers,25,3,0.06196183968277528
668832-2022-109,668832,Kyle McCann,2022,Double-A,Texas League,Midland RockHounds,24,3,0.20101263376440479
674671-2022-109,674671,Robbie Glendinning,2022,Double-A,Texas League,Northwest Arkansas Naturals,26,3,0.17234395361630495
691023-2022-109,691023,Jordan Walker,2022,Double-A,Texas League,Springfield Cardinals,20,3,0.09834595685817471
694376-2022-109,694376,Shay Whitcomb,2022,Double-A,Texas League,Corpus Christi Hooks,23,1,0.12945760874013287
687957-2022-109,687957,Dustin Harris,2022,Double-A,Texas League,Frisco RoughRiders,22,1,0.28861750626774196
666397-2022-109,666397,Edouard Julien,2022,Double-A,Texas League,Wichita Wind Surge,23,3,0.2725499146457157
666197-2022-109,666197,Grae Kessinger,2022,Double-A,Texas League,Corpus Christi Hooks,24,1,0.22198662996967639
665890-2022-109,665890,Seuly Matias,2022,Double-A,Texas League,Northwest Arkansas Naturals,23,1,0.17112433446970224
677800-2022-109,677800,Wilyer Abreu,2022,Double-A,Texas League,Corpus Christi Hooks,23,1,0.19026962228290656
672478-2022-109,672478,Jordan Diaz,2022,Double-A,Texas League,Midland RockHounds,21,2,0.10568619514981772
679822-2022-109,679822,Justin Foscue,2022,Double-A,Texas League,Frisco RoughRiders,23,1,0.024615590740664325
660857-2022-109,660857,Yorman Rodriguez,2022,Double-A,Texas League,San Antonio Missions,24,2,0.3694959828509639
669722-2022-109,669722,Logan Davidson,2022,Double-A,Texas League,Midland RockHounds,24,3,0.1619247315083961
676113-2022-109,676113,Zach DeLoach,2022,Double-A,Texas League,Arkansas Travelers,23,1,0.10980397259895731
689288-2022-109,689288,Matt Koperniak,2022,Double-A,Texas League,Springfield Cardinals,24,2,0.05230394269463676
680716-2022-109,680716,Jonathan Ornelas,2022,Double-A,Texas League,Frisco RoughRiders,22,3,0.08298148352071032
670231-2022-109,670231,John Rave,2022,Double-A,Texas League,Northwest Arkansas Naturals,24,3,0.08683493303842438
680869-2022-109,680869,Zack Gelof,2022,Double-A,Texas League,Midland RockHounds,22,3,0.23419324902468328
678489-2022-109,678489,Jorge Barrosa,2022,Double-A,Texas League,Amarillo Sod Poodles,21,4,0.05090547715060489
666124-2022-109,666124,Luke Berryhill,2022,Double-A,Texas League,Corpus Christi Hooks,24,3,0.09080566977898917
674646-2022-109,674646,Tucker Bradley,2022,Double-A,Texas League,Northwest Arkansas Naturals,24,3,-0.020639527161068993
679845-2022-109,679845,Nick Loftin,2022,Double-A,Texas League,Northwest Arkansas Naturals,23,2,0.2547884456304729
687659-2022-109,687659,Kaden Polcovich,2022,Double-A,Texas League,Arkansas Travelers,23,1,0.13774256078960578
666452-2022-109,666452,Eduardo Diaz,2022,Double-A,Texas League,Amarillo Sod Poodles,24,2,0.030980959287906326
689374-2022-109,689374,Jake Means,2022,Double-A,Texas League,Northwest Arkansas Naturals,26,1,0.23478641776484602
691026-2022-109,691026,Masyn Winn,2022,Double-A,Texas League,Springfield Cardinals,20,4,-0.03191772161535826
677223-2022-109,677223,Jack Larsen,2022,Double-A,Texas League,Arkansas Travelers,27,2,0.0867512873234775
642736-2022-109,642736,Domingo Leyba,2022,Double-A,Texas League,San Antonio Missions,26,1,0.1189615138271951
663618-2022-109,663618,Josh Stowers,2022,Double-A,Texas League,Frisco RoughRiders,25,1,0.2858346989289329
687005-2022-109,687005,Kellen Strahm,2022,Double-A,Texas League,Frisco RoughRiders,25,3,0.21423066804782498
656431-2022-109,656431,Ti'Quan Forbes,2022,Double-A,Texas League,Amarillo Sod Poodles,25,3,-0.0013315946551600189
667442-2022-109,667442,Connor Hollis,2022,Double-A,Texas League,San Antonio Missions,27,3,0.10800929392445496
624523-2022-109,624523,Riley Unroe,2022,Double-A,Texas League,Arkansas Travelers,26,4,0.018312792365228068
657144-2022-109,657144,Justin Yurchak,2022,Double-A,Texas League,Tulsa Drillers,25,2,0.2217481225098783
680709-2022-109,680709,Nick Dunn,2022,Double-A,Texas League,Springfield Cardinals,25,2,0.22485058161531715
680577-2022-109,680577,DaShawn Keirsey Jr.,2022,Double-A,Texas League,Wichita Wind Surge,25,4,0.2262353773457139
672359-2022-109,672359,Tirso Ornelas,2022,Double-A,Texas League,San Antonio Missions,22,3,0.05367146274659907
682079-2022-109,682079,Chase Calabuig,2022,Double-A,Texas League,Midland RockHounds,26,2,0.14080025501405002
668885-2022-109,668885,Austin Martin,2022,Double-A,Texas League,Wichita Wind Surge,23,4,0.0021079384350605602
667749-2022-109,667749,Juan Fernandez,2022,Double-A,Texas League,San Antonio Missions,23,2,0.1971668778537951
699073-2023-110,699073,Thayron Liranzo,2023,Low-A,California League,Rancho Cucamonga Quakes,19,3,0.15127255066828854
676038-2023-110,676038,Skyler Messinger,2023,Low-A,California League,Fresno Grizzlies,24,3,0.03529644491155617
695521-2023-110,695521,Gavin Conticello,2023,Low-A,California League,Visalia Rawhide,20,1,0.23253652766254912
703607-2023-110,703607,Henry Bolte,2023,Low-A,California League,Stockton Ports,19,3,0.09990639171957505
699061-2023-110,699061,Rayne Doncon,2023,Low-A,California League,Rancho Cucamonga Quakes,19,2,0.11636741423872492
694214-2023-110,694214,Samuel Zavala,2023,Low-A,California League,Lake Elsinore Storm,18,1,0.07622184282460191
681044-2023-110,681044,EJ Andrews Jr.,2023,Low-A,California League,Fresno Grizzlies,22,1,0.282242470146823
682732-2023-110,682732,Gabriel Moncada,2023,Low-A,California League,Modesto Nuts,21,3,0.03613628885134411
701864-2023-110,701864,Griffin Doersching,2023,Low-A,California League,Lake Elsinore Storm,24,1,0.3289827007087234
681377-2023-110,681377,Josh Hood,2023,Low-A,California League,Modesto Nuts,22,2,0.034283302227699285
689909-2023-110,689909,Jadiel Sanchez,2023,Low-A,California League,Inland Empire 66ers,22,2,0.2156326746135938
684109-2023-110,684109,Jesus Bugarin,2023,Low-A,California League,Fresno Grizzlies,21,2,0.1006783721936841
682630-2023-110,682630,Alvin Guzman,2023,Low-A,California League,Visalia Rawhide,21,3,0.05100736552022673
681201-2023-110,681201,Tanner O'Tremba,2023,Low-A,California League,San Jose Giants,23,3,0.07536494132444631
694196-2023-110,694196,Diego Velasquez,2023,Low-A,California League,San Jose Giants,19,2,0.11256959583060831
694203-2023-110,694203,Denzer Guzman,2023,Low-A,California League,Inland Empire 66ers,19,3,0.04219217897919856
692222-2023-110,692222,Jose Izarra,2023,Low-A,California League,Rancho Cucamonga Quakes,21,1,0.15094177647982893
686744-2023-110,686744,Jake Snider,2023,Low-A,California League,Fresno Grizzlies,25,3,0.03304706604602042
683665-2023-110,683665,Alexander Suarez,2023,Low-A,California League,San Jose Giants,21,4,0.10925226508479663
699912-2023-110,699912,Jose Fernandez,2023,Low-A,California League,Visalia Rawhide,19,2,0.14516874869424795
702284-2023-110,702284,Cole Young,2023,Low-A,California League,Modesto Nuts,19,2,0.176531083905229
700164-2023-110,700164,Bryant Betancourt,2023,Low-A,California League,Fresno Grizzlies,19,2,0.3479419372790368
698916-2023-110,698916,Rosman Verdugo,2023,Low-A,California League,Lake Elsinore Storm,18,1,0.05163606991668098
703185-2023-110,703185,Nelson Rada,2023,Low-A,California League,Inland Empire 66ers,17,4,0.1613810290148818
692374-2023-110,692374,Jose Ramos,2023,Low-A,California League,San Jose Giants,20,4,0.13348251600612487
699232-2023-110,699232,Anderdson Rojas,2023,Low-A,California League,Visalia Rawhide,19,2,0.3009884017405756
671080-2023-110,671080,Jeremy Arocho,2023,Low-A,California League,Inland Empire 66ers,24,4,0.26009312962020925
805737-2023-110,805737,Bjay Cooke,2023,Low-A,California League,Stockton Ports,20,3,0.08714111186811979
700321-2023-110,700321,Andy Perez,2023,Low-A,California League,Fresno Grizzlies,19,2,0.2099109474597223
683529-2023-110,683529,Milkar Perez,2023,Low-A,California League,Modesto Nuts,21,3,0.2434452158232951
684494-2023-122,684494,Jeremy Celedonio,2023,Low-A,Carolina League,Augusta GreenJackets,21,3,0.04974938351501
689531-2023-122,689531,Brett Squires,2023,Low-A,Carolina League,Columbia Fireflies,23,3,0.10029188831421354
685776-2023-122,685776,Stiven Acevedo,2023,Low-A,Carolina League,Delmarva Shorebirds,20,4,0.11234358419799213
701778-2023-122,701778,Jace Avina,2023,Low-A,Carolina League,Carolina Mudcats,20,1,0.27926450299300476
800060-2023-122,800060,Xavier Isaac,2023,Low-A,Carolina League,Charleston RiverDogs,19,3,-0.006537105074835947
696513-2023-122,696513,Andy Garriola,2023,Low-A,Carolina League,Myrtle Beach Pelicans,23,2,0.1705153602715943
801600-2023-122,801600,Bryce Willits,2023,Low-A,Carolina League,Kannapolis Cannon Ballers,23,1,-0.0058825379168715875
702726-2023-122,702726,Luke Adams,2023,Low-A,Carolina League,Carolina Mudcats,19,1,0.07293925181644847
691410-2023-122,691410,Jose Devers,2023,Low-A,Carolina League,Lynchburg Hillcats,20,4,0.17666802267085768
691476-2023-122,691476,Luis Encarnacion,2023,Low-A,Carolina League,Fayetteville Woodpeckers,20,2,0.318684574570696
695692-2023-122,695692,Cooper Kinney,2023,Low-A,Carolina League,Charleston RiverDogs,20,2,0.1953757693309738
691797-2023-122,691797,Ryan Spikes,2023,Low-A,Carolina League,Charleston RiverDogs,20,4,-0.01916270935237472
699213-2023-122,699213,Gleider Figuereo,2023,Low-A,Carolina League,Down East Wood Ducks,19,2,0.039324362497912706
699816-2023-122,699816,Jackson Loftin,2023,Low-A,Carolina League,Fayetteville Woodpeckers,23,4,0.19155950090694474
701424-2023-122,701424,JoJo Blackmon,2023,Low-A,Carolina League,Down East Wood Ducks,20,3,0.03307334560424701
802991-2023-122,802991,E.J. Exposito,2023,Low-A,Carolina League,Augusta GreenJackets,22,1,0.21516785387911433
699393-2023-122,699393,Pedro Ramírez,2023,Low-A,Carolina League,Myrtle Beach Pelicans,19,2,0.12315347824534878
682662-2023-122,682662,Rafael Morel,2023,Low-A,Carolina League,Myrtle Beach Pelicans,21,4,0.07179282559447556
691497-2023-122,691497,Lizandro Rodriguez,2023,Low-A,Carolina League,Columbia Fireflies,20,4,-0.010168831692854815
694222-2023-122,694222,Ambioris Tavarez,2023,Low-A,Carolina League,Augusta GreenJackets,19,3,0.08921247716083669
686404-2023-122,686404,Wuilfredo Antunez,2023,Low-A,Carolina League,Lynchburg Hillcats,21,2,0.002232793393490002
698945-2023-122,698945,Anderson De Los Santos,2023,Low-A,Carolina League,Delmarva Shorebirds,19,2,0.06142588084209945
691252-2023-122,691252,Jhon Diaz,2023,Low-A,Carolina League,Charleston RiverDogs,20,4,-0.006072580999558428
695744-2023-122,695744,Ian Moller,2023,Low-A,Carolina League,Down East Wood Ducks,20,1,0.22668710164760578
699144-2023-122,699144,Luis Ravelo,2023,Low-A,Carolina League,Salem Red Sox,19,2,0.12544154350911524
699130-2023-122,699130,Jadher Areinamo,2023,Low-A,Carolina League,Carolina Mudcats,19,2,0.22625286272456616
694227-2023-122,694227,Danyer Cueva,2023,Low-A,Carolina League,Down East Wood Ducks,19,3,0.036159202042209945
694183-2023-122,694183,Cristian Hernández,2023,Low-A,Carolina League,Myrtle Beach Pelicans,19,4,0.1873860492066685
805763-2023-122,805763,Drake Logan,2023,Low-A,Carolina League,Kannapolis Cannon Ballers,22,3,0.18645374591885694
692453-2023-122,692453,Roismar Quintana,2023,Low-A,Carolina League,Fredericksburg Nationals,20,3,0.25209642723634096
684976-2023-122,684976,Johnathon Thomas,2023,Low-A,Carolina League,Fredericksburg Nationals,23,4,0.28242906721145844
691405-2023-122,691405,Juan Benjamin,2023,Low-A,Carolina League,Lynchburg Hillcats,20,4,0.1512529158989283
694182-2023-122,694182,Armando Cruz,2023,Low-A,Carolina League,Fredericksburg Nationals,19,2,0.26942660658722084
678706-2023-122,678706,Reivaj Garcia,2023,Low-A,Carolina League,Myrtle Beach Pelicans,21,4,0.06478149083258973
694187-2023-122,694187,Daniel Vazquez,2023,Low-A,Carolina League,Columbia Fireflies,19,4,0.13328437038546026
677356-2023-122,677356,Carter Young,2023,Low-A,Carolina League,Delmarva Shorebirds,22,1,0.09483482643866278
683539-2023-122,683539,Cristopher Barete,2023,Low-A,Carolina League,Charleston RiverDogs,21,4,0.16805292594754576
680519-2023-122,680519,Mario Camilletti,2023,Low-A,Carolina League,Kannapolis Cannon Ballers,24,3,0.11272524997725694
699126-2023-122,699126,Gregory Barrios,2023,Low-A,Carolina League,Carolina Mudcats,19,2,0.14355301943717957
686956-2023-122,686956,Adam Crampton,2023,Low-A,Carolina League,Delmarva Shorebirds,22,4,-0.027405749503070544
802415-2023-122,802415,Chandler Simpson,2023,Low-A,Carolina League,Charleston RiverDogs,22,4,0.1697871841259935
696100-2023-113,696100,Hunter Goodman,2023,Double-A,Eastern League,Hartford Yard Goats,23,1,0.2927190374464936
695257-2023-113,695257,Billy Cook,2023,Double-A,Eastern League,Bowie Baysox,24,1,0.27911176509765157
678926-2023-113,678926,Carlos De La Cruz,2023,Double-A,Eastern League,Reading Fightin Phils,23,3,0.19827414053003323
686554-2023-113,686554,Oliver Dunn,2023,Double-A,Eastern League,Reading Fightin Phils,25,3,0.20378444023549716
671913-2023-113,671913,Damiano Palmegiani,2023,Double-A,Eastern League,New Hampshire Fisher Cats,23,1,0.22809247337907684
683770-2023-113,683770,Will Robertson,2023,Double-A,Eastern League,New Hampshire Fisher Cats,25,1,0.32027762469501597
677570-2023-113,677570,Aaron Bracho,2023,Double-A,Eastern League,Akron RubberDucks,22,1,0.35985896710639115
672361-2023-113,672361,Agustin Ruiz,2023,Double-A,Eastern League,Binghamton Rumble Ponies,23,1,0.3627659160154638
685301-2023-113,685301,Matt Gorski,2023,Double-A,Eastern League,Altoona Curve,25,1,0.1918383395213484
680693-2023-113,680693,Grant Lavigne,2023,Double-A,Eastern League,Hartford Yard Goats,23,1,0.10793414795562088
687981-2023-113,687981,John Rhodes,2023,Double-A,Eastern League,Bowie Baysox,22,1,0.3392494384450151
681159-2023-113,681159,Ethan Wilson,2023,Double-A,Eastern League,Reading Fightin Phils,23,1,0.27370227914769213
691176-2023-113,691176,Jasson Domínguez,2023,Double-A,Eastern League,Somerset Patriots,20,4,0.09146205546161798
678837-2023-113,678837,Bladimir Restituyo,2023,Double-A,Eastern League,Hartford Yard Goats,21,2,0.24603089655791796
669360-2023-113,669360,Trei Cruz,2023,Double-A,Eastern League,Erie SeaWolves,24,1,0.2906504395014328
687724-2023-113,687724,Jake Holton,2023,Double-A,Eastern League,Erie SeaWolves,25,2,0.1650590749817664
666177-2023-113,666177,Carter Aldrete,2023,Double-A,Eastern League,Richmond Flying Squirrels,25,1,0.22996957079693725
663979-2023-113,663979,Kyle Datres,2023,Double-A,Eastern League,Hartford Yard Goats,27,3,0.0326034971840363
679821-2023-113,679821,Rowdey Jordan,2023,Double-A,Eastern League,Binghamton Rumble Ponies,24,1,0.2048776683321206
701162-2023-113,701162,Ben Malgeri,2023,Double-A,Eastern League,Erie SeaWolves,23,1,0.1158558118540329
700242-2023-113,700242,Trey Sweeney,2023,Double-A,Eastern League,Somerset Patriots,23,1,0.20485084170381462
694377-2023-113,694377,Nick Yorke,2023,Double-A,Eastern League,Portland Sea Dogs,21,3,0.149145126189941
676762-2023-113,676762,Frankie Tostado,2023,Double-A,Eastern League,Harrisburg Senators,25,2,0.2120897964301868
682657-2023-113,682657,Angel Martínez,2023,Double-A,Eastern League,Akron RubberDucks,21,2,0.01549044548597428
673990-2023-113,673990,Andy Thomas,2023,Double-A,Eastern League,Richmond Flying Squirrels,25,1,0.021616359553313362
682877-2023-113,682877,Juan Brito,2023,Double-A,Eastern League,Akron RubberDucks,21,1,0.1184013721547965
672692-2023-113,672692,Jose Peroza,2023,Double-A,Eastern League,Binghamton Rumble Ponies,23,3,0.06984956568185359
671271-2023-113,671271,Jeisson Rosario,2023,Double-A,Eastern League,Somerset Patriots,23,1,0.12243032379646931
690984-2023-113,690984,Petey Halpin,2023,Double-A,Eastern League,Akron RubberDucks,21,1,0.09827650982168701
689651-2023-113,689651,Phillip Sikes,2023,Double-A,Eastern League,Portland Sea Dogs,24,1,0.12181906855637514
687019-2023-113,687019,Andrés Alvarez,2023,Double-A,Eastern League,Altoona Curve,26,1,0.04985173910047974
670208-2023-113,670208,Matt Fraizer,2023,Double-A,Eastern League,Altoona Curve,25,4,-0.0020972901860116895
690987-2023-113,690987,Robert Hassell III,2023,Double-A,Eastern League,Harrisburg Senators,21,3,0.19460952151284347
676024-2023-113,676024,Donta' Williams,2023,Double-A,Eastern League,Bowie Baysox,24,4,0.00412665515656276
672642-2023-113,672642,Steward Berroa,2023,Double-A,Eastern League,New Hampshire Fisher Cats,24,4,0.1079886022136052
805367-2023-113,805367,Chase Meidroth,2023,Double-A,Eastern League,Portland Sea Dogs,21,3,0.12867016202648845
681468-2023-113,681468,Corey Rosier,2023,Double-A,Eastern League,Portland Sea Dogs,23,4,0.27281194835687017
657010-2023-113,657010,Madison Stokes,2023,Double-A,Eastern League,Reading Fightin Phils,27,1,0.16851058890079082
686793-2023-113,686793,J.T. Arruda,2023,Double-A,Eastern League,Harrisburg Senators,25,4,0.19324823923110673
701634-2023-113,701634,Connor Kokx,2023,Double-A,Eastern League,Akron RubberDucks,23,4,0.18157135903363006
696281-2023-113,696281,Wyatt Young,2023,Double-A,Eastern League,Binghamton Rumble Ponies,23,2,0.03137939237318972
683616-2023-123,683616,Rodolfo Nolasco,2023,Low-A,Florida State League,Bradenton Marauders,21,3,-0.018380040940664505
691858-2023-123,691858,Jared Serna,2023,Low-A,Florida State League,Tampa Tarpons,21,2,0.1533236591061934
683079-2023-123,683079,Omar Martinez,2023,Low-A,Florida State League,Tampa Tarpons,21,1,0.11076509460416864
699302-2023-123,699302,Héctor Rodríguez,2023,Low-A,Florida State League,Daytona Tortugas,19,2,0.12880312573053188
702906-2023-123,702906,Wilfredo Lara,2023,Low-A,Florida State League,St. Lucie Mets,19,1,0.043030774169833155
686438-2023-123,686438,Rubel Cespedes,2023,Low-A,Florida State League,Fort Myers Mighty Mussels,22,2,0.051622878788300845
682627-2023-123,682627,Jose De La Cruz,2023,Low-A,Florida State League,Lakeland Flying Tigers,21,3,0.12801379123433107
694184-2023-123,694184,Cristian Santana,2023,Low-A,Florida State League,Lakeland Flying Tigers,19,1,0.24806799793071
694185-2023-123,694185,Danny De Andrade,2023,Low-A,Florida State League,Fort Myers Mighty Mussels,19,1,0.16923551094058065
691627-2023-123,691627,Ricardo Olivar,2023,Low-A,Florida State League,Fort Myers Mighty Mussels,21,3,0.25873283518212165
701398-2023-123,701398,Sal Stewart,2023,Low-A,Florida State League,Daytona Tortugas,19,3,0.00934166009847711
699115-2023-123,699115,Carlos Jorge,2023,Low-A,Florida State League,Daytona Tortugas,19,4,0.14059843634167588
691927-2023-123,691927,Enmanuel Terrero,2023,Low-A,Florida State League,Bradenton Marauders,20,4,0.007521491660713828
695491-2023-123,695491,Joshua Báez,2023,Low-A,Florida State League,Palm Beach Cardinals,20,1,0.11823060970771143
800231-2023-123,800231,Won-Bin Cho,2023,Low-A,Florida State League,Palm Beach Cardinals,19,4,0.2474313527104808
692371-2023-123,692371,Lizandro Espinoza,2023,Low-A,Florida State League,Palm Beach Cardinals,20,2,0.03260949937627335
693808-2023-123,693808,Daury Arias,2023,Low-A,Florida State League,Tampa Tarpons,21,2,0.2560076488371498
694202-2023-123,694202,Manuel Beltre,2023,Low-A,Florida State League,Dunedin Blue Jays,19,2,0.29502997951541
702253-2023-123,702253,Cam Collier,2023,Low-A,Florida State League,Daytona Tortugas,18,3,0.0458176006157188
694200-2023-123,694200,Ariel Almonte,2023,Low-A,Florida State League,Daytona Tortugas,19,3,0.11819365056874995
691588-2023-123,691588,Ian Lewis Jr.,2023,Low-A,Florida State League,Jupiter Hammerheads,20,4,0.08872428026609545
689355-2023-123,689355,Brett Roberts,2023,Low-A,Florida State League,Jupiter Hammerheads,22,2,0.12497737198222249
702283-2023-123,702283,Tucker Toman,2023,Low-A,Florida State League,Dunedin Blue Jays,19,3,0.007373331636937551
700931-2023-123,700931,Seth Stephenson,2023,Low-A,Florida State League,Lakeland Flying Tigers,22,4,0.27839486759095977
691601-2023-123,691601,Brenny Escanio,2023,Low-A,Florida State League,Tampa Tarpons,20,4,-0.0126732522209216
694193-2023-123,694193,Victor Acosta,2023,Low-A,Florida State League,Daytona Tortugas,19,2,0.25953607458243255
683152-2023-123,683152,Michael Curialle,2023,Low-A,Florida State League,Palm Beach Cardinals,22,3,0.234684965518235
696291-2023-123,696291,Jordan McCants,2023,Low-A,Florida State League,Jupiter Hammerheads,21,4,0.16487781837376875
701437-2023-123,701437,Jaden Rudd,2023,Low-A,Florida State League,Dunedin Blue Jays,20,4,0.09691217906137885
692944-2023-123,692944,Kevin Villavicencio,2023,Low-A,Florida State League,St. Lucie Mets,19,2,0.08620466588655458
702708-2023-123,702708,Emaarion Boyd,2023,Low-A,Florida State League,Clearwater Threshers,19,4,0.1572263410270579
691913-2023-123,691913,Jesus Castillo,2023,Low-A,Florida State League,Bradenton Marauders,19,4,0.1338547150309524
701010-2023-123,701010,Roque Salinas,2023,Low-A,Florida State League,Dunedin Blue Jays,20,2,0.32698850268224416
691594-2023-123,691594,Javier Sanoja,2023,Low-A,Florida State League,Jupiter Hammerheads,20,4,0.017848067504845293
666915-2023-117,666915,Bobby Dalbec,2023,Triple-A,International League,Worcester Red Sox,28,1,0.018331152252631638
642215-2023-117,642215,Weston Wilson,2023,Triple-A,International League,Lehigh Valley IronPigs,28,1,0.10835446393181862
664332-2023-117,664332,Moisés Gómez,2023,Triple-A,International League,Memphis Redbirds,24,1,0.3220598038284048
656484-2023-117,656484,Tristan Gray,2023,Triple-A,International League,Durham Bulls,27,1,0.29404945576417574
664314-2023-117,664314,Estevan Florial,2023,Triple-A,International League,Scranton/Wilkes-Barre RailRiders,25,3,0.06152069786114496
678877-2023-117,678877,Jhonkensy Noel,2023,Triple-A,International League,Columbus Clippers,21,1,0.25347584429766645
666464-2023-117,666464,Jerar Encarnacion,2023,Triple-A,International League,Jacksonville Jumbo Shrimp,25,3,0.18045093277337856
666018-2023-117,666018,Jonathan Aranda,2023,Triple-A,International League,Durham Bulls,25,3,0.0714666263193246
665953-2023-117,665953,Andrés Chaparro,2023,Triple-A,International League,Scranton/Wilkes-Barre RailRiders,24,1,0.27836511868959163
680814-2023-117,680814,Peyton Burdick,2023,Triple-A,International League,Jacksonville Jumbo Shrimp,26,1,0.20648589826631492
663905-2023-117,663905,Travis Blankenhorn,2023,Triple-A,International League,Rochester Red Wings,26,1,0.05790121363440678
623507-2023-117,623507,Josh Lester,2023,Triple-A,International League,Norfolk Tides,28,1,0.1942752915026383
669234-2023-117,669234,Justyn-Henry Malloy,2023,Triple-A,International League,Toledo Mud Hens,23,1,0.03760872797570192
677595-2023-117,677595,Ronny Mauricio,2023,Triple-A,International League,Syracuse Mets,22,2,0.0730962846937064
666632-2023-117,666632,Yonathan Perlaza,2023,Triple-A,International League,Iowa Cubs,24,3,0.015722385646598114
665180-2023-117,665180,Ruben Cardenas,2023,Triple-A,International League,Durham Bulls,25,1,0.1632303193915713
670223-2023-117,670223,Matt Mervis,2023,Triple-A,International League,Iowa Cubs,25,1,0.1868401200341927
608703-2023-117,608703,Matt Reynolds,2023,Triple-A,International League,Louisville Bats,32,1,0.07796710027926236
670237-2023-117,670237,Jake Slaughter,2023,Triple-A,International League,Iowa Cubs,26,1,0.03782437955563436
657562-2023-117,657562,Patrick Dorrian,2023,Triple-A,International League,Nashville Sounds,27,3,-0.008095381646809298
670224-2023-117,670224,Kameron Misner,2023,Triple-A,International League,Durham Bulls,25,1,0.06515818638430572
681393-2023-117,681393,Connor Norby,2023,Triple-A,International League,Norfolk Tides,23,3,0.10706821755592826
642197-2023-117,642197,Jamie Westbrook,2023,Triple-A,International League,Scranton/Wilkes-Barre RailRiders,28,2,0.026443250404343074
622682-2023-117,622682,Victor Reyes,2023,Triple-A,International League,Charlotte Knights,28,3,0.18925783014944197
678009-2023-117,678009,Parker Meadows,2023,Triple-A,International League,Toledo Mud Hens,23,1,0.3264201276165888
691026-2023-117,691026,Masyn Winn,2023,Triple-A,International League,Memphis Redbirds,21,2,0.024167580127221183
650331-2023-117,650331,Lewin Díaz,2023,Triple-A,International League,Norfolk Tides,26,1,0.25368825416238794
666152-2023-117,666152,David Hamilton,2023,Triple-A,International League,Worcester Red Sox,25,4,0.08510133729863895
680881-2023-117,680881,Niko Hulsizer,2023,Triple-A,International League,Durham Bulls,26,1,0.2798416290060702
700932-2023-117,700932,Kyle Manzardo,2023,Triple-A,International League,Columbus Clippers,22,1,0.29941565306899026
594953-2023-117,594953,Daniel Palka,2023,Triple-A,International League,Syracuse Mets,31,1,0.13264063266827364
609280-2023-117,609280,Miguel Andujar,2023,Triple-A,International League,Indianapolis Indians,28,2,0.12416480900975253
663662-2023-117,663662,Daz Cameron,2023,Triple-A,International League,Norfolk Tides,26,1,0.19018732561260518
641470-2023-117,641470,Zack Collins,2023,Triple-A,International League,Columbus Clippers,28,3,0.03784112664701294
694355-2023-117,694355,Tyler Gentry,2023,Triple-A,International League,Omaha Storm Chasers,24,1,0.07771464476327636
669699-2023-117,669699,Braden Shewmake,2023,Triple-A,International League,Gwinnett Stripers,25,2,0.20729310710932672
664057-2023-117,664057,Andrew Stevenson,2023,Triple-A,International League,St. Paul Saints,29,4,0.0448102123733008
676070-2023-117,676070,Jacob Amaya,2023,Triple-A,International League,Jacksonville Jumbo Shrimp,24,2,0.1788122219984901
666126-2023-117,666126,Carlos Cortes,2023,Triple-A,International League,Syracuse Mets,26,1,0.2668262466910375
605361-2023-117,605361,Nick Martini,2023,Triple-A,International League,Louisville Bats,33,1,0.15059886929536903
675986-2023-117,675986,Canaan Smith-Njigba,2023,Triple-A,International League,Indianapolis Indians,24,3,0.23340925767329243
660620-2023-117,660620,Jonathan Araúz,2023,Triple-A,International League,Syracuse Mets,24,1,0.31043348115211494
623520-2023-117,623520,David Bote,2023,Triple-A,International League,Iowa Cubs,30,1,0.05737751138259454
693304-2023-117,693304,Nick Gonzales,2023,Triple-A,International League,Indianapolis Indians,24,3,0.1858381558466332
689288-2023-117,689288,Matt Koperniak,2023,Triple-A,International League,Memphis Redbirds,25,2,0.20176467241384172
687588-2023-117,687588,Micah Pries,2023,Triple-A,International League,Columbus Clippers,25,1,0.19634491927836983
687823-2023-117,687823,Aaron Shackelford,2023,Triple-A,International League,Indianapolis Indians,26,1,0.36905730832182426
664068-2023-117,664068,Scott Kingery,2023,Triple-A,International League,Lehigh Valley IronPigs,29,1,0.14633190289621997
670148-2023-117,670148,Nate Mondou,2023,Triple-A,International League,Charlotte Knights,28,1,0.25526402325585845
682515-2023-117,682515,Logan Porter,2023,Triple-A,International League,Omaha Storm Chasers,27,1,0.2427415011297325
578570-2023-117,578570,Juniel Querecuto,2023,Triple-A,International League,Memphis Redbirds,30,1,0.16114067661359482
642020-2023-117,642020,Chuckie Robinson,2023,Triple-A,International League,Louisville Bats,28,2,0.06219111220416304
682177-2023-117,682177,Daniel Schneemann,2023,Triple-A,International League,Columbus Clippers,26,3,0.06194584379033953
672463-2023-117,672463,Rafael Lantigua,2023,Triple-A,International League,Buffalo Bisons,25,3,0.10124658072286867
670113-2023-117,670113,Jim Haley,2023,Triple-A,International League,Lehigh Valley IronPigs,28,3,-0.03354679243134454
686531-2023-117,686531,Andre Lipcius,2023,Triple-A,International League,Toledo Mud Hens,25,1,0.16352890320125563
664901-2023-117,664901,Danny Mendick,2023,Triple-A,International League,Syracuse Mets,29,2,0.31761740718887194
687462-2023-117,687462,Spencer Horwitz,2023,Triple-A,International League,Buffalo Bisons,25,3,0.10769208954769001
672279-2023-117,672279,Michael Siani,2023,Triple-A,International League,Memphis Redbirds,23,1,0.07360614500600682
687093-2023-117,687093,Vaughn Grissom,2023,Triple-A,International League,Gwinnett Stripers,22,2,0.030844902676196953
680700-2023-117,680700,Richie Palacios,2023,Triple-A,International League,Memphis Redbirds,26,2,0.21302709432460387
570560-2023-117,570560,Yolmer Sánchez,2023,Triple-A,International League,Gwinnett Stripers,31,1,0.2350543757421163
669392-2023-117,669392,Samad Taylor,2023,Triple-A,International League,Omaha Storm Chasers,24,4,0.1362721150361554
647351-2023-117,647351,Abraham Toro,2023,Triple-A,International League,Nashville Sounds,26,1,0.052638811773332066
657088-2023-117,657088,Forrest Wall,2023,Triple-A,International League,Gwinnett Stripers,27,4,0.21047186528163991
669364-2023-117,669364,Xavier Edwards,2023,Triple-A,International League,Jacksonville Jumbo Shrimp,23,2,0.08179338822118934
664670-2023-117,664670,Alejo Lopez,2023,Triple-A,International League,Louisville Bats,27,2,0.1438815123888291
665922-2023-117,665922,Símon Muzziotti,2023,Triple-A,International League,Lehigh Valley IronPigs,24,4,0.01995385708541634
677587-2023-117,677587,Brayan Rocchio,2023,Triple-A,International League,Columbus Clippers,22,2,0.17336484266184424
686765-2023-117,686765,Nick Sogard,2023,Triple-A,International League,Worcester Red Sox,25,4,-0.05015703570028206
677954-2023-117,677954,Jordan Groshans,2023,Triple-A,International League,Jacksonville Jumbo Shrimp,23,2,0.2694422159843172
671088-2023-117,671088,Tanner Morris,2023,Triple-A,International League,Buffalo Bisons,25,3,0.12564325443074195
668723-2023-117,668723,Ryan Vilade,2023,Triple-A,International League,Indianapolis Indians,24,3,0.22921418693291729
570481-2023-117,570481,Erik González,2023,Triple-A,International League,Charlotte Knights,31,2,0.1132888718324621
663968-2023-117,663968,Jake Mangum,2023,Triple-A,International League,Jacksonville Jumbo Shrimp,27,2,0.19746847887845673
678545-2023-117,678545,Osleivis Basabe,2023,Triple-A,International League,Durham Bulls,22,2,0.14568622272270332
671117-2023-117,671117,Darren Baker,2023,Triple-A,International League,Rochester Red Wings,24,4,0.002377968627576219
686490-2023-117,686490,Cam Eden,2023,Triple-A,International League,Buffalo Bisons,25,4,0.24308030267790792
621006-2023-117,621006,Richie Martin Jr.,2023,Triple-A,International League,Rochester Red Wings,28,4,0.15390629498933928
670298-2023-117,670298,Kramer Robertson,2023,Triple-A,International League,Memphis Redbirds,28,4,0.07185396842346717
691503-2023-117,691503,Yolbert Sanchez,2023,Triple-A,International League,Charlotte Knights,26,2,0.28421497982234734
693850-2023-118,693850,Kala'i Rosario,2023,High-A,Midwest League,Cedar Rapids Kernels,20,3,-0.01831259093538658
676002-2023-118,676002,Juan Carlos Negret,2023,High-A,Midwest League,Quad Cities River Bandits,24,1,0.311450449547257
805346-2023-118,805346,Ben Ross,2023,High-A,Midwest League,Cedar Rapids Kernels,22,1,0.34247603067455634
680918-2023-118,680918,Brady Allen,2023,High-A,Midwest League,West Michigan Whitecaps,23,3,0.09319820669929263
702140-2023-118,702140,Ruben Ibarra,2023,High-A,Midwest League,Dayton Dragons,24,1,0.12476349456591763
680756-2023-118,680756,Mat Nelson,2023,High-A,Midwest League,Dayton Dragons,24,1,0.326551549144148
687210-2023-118,687210,Nathan Martorella,2023,High-A,Midwest League,Fort Wayne TinCaps,22,2,0.08012914086880245
691181-2023-118,691181,Emmanuel Rodriguez,2023,High-A,Midwest League,Cedar Rapids Kernels,20,3,-0.023151897948816048
665989-2023-118,665989,Shervyen Newton,2023,High-A,Midwest League,Quad Cities River Bandits,24,3,-0.009235795779303009
687221-2023-118,687221,Dalton Rushing,2023,High-A,Midwest League,Great Lakes Loons,22,1,0.2533820830795857
690988-2023-118,690988,Austin Hendrick,2023,High-A,Midwest League,Dayton Dragons,22,1,0.2301916573581687
690291-2023-118,690291,Jace Jung,2023,High-A,Midwest League,West Michigan Whitecaps,22,1,0.3048048302078728
695490-2023-118,695490,Edwin Arroyo,2023,High-A,Midwest League,Dayton Dragons,19,2,0.13602011597649155
674976-2023-118,674976,Griffin Lockwood-Powell,2023,High-A,Midwest League,Great Lakes Loons,25,1,0.2908339710533814
805300-2023-118,805300,Jakob Marsee,2023,High-A,Midwest League,Fort Wayne TinCaps,22,4,0.10842865425209519
679788-2023-118,679788,Jack Rogers,2023,High-A,Midwest League,Dayton Dragons,24,3,0.3251686460791365
682634-2023-118,682634,Kevin Alcántara,2023,High-A,Midwest League,South Bend Cubs,20,3,0.1983625336484517
699625-2023-118,699625,Jimmy Crooks,2023,High-A,Midwest League,Peoria Chiefs,21,2,0.030264731483371197
688457-2023-118,688457,Gavin Cross,2023,High-A,Midwest League,Quad Cities River Bandits,22,1,0.261227656327957
691789-2023-118,691789,Izaac Pacheco,2023,High-A,Midwest League,West Michigan Whitecaps,20,1,0.30666903242488824
678577-2023-118,678577,Junior Perez,2023,High-A,Midwest League,Lansing Lugnuts,21,4,0.0016207013354045798
682679-2023-118,682679,Dayan Frias,2023,High-A,Midwest League,Lake County Captains,21,2,0.04215970846010179
669336-2023-118,669336,Joe Gray Jr.,2023,High-A,Midwest League,Wisconsin Timber Rattlers,23,1,0.17514177967589248
695600-2023-118,695600,Carter Jensen,2023,High-A,Midwest League,Quad Cities River Bandits,19,1,0.31803232253736885
701618-2023-118,701618,Damon Keith,2023,High-A,Midwest League,Great Lakes Loons,23,3,0.1499113397212923
691024-2023-118,691024,Cayden Wallace,2023,High-A,Midwest League,Quad Cities River Bandits,21,3,4.395075700665354e-4
690976-2023-118,690976,Alex Freeland,2023,High-A,Midwest League,Great Lakes Loons,21,4,0.08725130746025252
681142-2023-118,681142,Justice Thompson,2023,High-A,Midwest League,Dayton Dragons,22,3,0.13950769031441557
672613-2023-118,672613,Eliezer Alfonzo,2023,High-A,Midwest League,West Michigan Whitecaps,23,2,0.3190436158903345
682997-2023-118,682997,Tyler Callihan,2023,High-A,Midwest League,Dayton Dragons,23,2,0.1256856036663111
695780-2023-118,695780,Jake Fox,2023,High-A,Midwest League,Lake County Captains,20,1,0.16455652698255024
695653-2023-118,695653,Noah Miller,2023,High-A,Midwest League,Cedar Rapids Kernels,20,2,0.18368195788086475
691001-2023-118,691001,Robert Moore,2023,High-A,Midwest League,Wisconsin Timber Rattlers,21,2,0.09251411245902674
804588-2023-118,804588,Bubba Alleyne,2023,High-A,Midwest League,Great Lakes Loons,24,1,0.0958367355371196
683494-2023-118,683494,Euribiel Angeles,2023,High-A,Midwest League,Lansing Lugnuts,21,2,0.22354629308109392
684222-2023-118,684222,Jorge Burgos,2023,High-A,Midwest League,Lake County Captains,20,2,0.07001789855269752
702472-2023-118,702472,Austin Callahan,2023,High-A,Midwest League,Dayton Dragons,22,3,0.04641283466286073
690903-2023-118,690903,Lucas Dunn,2023,High-A,Midwest League,Fort Wayne TinCaps,24,4,0.0639813084812151
672861-2023-118,672861,Carlos Luis,2023,High-A,Midwest League,Fort Wayne TinCaps,23,2,0.1784009879883632
687152-2023-118,687152,Darrien Miller,2023,High-A,Midwest League,Wisconsin Timber Rattlers,22,1,0.1546067010655948
691740-2023-118,691740,Daniel Susac,2023,High-A,Midwest League,Lansing Lugnuts,22,3,0.16028534406168307
694976-2023-118,694976,Osvaldo Tovalin,2023,High-A,Midwest League,Peoria Chiefs,23,2,0.34261005013976514
805891-2023-118,805891,Taylor Young,2023,High-A,Midwest League,Great Lakes Loons,24,4,0.17444079208846905
691558-2023-118,691558,Yeiner Fernandez,2023,High-A,Midwest League,Great Lakes Loons,20,2,0.31996282722799485
691788-2023-118,691788,Joe Mack,2023,High-A,Midwest League,Beloit Sky Carp,20,2,0.22242939736373044
682818-2023-118,682818,Yohendrick Piñango,2023,High-A,Midwest League,South Bend Cubs,21,2,0.2349285695839696
701817-2023-118,701817,River Town,2023,High-A,Midwest League,Quad Cities River Bandits,23,2,0.10370973210181843
805834-2023-118,805834,Javi Vaz,2023,High-A,Midwest League,Quad Cities River Bandits,22,2,0.0660166322916015
691449-2023-118,691449,Roberto Campos,2023,High-A,Midwest League,West Michigan Whitecaps,20,2,0.23873920033181986
691268-2023-118,691268,Yiddi Cappe,2023,High-A,Midwest League,Beloit Sky Carp,20,2,0.2838344731787788
802407-2023-118,802407,Joe Lampe,2023,High-A,Midwest League,Lake County Captains,22,2,0.22474757179273303
690902-2023-118,690902,Ben Metzinger,2023,High-A,Midwest League,Wisconsin Timber Rattlers,24,3,0.06442576013119315
681868-2023-118,681868,Ezequiel Pagan,2023,High-A,Midwest League,South Bend Cubs,22,2,0.0720799830035582
695370-2023-118,695370,Thomas Francisco,2023,High-A,Midwest League,Peoria Chiefs,24,2,0.33048208771768456
691191-2023-118,691191,Jose Salas,2023,High-A,Midwest League,Cedar Rapids Kernels,20,2,0.04893543235858534
682618-2023-118,682618,Misael Urbina,2023,High-A,Midwest League,Cedar Rapids Kernels,21,1,0.16692655313251767
679751-2023-118,679751,Danny Bautista Jr.,2023,High-A,Midwest League,Lansing Lugnuts,22,2,0.20697390224411294
681433-2023-118,681433,Noah Cardenas,2023,High-A,Midwest League,Cedar Rapids Kernels,23,3,0.12922209422650546
701675-2023-118,701675,Nathan Church,2023,High-A,Midwest League,Peoria Chiefs,22,2,0.1869318818319573
692405-2023-118,692405,Jeremy Rivas,2023,High-A,Midwest League,Peoria Chiefs,20,2,0.04458997405558125
691949-2023-118,691949,Jake Vogel,2023,High-A,Midwest League,Great Lakes Loons,21,4,0.07799697465119244
678648-2023-118,678648,Herard Gonzalez,2023,High-A,Midwest League,Quad Cities River Bandits,22,2,0.13172371619357032
687783-2023-118,687783,Matthew Wood,2023,High-A,Midwest League,Wisconsin Timber Rattlers,22,2,0.2562450957956053
702112-2023-126,702112,Hogan Windish,2023,High-A,Northwest League,Everett AquaSox,24,3,0.27126747653224237
683103-2023-126,683103,Cade Doughty,2023,High-A,Northwest League,Vancouver Canadians,22,3,0.07016400926231987
692348-2023-126,692348,Aeverson Arteaga,2023,High-A,Northwest League,Eugene Emeralds,20,2,0.016093358628398342
678681-2023-126,678681,Luis Toribio,2023,High-A,Northwest League,Eugene Emeralds,22,3,0.06466116995954262
695670-2023-126,695670,Harry Ford,2023,High-A,Northwest League,Everett AquaSox,20,1,0.15807790740918784
687529-2023-126,687529,Grant McCray,2023,High-A,Northwest League,Eugene Emeralds,22,4,0.041472693163579856
684855-2023-126,684855,Jared Dupere,2023,High-A,Northwest League,Eugene Emeralds,24,3,0.21063533086631422
683447-2023-126,683447,Gabriel Martinez,2023,High-A,Northwest League,Vancouver Canadians,20,2,0.3179645350063236
668756-2023-126,668756,Ben Ramirez,2023,High-A,Northwest League,Everett AquaSox,24,3,0.1272137527102488
696521-2023-126,696521,Garrett Spain,2023,High-A,Northwest League,Vancouver Canadians,22,1,0.31639188432251986
684715-2023-126,684715,Nic Kent,2023,High-A,Northwest League,Spokane Indians,23,2,0.31308244503424904
695603-2023-126,695603,Benny Montgomery,2023,High-A,Northwest League,Spokane Indians,20,3,0.13525887155577732
691269-2023-126,691269,Adrian Placencia,2023,High-A,Northwest League,Tri-City Dust Devils,20,4,0.01949252388760155
672018-2023-126,672018,Dasan Brown,2023,High-A,Northwest League,Vancouver Canadians,21,4,0.1252328001139036
682648-2023-126,682648,Juan Guerrero,2023,High-A,Northwest League,Spokane Indians,21,2,0.3435434840616473
690956-2023-126,690956,Werner Blakely,2023,High-A,Northwest League,Tri-City Dust Devils,21,3,0.06240308139719428
679741-2023-126,679741,Wilderd Patiño,2023,High-A,Northwest League,Hillsboro Hops,21,4,0.13415372449300791
688460-2023-126,688460,Josh Kasevich,2023,High-A,Northwest League,Vancouver Canadians,22,2,0.3064360997371086
677610-2023-126,677610,D'Shawn Knowles,2023,High-A,Northwest League,Tri-City Dust Devils,22,3,0.03881894620667544
682643-2023-126,682643,Alexander Ramirez,2023,High-A,Northwest League,Tri-City Dust Devils,20,3,0.14131282902695583
680396-2023-126,680396,Joe Stewart,2023,High-A,Northwest League,Tri-City Dust Devils,25,4,0.2517811852723606
691186-2023-126,691186,Arol Vera,2023,High-A,Northwest League,Tri-City Dust Devils,20,2,0.12578537084704267
663550-2023-112,663550,Trey Cabbage,2023,Triple-A,Pacific Coast League,Salt Lake Bees,26,3,0.15485516041892383
676595-2023-112,676595,Jake Scheiner,2023,Triple-A,Pacific Coast League,Tacoma Rainiers,27,1,0.17607613378131623
673995-2023-112,673995,Davis Wendzel,2023,Triple-A,Pacific Coast League,Round Rock Express,26,1,0.35344021449831603
683737-2023-112,683737,Michael Busch,2023,Triple-A,Pacific Coast League,Oklahoma City Dodgers,25,3,-0.011420139677497656
676113-2023-112,676113,Zach DeLoach,2023,Triple-A,Pacific Coast League,Tacoma Rainiers,24,3,0.10849131801412629
660758-2023-112,660758,Sandro Fabian,2023,Triple-A,Pacific Coast League,Round Rock Express,25,2,0.09030867431785612
642137-2023-112,642137,Cody Thomas,2023,Triple-A,Pacific Coast League,Las Vegas Aviators,28,3,0.1387518558396546
670092-2023-112,670092,Trenton Brooks,2023,Triple-A,Pacific Coast League,Sacramento River Cats,27,1,0.05679174881855643
688760-2023-112,688760,Blaine Crim,2023,Triple-A,Pacific Coast League,Round Rock Express,26,1,0.07151212779973375
663796-2023-112,663796,Coco Montes,2023,Triple-A,Pacific Coast League,Albuquerque Isotopes,26,3,0.18572236896320787
694175-2023-112,694175,Pedro León,2023,Triple-A,Pacific Coast League,Sugar Land Space Cowboys,25,3,0.101385659221555
669899-2023-112,669899,Ryan Ward,2023,Triple-A,Pacific Coast League,Oklahoma City Dodgers,25,1,0.04738093577169655
666149-2023-112,666149,Tyler Fitzgerald,2023,Triple-A,Pacific Coast League,Sacramento River Cats,25,1,0.06469334784500119
676939-2023-112,676939,Jimmy Herron,2023,Triple-A,Pacific Coast League,Albuquerque Isotopes,26,4,-0.03135003612013401
676625-2023-112,676625,Rylan Bannon,2023,Triple-A,Pacific Coast League,Sugar Land Space Cowboys,27,1,0.23050424947461187
679822-2023-112,679822,Justin Foscue,2023,Triple-A,Pacific Coast League,Round Rock Express,24,2,0.09760950627435594
609274-2023-112,609274,Elier Hernandez,2023,Triple-A,Pacific Coast League,Round Rock Express,28,3,0.11972234410072302
642220-2023-112,642220,Jantzen Witte,2023,Triple-A,Pacific Coast League,El Paso Chihuahuas,33,1,0.2968720325966854
656695-2023-112,656695,J.J. Matijevic,2023,Triple-A,Pacific Coast League,Sugar Land Space Cowboys,27,1,0.14195733139906463
677941-2023-112,677941,Jordyn Adams,2023,Triple-A,Pacific Coast League,Salt Lake Bees,23,4,0.020341394503707692
676632-2023-112,676632,Bligh Madris,2023,Triple-A,Pacific Coast League,Sugar Land Space Cowboys,27,1,0.2978460772547857
668845-2023-112,668845,Aaron Schunk,2023,Triple-A,Pacific Coast League,Albuquerque Isotopes,25,3,0.09754990915394827
678489-2023-112,678489,Jorge Barrosa,2023,Triple-A,Pacific Coast League,Reno Aces,22,1,0.05568206085248018
621005-2023-112,621005,Tim Lopes,2023,Triple-A,Pacific Coast League,El Paso Chihuahuas,29,4,0.11233101297603997
656821-2023-112,656821,Kevin Padlo,2023,Triple-A,Pacific Coast League,Salt Lake Bees,26,1,0.24142228442647498
676946-2023-112,676946,Matthew Batten,2023,Triple-A,Pacific Coast League,El Paso Chihuahuas,28,1,0.14336363670723365
670128-2023-112,670128,Taylor Kohlwey,2023,Triple-A,Pacific Coast League,El Paso Chihuahuas,28,3,-0.009441000706112222
682183-2023-112,682183,Drew Avans,2023,Triple-A,Pacific Coast League,Oklahoma City Dodgers,27,4,0.011548918327257242
595943-2023-112,595943,Phillip Evans,2023,Triple-A,Pacific Coast League,Reno Aces,30,2,0.2259431429113454
680474-2023-112,680474,Max Schuemann,2023,Triple-A,Pacific Coast League,Las Vegas Aviators,26,4,-0.012925134267142006
669450-2023-112,669450,Cooper Hummel,2023,Triple-A,Pacific Coast League,Tacoma Rainiers,28,3,0.04963638784700735
680716-2023-112,680716,Jonathan Ornelas,2023,Triple-A,Pacific Coast League,Round Rock Express,23,3,0.1712978755157676
667663-2023-112,667663,Hunter Stovall,2023,Triple-A,Pacific Coast League,Albuquerque Isotopes,26,2,0.31726364752671127
671083-2023-112,671083,Buddy Kennedy,2023,Triple-A,Pacific Coast League,Las Vegas Aviators,24,3,0.05057301940142678
683021-2023-112,683021,Michael Stefanic,2023,Triple-A,Pacific Coast League,Salt Lake Bees,27,2,0.13048776842383913
660634-2023-112,660634,Yonny Hernández,2023,Triple-A,Pacific Coast League,Oklahoma City Dodgers,25,4,0.166148489723582
660636-2023-112,660636,Diego Castillo,2023,Triple-A,Pacific Coast League,Reno Aces,25,3,0.06269603057846199
687749-2023-116,687749,Jase Bowen,2023,High-A,South Atlantic League,Greensboro Grasshoppers,22,1,0.11302985661665525
681679-2023-116,681679,Stanley Consuegra,2023,High-A,South Atlantic League,Brooklyn Cyclones,22,1,0.1142485613165466
700246-2023-116,700246,Carson Williams,2023,High-A,South Atlantic League,Bowling Green Hot Rods,20,1,0.040555347752422796
691775-2023-116,691775,Ryan Clifford,2023,High-A,South Atlantic League,Brooklyn Cyclones,19,1,0.27730823472013966
687554-2023-116,687554,DJ Gladney,2023,High-A,South Atlantic League,Winston-Salem Dash,21,1,0.07859285852329971
689200-2023-116,689200,Jacob Melton,2023,High-A,South Atlantic League,Asheville Tourists,22,4,0.07280573915988624
678010-2023-116,678010,Nick Schnell,2023,High-A,South Atlantic League,Bowling Green Hot Rods,23,1,0.1702735257056142
691938-2023-116,691938,Willy Vasquez,2023,High-A,South Atlantic League,Bowling Green Hot Rods,21,2,0.15355029329799974
677342-2023-116,677342,Brock Jones,2023,High-A,South Atlantic League,Bowling Green Hot Rods,22,1,0.3483032407708385
678534-2023-116,678534,Rixon Wingrove,2023,High-A,South Atlantic League,Jersey Shore BlueClaws,23,3,0.26638054229325375
686948-2023-116,686948,Drake Baldwin,2023,High-A,South Atlantic League,Rome Braves,22,3,-0.01934446886584097
681333-2023-116,681333,Dru Baker,2023,High-A,South Atlantic League,Bowling Green Hot Rods,23,4,0.039815163394821836
681488-2023-116,681488,Logan Cerny,2023,High-A,South Atlantic League,Asheville Tourists,23,1,0.18650392779033412
682987-2023-116,682987,Spencer Jones,2023,High-A,South Atlantic League,Hudson Valley Renegades,22,3,0.10666544219774998
700845-2023-116,700845,Adam Zebrowski,2023,High-A,South Atlantic League,Rome Braves,22,1,0.09023302708259333
683227-2023-116,683227,Cody Freeman,2023,High-A,South Atlantic League,Hickory Crawdads,22,2,0.099436621231195
682796-2023-116,682796,Eddinson Paulino,2023,High-A,South Atlantic League,Greenville Drive,20,4,0.006788886890648289
690474-2023-116,690474,Tommy Sacco Jr.,2023,High-A,South Atlantic League,Asheville Tourists,24,1,0.3125623404425015
691185-2023-116,691185,Maximo Acosta,2023,High-A,South Atlantic League,Hickory Crawdads,20,2,0.08915240198964126
680874-2023-116,680874,Tim Borden II,2023,High-A,South Atlantic League,Asheville Tourists,23,3,0.2774363902591888
682793-2023-116,682793,Bryan Gonzalez,2023,High-A,South Atlantic League,Greenville Drive,21,3,0.21684201557510274
683493-2023-116,683493,William Lugo,2023,High-A,South Atlantic League,Brooklyn Cyclones,21,1,0.14295677632781192
691006-2023-116,691006,Kevin Parada,2023,High-A,South Atlantic League,Brooklyn Cyclones,21,1,0.10893581507414592
691442-2023-116,691442,Wilfred Veras,2023,High-A,South Atlantic League,Winston-Salem Dash,20,3,0.07363577894724287
703070-2023-116,703070,Loidel Chapelli,2023,High-A,South Atlantic League,Winston-Salem Dash,21,1,0.16438738782508275
701496-2023-116,701496,Ben Cowles,2023,High-A,South Atlantic League,Hudson Valley Renegades,23,3,-0.024844953550159626
686863-2023-116,686863,Daniel Mateo,2023,High-A,South Atlantic League,Hickory Crawdads,21,4,-0.020014088483109094
694484-2023-116,694484,Max Wagner,2023,High-A,South Atlantic League,Aberdeen IronBirds,21,4,0.034525274519049125
687637-2023-116,687637,Dylan Beavers,2023,High-A,South Atlantic League,Aberdeen IronBirds,21,1,0.0627492876745216
682011-2023-116,682011,Tyler Miller,2023,High-A,South Atlantic League,Greenville Drive,23,4,-0.02192224996261529
687248-2023-116,687248,Keshawn Ogans,2023,High-A,South Atlantic League,Rome Braves,21,1,0.029646784595232067
683610-2023-116,683610,Leandro Pineda,2023,High-A,South Atlantic League,Jersey Shore BlueClaws,21,3,0.023200093148540518
687545-2023-116,687545,Blake Robertson,2023,High-A,South Atlantic League,Bowling Green Hot Rods,22,3,0.29953151087723484
686445-2023-116,686445,Sammy Siani,2023,High-A,South Atlantic League,Greensboro Grasshoppers,22,3,0.14747678388438076
683061-2023-116,683061,Alexander Vargas,2023,High-A,South Atlantic League,Hudson Valley Renegades,21,1,0.00874343846773039
804668-2023-116,804668,Rafael Flores Jr.,2023,High-A,South Atlantic League,Hudson Valley Renegades,22,3,0.24807151896037913
687206-2023-116,687206,Tres Gonzalez,2023,High-A,South Atlantic League,Greensboro Grasshoppers,22,4,-0.0030361607761518195
700361-2023-116,700361,Shawn Goosenberg,2023,High-A,South Atlantic League,Winston-Salem Dash,23,4,0.07452984058759773
695770-2023-116,695770,Wes Kath,2023,High-A,South Atlantic League,Winston-Salem Dash,20,3,0.12306713321257896
686984-2023-116,686984,Marcus Lee Sang,2023,High-A,South Atlantic League,Jersey Shore BlueClaws,22,3,0.23590177587901473
682187-2023-116,682187,Nick Ward,2023,High-A,South Atlantic League,Jersey Shore BlueClaws,27,4,0.13777048679997578
805373-2023-116,805373,Nacho Alvarez Jr.,2023,High-A,South Atlantic League,Rome Braves,20,4,-0.024025533467456277
682707-2023-116,682707,Jeremy De La Rosa,2023,High-A,South Atlantic League,Wilmington Blue Rocks,21,3,0.21641627425072402
684519-2023-116,684519,Omar De Los Santos,2023,High-A,South Atlantic League,Brooklyn Cyclones,23,4,0.1756272474353919
691267-2023-116,691267,Alex Ramírez,2023,High-A,South Atlantic League,Brooklyn Cyclones,20,2,0.03283592378299587
688403-2023-116,688403,Michael Sandle,2023,High-A,South Atlantic League,Asheville Tourists,24,1,0.09521186400260909
686982-2023-116,686982,Jared McKenzie,2023,High-A,South Atlantic League,Wilmington Blue Rocks,22,2,0.19373984196645141
808206-2023-116,808206,Geisel Cepeda,2023,High-A,South Atlantic League,Hickory Crawdads,25,2,0.1968558092085168
682722-2023-116,682722,Isaac De León,2023,High-A,South Atlantic League,Aberdeen IronBirds,21,3,0.17107735752886494
681132-2023-116,681132,Max Ferguson,2023,High-A,South Atlantic League,Greenville Drive,23,4,0.07579005686254986
687201-2023-116,687201,Kevin Kilpatrick Jr.,2023,High-A,South Atlantic League,Rome Braves,22,4,0.05806070025500736
702250-2023-116,702250,Jared Carr,2023,High-A,South Atlantic League,Jersey Shore BlueClaws,24,4,0.1511455264923154
694478-2023-116,694478,Michael Turner,2023,High-A,South Atlantic League,Winston-Salem Dash,24,3,0.1779587282727915
684852-2023-116,684852,Geraldo Quintero,2023,High-A,South Atlantic League,Rome Braves,21,4,0.20118725892568606
695930-2023-116,695930,Frederick Bencosme,2023,High-A,South Atlantic League,Aberdeen IronBirds,20,2,0.14597578728746832
678854-2023-116,678854,Viandel Pena,2023,High-A,South Atlantic League,Wilmington Blue Rocks,22,4,0.014300694894109728
682265-2023-111,682265,Wes Clarke,2023,Double-A,Southern League,Biloxi Shuckers,23,1,0.2707310724015854
677943-2023-111,677943,Will Banfield,2023,Double-A,Southern League,Pensacola Blue Wahoos,23,1,0.19343078718016424
677956-2023-111,677956,Rece Hinds,2023,Double-A,Southern League,Chattanooga Lookouts,22,3,0.08452947233205767
683357-2023-111,683357,Owen Caissie,2023,Double-A,Southern League,Tennessee Smokies,20,3,0.23773462808358578
694192-2023-111,694192,Jackson Chourio,2023,Double-A,Southern League,Biloxi Shuckers,19,4,0.03413259227489504
686677-2023-111,686677,Landon Stephens,2023,Double-A,Southern League,Mississippi Braves,25,1,0.27255699853680476
687859-2023-111,687859,Troy Johnston,2023,Double-A,Southern League,Pensacola Blue Wahoos,26,1,0.007833735071072337
683748-2023-111,683748,Victor Mesa Jr.,2023,Double-A,Southern League,Pensacola Blue Wahoos,21,2,0.1403437346548049
679563-2023-111,679563,José Rodríguez,2023,Double-A,Southern League,Birmingham Barons,22,4,-0.007576186201670951
686989-2023-111,686989,James Free,2023,Double-A,Southern League,Chattanooga Lookouts,25,1,0.11825410227862015
680846-2023-111,680846,Pablo Aliendo,2023,Double-A,Southern League,Tennessee Smokies,22,1,0.14880289268749528
685298-2023-111,685298,Cade Bunnell,2023,Double-A,Southern League,Mississippi Braves,26,1,0.10255362756166235
702333-2023-111,702333,Haydn McGeary,2023,Double-A,Southern League,Tennessee Smokies,23,1,0.06789982011143421
681357-2023-111,681357,Cody Morissette,2023,Double-A,Southern League,Pensacola Blue Wahoos,23,1,0.3111587387671745
681230-2023-111,681230,BJ Murray,2023,Double-A,Southern League,Tennessee Smokies,23,1,0.19423604855466509
691620-2023-111,691620,Jeferson Quero,2023,Double-A,Southern League,Biloxi Shuckers,20,2,0.13919891669641993
683341-2023-111,683341,David Calabrese,2023,Double-A,Southern League,Rocket City Trash Pandas,20,1,0.37005742108058143
675966-2023-111,675966,Jesse Franklin V,2023,Double-A,Southern League,Mississippi Braves,24,1,0.1286848695206007
680518-2023-111,680518,Zavier Warren,2023,Double-A,Southern League,Biloxi Shuckers,24,1,0.021284675701250148
672012-2023-111,672012,Tyler Black,2023,Double-A,Southern League,Biloxi Shuckers,22,4,0.042060531925309494
671155-2023-111,671155,Ivan Johnson,2023,Double-A,Southern League,Chattanooga Lookouts,24,1,0.15485807614073607
687331-2023-111,687331,Quincy McAfee,2023,Double-A,Southern League,Chattanooga Lookouts,25,1,0.2210814362947937
677347-2023-111,677347,Kyren Paris,2023,Double-A,Southern League,Rocket City Trash Pandas,21,3,0.03622426068892618
687272-2023-111,687272,Tucker Flint,2023,Double-A,Southern League,Rocket City Trash Pandas,22,3,0.24646402265437378
681715-2023-111,681715,Heriberto Hernández,2023,Double-A,Southern League,Montgomery Biscuits,23,3,0.25815923492041504
687020-2023-111,687020,Mason Auer,2023,Double-A,Southern League,Montgomery Biscuits,22,4,-0.006751317333361317
686555-2023-111,686555,Isaac Collins,2023,Double-A,Southern League,Biloxi Shuckers,25,4,0.14973372760210232
682927-2023-111,682927,Ronny Simon,2023,Double-A,Southern League,Montgomery Biscuits,23,4,0.147627215653255
673461-2023-111,673461,Yoelqui Céspedes,2023,Double-A,Southern League,Birmingham Barons,25,1,0.02110098896130733
685127-2023-111,685127,Alex McGarry,2023,Double-A,Southern League,Chattanooga Lookouts,25,3,0.22031794696423077
672635-2023-111,672635,Luis Mieses,2023,Double-A,Southern League,Birmingham Barons,23,2,0.2591018160685115
680672-2023-111,680672,Luke Waddell,2023,Double-A,Southern League,Mississippi Braves,24,4,0.03281339548665549
672701-2023-111,672701,José Devers,2023,Double-A,Southern League,Pensacola Blue Wahoos,23,2,0.24392393834475484
671976-2023-111,671976,Tristan Peters,2023,Double-A,Southern League,Montgomery Biscuits,23,2,0.004390673416254402
669326-2023-111,669326,Bryce Teodosio,2023,Double-A,Southern League,Rocket City Trash Pandas,24,4,-0.0020439533655511126
703920-2023-111,703920,Alsander Womack,2023,Double-A,Southern League,Birmingham Barons,24,2,0.21494278776857847
668965-2023-111,668965,Freddy Zamora,2023,Double-A,Southern League,Biloxi Shuckers,24,4,-0.051975341947031434
696140-2023-111,696140,Ethan Murray,2023,Double-A,Southern League,Biloxi Shuckers,23,3,0.04578015404558818
700337-2023-111,700337,Edgar Quero,2023,Double-A,Southern League,Birmingham Barons,20,2,0.10107101228651345
665940-2023-111,665940,Moisés Castillo,2023,Double-A,Southern League,Birmingham Barons,23,2,0.11496317453068033
650506-2023-111,650506,Jose Gomez,2023,Double-A,Southern League,Rocket City Trash Pandas,26,2,0.14785542778887714
683083-2023-111,683083,Nasim Nuñez,2023,Double-A,Southern League,Pensacola Blue Wahoos,22,4,0.17599251450268816
681581-2023-111,681581,Andy Weber,2023,Double-A,Southern League,Tennessee Smokies,25,2,0.15911187717114908
695462-2023-111,695462,Cal Conley,2023,Double-A,Southern League,Mississippi Braves,23,4,0.05176612304334591
677578-2023-111,677578,Carlos Rodríguez,2023,Double-A,Southern League,Biloxi Shuckers,22,2,0.20344749551508065
687470-2023-109,687470,Chandler Redmond,2023,Double-A,Texas League,Springfield Cardinals,26,3,0.17596517875271614
695336-2023-109,695336,Thomas Saggese,2023,Double-A,Texas League,Springfield Cardinals,21,3,0.07332372369400861
670870-2023-109,670870,Yunior Severino,2023,Double-A,Texas League,Wichita Wind Surge,23,3,0.24259199773169016
691021-2023-109,691021,A.J. Vukovich,2023,Double-A,Texas League,Amarillo Sod Poodles,21,3,0.23390491489550724
593528-2023-109,593528,Jorge Bonifacio,2023,Double-A,Texas League,Northwest Arkansas Naturals,30,1,0.3167061954407166
656462-2023-109,656462,Isiah Gilliam,2023,Double-A,Texas League,Arkansas Travelers,26,3,0.23706649358318072
694374-2023-109,694374,Tim Tawa,2023,Double-A,Texas League,Amarillo Sod Poodles,24,1,0.17251835673778296
677673-2023-109,677673,Imanol Vargas,2023,Double-A,Texas League,Tulsa Drillers,25,3,0.1283883910740604
685744-2023-109,685744,Kenedy Corona,2023,Double-A,Texas League,Corpus Christi Hooks,23,1,0.1449840286954311
691277-2023-109,691277,Deyvison De Los Santos,2023,Double-A,Texas League,Amarillo Sod Poodles,20,3,0.08305207802441789
684576-2023-109,684576,Alex Isola,2023,Double-A,Texas League,Wichita Wind Surge,24,1,0.1689314282745117
682616-2023-109,682616,Diego Cartaya,2023,Double-A,Texas League,Tulsa Drillers,21,1,0.1924758176246469
682947-2023-109,682947,Jose Ramos,2023,Double-A,Texas League,Tulsa Drillers,22,1,0.12558631726481542
690443-2023-109,690443,Mike Antico,2023,Double-A,Texas League,Springfield Cardinals,25,4,0.0814074466029315
689750-2023-109,689750,Jacob Buchberger,2023,Double-A,Texas League,Springfield Cardinals,25,2,0.021264521987225768
678689-2023-109,678689,Neyfy Castillo,2023,Double-A,Texas League,Amarillo Sod Poodles,22,3,0.09004332068534551
681134-2023-109,681134,Caleb Roberts,2023,Double-A,Texas League,Amarillo Sod Poodles,23,3,0.25881964317057476
666783-2023-109,666783,Yusniel Díaz,2023,Double-A,Texas League,Tulsa Drillers,26,1,0.14453144897359266
686780-2023-109,686780,Pedro Pagés,2023,Double-A,Texas League,Springfield Cardinals,24,1,0.17670629477175498
672596-2023-109,672596,Robert Perez Jr.,2023,Double-A,Texas League,Arkansas Travelers,23,3,0.18918414904495112
642134-2023-109,642134,Robbie Tenerowicz,2023,Double-A,Texas League,Arkansas Travelers,28,3,0.027118641842427335
641323-2023-109,641323,Luis Aviles Jr.,2023,Double-A,Texas League,Corpus Christi Hooks,28,1,0.09832225413117349
691783-2023-109,691783,Jordan Lawlar,2023,Double-A,Texas League,Amarillo Sod Poodles,20,1,0.09777350988938863
677060-2023-109,677060,Chad Stevens,2023,Double-A,Texas League,Corpus Christi Hooks,24,1,0.06157967889028386
670860-2023-109,670860,Lazaro Armenteros,2023,Double-A,Texas League,Midland RockHounds,24,3,0.1968760886823588
689070-2023-109,689070,Spencer Packard,2023,Double-A,Texas League,Arkansas Travelers,25,2,0.04547324053794364
682729-2023-109,682729,Jonatan Clase,2023,Double-A,Texas League,Arkansas Travelers,21,4,0.09781159572857845
669288-2023-109,669288,Daniel Johnson,2023,Double-A,Texas League,San Antonio Missions,27,1,0.012332771651512388
680577-2023-109,680577,DaShawn Keirsey Jr.,2023,Double-A,Texas League,Wichita Wind Surge,26,3,0.04100418656482364
680890-2023-109,680890,Jax Biggers,2023,Double-A,Texas League,Frisco RoughRiders,26,1,0.3086803321842155
694497-2023-109,694497,Evan Carter,2023,Double-A,Texas League,Frisco RoughRiders,20,3,0.08680841927785111
669386-2023-109,669386,Trevor Hauver,2023,Double-A,Texas League,Frisco RoughRiders,24,1,0.051336543302412184
678391-2023-109,678391,Jorbit Vivas,2023,Double-A,Texas League,Tulsa Drillers,22,2,0.3096177846687057
682210-2023-109,682210,Kody Hoese,2023,Double-A,Texas League,Tulsa Drillers,25,2,0.14395859447492276
686797-2023-109,686797,Brooks Lee,2023,Double-A,Texas League,Wichita Wind Surge,22,2,0.1291192132603909
678760-2023-109,678760,Eddys Leonard,2023,Double-A,Texas League,Tulsa Drillers,22,2,0.04429016701625612
686475-2023-109,686475,Tyler Tolbert,2023,Double-A,Texas League,Northwest Arkansas Naturals,25,4,0.15360335793121405
681123-2023-109,681123,Luca Tresh,2023,Double-A,Texas League,Northwest Arkansas Naturals,23,1,0.04403299161413999
679938-2023-109,679938,Yoyner Fajardo,2023,Double-A,Texas League,Wichita Wind Surge,24,4,0.1386172836052053
660614-2023-109,660614,Arquímedes Gamboa,2023,Double-A,Texas League,Springfield Cardinals,25,3,0.08964665765792867
696160-2023-109,696160,Jake Rucker,2023,Double-A,Texas League,Wichita Wind Surge,23,1,0.12615652092132026
657089-2023-109,657089,Logan Warmoth,2023,Double-A,Texas League,Arkansas Travelers,27,4,0.03448485256475052
682668-2023-109,682668,Luisangel Acuña,2023,Double-A,Texas League,Frisco RoughRiders,21,4,0.18751330135513186
631222-2023-109,631222,Michael De La Cruz,2023,Double-A,Texas League,San Antonio Missions,30,2,0.23129820148182065
667749-2023-109,667749,Juan Fernandez,2023,Double-A,Texas League,San Antonio Missions,24,2,0.3623899508044379
682182-2023-109,682182,J.C. Correa,2023,Double-A,Texas League,Corpus Christi Hooks,24,2,0.3722901999453996
702789-2023-109,702789,Austin Gauthier,2023,Double-A,Texas League,Tulsa Drillers,24,4,-0.033953222973723364
685341-2023-109,685341,Ripken Reyes,2023,Double-A,Texas League,San Antonio Missions,26,2,0.14136191077937516
686523-2023-109,686523,Peyton Wilson,2023,Double-A,Texas League,Northwest Arkansas Naturals,23,3,-0.01393279723171648
660844-2023-109,660844,Leo Rivas,2023,Double-A,Texas League,Arkansas Travelers,25,4,0.2312636180390185
687005-2023-109,687005,Kellen Strahm,2023,Double-A,Texas League,Frisco RoughRiders,26,3,0.07083642888621093
701648-2023-109,701648,Aaron Zavala,2023,Double-A,Texas League,Frisco RoughRiders,23,3,0.021226428049211092
676063-2023-109,676063,Shane McGuire,2023,Double-A,Texas League,Midland RockHounds,24,1,0.009731000782340014
702331-2023-109,702331,Noah Mendlinger,2023,Double-A,Texas League,Springfield Cardinals,22,2,0.09002626824312075
692044-2024-110,692044,Luis Suisbel,2024,Low-A,California League,Modesto Nuts,21,3,0.09189008713673356
677673-2024-110,677673,Imanol Vargas,2024,Low-A,California League,Inland Empire 66ers,26,3,0.09819066869958415
687918-2024-110,687918,Braylen Wimmer,2024,Low-A,California League,Fresno Grizzlies,23,2,0.0728981235307421
687982-2024-110,687982,Carson Jones,2024,Low-A,California League,Modesto Nuts,23,4,0.025202419872251035
813860-2024-110,813860,Charlie Pagliarini,2024,Low-A,California League,Modesto Nuts,23,3,0.1511115205545242
703194-2024-110,703194,Randy De Jesus,2024,Low-A,California League,Inland Empire 66ers,19,3,0.3168092375061163
692364-2024-110,692364,Cesar Quintas,2024,Low-A,California League,San Jose Giants,21,2,0.15208841644473264
815888-2024-110,815888,Leo De Vries,2024,Low-A,California League,Lake Elsinore Storm,17,1,0.3465369308112502
802504-2024-110,802504,Myles Naylor,2024,Low-A,California League,Stockton Ports,19,3,0.0345967718632341
694977-2024-110,694977,Nate Nankil,2024,Low-A,California League,Stockton Ports,21,3,0.05689891382577965
700321-2024-110,700321,Andy Perez,2024,Low-A,California League,Fresno Grizzlies,20,2,0.2730708080000274
806223-2024-110,806223,Aidan Smith,2024,Low-A,California League,Modesto Nuts,19,4,0.008815202139282729
698916-2024-110,698916,Rosman Verdugo,2024,Low-A,California League,Lake Elsinore Storm,19,1,0.1286322298764028
701682-2024-110,701682,Braedon Karpathios,2024,Low-A,California League,Lake Elsinore Storm,21,3,0.30652572957772917
691292-2024-110,691292,Angel Ortiz,2024,Low-A,California League,Visalia Rawhide,21,3,0.023024011238979642
805931-2024-110,805931,Caleb Hobson,2024,Low-A,California League,Fresno Grizzlies,22,4,0.18748832261895393
800306-2024-110,800306,Jansel Luis,2024,Low-A,California League,Visalia Rawhide,19,2,0.13748243105435265
806191-2024-110,806191,Tai Peete,2024,Low-A,California League,Modesto Nuts,18,3,0.05708989772869662
703430-2024-110,703430,Anthony Scull,2024,Low-A,California League,Inland Empire 66ers,20,2,0.21926269230794898
702258-2024-110,702258,Druw Jones,2024,Low-A,California League,Visalia Rawhide,20,3,0.16346329366893347
683887-2024-110,683887,Darlyn Montero,2024,Low-A,California League,Stockton Ports,22,3,0.11004682230010053
683529-2024-110,683529,Milkar Perez,2024,Low-A,California League,Modesto Nuts,22,3,0.200858486126391
700170-2024-110,700170,Felix Tena,2024,Low-A,California League,Fresno Grizzlies,20,2,0.23121436187650404
703153-2024-110,703153,Samuel Munoz,2024,Low-A,California League,Rancho Cucamonga Quakes,19,2,0.21040676906797945
699232-2024-110,699232,Anderdson Rojas,2024,Low-A,California League,Visalia Rawhide,20,4,0.0010495217265865614
700341-2024-110,700341,Kenny Castillo,2024,Low-A,California League,Visalia Rawhide,20,2,0.11560008731565422
694180-2024-110,694180,Wilman Diaz,2024,Low-A,California League,Rancho Cucamonga Quakes,20,3,0.13756505556584084
695457-2024-110,695457,Jason Hinchman,2024,Low-A,California League,Fresno Grizzlies,24,3,0.17460086326810406
805782-2024-110,805782,Ryan Lasko,2024,Low-A,California League,Stockton Ports,22,4,0.07096791284544542
800194-2024-110,800194,Capri Ortiz,2024,Low-A,California League,Inland Empire 66ers,19,3,0.023725160568737674
800185-2024-110,800185,Ruben Santana,2024,Low-A,California League,Visalia Rawhide,19,3,0.03466040462441385
800198-2024-110,800198,Cristofer Torin,2024,Low-A,California League,Visalia Rawhide,19,1,0.05334797798309371
801698-2024-110,801698,Ryan Wilson,2024,Low-A,California League,Lake Elsinore Storm,22,2,0.20780903982958035
806077-2024-110,806077,Kendall George,2024,Low-A,California League,Rancho Cucamonga Quakes,19,4,0.28212151014579795
699127-2024-122,699127,Luis Castillo,2024,Low-A,Carolina League,Carolina Mudcats,20,1,0.19690759777893782
696513-2024-122,696513,Andy Garriola,2024,Low-A,Carolina League,Myrtle Beach Pelicans,24,1,0.27817769123194586
805810-2024-122,805810,Blake Mitchell,2024,Low-A,Carolina League,Columbia Fireflies,19,1,0.15154445411547754
806210-2024-122,806210,Alfonsin Rosario,2024,Low-A,Carolina League,Myrtle Beach Pelicans,20,1,0.17695647928800737
800448-2024-122,800448,Echedry Vargas,2024,Low-A,Carolina League,Down East Wood Ducks,19,2,0.03951311443700736
700283-2024-122,700283,Derlin Figueroa,2024,Low-A,Carolina League,Columbia Fireflies,20,1,0.07509875518648074
701327-2024-122,701327,Elijah Green,2024,Low-A,Carolina League,Fredericksburg Nationals,20,3,0.09208861174528703
815697-2024-122,815697,Arturo Disla,2024,Low-A,Carolina League,Down East Wood Ducks,23,2,0.26187201857158765
800051-2024-122,800051,Austin Charles,2024,Low-A,Carolina League,Columbia Fireflies,20,4,0.14483215669544305
806441-2024-122,806441,Nehomar Ochoa Jr.,2024,Low-A,Carolina League,Fayetteville Woodpeckers,18,1,0.25014825840892124
691179-2024-122,691179,Erick Peña,2024,Low-A,Carolina League,Columbia Fireflies,21,1,0.18109508652216277
806252-2024-122,806252,Ralphy Velazquez,2024,Low-A,Carolina League,Lynchburg Hillcats,19,1,0.17929583803447946
800406-2024-122,800406,Aron Estrada,2024,Low-A,Carolina League,Delmarva Shorebirds,19,4,0.09276795081725699
699615-2024-122,699615,Brandon Pimentel,2024,Low-A,Carolina League,Fredericksburg Nationals,24,2,0.10633177850609873
806983-2024-122,806983,Yophery Rodriguez,2024,Low-A,Carolina League,Carolina Mudcats,18,2,0.1207417202909189
683149-2024-122,683149,Julian Brock,2024,Low-A,Carolina League,Down East Wood Ducks,23,3,0.29463826435747553
703198-2024-122,703198,Kenni Gomez,2024,Low-A,Carolina League,Fayetteville Woodpeckers,19,2,0.09640362929344795
800377-2024-122,800377,Angel Mateo,2024,Low-A,Carolina League,Charleston RiverDogs,19,4,0.06862198401341456
807511-2024-122,807511,Nelly Taylor,2024,Low-A,Carolina League,Salem Red Sox,21,4,0.07471702083743685
800256-2024-122,800256,Natanael Yuten,2024,Low-A,Carolina League,Salem Red Sox,19,2,0.137826163283957
702995-2024-122,702995,Antonio Anderson,2024,Low-A,Carolina League,Salem Red Sox,19,2,0.1412059137929268
702693-2024-122,702693,Jaison Chourio,2024,Low-A,Carolina League,Lynchburg Hillcats,19,4,0.22051513651742183
694183-2024-122,694183,Cristian Hernández,2024,Low-A,Carolina League,Myrtle Beach Pelicans,20,4,0.15891568134190243
800440-2024-122,800440,Narciso Polanco,2024,Low-A,Carolina League,Charleston RiverDogs,19,4,0.11596253356075317
703143-2024-122,703143,Cristhian Vaquero,2024,Low-A,Carolina League,Fredericksburg Nationals,19,1,0.041601242240553435
804645-2024-122,804645,Caden Connor,2024,Low-A,Carolina League,Kannapolis Cannon Ballers,23,2,0.07965465081954055
694065-2024-122,694065,Arxy Hernandez,2024,Low-A,Carolina League,Kannapolis Cannon Ballers,20,2,0.12401608127626808
691262-2024-122,691262,Reginald Preciado,2024,Low-A,Carolina League,Myrtle Beach Pelicans,21,2,0.12713796066719393
805075-2024-122,805075,Erick Torres,2024,Low-A,Carolina League,Columbia Fireflies,19,2,0.17720240780195584
800421-2024-122,800421,Marvin Alcantara,2024,Low-A,Carolina League,Salem Red Sox,19,2,0.2232192692696218
694206-2024-122,694206,Daniel Guilarte,2024,Low-A,Carolina League,Carolina Mudcats,20,4,0.149198255042848
691405-2024-122,691405,Juan Benjamin,2024,Low-A,Carolina League,Lynchburg Hillcats,21,4,0.018061728511938772
821009-2024-122,821009,Cesar Hernandez,2024,Low-A,Carolina League,Fayetteville Woodpeckers,21,4,0.07976220265704441
694387-2024-122,694387,Christian Knapczyk,2024,Low-A,Carolina League,Lynchburg Hillcats,22,2,0.13728708037361487
815299-2024-122,815299,Will Verdung,2024,Low-A,Carolina League,Augusta GreenJackets,21,4,-0.019421042493422722
800345-2024-122,800345,Juan Baez,2024,Low-A,Carolina League,Carolina Mudcats,19,2,0.24269064075929386
694181-2024-122,694181,Carlos Colmenarez,2024,Low-A,Carolina League,Charleston RiverDogs,20,4,0.07953398849975578
694070-2024-122,694070,Yhoswar Garcia,2024,Low-A,Carolina League,Carolina Mudcats,22,4,0.20410572605192198
800357-2024-122,800357,Ricardo Gonzalez,2024,Low-A,Carolina League,Charleston RiverDogs,19,2,0.12431140631320677
803142-2024-122,803142,Tommy Hawke,2024,Low-A,Carolina League,Lynchburg Hillcats,21,4,0.305559018580131
805082-2024-122,805082,Ronny Hernandez,2024,Low-A,Carolina League,Kannapolis Cannon Ballers,19,2,0.29747015046064335
807747-2024-122,807747,Rikuu Nishida,2024,Low-A,Carolina League,Kannapolis Cannon Ballers,23,4,0.15886606880899165
803745-2024-122,803745,Adrian Santana,2024,Low-A,Carolina League,Charleston RiverDogs,18,4,0.07975037979320151
694808-2024-113,694808,Zach Kokoska,2024,Double-A,Eastern League,Hartford Yard Goats,25,1,0.3397350624409714
669236-2024-113,669236,Jeremiah Jackson,2024,Double-A,Eastern League,Binghamton Rumble Ponies,24,2,0.011484305099280995
691775-2024-113,691775,Ryan Clifford,2024,Double-A,Eastern League,Binghamton Rumble Ponies,20,1,0.23635117387487953
682983-2024-113,682983,Jud Fabian,2024,Double-A,Eastern League,Bowie Baysox,23,1,0.3339790886511124
680273-2024-113,680273,Chris Meyers,2024,Double-A,Eastern League,Erie SeaWolves,25,1,0.1180448897341105
669398-2024-113,669398,Gage Workman,2024,Double-A,Eastern League,Erie SeaWolves,24,3,0.18175489484346197
682987-2024-113,682987,Spencer Jones,2024,Double-A,Eastern League,Somerset Patriots,23,3,0.26880752043735007
694212-2024-113,694212,Samuel Basallo,2024,Double-A,Eastern League,Bowie Baysox,19,2,0.18870034248585765
678413-2024-113,678413,Alexfri Planez,2024,Double-A,Eastern League,Akron RubberDucks,22,1,0.007779427830942448
694930-2024-113,694930,Carson Taylor,2024,Double-A,Eastern League,Reading Fightin Phils,25,3,-0.011336931714342422
696135-2024-113,696135,Kahlil Watson,2024,Double-A,Eastern League,Akron RubberDucks,21,1,0.3333559669666026
701350-2024-113,701350,Roman Anthony,2024,Double-A,Eastern League,Portland Sea Dogs,20,3,0.15170251093988427
687637-2024-113,687637,Dylan Beavers,2024,Double-A,Eastern League,Bowie Baysox,22,1,0.2930137768638862
685313-2024-113,685313,Elijah Dunham,2024,Double-A,Eastern League,Somerset Patriots,26,1,0.22802882961159898
691182-2024-113,691182,Adael Amador,2024,Double-A,Eastern League,Hartford Yard Goats,21,4,0.12297148586117268
660650-2024-113,660650,Dérmis Garcia,2024,Double-A,Eastern League,Harrisburg Senators,26,1,0.1904101425362986
687724-2024-113,687724,Jake Holton,2024,Double-A,Eastern League,Erie SeaWolves,26,3,0.2410371435944701
686984-2024-113,686984,Marcus Lee Sang,2024,Double-A,Eastern League,Reading Fightin Phils,23,3,0.048047468675012764
691006-2024-113,691006,Kevin Parada,2024,Double-A,Eastern League,Binghamton Rumble Ponies,22,1,0.20163030174163846
689651-2024-113,689651,Phillip Sikes,2024,Double-A,Eastern League,Portland Sea Dogs,25,1,0.18868944796174178
694514-2024-113,694514,Sterlin Thompson,2024,Double-A,Eastern League,Hartford Yard Goats,23,2,0.1683941094225892
690984-2024-113,690984,Petey Halpin,2024,Double-A,Eastern League,Akron RubberDucks,22,1,0.334931753617914
701678-2024-113,701678,Hao-Yu Lee,2024,Double-A,Eastern League,Erie SeaWolves,21,3,0.019505892168650125
701162-2024-113,701162,Ben Malgeri,2024,Double-A,Eastern League,Erie SeaWolves,24,3,0.31088985396331476
678742-2024-113,678742,Rainer Nunez,2024,Double-A,Eastern League,New Hampshire Fisher Cats,23,3,0.09094538553804778
678011-2024-113,678011,Anthony Seigler,2024,Double-A,Eastern League,Somerset Patriots,25,1,0.10626079826816288
682674-2024-113,682674,Victor Bericoto,2024,Double-A,Eastern League,Richmond Flying Squirrels,22,2,0.04550055719829754
691907-2024-113,691907,Tsung-Che Cheng,2024,Double-A,Eastern League,Altoona Curve,22,1,0.10438602115608368
682775-2024-113,682775,Kervin Pichardo,2024,Double-A,Eastern League,Altoona Curve,22,3,0.1324136172907903
691019-2024-113,691019,Kyle Teel,2024,Double-A,Eastern League,Portland Sea Dogs,22,3,0.1514667722307251
687749-2024-113,687749,Jase Bowen,2024,Double-A,Eastern League,Altoona Curve,23,2,0.11235280826765046
675994-2024-113,675994,Devonte Brown,2024,Double-A,Eastern League,New Hampshire Fisher Cats,24,3,0.06600311140037018
690924-2024-113,690924,Braxton Fulford,2024,Double-A,Eastern League,Hartford Yard Goats,25,1,0.19988698814707834
672613-2024-113,672613,Eliezer Alfonzo,2024,Double-A,Eastern League,Erie SeaWolves,24,2,0.3054750258277656
680918-2024-113,680918,Brady Allen,2024,Double-A,Eastern League,Erie SeaWolves,24,1,0.0725413783602321
682653-2024-113,682653,Warming Bernabel,2024,Double-A,Eastern League,Hartford Yard Goats,22,2,0.3187528021997666
701496-2024-113,701496,Ben Cowles,2024,Double-A,Eastern League,Somerset Patriots,24,2,0.17541395371603025
669360-2024-113,669360,Trei Cruz,2024,Double-A,Eastern League,Erie SeaWolves,25,3,0.08405285589071115
679821-2024-113,679821,Rowdey Jordan,2024,Double-A,Eastern League,Binghamton Rumble Ponies,25,4,-0.0011887111901100055
691001-2024-113,691001,Robert Moore,2024,Double-A,Eastern League,Reading Fightin Phils,22,2,0.1930201162261759
685300-2024-113,685300,Grant Richardson,2024,Double-A,Eastern League,Somerset Patriots,24,3,0.1948214587281713
675455-2024-113,675455,Milan Tolentino,2024,Double-A,Eastern League,Akron RubberDucks,22,2,0.02428014871794617
695930-2024-113,695930,Frederick Bencosme,2024,Double-A,Eastern League,Bowie Baysox,21,2,0.19724749328388722
677570-2024-113,677570,Aaron Bracho,2024,Double-A,Eastern League,Akron RubberDucks,23,1,0.08633323890037493
682942-2024-113,682942,Alex De Jesus,2024,Double-A,Eastern League,New Hampshire Fisher Cats,22,3,0.2315138718826859
687981-2024-113,687981,John Rhodes,2024,Double-A,Eastern League,Bowie Baysox,23,1,0.03963048032483646
689822-2024-113,689822,Matt Rudick,2024,Double-A,Eastern League,Binghamton Rumble Ponies,25,1,0.17169141035970015
686798-2024-113,686798,Yordys Valdes,2024,Double-A,Eastern League,Akron RubberDucks,22,3,0.14799407118672267
694368-2024-113,694368,Jimmy Glowenke,2024,Double-A,Eastern League,Richmond Flying Squirrels,25,2,0.05964821036430691
687627-2024-113,687627,Kody Huff,2024,Double-A,Eastern League,Akron RubberDucks,23,1,0.17127092574080754
691458-2024-113,691458,Blaze Jordan,2024,Double-A,Eastern League,Portland Sea Dogs,21,2,0.3610143285388858
687605-2024-113,687605,Andrew Pinckney,2024,Double-A,Eastern League,Harrisburg Senators,23,3,0.07641523835320543
690022-2024-113,690022,Ryan Ritter,2024,Double-A,Eastern League,Hartford Yard Goats,23,3,0.1553613366572461
683447-2024-113,683447,Gabriel Martinez,2024,Double-A,Eastern League,New Hampshire Fisher Cats,21,2,0.24613333054496522
682679-2024-113,682679,Dayan Frias,2024,Double-A,Eastern League,Akron RubberDucks,22,2,0.015441000266237084
685332-2024-113,685332,Carlos Mendoza,2024,Double-A,Eastern League,Erie SeaWolves,24,4,0.1429028810830131
691267-2024-113,691267,Alex Ramírez,2024,Double-A,Eastern League,Binghamton Rumble Ponies,21,4,0.15524614906453202
678837-2024-113,678837,Bladimir Restituyo,2024,Double-A,Eastern League,Hartford Yard Goats,22,2,0.15777201647885067
686445-2024-113,686445,Sammy Siani,2024,Double-A,Eastern League,Altoona Curve,23,2,0.21848713056214628
673990-2024-113,673990,Andy Thomas,2024,Double-A,Eastern League,Richmond Flying Squirrels,26,2,0.13879771835673363
686976-2024-113,686976,Silas Ardoin,2024,Double-A,Eastern League,Bowie Baysox,23,1,0.17725225595183022
802407-2024-113,802407,Joe Lampe,2024,Double-A,Eastern League,Akron RubberDucks,23,2,0.15667826518815903
696281-2024-113,696281,Wyatt Young,2024,Double-A,Eastern League,Binghamton Rumble Ponies,24,4,0.04936229398792276
686793-2024-113,686793,J.T. Arruda,2024,Double-A,Eastern League,Harrisburg Senators,26,2,0.35060024955743796
800765-2024-113,800765,Carter Howell,2024,Double-A,Eastern League,Richmond Flying Squirrels,25,2,0.16923372017142577
688460-2024-113,688460,Josh Kasevich,2024,Double-A,Eastern League,New Hampshire Fisher Cats,23,2,0.3173643764778141
687751-2024-113,687751,Cortland Lawson,2024,Double-A,Eastern League,Harrisburg Senators,24,2,0.2423395204803989
699013-2024-123,699013,Esmerlyn Valdez,2024,Low-A,Florida State League,Bradenton Marauders,20,1,0.31815191000587145
694200-2024-123,694200,Ariel Almonte,2024,Low-A,Florida State League,Daytona Tortugas,20,1,0.34600737145700644
813880-2024-123,813880,Devin Saltiban,2024,Low-A,Florida State League,Clearwater Threshers,19,1,0.24829056000639566
682627-2024-123,682627,Jose De La Cruz,2024,Low-A,Florida State League,Lakeland Flying Tigers,22,3,0.11564379149433285
805796-2024-123,805796,Arjun Nimmala,2024,Low-A,Florida State League,Dunedin Blue Jays,18,1,0.291410895085132
806263-2024-123,806263,Brandon Winokur,2024,Low-A,Florida State League,Fort Myers Mighty Mussels,19,4,-0.027853083006740918
703149-2024-123,703149,Roderick Arias,2024,Low-A,Florida State League,Tampa Tarpons,19,4,-8.607936332186547e-4
691922-2024-123,691922,Javier Rivas,2024,Low-A,Florida State League,Bradenton Marauders,21,3,0.017258027009594938
703150-2024-123,703150,Ricky Cabrera,2024,Low-A,Florida State League,Daytona Tortugas,19,2,0.1834793864259883
694186-2024-123,694186,Shalin Polanco,2024,Low-A,Florida State League,Bradenton Marauders,20,1,0.1782483979664143
691398-2024-123,691398,Yerlin Confidan,2024,Low-A,Florida State League,Daytona Tortugas,21,3,0.1029579131163293
815734-2024-123,815734,Dylan Jasso,2024,Low-A,Florida State League,Tampa Tarpons,21,1,0.2432326560363972
801938-2024-123,801938,Avery Owusu-Asiedu,2024,Low-A,Florida State League,Clearwater Threshers,21,1,0.21771678545774492
703204-2024-123,703204,Esmith Pineda,2024,Low-A,Florida State League,Daytona Tortugas,19,1,0.03137697674781843
700731-2024-123,700731,Keiner Delgado,2024,Low-A,Florida State League,Bradenton Marauders,20,4,-0.01501549383938463
694215-2024-123,694215,Hans Montero,2024,Low-A,Florida State League,Tampa Tarpons,20,3,-0.019808530379436782
701206-2024-123,701206,Willy Montero,2024,Low-A,Florida State League,Tampa Tarpons,19,2,0.3478343085636187
694202-2024-123,694202,Manuel Beltre,2024,Low-A,Florida State League,Dunedin Blue Jays,20,2,0.20535195950378282
692390-2024-123,692390,Jose Cordoba,2024,Low-A,Florida State League,Palm Beach Cardinals,21,2,0.24975488002473473
698933-2024-123,698933,Ronald Hernandez,2024,Low-A,Florida State League,St. Lucie Mets,20,3,0.08987945113763239
806124-2024-123,806124,Colin Houck,2024,Low-A,Florida State League,St. Lucie Mets,19,3,0.028576557813427224
806146-2024-123,806146,George Lombard Jr.,2024,Low-A,Florida State League,Tampa Tarpons,19,4,0.277814688605517
805951-2024-123,805951,Boston Baro,2024,Low-A,Florida State League,St. Lucie Mets,19,2,0.09605477788158523
815089-2024-123,815089,Coby Morales,2024,Low-A,Florida State League,Tampa Tarpons,22,4,0.09806929436026246
696291-2024-123,696291,Jordan McCants,2024,Low-A,Florida State League,Jupiter Hammerheads,22,4,0.27252163342274005
808818-2024-123,808818,David Smith,2024,Low-A,Florida State League,Lakeland Flying Tigers,23,4,0.13418551439640006
805102-2024-123,805102,Byron Chourio,2024,Low-A,Florida State League,Fort Myers Mighty Mussels,19,4,0.0854791221926646
699293-2024-123,699293,Yohairo Cuevas,2024,Low-A,Florida State League,St. Lucie Mets,20,4,0.06542421253119239
800510-2024-123,800510,Samuel Gil,2024,Low-A,Florida State League,Lakeland Flying Tigers,19,2,0.1331526254420964
663609-2024-117,663609,Luken Baker,2024,Triple-A,International League,Memphis Redbirds,27,1,0.27266356321818286
671286-2024-117,671286,Johnathan Rodríguez,2024,Triple-A,International League,Columbus Clippers,24,3,0.24930329151990493
663905-2024-117,663905,Travis Blankenhorn,2024,Triple-A,International League,Rochester Red Wings,27,1,0.2472168906167956
682239-2024-117,682239,Luke Ritter,2024,Triple-A,International League,Syracuse Mets,27,3,0.264600849942539
664068-2024-117,664068,Scott Kingery,2024,Triple-A,International League,Lehigh Valley IronPigs,30,1,0.20880668494749277
685301-2024-117,685301,Matt Gorski,2024,Triple-A,International League,Indianapolis Indians,26,1,0.16781939732407933
572204-2024-117,572204,Trayce Thompson,2024,Triple-A,International League,Iowa Cubs,33,1,0.3313816568362266
676551-2024-117,676551,Brewer Hicklen,2024,Triple-A,International League,Nashville Sounds,28,1,0.07428278994352605
621458-2024-117,621458,Edwin Rios,2024,Triple-A,International League,Louisville Bats,30,3,0.09142867103053551
682877-2024-117,682877,Juan Brito,2024,Triple-A,International League,Columbus Clippers,22,1,0.034957084743828366
669288-2024-117,669288,Daniel Johnson,2024,Triple-A,International League,Norfolk Tides,28,1,0.2286093158213457
685382-2024-117,685382,Andrew Navigato,2024,Triple-A,International League,Toledo Mud Hens,26,1,0.13431826176606226
670231-2024-117,670231,John Rave,2024,Triple-A,International League,Omaha Storm Chasers,26,1,0.14537484093066858
670870-2024-117,670870,Yunior Severino,2024,Triple-A,International League,St. Paul Saints,24,3,0.16411391941581263
666915-2024-117,666915,Bobby Dalbec,2024,Triple-A,International League,Worcester Red Sox,29,3,0.08381134264609036
689288-2024-117,689288,Matt Koperniak,2024,Triple-A,International League,Memphis Redbirds,26,3,0.23718469979978543
695336-2024-117,695336,Thomas Saggese,2024,Triple-A,International League,Memphis Redbirds,22,1,0.18796980619436274
683357-2024-117,683357,Owen Caissie,2024,Triple-A,International League,Iowa Cubs,21,3,0.18558463162919386
665052-2024-117,665052,Griffin Conine,2024,Triple-A,International League,Jacksonville Jumbo Shrimp,26,3,0.22933676916907475
687478-2024-117,687478,Cam Devanney,2024,Triple-A,International League,Omaha Storm Chasers,27,3,0.11175223042449892
676632-2024-117,676632,Bligh Madris,2024,Triple-A,International League,Toledo Mud Hens,28,1,0.3678787660351844
671913-2024-117,671913,Damiano Palmegiani,2024,Triple-A,International League,Buffalo Bisons,24,1,0.36544310738028196
683770-2024-117,683770,Will Robertson,2024,Triple-A,International League,Buffalo Bisons,26,1,0.0966808895084026
657193-2024-117,657193,Eddy Alvarez,2024,Triple-A,International League,Worcester Red Sox,34,1,0.07856757947684395
676625-2024-117,676625,Rylan Bannon,2024,Triple-A,International League,St. Paul Saints,28,1,0.33412234008516944
695657-2024-117,695657,Colson Montgomery,2024,Triple-A,International League,Charlotte Knights,22,1,0.28464952576527996
677588-2024-117,677588,José Tena,2024,Triple-A,International League,Rochester Red Wings,23,3,0.2631740187196193
666211-2024-117,666211,Taylor Trammell,2024,Triple-A,International League,Scranton/Wilkes-Barre RailRiders,26,1,0.2394938739174171
656484-2024-117,656484,Tristan Gray,2024,Triple-A,International League,Jacksonville Jumbo Shrimp,28,1,0.2931551629686015
670224-2024-117,670224,Kameron Misner,2024,Triple-A,International League,Durham Bulls,26,3,0.0343178263738781
681393-2024-117,681393,Connor Norby,2024,Triple-A,International League,Jacksonville Jumbo Shrimp,24,3,0.2670443161707659
695257-2024-117,695257,Billy Cook,2024,Triple-A,International League,Indianapolis Indians,25,1,0.16616393976009178
681987-2024-117,681987,Nate Eaton,2024,Triple-A,International League,Omaha Storm Chasers,27,1,0.10735298195596597
694355-2024-117,694355,Tyler Gentry,2024,Triple-A,International League,Omaha Storm Chasers,25,3,0.27098221187650945
669742-2024-117,669742,Darick Hall,2024,Triple-A,International League,Lehigh Valley IronPigs,28,1,0.19339745812038492
668472-2024-117,668472,Nick Pratto,2024,Triple-A,International League,Omaha Storm Chasers,25,1,0.15203573547830182
623205-2024-117,623205,Andrew Velazquez,2024,Triple-A,International League,Gwinnett Stripers,29,3,0.10459245817541525
670712-2024-117,670712,Mike Brosseau,2024,Triple-A,International League,Syracuse Mets,30,2,0.20129400756959712
681198-2024-117,681198,TJ Rumfield,2024,Triple-A,International League,Scranton/Wilkes-Barre RailRiders,24,2,0.03691915117941706
672012-2024-117,672012,Tyler Black,2024,Triple-A,International League,Nashville Sounds,23,1,0.02084069990115163
686555-2024-117,686555,Isaac Collins,2024,Triple-A,International League,Nashville Sounds,26,1,0.18534963135882282
680837-2024-117,680837,Ryan Fitzgerald,2024,Triple-A,International League,Omaha Storm Chasers,30,1,0.18543946319234464
677956-2024-117,677956,Rece Hinds,2024,Triple-A,International League,Louisville Bats,23,3,0.07322281371180987
690291-2024-117,690291,Jace Jung,2024,Triple-A,International League,Toledo Mud Hens,23,1,0.17581383507905804
680577-2024-117,680577,DaShawn Keirsey Jr.,2024,Triple-A,International League,St. Paul Saints,27,3,0.06993243352742298
693409-2024-117,693409,César Prieto,2024,Triple-A,International League,Memphis Redbirds,25,2,0.3500799776996462
671083-2024-117,671083,Buddy Kennedy,2024,Triple-A,International League,Lehigh Valley IronPigs,25,2,0.02250665686998801
678554-2024-117,678554,Curtis Mead,2024,Triple-A,International League,Durham Bulls,23,2,0.13878694163144795
678894-2024-117,678894,Liover Peguero,2024,Triple-A,International League,Indianapolis Indians,23,3,0.07950802794056225
672724-2024-117,672724,Oswald Peraza,2024,Triple-A,International League,Scranton/Wilkes-Barre RailRiders,24,4,0.07121243788504707
686765-2024-117,686765,Nick Sogard,2024,Triple-A,International League,Worcester Red Sox,26,3,0.1095741574600944
668723-2024-117,668723,Ryan Vilade,2024,Triple-A,International League,Toledo Mud Hens,25,3,-0.01984808280287882
671221-2024-117,671221,Drew Waters,2024,Triple-A,International League,Omaha Storm Chasers,25,3,0.29305634432224975
671976-2024-117,671976,Tristan Peters,2024,Triple-A,International League,Durham Bulls,24,1,0.25111054998142246
642197-2024-117,642197,Jamie Westbrook,2024,Triple-A,International League,Worcester Red Sox,29,2,0.019341072684222835
693049-2024-117,693049,Oscar Colás,2024,Triple-A,International League,Charlotte Knights,25,1,0.07900878054286764
664731-2024-117,664731,P.J. Higgins,2024,Triple-A,International League,Louisville Bats,31,3,0.10010203243287046
687859-2024-117,687859,Troy Johnston,2024,Triple-A,International League,Jacksonville Jumbo Shrimp,27,2,0.28903128319432525
682650-2024-117,682650,Malcom Nuñez,2024,Triple-A,International League,Indianapolis Indians,23,2,0.10306948821010499
592622-2024-117,592622,Mark Payton,2024,Triple-A,International League,Charlotte Knights,32,2,0.08648644931568998
682927-2024-117,682927,Ronny Simon,2024,Triple-A,International League,Durham Bulls,24,3,0.04229770605579965
660636-2024-117,660636,Diego Castillo,2024,Triple-A,International League,St. Paul Saints,26,2,0.11820941772476708
686639-2024-117,686639,Jack Dunn,2024,Triple-A,International League,Rochester Red Wings,27,2,0.05831237827948047
678391-2024-117,678391,Jorbit Vivas,2024,Triple-A,International League,Scranton/Wilkes-Barre RailRiders,23,2,0.08109985844701727
681962-2024-117,681962,Vinny Capra,2024,Triple-A,International League,Nashville Sounds,27,1,-0.003972423034806552
682668-2024-117,682668,Luisangel Acuña,2024,Triple-A,International League,Syracuse Mets,22,2,0.05354603660291448
694362-2024-117,694362,Blake Dunn,2024,Triple-A,International League,Louisville Bats,25,4,-0.011930333552879148
571875-2024-117,571875,Jake Lamb,2024,Triple-A,International League,Indianapolis Indians,33,1,0.010615868733729954
805367-2024-117,805367,Chase Meidroth,2024,Triple-A,International League,Worcester Red Sox,22,3,0.03991519699549045
676113-2024-117,676113,Zach DeLoach,2024,Triple-A,International League,Charlotte Knights,25,3,0.19313253739015648
570481-2024-117,570481,Erik González,2024,Triple-A,International League,Louisville Bats,32,2,0.2953992420249682
663968-2024-117,663968,Jake Mangum,2024,Triple-A,International League,Durham Bulls,28,2,0.07991544704796297
679881-2024-117,679881,J.P. Martínez,2024,Triple-A,International League,Gwinnett Stripers,28,4,0.19951349847658792
691594-2024-117,691594,Javier Sanoja,2024,Triple-A,International League,Jacksonville Jumbo Shrimp,21,2,0.29250071425469276
694425-2024-117,694425,Justice Bigbie,2024,Triple-A,International League,Toledo Mud Hens,25,2,0.17631133375818606
672463-2024-117,672463,Rafael Lantigua,2024,Triple-A,International League,Buffalo Bisons,26,2,0.05020057551548343
664670-2024-117,664670,Alejo Lopez,2024,Triple-A,International League,Gwinnett Stripers,28,4,0.017656526861851946
668791-2024-117,668791,Anthony Prato,2024,Triple-A,International League,St. Paul Saints,26,2,0.126929161772303
664702-2024-117,664702,Myles Straw,2024,Triple-A,International League,Columbus Clippers,29,4,-0.03579999591903041
680672-2024-117,680672,Luke Waddell,2024,Triple-A,International League,Gwinnett Stripers,25,2,0.17852544118588276
671117-2024-117,671117,Darren Baker,2024,Triple-A,International League,Rochester Red Wings,25,4,0.15755929535156216
683006-2024-118,683006,Chris Newell,2024,High-A,Midwest League,Great Lakes Loons,23,1,0.26470014886821197
702253-2024-118,702253,Cam Collier,2024,High-A,Midwest League,Dayton Dragons,19,1,0.04972009808700464
811289-2024-118,811289,Spencer Nivens,2024,High-A,Midwest League,Quad Cities River Bandits,22,1,0.3617071099507904
695031-2024-118,695031,Josh Zamora,2024,High-A,Midwest League,Beloit Sky Carp,25,1,0.25281558139596627
687310-2024-118,687310,Will Simpson,2024,High-A,Midwest League,Lansing Lugnuts,22,1,0.20426053895439225
688780-2024-118,688780,Luke Gold,2024,High-A,Midwest League,West Michigan Whitecaps,23,1,0.28713035330422276
686438-2024-118,686438,Rubel Cespedes,2024,High-A,Midwest League,Cedar Rapids Kernels,23,3,-0.013923031484039325
696501-2024-118,696501,Mark Coley II,2024,High-A,Midwest League,Beloit Sky Carp,23,1,0.2508722751659076
699115-2024-118,699115,Carlos Jorge,2024,High-A,Midwest League,Dayton Dragons,20,1,0.10366156174676587
699073-2024-118,699073,Thayron Liranzo,2024,High-A,Midwest League,West Michigan Whitecaps,20,1,0.05459221784226969
695612-2024-118,695612,Alex Mooney,2024,High-A,Midwest League,Lake County Captains,21,4,0.02807186157682686
699302-2024-118,699302,Héctor Rodríguez,2024,High-A,Midwest League,Dayton Dragons,20,2,0.3578611614292065
702726-2024-118,702726,Luke Adams,2024,High-A,Midwest League,Wisconsin Timber Rattlers,20,1,0.07824987376084414
801194-2024-118,801194,Max Anderson,2024,High-A,Midwest League,West Michigan Whitecaps,22,2,0.35557926475920404
691627-2024-118,691627,Ricardo Olivar,2024,High-A,Midwest League,Cedar Rapids Kernels,22,3,-0.0018202238045429678
675394-2024-118,675394,Johnny Olmstead,2024,High-A,Midwest League,Beloit Sky Carp,23,2,0.07945137962718969
687731-2024-118,687731,Trevor Werner,2024,High-A,Midwest League,Quad Cities River Bandits,23,1,0.241809443523843
695481-2024-118,695481,Jay Allen II,2024,High-A,Midwest League,Dayton Dragons,21,4,0.05281710360949896
699130-2024-118,699130,Jadher Areinamo,2024,High-A,Midwest League,Wisconsin Timber Rattlers,20,2,0.07943634267166023
699024-2024-118,699024,Leo Bernal,2024,High-A,Midwest League,Peoria Chiefs,20,3,-0.028105760759626355
694749-2024-118,694749,Dylan Campbell,2024,High-A,Midwest League,Great Lakes Loons,21,4,0.06650318379080151
691449-2024-118,691449,Roberto Campos,2024,High-A,Midwest League,West Michigan Whitecaps,21,3,0.009012221814191796
801406-2024-118,801406,Jared Dickey,2024,High-A,Midwest League,Lansing Lugnuts,22,2,0.3348509737154066
695600-2024-118,695600,Carter Jensen,2024,High-A,Midwest League,Quad Cities River Bandits,20,1,0.17739790786471726
807751-2024-118,807751,Ethan O'Donnell,2024,High-A,Midwest League,Dayton Dragons,22,4,-0.01027173302835729
811287-2024-118,811287,Carson Roccaforte,2024,High-A,Midwest League,Quad Cities River Bandits,22,1,0.08558554167271101
695358-2024-118,695358,Jonny Butler,2024,High-A,Midwest League,Lansing Lugnuts,25,1,0.2309654992811856
682631-2024-118,682631,Eduarqui Fernandez,2024,High-A,Midwest League,Wisconsin Timber Rattlers,22,1,0.1639536056281297
693819-2024-118,693819,Kyle Nevin,2024,High-A,Midwest League,Great Lakes Loons,22,3,0.1993343793410653
683454-2024-118,683454,Brayan Buelvas,2024,High-A,Midwest League,Lansing Lugnuts,22,3,0.0364173316014631
683481-2024-118,683481,Nerwilian Cedeño,2024,High-A,Midwest League,Fort Wayne TinCaps,22,1,0.15152698345983934
691408-2024-118,691408,Maick Collado,2024,High-A,Midwest League,Lake County Captains,21,2,0.13638512938251954
691410-2024-118,691410,Jose Devers,2024,High-A,Midwest League,Lake County Captains,21,2,0.12883638003778616
695780-2024-118,695780,Jake Fox,2024,High-A,Midwest League,Lake County Captains,21,1,0.14594574801625418
687192-2024-118,687192,Cade Hunter,2024,High-A,Midwest League,Dayton Dragons,23,1,0.05367103477842507
683494-2024-118,683494,Euribiel Angeles,2024,High-A,Midwest League,Lansing Lugnuts,22,2,0.2772186549788003
699114-2024-118,699114,Leo Balcazar,2024,High-A,Midwest League,Dayton Dragons,20,2,0.1395050411038317
695653-2024-118,695653,Noah Miller,2024,High-A,Midwest League,Great Lakes Loons,21,2,0.3897745771143697
687625-2024-118,687625,Kai Murphy,2024,High-A,Midwest League,Fort Wayne TinCaps,23,2,0.10966787898059623
668776-2024-118,668776,Devin Ortiz,2024,High-A,Midwest League,Fort Wayne TinCaps,25,2,0.19565971661130335
800473-2024-118,800473,Jefferson Rojas,2024,High-A,Midwest League,South Bend Cubs,19,2,0.17822920557613767
809945-2024-118,809945,Jonah Advincula,2024,High-A,Midwest League,Lake County Captains,23,4,0.24718664411070307
700931-2024-118,700931,Seth Stephenson,2024,High-A,Midwest League,West Michigan Whitecaps,23,4,0.1305852500897926
682618-2024-118,682618,Misael Urbina,2024,High-A,Midwest League,Cedar Rapids Kernels,22,4,-0.03608729805076967
694193-2024-118,694193,Victor Acosta,2024,High-A,Midwest League,Dayton Dragons,20,2,0.11886045361058829
679751-2024-118,679751,Danny Bautista Jr.,2024,High-A,Midwest League,Lansing Lugnuts,23,2,0.2992387985600744
800325-2024-118,800325,Luis Lara,2024,High-A,Midwest League,Wisconsin Timber Rattlers,19,4,0.08923078258641139
699393-2024-118,699393,Pedro Ramírez,2024,High-A,Midwest League,South Bend Cubs,20,2,0.1447800113371482
806956-2024-118,806956,Ethan Salas,2024,High-A,Midwest League,Fort Wayne TinCaps,18,2,0.15705076095725465
691191-2024-118,691191,Jose Salas,2024,High-A,Midwest League,Cedar Rapids Kernels,21,4,0.002514702776651597
687783-2024-118,687783,Matthew Wood,2024,High-A,Midwest League,Wisconsin Timber Rattlers,23,2,0.19743216332666028
805280-2024-118,805280,Alex Iadisernia,2024,High-A,Midwest League,Peoria Chiefs,23,4,0.014364018601199135
813386-2024-118,813386,Justin Johnson,2024,High-A,Midwest League,Quad Cities River Bandits,24,2,0.20195328051708727
690914-2024-118,690914,Brody Moore,2024,High-A,Midwest League,Peoria Chiefs,23,4,0.06739628642963003
800231-2024-118,800231,Won-Bin Cho,2024,High-A,Midwest League,Peoria Chiefs,20,3,0.08130687225167728
815039-2024-118,815039,Dustin Dickerson,2024,High-A,Midwest League,Quad Cities River Bandits,23,1,0.06384874521344226
690992-2024-118,690992,Ed Howard,2024,High-A,Midwest League,South Bend Cubs,22,3,0.029110806033209445
703520-2024-118,703520,Brett Bateman,2024,High-A,Midwest League,South Bend Cubs,22,4,0.12946629717545638
694249-2024-126,694249,Cole Carrigg,2024,High-A,Northwest League,Spokane Indians,22,4,0.1859086794385932
681377-2024-126,681377,Josh Hood,2024,High-A,Northwest League,Everett AquaSox,23,1,0.1549420038121457
691720-2024-126,691720,Kyle Karros,2024,High-A,Northwest League,Spokane Indians,21,3,0.20732170206564307
690957-2024-126,690957,Jace Bohrofen,2024,High-A,Northwest League,Vancouver Canadians,22,1,0.2178342547023921
687730-2024-126,687730,Caleb Cali,2024,High-A,Northwest League,Everett AquaSox,23,1,0.16328671992626306
814194-2024-126,814194,Quinn McDaniel,2024,High-A,Northwest League,Eugene Emeralds,21,4,0.0021063602790634215
814791-2024-126,814791,Jared Sundstrom,2024,High-A,Northwest League,Everett AquaSox,23,4,-0.03174816938406607
700164-2024-126,700164,Bryant Betancourt,2024,High-A,Northwest League,Spokane Indians,20,2,0.13213808938584046
694815-2024-126,694815,Jack Hurley,2024,High-A,Northwest League,Hillsboro Hops,22,3,-0.013750367182318915
681098-2024-126,681098,Bill Knight,2024,High-A,Northwest League,Everett AquaSox,24,1,0.017353006293266998
695521-2024-126,695521,Gavin Conticello,2024,High-A,Northwest League,Hillsboro Hops,21,3,0.1254797937199874
800959-2024-126,800959,Nick Goodwin,2024,High-A,Northwest League,Vancouver Canadians,22,1,0.17078740647500495
671925-2024-126,671925,Matt Coutney,2024,High-A,Northwest League,Tri-City Dust Devils,24,3,0.2732080592814517
691726-2024-126,691726,Kevin Sim,2024,High-A,Northwest League,Hillsboro Hops,22,2,0.16520714103264925
699912-2024-126,699912,Jose Fernandez,2024,High-A,Northwest League,Hillsboro Hops,20,2,0.2676234501937239
814408-2024-126,814408,Jackson Hornung,2024,High-A,Northwest League,Vancouver Canadians,23,3,0.17290955142840728
810053-2024-126,810053,Caleb Ketchup,2024,High-A,Northwest League,Tri-City Dust Devils,22,4,0.14776925296419866
692046-2024-126,692046,Axel Sanchez,2024,High-A,Northwest League,Everett AquaSox,21,4,-0.025329060504419437
682648-2024-126,682648,Juan Guerrero,2024,High-A,Northwest League,Spokane Indians,22,2,0.14212608962344328
694211-2024-126,694211,Manuel Pena,2024,High-A,Northwest League,Hillsboro Hops,20,2,0.07690470181243537
690956-2024-126,690956,Werner Blakely,2024,High-A,Northwest League,Tri-City Dust Devils,22,1,0.11999704408087332
694170-2024-126,694170,Dyan Jorge,2024,High-A,Northwest League,Spokane Indians,21,4,0.1763480363078784
669899-2024-112,669899,Ryan Ward,2024,Triple-A,Pacific Coast League,Oklahoma City Baseball Club,26,1,0.16630443792682156
613564-2024-112,613564,Jason Vosler,2024,Triple-A,Pacific Coast League,Tacoma Rainiers,30,1,0.13689166098248856
664247-2024-112,664247,Kyle Garlick,2024,Triple-A,Pacific Coast League,Reno Aces,32,1,0.2836968191129032
542208-2024-112,542208,Carlos Pérez,2024,Triple-A,Pacific Coast League,Las Vegas Aviators,33,1,0.17510073467908607
680728-2024-112,680728,Adrian Del Castillo,2024,Triple-A,Pacific Coast League,Reno Aces,24,1,0.07143830551818586
665846-2024-112,665846,Jesús Bastidas,2024,Triple-A,Pacific Coast League,Sugar Land Space Cowboys,25,1,0.19907548778510897
686531-2024-112,686531,Andre Lipcius,2024,Triple-A,Pacific Coast League,Oklahoma City Baseball Club,26,1,0.21295434876679448
694376-2024-112,694376,Shay Whitcomb,2024,Triple-A,Pacific Coast League,Sugar Land Space Cowboys,25,1,0.07378407560806663
694175-2024-112,694175,Pedro León,2024,Triple-A,Pacific Coast League,Sugar Land Space Cowboys,26,3,0.17147192836000777
672359-2024-112,672359,Tirso Ornelas,2024,Triple-A,Pacific Coast League,El Paso Chihuahuas,24,2,0.0683586301929981
672478-2024-112,672478,Jordan Diaz,2024,Triple-A,Pacific Coast League,Las Vegas Aviators,23,3,-6.896240002126512e-4
668751-2024-112,668751,Cal Mitchell,2024,Triple-A,Pacific Coast League,El Paso Chihuahuas,25,1,0.18435955386611574
676116-2024-112,676116,Ryan Noda,2024,Triple-A,Pacific Coast League,Las Vegas Aviators,28,1,0.16615003751991939
666703-2024-112,666703,Eguy Rosario,2024,Triple-A,Pacific Coast League,El Paso Chihuahuas,24,1,0.20782424028467622
688760-2024-112,688760,Blaine Crim,2024,Triple-A,Pacific Coast League,Round Rock Express,27,2,0.12850723558000707
665953-2024-112,665953,Andrés Chaparro,2024,Triple-A,Pacific Coast League,Reno Aces,25,3,0.06574408746757664
680693-2024-112,680693,Grant Lavigne,2024,Triple-A,Pacific Coast League,Albuquerque Isotopes,24,1,0.07269261170916455
660758-2024-112,660758,Sandro Fabian,2024,Triple-A,Pacific Coast League,Round Rock Express,26,2,0.15520884642252836
682210-2024-112,682210,Kody Hoese,2024,Triple-A,Pacific Coast League,Oklahoma City Baseball Club,26,2,0.09013899831136273
664954-2024-112,664954,Brett Sullivan,2024,Triple-A,Pacific Coast League,El Paso Chihuahuas,30,1,0.029670082793958302
663536-2024-112,663536,Tristin English,2024,Triple-A,Pacific Coast League,Reno Aces,27,2,0.2956514933903913
675659-2024-112,675659,Greg Jones,2024,Triple-A,Pacific Coast League,Albuquerque Isotopes,26,3,0.08009350482796383
681584-2024-112,681584,David Villar,2024,Triple-A,Pacific Coast League,Sacramento River Cats,27,1,0.15789760825894297
680810-2024-112,680810,Quincy Hamilton,2024,Triple-A,Pacific Coast League,Sugar Land Space Cowboys,26,1,0.2815254167896717
676939-2024-112,676939,Jimmy Herron,2024,Triple-A,Pacific Coast League,Albuquerque Isotopes,27,2,0.20675905184898052
669087-2024-112,669087,Sam Huff,2024,Triple-A,Pacific Coast League,Round Rock Express,26,3,0.20466920258290164
687799-2024-112,687799,Cade Marlowe,2024,Triple-A,Pacific Coast League,Tacoma Rainiers,27,1,0.027018229138390488
700242-2024-112,700242,Trey Sweeney,2024,Triple-A,Pacific Coast League,Oklahoma City Baseball Club,24,3,0.25389013600690646
669208-2024-112,669208,Ryan Bliss,2024,Triple-A,Pacific Coast League,Tacoma Rainiers,24,4,0.2059591862141397
641779-2024-112,641779,Charles Leblanc,2024,Triple-A,Pacific Coast League,Salt Lake Bees,28,1,0.23405652903821522
605346-2024-112,605346,Jack López,2024,Triple-A,Pacific Coast League,Salt Lake Bees,31,3,0.19643896906356137
669386-2024-112,669386,Trevor Hauver,2024,Triple-A,Pacific Coast League,Round Rock Express,25,3,0.1206962598106108
669392-2024-112,669392,Samad Taylor,2024,Triple-A,Pacific Coast League,Tacoma Rainiers,25,4,0.14206307656968697
677941-2024-112,677941,Jordyn Adams,2024,Triple-A,Pacific Coast League,Salt Lake Bees,24,4,0.020906493821278856
676946-2024-112,676946,Matthew Batten,2024,Triple-A,Pacific Coast League,El Paso Chihuahuas,29,2,0.1107488248721975
670092-2024-112,670092,Trenton Brooks,2024,Triple-A,Pacific Coast League,Sacramento River Cats,28,1,0.010078734498176036
687957-2024-112,687957,Dustin Harris,2024,Triple-A,Pacific Coast League,Round Rock Express,24,4,0.17373012013049394
669450-2024-112,669450,Cooper Hummel,2024,Triple-A,Pacific Coast League,Sugar Land Space Cowboys,29,3,0.23847261212506524
546991-2024-112,546991,Albert Almora Jr.,2024,Triple-A,Pacific Coast League,Reno Aces,30,2,0.2883214966565425
666183-2024-112,666183,Hunter Bishop,2024,Triple-A,Pacific Coast League,Sacramento River Cats,26,3,0.08942048639896207
660829-2024-112,660829,Hoy Park,2024,Triple-A,Pacific Coast League,Las Vegas Aviators,28,3,0.1364338549429471
642727-2024-112,642727,Sergio Alcántara,2024,Triple-A,Pacific Coast League,Reno Aces,27,3,0.10609420451328035
682183-2024-112,682183,Drew Avans,2024,Triple-A,Pacific Coast League,Oklahoma City Baseball Club,28,3,0.10019142634183562
667663-2024-112,667663,Hunter Stovall,2024,Triple-A,Pacific Coast League,Albuquerque Isotopes,27,2,0.32025039652801496
669200-2024-112,669200,Mason McCoy,2024,Triple-A,Pacific Coast League,El Paso Chihuahuas,29,4,0.13828904455311855
670148-2024-112,670148,Nate Mondou,2024,Triple-A,Pacific Coast League,El Paso Chihuahuas,29,1,0.03690421617007239
669326-2024-112,669326,Bryce Teodosio,2024,Triple-A,Pacific Coast League,Salt Lake Bees,25,4,0.08079254160151327
519303-2024-112,519303,Elliot Soto,2024,Triple-A,Pacific Coast League,Salt Lake Bees,34,4,0.05356945439048915
680890-2024-112,680890,Jax Biggers,2024,Triple-A,Pacific Coast League,Round Rock Express,27,3,-0.01922811096285388
702789-2024-112,702789,Austin Gauthier,2024,Triple-A,Pacific Coast League,Oklahoma City Baseball Club,25,2,0.11305765276097404
676566-2024-116,676566,Shawn Ross,2024,High-A,South Atlantic League,Greensboro Grasshoppers,24,1,0.28667587300164116
800232-2024-116,800232,Luis Baez,2024,High-A,South Atlantic League,Asheville Tourists,20,1,0.12254398211762366
682793-2024-116,682793,Bryan Gonzalez,2024,High-A,South Atlantic League,Greenville Drive,22,3,0.24882898484066784
677342-2024-116,677342,Brock Jones,2024,High-A,South Atlantic League,Bowling Green Hot Rods,23,3,0.0055719359254700965
695770-2024-116,695770,Wes Kath,2024,High-A,South Atlantic League,Winston-Salem Dash,21,1,0.10658463223217748
807742-2024-116,807742,Colton Ledbetter,2024,High-A,South Atlantic League,Bowling Green Hot Rods,22,1,0.10819520745455541
691369-2024-116,691369,Allan Castro,2024,High-A,South Atlantic League,Greenville Drive,21,1,0.14494398072277537
802459-2024-116,802459,Ryan Johnson,2024,High-A,South Atlantic League,Asheville Tourists,23,1,0.042010858449225544
694966-2024-116,694966,Brayden Taylor,2024,High-A,South Atlantic League,Bowling Green Hot Rods,22,1,0.1898746491109619
696145-2024-116,696145,Lonnie White Jr.,2024,High-A,South Atlantic League,Greensboro Grasshoppers,21,1,0.29355789132349625
695604-2024-116,695604,T.J. White,2024,High-A,South Atlantic League,Wilmington Blue Rocks,20,1,0.30933459133447294
802991-2024-116,802991,E.J. Exposito,2024,High-A,South Atlantic League,Rome Emperors,23,1,0.1008153095613309
687431-2024-116,687431,Hudson Head,2024,High-A,South Atlantic League,Greensboro Grasshoppers,23,1,0.27462628224062563
690991-2024-116,690991,Mac Horvath,2024,High-A,South Atlantic League,Bowling Green Hot Rods,22,1,0.2479581144242681
702261-2024-116,702261,Termarr Johnson,2024,High-A,South Atlantic League,Greensboro Grasshoppers,20,2,0.029679977853244707
683079-2024-116,683079,Omar Martinez,2024,High-A,South Atlantic League,Hudson Valley Renegades,22,1,0.25564774840606114
691858-2024-116,691858,Jared Serna,2024,High-A,South Atlantic League,Hudson Valley Renegades,22,2,0.05857956879088104
695508-2024-116,695508,Cam Cauley,2024,High-A,South Atlantic League,Hickory Crawdads,21,1,0.05757157261296512
691792-2024-116,691792,Roc Riggio,2024,High-A,South Atlantic League,Hudson Valley Renegades,22,1,0.11625463952151763
689688-2024-116,689688,Ethan Workinger,2024,High-A,South Atlantic League,Rome Emperors,22,1,0.09323744792441287
701778-2024-116,701778,Jace Avina,2024,High-A,South Atlantic League,Hudson Valley Renegades,21,2,0.04839888623094012
695048-2024-116,695048,Garret Guillemette,2024,High-A,South Atlantic League,Asheville Tourists,22,1,0.07350894846629814
695692-2024-116,695692,Cooper Kinney,2024,High-A,South Atlantic League,Bowling Green Hot Rods,21,3,0.160368164728629
806964-2024-116,806964,Sebastian Walcott,2024,High-A,South Atlantic League,Hickory Crawdads,18,3,0.052591497454342676
700845-2024-116,700845,Adam Zebrowski,2024,High-A,South Atlantic League,Rome Emperors,23,3,0.006102192215071305
694218-2024-116,694218,Yeison Morrobel,2024,High-A,South Atlantic League,Hickory Crawdads,20,2,0.11782369274318875
694742-2024-116,694742,Josh Moylan,2024,High-A,South Atlantic League,Hudson Valley Renegades,21,3,0.11236626494008611
691385-2024-116,691385,Ronald Rosario,2024,High-A,South Atlantic League,Greenville Drive,21,2,0.3054118396621061
694214-2024-116,694214,Samuel Zavala,2024,High-A,South Atlantic League,Winston-Salem Dash,19,1,0.0934403302269597
801523-2024-116,801523,Chris Suero,2024,High-A,South Atlantic League,Brooklyn Cyclones,20,1,0.20327432879385982
691645-2024-116,691645,Jefrey De Los Santos,2024,High-A,South Atlantic League,Brooklyn Cyclones,21,1,0.2898259698243738
690983-2024-116,690983,Hunter Haas,2024,High-A,South Atlantic League,Bowling Green Hot Rods,22,1,0.18709016435585812
694991-2024-116,694991,Mitch Jebb,2024,High-A,South Atlantic League,Greensboro Grasshoppers,22,4,0.12936885471382278
691708-2024-116,691708,Junior Tilien,2024,High-A,South Atlantic League,Brooklyn Cyclones,21,2,0.26615119511835655
677356-2024-116,677356,Carter Young,2024,High-A,South Atlantic League,Aberdeen IronBirds,23,4,0.026959040382381883
687201-2024-116,687201,Kevin Kilpatrick Jr.,2024,High-A,South Atlantic League,Rome Emperors,23,4,0.2954527754774959
688500-2024-116,688500,Stephen Paolini,2024,High-A,South Atlantic League,Rome Emperors,23,3,0.12534567662341328
694884-2024-116,694884,Jalen Vasquez,2024,High-A,South Atlantic League,Aberdeen IronBirds,22,4,0.11803869874816754
702708-2024-116,702708,Emaarion Boyd,2024,High-A,South Atlantic League,Jersey Shore BlueClaws,20,4,0.02790692062554481
694754-2024-116,694754,Sabin Ceballos,2024,High-A,South Atlantic League,Rome Emperors,21,2,0.09855987242709909
694230-2024-116,694230,Hendry Mendez,2024,High-A,South Atlantic League,Jersey Shore BlueClaws,20,2,0.14665442072916965
703492-2024-116,703492,Nick Morabito,2024,High-A,South Atlantic League,Brooklyn Cyclones,21,4,0.24158553827337237
801600-2024-116,801600,Bryce Willits,2024,High-A,South Atlantic League,Winston-Salem Dash,24,2,0.2569967263541891
688394-2024-116,688394,Jordan Sprinkle,2024,High-A,South Atlantic League,Winston-Salem Dash,23,2,0.08526346045529389
703151-2024-116,703151,William Bergolla Jr.,2024,High-A,South Atlantic League,Winston-Salem Dash,19,4,-0.010799668679819931
701701-2024-116,701701,Quincy Scott,2024,High-A,South Atlantic League,Hickory Crawdads,21,2,0.1402434394364674
678021-2024-111,678021,Nicholas Northcut,2024,Double-A,Southern League,Chattanooga Lookouts,25,1,0.1779538098665113
691788-2024-111,691788,Joe Mack,2024,Double-A,Southern League,Pensacola Blue Wahoos,21,1,0.1517276762722513
700246-2024-111,700246,Carson Williams,2024,Double-A,Southern League,Montgomery Biscuits,21,1,0.09341184784911967
694385-2024-111,694385,Brock Wilken,2024,Double-A,Southern League,Biloxi Shuckers,22,1,0.31066349371410806
687272-2024-111,687272,Tucker Flint,2024,Double-A,Southern League,Rocket City Trash Pandas,23,3,0.10229452623831446
687210-2024-111,687210,Nathan Martorella,2024,Double-A,Southern League,Pensacola Blue Wahoos,23,1,0.060935074873125585
691442-2024-111,691442,Wilfred Veras,2024,Double-A,Southern League,Birmingham Barons,21,3,0.0787029766295052
672569-2024-111,672569,Gustavo Campero,2024,Double-A,Southern League,Rocket City Trash Pandas,26,4,0.020622332778155266
676572-2024-111,676572,Eric Wagaman,2024,Double-A,Southern League,Rocket City Trash Pandas,26,2,0.19037750683345003
667803-2024-111,667803,Ernesto Martinez Jr.,2024,Double-A,Southern League,Biloxi Shuckers,25,2,0.17720207470435673
702333-2024-111,702333,Haydn McGeary,2024,Double-A,Southern League,Tennessee Smokies,24,1,0.06987960527524906
682192-2024-111,682192,Paul McIntosh,2024,Double-A,Southern League,Pensacola Blue Wahoos,26,2,0.19383105486715713
690988-2024-111,690988,Austin Hendrick,2024,Double-A,Southern League,Chattanooga Lookouts,23,1,0.13883617154860833
681357-2024-111,681357,Cody Morissette,2024,Double-A,Southern League,Pensacola Blue Wahoos,24,1,0.24937685910883597
676473-2024-111,676473,Lamar Sparks,2024,Double-A,Southern League,Biloxi Shuckers,25,3,0.2444788174589623
694351-2024-111,694351,Jacob Berry,2024,Double-A,Southern League,Pensacola Blue Wahoos,23,2,0.1914807088142237
681371-2024-111,681371,Dom Keegan,2024,Double-A,Southern League,Montgomery Biscuits,23,3,0.034775560559510775
695587-2024-111,695587,Bryson Horne,2024,Double-A,Southern League,Mississippi Braves,25,3,0.07921322188869044
805300-2024-111,805300,Jakob Marsee,2024,Double-A,Southern League,Pensacola Blue Wahoos,23,1,0.07028482075404897
695020-2024-111,695020,Tanner Murray,2024,Double-A,Southern League,Montgomery Biscuits,24,2,0.31503896637327794
701649-2024-111,701649,James Triantos,2024,Double-A,Southern League,Tennessee Smokies,21,4,0.004030014139205176
681047-2024-111,681047,Christian Franklin,2024,Double-A,Southern League,Tennessee Smokies,24,4,0.08696302635855864
694378-2024-111,694378,Jacob Gonzalez,2024,Double-A,Southern League,Birmingham Barons,22,2,0.20324097111156592
687862-2024-111,687862,Cody Milligan,2024,Double-A,Southern League,Mississippi Braves,25,4,0.26365648031279254
695299-2024-111,695299,Terrell Tatum,2024,Double-A,Southern League,Birmingham Barons,24,4,0.19376174684915154
687521-2024-111,687521,Eric Brown Jr.,2024,Double-A,Southern League,Biloxi Shuckers,23,2,0.1426641912632309
694848-2024-111,694848,Sam Brown,2024,Double-A,Southern League,Rocket City Trash Pandas,22,2,0.32691723308834747
667240-2024-111,667240,Jason Matthews,2024,Double-A,Southern League,Birmingham Barons,27,1,0.11150056394473683
695462-2024-111,695462,Cal Conley,2024,Double-A,Southern League,Mississippi Braves,24,4,0.086966780231012
687152-2024-111,687152,Darrien Miller,2024,Double-A,Southern League,Biloxi Shuckers,23,1,0.0964758734494015
694478-2024-111,694478,Michael Turner,2024,Double-A,Southern League,Birmingham Barons,25,2,0.049097592600494094
677605-2024-111,677605,Luis Verdugo,2024,Double-A,Southern League,Tennessee Smokies,23,2,0.33627943464518895
687248-2024-111,687248,Keshawn Ogans,2024,Double-A,Southern League,Mississippi Braves,22,2,0.1396021385518326
703185-2024-111,703185,Nelson Rada,2024,Double-A,Southern League,Rocket City Trash Pandas,18,4,0.16282512726814485
681333-2024-111,681333,Dru Baker,2024,Double-A,Southern League,Montgomery Biscuits,24,4,0.2523605281241399
699471-2024-109,699471,Ivan Melendez,2024,Double-A,Texas League,Amarillo Sod Poodles,24,1,0.1755754039519254
694374-2024-109,694374,Tim Tawa,2024,Double-A,Texas League,Amarillo Sod Poodles,25,1,0.06265862945522828
681134-2024-109,681134,Caleb Roberts,2024,Double-A,Texas League,Amarillo Sod Poodles,24,3,-0.02600305506282141
623507-2024-109,623507,Josh Lester,2024,Double-A,Texas League,Northwest Arkansas Naturals,29,1,0.1509983980305906
694673-2024-109,694673,Abimelec Ortiz,2024,Double-A,Texas League,Frisco RoughRiders,22,1,0.2753214937082912
651016-2024-109,651016,Matt Lloyd,2024,Double-A,Texas League,Springfield Cardinals,28,1,0.22078751347674866
682947-2024-109,682947,Jose Ramos,2024,Double-A,Texas League,Tulsa Drillers,23,1,0.1276229528832337
691021-2024-109,691021,A.J. Vukovich,2024,Double-A,Texas League,Amarillo Sod Poodles,22,3,0.3377986007562693
686770-2024-109,686770,Dillan Shrum,2024,Double-A,Texas League,Northwest Arkansas Naturals,26,1,0.1499348939081465
688457-2024-109,688457,Gavin Cross,2024,Double-A,Texas League,Northwest Arkansas Naturals,23,4,-0.03226871526806191
676812-2024-109,676812,Carson McCusker,2024,Double-A,Texas League,Wichita Wind Surge,26,3,0.15943492936704468
686810-2024-109,686810,Brennan Milone,2024,Double-A,Texas League,Midland RockHounds,23,1,0.20003602594209408
702112-2024-109,702112,Hogan Windish,2024,Double-A,Texas League,Arkansas Travelers,25,1,0.08977224436227368
694271-2024-109,694271,R.J. Yeager,2024,Double-A,Texas League,Springfield Cardinals,25,2,0.2356705529159545
683227-2024-109,683227,Cody Freeman,2024,Double-A,Texas League,Frisco RoughRiders,23,2,0.013604083368638309
674976-2024-109,674976,Griffin Lockwood-Powell,2024,Double-A,Texas League,Tulsa Drillers,26,1,0.21997030574328927
681123-2024-109,681123,Luca Tresh,2024,Double-A,Texas League,Northwest Arkansas Naturals,24,1,0.18806299698979762
686523-2024-109,686523,Peyton Wilson,2024,Double-A,Texas League,Northwest Arkansas Naturals,24,2,0.05057764093420606
676203-2024-109,676203,Marcos Castañon,2024,Double-A,Texas League,San Antonio Missions,25,2,0.21111816300268468
672016-2024-109,672016,Denzel Clarke,2024,Double-A,Texas League,Midland RockHounds,24,3,0.10016458464493018
677049-2024-109,677049,Josh Hatcher,2024,Double-A,Texas League,Frisco RoughRiders,25,3,0.1452516246806056
642134-2024-109,642134,Robbie Tenerowicz,2024,Double-A,Texas League,San Antonio Missions,29,2,0.25196839208964994
677565-2024-109,677565,Kristian Robinson,2024,Double-A,Texas League,Amarillo Sod Poodles,23,3,0.19900779604742683
805346-2024-109,805346,Ben Ross,2024,Double-A,Texas League,Wichita Wind Surge,23,1,0.19473878978189765
702113-2024-109,702113,Cole Cummings,2024,Double-A,Texas League,San Antonio Missions,26,1,0.06838177497432783
687567-2024-109,687567,Jorel Ortega,2024,Double-A,Texas League,Wichita Wind Surge,23,1,0.21598453041637178
690474-2024-109,690474,Tommy Sacco Jr.,2024,Double-A,Texas League,Corpus Christi Hooks,25,2,0.11923254795289141
802355-2024-109,802355,Tanner Schobel,2024,Double-A,Texas League,Wichita Wind Surge,23,1,0.14235848792500486
701675-2024-109,701675,Nathan Church,2024,Double-A,Texas League,Springfield Cardinals,23,2,0.30758446324832694
663478-2024-109,663478,Brendon Davis,2024,Double-A,Texas League,Tulsa Drillers,26,1,0.24203402634358878
642720-2024-109,642720,Ray-Patrick Didder,2024,Double-A,Texas League,San Antonio Missions,29,1,0.13496713742422128
672596-2024-109,672596,Robert Perez Jr.,2024,Double-A,Texas League,San Antonio Missions,24,3,0.12326640333751836
696160-2024-109,696160,Jake Rucker,2024,Double-A,Texas League,Wichita Wind Surge,24,2,0.3158962626693386
702284-2024-109,702284,Cole Young,2024,Double-A,Texas League,Arkansas Travelers,20,4,0.004513584570313555
691185-2024-109,691185,Maximo Acosta,2024,Double-A,Texas League,Frisco RoughRiders,21,2,0.15982981334181237
678746-2024-109,678746,Diego Hernandez,2024,Double-A,Texas League,Northwest Arkansas Naturals,23,2,0.2571506990596826
678577-2024-109,678577,Junior Perez,2024,Double-A,Texas League,Midland RockHounds,22,3,0.09463810814930816
677601-2024-109,677601,Keyber Rodriguez,2024,Double-A,Texas League,Frisco RoughRiders,23,2,0.3198016367037261
805834-2024-109,805834,Javi Vaz,2024,Double-A,Texas League,Northwest Arkansas Naturals,23,2,0.18332572324243043
676466-2024-109,676466,Jack Winkler,2024,Double-A,Texas League,Midland RockHounds,25,2,0.12971477449879124
689750-2024-109,689750,Jacob Buchberger,2024,Double-A,Texas League,Springfield Cardinals,26,2,0.07632181137364538
695670-2024-109,695670,Harry Ford,2024,Double-A,Texas League,Arkansas Travelers,21,4,0.13823955292664442
701648-2024-109,701648,Aaron Zavala,2024,Double-A,Texas League,Frisco RoughRiders,24,1,0.09130821348315278
685341-2024-109,685341,Ripken Reyes,2024,Double-A,Texas League,San Antonio Missions,27,2,0.2992089868922384
686475-2024-109,686475,Tyler Tolbert,2024,Double-A,Texas League,Northwest Arkansas Naturals,26,4,0.09682732345747797
805891-2024-109,805891,Taylor Young,2024,Double-A,Texas League,Tulsa Drillers,25,4,0.2910994921617907
691558-2024-109,691558,Yeiner Fernandez,2024,Double-A,Texas League,Tulsa Drillers,21,2,0.3887934181142413
692405-2024-109,692405,Jeremy Rivas,2024,Double-A,Texas League,Springfield Cardinals,21,4,0.0399477685944022
679754-2024-109,679754,Alberto Rodriguez,2024,Double-A,Texas League,Arkansas Travelers,23,2,0.03125816276786918
810938-2024-109,810938,Ben Williamson,2024,Double-A,Texas League,Arkansas Travelers,23,3,0.12969760267485836
663494-2024-109,663494,Bryan Torres,2024,Double-A,Texas League,Springfield Cardinals,26,4,0.10517147769345339
671080-2024-109,671080,Jeremy Arocho,2024,Double-A,Texas League,Corpus Christi Hooks,25,4,0.12999355101010845
702331-2024-109,702331,Noah Mendlinger,2024,Double-A,Texas League,Springfield Cardinals,23,2,0.1815047214347756
692039-2025-110,692039,Carlos Jimenez,2025,Low-A,California League,Modesto Nuts,22,4,0.08458761652827336
702607-2025-110,702607,Dakota Jordan,2025,Low-A,California League,San Jose Giants,22,3,0.15389157979680734
808234-2025-110,808234,Eduardo Quintero,2025,Low-A,California League,Rancho Cucamonga Quakes,19,3,0.008653530746757277
804558-2025-110,804558,Raudi Rodriguez,2025,Low-A,California League,Inland Empire 66ers,21,4,-0.015284562340660219
701837-2025-110,701837,Kavares Tears,2025,Low-A,California League,Lake Elsinore Storm,22,3,0.1529054660377759
806152-2025-110,806152,Walker Martin,2025,Low-A,California League,San Jose Giants,21,3,0.14959402740031097
807957-2025-110,807957,Yassel Soler,2025,Low-A,California League,Visalia Rawhide,19,2,0.22871674328663522
813771-2025-110,813771,Robert Hipwell,2025,Low-A,California League,San Jose Giants,22,3,0.024939519221171408
703153-2025-110,703153,Samuel Munoz,2025,Low-A,California League,Rancho Cucamonga Quakes,20,1,0.20007429523992967
806978-2025-110,806978,Robert Calaz,2025,Low-A,California League,Fresno Grizzlies,19,2,0.07825963065360103
815464-2025-110,815464,Lisbel Diaz,2025,Low-A,California League,San Jose Giants,19,2,0.24152023813753956
694563-2025-110,694563,Harold Coll,2025,Low-A,California League,Inland Empire 66ers,23,3,0.035568890338675205
814696-2025-110,814696,Jaron Elkins,2025,Low-A,California League,Rancho Cucamonga Quakes,20,4,0.14777364677284943
802474-2025-110,802474,Cameron Leary,2025,Low-A,California League,Stockton Ports,23,4,0.1875836373190537
691561-2025-110,691561,Jose Meza,2025,Low-A,California League,Rancho Cucamonga Quakes,22,4,0.09463975629029521
800185-2025-110,800185,Ruben Santana,2025,Low-A,California League,Visalia Rawhide,20,2,0.09398724299647823
699698-2025-110,699698,Ricardo Cova,2025,Low-A,California League,Modesto Nuts,21,4,-0.03173779157215163
800302-2025-110,800302,Mairoshendrick Martinus,2025,Low-A,California League,Rancho Cucamonga Quakes,20,4,-0.03564255793419748
806958-2025-110,806958,Felnin Celesten,2025,Low-A,California League,Modesto Nuts,19,4,0.07014797014182479
822624-2025-110,822624,Kevin Fitzer,2025,Low-A,California League,Fresno Grizzlies,23,2,0.12945094115093786
800193-2025-110,800193,Kelvin Hidalgo,2025,Low-A,California League,Fresno Grizzlies,20,4,0.1531727064253171
805117-2025-110,805117,Jean Carlos Sió,2025,Low-A,California League,San Jose Giants,21,2,0.15146905660525858
800569-2025-110,800569,Alberto Barriga,2025,Low-A,California League,Visalia Rawhide,20,1,0.17208903128541822
702601-2025-110,702601,Lamar King Jr.,2025,Low-A,California League,Lake Elsinore Storm,21,4,-0.011504445376674588
800188-2025-110,800188,Dario Laverde,2025,Low-A,California League,Inland Empire 66ers,20,2,0.22103868974789395
694318-2025-110,694318,Austin St. Laurent,2025,Low-A,California League,Modesto Nuts,22,4,-0.0200375948930566
828473-2025-110,828473,Zach Evans,2025,Low-A,California League,Lake Elsinore Storm,22,2,0.19492523378059345
805319-2025-110,805319,Dervy Ventura,2025,Low-A,California League,Modesto Nuts,21,4,0.27564129563728046
814091-2025-110,814091,John Wimmer,2025,Low-A,California League,Inland Empire 66ers,20,3,0.20803948685011278
703192-2025-110,703192,Abdias De La Cruz,2025,Low-A,California League,Visalia Rawhide,20,1,0.0829777594387553
691571-2025-110,691571,Johan Macias,2025,Low-A,California League,Inland Empire 66ers,22,2,0.31229245869932276
807975-2025-110,807975,Yeiker Reyes,2025,Low-A,California League,Fresno Grizzlies,19,4,0.28975198003078023
800206-2025-110,800206,Yerald Nin,2025,Low-A,California League,Visalia Rawhide,19,4,0.2623085999768199
694953-2025-110,694953,C.J. Pittaro,2025,Low-A,California League,Stockton Ports,23,3,0.03529505407905886
702409-2025-110,702409,Jorge Ruiz,2025,Low-A,California League,Inland Empire 66ers,21,4,-0.007294740167556493
800724-2025-122,800724,Eric Bitonti,2025,Low-A,Carolina League,Carolina Mudcats,19,1,0.15238795557454343
805804-2025-122,805804,George Wolkow,2025,Low-A,Carolina League,Kannapolis Cannon Ballers,19,1,0.04417594459008827
807722-2025-122,807722,Maxton Martin,2025,Low-A,Carolina League,Hickory Crawdads,20,2,0.09201979663255652
808153-2025-122,808153,Luis Merejo,2025,Low-A,Carolina League,Hill City Howlers,19,1,0.24971079891203982
815121-2025-122,815121,Alexey Lumpuy,2025,Low-A,Carolina League,Myrtle Beach Pelicans,21,4,0.01627439673107402
815352-2025-122,815352,Caleb Bonemer,2025,Low-A,Carolina League,Kannapolis Cannon Ballers,19,1,0.1085847267777254
806985-2025-122,806985,Yoeilin Cespedes,2025,Low-A,Carolina League,Salem Red Sox,19,2,0.04822350789788032
806995-2025-122,806995,Filippo Di Turi,2025,Low-A,Carolina League,Carolina Mudcats,19,1,0.2559083830062045
801561-2025-122,801561,Matt Halbach,2025,Low-A,Carolina League,Myrtle Beach Pelicans,22,2,0.10486887537854366
695707-2025-122,695707,Brennon McNair,2025,Low-A,Carolina League,Columbia Fireflies,22,1,0.24572056995576344
800393-2025-122,800393,Yeremy Cabrera,2025,Low-A,Carolina League,Hickory Crawdads,19,4,0.24378578907539825
806980-2025-122,806980,Angel Cepeda,2025,Low-A,Carolina League,Myrtle Beach Pelicans,19,3,0.07719876313972665
824615-2025-122,824615,Connor Hujsak,2025,Low-A,Carolina League,Charleston RiverDogs,23,1,0.0474953579116912
808245-2025-122,808245,Starlyn Nunez,2025,Low-A,Carolina League,Salem Red Sox,19,2,0.2172237988716814
703143-2025-122,703143,Cristhian Vaquero,2025,Low-A,Carolina League,Fredericksburg Nationals,20,4,-0.026924246087357398
808535-2025-122,808535,John Gil,2025,Low-A,Carolina League,Augusta GreenJackets,19,4,0.14602809758514246
808326-2025-122,808326,Pablo Guerrero,2025,Low-A,Carolina League,Hickory Crawdads,18,2,0.07150618058844477
808631-2025-122,808631,Frederik Jimenez,2025,Low-A,Carolina League,Salem Red Sox,20,1,0.19084485809442275
703612-2025-122,703612,Nick Peoples,2025,Low-A,Carolina League,Fredericksburg Nationals,20,3,0.15948973408252853
703178-2025-122,703178,Braylin Tavera,2025,Low-A,Carolina League,Delmarva Shorebirds,20,1,0.09147788153309097
696083-2025-122,696083,Leonel Espinoza,2025,Low-A,Carolina League,Myrtle Beach Pelicans,22,4,-0.013669141725124937
807083-2025-122,807083,Nathan Flewelling,2025,Low-A,Carolina League,Charleston RiverDogs,18,3,0.16365248225319715
800377-2025-122,800377,Angel Mateo,2025,Low-A,Carolina League,Charleston RiverDogs,20,2,0.1592303076630929
806611-2025-122,806611,Jancel Villarroel,2025,Low-A,Carolina League,Fayetteville Woodpeckers,20,4,-0.017745579569834594
814453-2025-122,814453,Nathan Archer,2025,Low-A,Carolina League,Kannapolis Cannon Ballers,22,4,0.07051844467508045
806061-2025-122,806061,Isaiah Drake,2025,Low-A,Carolina League,Augusta GreenJackets,19,4,0.31450867778018626
803241-2025-122,803241,Jose Escobar,2025,Low-A,Carolina League,Myrtle Beach Pelicans,20,2,0.11952725595852802
807080-2025-122,807080,Eric Hartman,2025,Low-A,Carolina League,Augusta GreenJackets,19,4,0.3120186286798697
807277-2025-122,807277,Nick Montgomery,2025,Low-A,Carolina League,Augusta GreenJackets,19,1,0.12973846645144924
826928-2025-122,826928,Owen Carey,2025,Low-A,Carolina League,Augusta GreenJackets,18,2,0.2611442783413685
821100-2025-122,821100,Justin Gonzales,2025,Low-A,Carolina League,Salem Red Sox,18,2,0.11063829176162468
815908-2025-122,815908,Jesús Made,2025,Low-A,Carolina League,Carolina Mudcats,18,4,0.31277856255529307
800540-2025-122,800540,Hector Osorio,2025,Low-A,Carolina League,Hickory Crawdads,20,2,0.2152915852229521
800440-2025-122,800440,Narciso Polanco,2025,Low-A,Carolina League,Charleston RiverDogs,20,4,0.05316757043433248
800426-2025-122,800426,Raylin Ramos,2025,Low-A,Carolina League,Delmarva Shorebirds,20,4,-0.018065480995803424
806212-2025-122,806212,Stone Russell,2025,Low-A,Carolina League,Columbia Fireflies,21,2,0.33505537070414215
808307-2025-122,808307,Kleyver Salazar,2025,Low-A,Carolina League,Salem Red Sox,19,2,0.24084859464905528
806988-2025-122,806988,Welbyn Francisca,2025,Low-A,Carolina League,Hill City Howlers,19,4,0.2210459245717578
808141-2025-122,808141,Jose Pirela,2025,Low-A,Carolina League,Hill City Howlers,19,1,0.182998398256542
800256-2025-122,800256,Natanael Yuten,2025,Low-A,Carolina League,Salem Red Sox,20,3,0.16080742343502982
695538-2025-122,695538,Randal Diaz,2025,Low-A,Carolina League,Fredericksburg Nationals,22,2,0.09594084038051362
808706-2025-122,808706,Asbel Gonzalez,2025,Low-A,Carolina League,Columbia Fireflies,19,4,0.24709273235386509
803475-2025-122,803475,Colby Jones,2025,Low-A,Carolina League,Augusta GreenJackets,21,4,0.266186414983858
805950-2025-122,805950,Antonis Macias,2025,Low-A,Carolina League,Hickory Crawdads,20,2,0.21460755865218398
800357-2025-122,800357,Ricardo Gonzalez,2025,Low-A,Carolina League,Charleston RiverDogs,20,2,0.07251860834786514
807257-2025-122,807257,Ty Southisene,2025,Low-A,Carolina League,Myrtle Beach Pelicans,19,4,0.15924715650866642
691775-2025-113,691775,Ryan Clifford,2025,Double-A,Eastern League,Binghamton Rumble Ponies,21,1,0.26565007690209924
701177-2025-113,701177,Nick Cimillo,2025,Double-A,Eastern League,Altoona Curve,25,1,0.19166349443026995
676205-2025-113,676205,Tyler Hardman,2025,Double-A,Eastern League,Somerset Patriots,26,1,0.32062665259464646
687724-2025-113,687724,Jake Holton,2025,Double-A,Eastern League,Erie SeaWolves,27,1,0.14853904320274147
807727-2025-113,807727,Charles McAdoo,2025,Double-A,Eastern League,New Hampshire Fisher Cats,23,1,0.16559451954908447
695735-2025-113,695735,Creed Willems,2025,Double-A,Eastern League,Chesapeake Baysox,22,2,0.02434616147099668
694249-2025-113,694249,Cole Carrigg,2025,Double-A,Eastern League,Hartford Yard Goats,23,4,0.14005839318365068
694025-2025-113,694025,Felix Reyes,2025,Double-A,Eastern League,Reading Fightin Phils,24,2,0.06050094175094904
801194-2025-113,801194,Max Anderson,2025,Double-A,Eastern League,Erie SeaWolves,23,2,0.24790253970317938
684222-2025-113,684222,Jorge Burgos,2025,Double-A,Eastern League,Akron RubberDucks,22,1,0.28297413388514825
682003-2025-113,682003,Garrett Martin,2025,Double-A,Eastern League,Somerset Patriots,25,2,0.07032733618780726
678926-2025-113,678926,Carlos De La Cruz,2025,Double-A,Eastern League,Harrisburg Senators,25,3,-0.01193286755508462
815734-2025-113,815734,Dylan Jasso,2025,Double-A,Eastern League,Somerset Patriots,22,1,0.12605771140561103
805795-2025-113,805795,Aidan Miller,2025,Double-A,Eastern League,Reading Fightin Phils,21,4,0.13080879827431624
806273-2025-113,806273,Adam Retzbach,2025,Double-A,Eastern League,Chesapeake Baysox,24,3,0.11212287422152815
682674-2025-113,682674,Victor Bericoto,2025,Double-A,Eastern League,Richmond Flying Squirrels,23,3,0.11400993624728474
694425-2025-113,694425,Justice Bigbie,2025,Double-A,Eastern League,Erie SeaWolves,26,2,0.3767632011967744
699073-2025-113,699073,Thayron Liranzo,2025,Double-A,Eastern League,Erie SeaWolves,21,1,0.16691605288298914
691385-2025-113,691385,Ronald Rosario,2025,Double-A,Eastern League,Portland Sea Dogs,22,2,0.07005075626805846
683233-2025-113,683233,Douglas Hodo III,2025,Double-A,Eastern League,Chesapeake Baysox,24,1,0.17731753241850126
802407-2025-113,802407,Joe Lampe,2025,Double-A,Eastern League,Akron RubberDucks,24,3,0.006058905969984421
691024-2025-113,691024,Cayden Wallace,2025,Double-A,Eastern League,Harrisburg Senators,23,1,-0.0029330277856568013
702518-2025-113,702518,Jett Williams,2025,Double-A,Eastern League,Binghamton Rumble Ponies,21,1,0.07293382485253326
694876-2025-113,694876,Cooper Ingle,2025,Double-A,Eastern League,Akron RubberDucks,23,1,0.13410708464624183
702261-2025-113,702261,Termarr Johnson,2025,Double-A,Eastern League,Altoona Curve,21,4,0.020872075877031125
683610-2025-113,683610,Leandro Pineda,2025,Double-A,Eastern League,Reading Fightin Phils,23,1,0.16125295613736382
806146-2025-113,806146,George Lombard Jr.,2025,Double-A,Eastern League,Somerset Patriots,20,1,0.19913573656649422
691369-2025-113,691369,Allan Castro,2025,Double-A,Eastern League,Portland Sea Dogs,22,2,0.02737735504443498
681132-2025-113,681132,Max Ferguson,2025,Double-A,Eastern League,Portland Sea Dogs,25,4,0.053403842377216675
800765-2025-113,800765,Carter Howell,2025,Double-A,Eastern League,Richmond Flying Squirrels,26,1,-0.0020146167774520757
700681-2025-113,700681,Nick Lorusso,2025,Double-A,Eastern League,Binghamton Rumble Ponies,24,1,0.03189462695047289
692348-2025-113,692348,Aeverson Arteaga,2025,Double-A,Eastern League,Richmond Flying Squirrels,22,1,0.01656574739088908
694754-2025-113,694754,Sabin Ceballos,2025,Double-A,Eastern League,Richmond Flying Squirrels,22,2,0.09778758823979107
701298-2025-113,701298,Phillip Glasser,2025,Double-A,Eastern League,Harrisburg Senators,25,2,0.055307763413386335
683493-2025-113,683493,William Lugo,2025,Double-A,Eastern League,Binghamton Rumble Ponies,23,2,0.041221904115726966
703492-2025-113,703492,Nick Morabito,2025,Double-A,Eastern League,Binghamton Rumble Ponies,22,4,0.20739639169542148
691449-2025-113,691449,Roberto Campos,2025,Double-A,Eastern League,Erie SeaWolves,22,2,0.1432049713254643
683103-2025-113,683103,Cade Doughty,2025,Double-A,Eastern League,New Hampshire Fisher Cats,24,2,0.2057982644053535
684715-2025-113,684715,Nic Kent,2025,Double-A,Eastern League,Hartford Yard Goats,25,2,0.24811337737749536
699157-2025-113,699157,Ahbram Liendo,2025,Double-A,Eastern League,Portland Sea Dogs,21,4,0.31680705870673936
806005-2025-113,806005,Ryan McCarty,2025,Double-A,Eastern League,New Hampshire Fisher Cats,26,1,0.1891752191169004
695612-2025-113,695612,Alex Mooney,2025,Double-A,Eastern League,Akron RubberDucks,22,1,0.06463343188991547
683172-2025-113,683172,Joe Naranjo,2025,Double-A,Eastern League,Harrisburg Senators,24,3,-0.0028014505791732315
682648-2025-113,682648,Juan Guerrero,2025,Double-A,Eastern League,Hartford Yard Goats,23,2,0.2744188277970435
694170-2025-113,694170,Dyan Jorge,2025,Double-A,Eastern League,Hartford Yard Goats,22,2,0.06079044859766935
694196-2025-113,694196,Diego Velasquez,2025,Double-A,Eastern League,Richmond Flying Squirrels,21,2,0.13563424530904375
694991-2025-113,694991,Mitch Jebb,2025,Double-A,Eastern League,Altoona Curve,23,2,0.14486588254701235
806957-2025-123,806957,Alfredo Duno,2025,Low-A,Florida State League,Daytona Tortugas,19,1,0.083027030199208
694184-2025-123,694184,Cristian Santana,2025,Low-A,Florida State League,Lakeland Flying Tigers,21,1,0.31131957255281656
703154-2025-123,703154,Yordany De Los Santos,2025,Low-A,Florida State League,Bradenton Marauders,20,4,0.25886613410151654
703177-2025-123,703177,Jhonny Severino,2025,Low-A,Florida State League,Bradenton Marauders,20,2,0.11785863569073303
703160-2025-123,703160,Yasser Mercedes,2025,Low-A,Florida State League,Fort Myers Mighty Mussels,20,1,0.14383253210386968
699014-2025-123,699014,Eddy Rodriguez,2025,Low-A,Florida State League,Bradenton Marauders,21,1,0.19115670818200084
700720-2025-123,700720,Luis Pino,2025,Low-A,Florida State League,Palm Beach Cardinals,21,1,0.30698064755820975
800246-2025-123,800246,Engelth Urena,2025,Low-A,Florida State League,Tampa Tarpons,20,2,0.09136284622737058
808516-2025-123,808516,Andres Valor,2025,Low-A,Florida State League,Jupiter Hammerheads,19,4,0.11411327486959408
800257-2025-123,800257,Yonatan Henriquez,2025,Low-A,Florida State League,St. Lucie Mets,20,4,0.0790456914870734
808864-2025-123,808864,Raider Tello,2025,Low-A,Florida State League,Clearwater Threshers,24,3,0.13357787355294504
703149-2025-123,703149,Roderick Arias,2025,Low-A,Florida State League,Tampa Tarpons,20,4,0.2048504283931229
703159-2025-123,703159,Simon Juan,2025,Low-A,Florida State League,St. Lucie Mets,19,2,0.08816375481810737
807239-2025-123,807239,Bernard Moon,2025,Low-A,Florida State League,Daytona Tortugas,20,2,0.2086174393203441
703204-2025-123,703204,Esmith Pineda,2025,Low-A,Florida State League,Daytona Tortugas,20,2,0.249912416550027
800140-2025-123,800140,Kendry Chirinos,2025,Low-A,Florida State League,Dunedin Blue Jays,20,3,0.1653295389902827
808365-2025-123,808365,Dameury Pena,2025,Low-A,Florida State League,Fort Myers Mighty Mussels,19,2,0.1873071225539764
800266-2025-123,800266,Yordalin Peña,2025,Low-A,Florida State League,Palm Beach Cardinals,20,4,0.01707167600913286
702283-2025-123,702283,Tucker Toman,2025,Low-A,Florida State League,Dunedin Blue Jays,21,3,0.11481525789482873
694202-2025-123,694202,Manuel Beltre,2025,Low-A,Florida State League,Dunedin Blue Jays,21,2,0.14897481850096952
815551-2025-123,815551,Trey Snyder,2025,Low-A,Florida State League,St. Lucie Mets,19,4,0.13498835796570066
828319-2025-123,828319,Marshall Toole,2025,Low-A,Florida State League,Tampa Tarpons,22,4,0.17285619152841747
806987-2025-123,806987,Daiverson Gutierrez,2025,Low-A,Florida State League,St. Lucie Mets,19,2,0.3621416628697892
702977-2025-123,702977,Dillon Head,2025,Low-A,Florida State League,Jupiter Hammerheads,20,4,0.15477196165675267
807276-2025-123,807276,Dante Nori,2025,Low-A,Florida State League,Clearwater Threshers,20,4,-0.04736170885412382
806230-2025-123,806230,Sammy Stafura,2025,Low-A,Florida State League,Bradenton Marauders,20,4,0.06833615702596822
815793-2025-123,815793,Carter Johnson,2025,Low-A,Florida State League,Jupiter Hammerheads,19,1,0.19635068302400088
829035-2025-123,829035,Andrew Salas,2025,Low-A,Florida State League,Jupiter Hammerheads,17,4,0.09443411859862091
699027-2025-123,699027,José Suárez,2025,Low-A,Florida State League,Palm Beach Cardinals,20,4,-0.00635685640492002
803679-2025-123,803679,Sammy Hernandez,2025,Low-A,Florida State League,Palm Beach Cardinals,21,2,0.20010560251116224
801276-2025-123,801276,Juan Matheus,2025,Low-A,Florida State League,Tampa Tarpons,21,4,0.13094698588895734
800510-2025-123,800510,Samuel Gil,2025,Low-A,Florida State League,Lakeland Flying Tigers,20,2,0.30337914170145
806120-2025-123,806120,Kyle Henley,2025,Low-A,Florida State League,Daytona Tortugas,20,4,0.09172711637952782
807007-2025-123,807007,Jeremy Rodriguez,2025,Low-A,Florida State League,St. Lucie Mets,18,4,0.06515203490127737
813620-2025-123,813620,Carson Rucker,2025,Low-A,Florida State League,Lakeland Flying Tigers,20,2,0.21697503992625183
814297-2025-123,814297,Edgleen Perez,2025,Low-A,Florida State League,Bradenton Marauders,19,2,0.22849931598233492
800254-2025-123,800254,Abrahan Ramirez,2025,Low-A,Florida State League,Jupiter Hammerheads,20,4,-0.03221602675583612
670351-2025-117,670351,Jose Rojas,2025,Triple-A,International League,Scranton/Wilkes-Barre RailRiders,32,1,0.19947695711443078
676044-2025-117,676044,Bob Seymour,2025,Triple-A,International League,Durham Bulls,26,1,0.08637982366800209
542208-2025-117,542208,Carlos Pérez,2025,Triple-A,International League,Iowa Cubs,34,1,0.18617355640542854
671284-2025-117,671284,Tim Elko,2025,Triple-A,International League,Charlotte Knights,26,3,0.26020972148599325
621458-2025-117,621458,Edwin Rios,2025,Triple-A,International League,Louisville Bats,31,3,0.153208898631041
666915-2025-117,666915,Bobby Dalbec,2025,Triple-A,International League,Omaha Storm Chasers,30,3,0.15915454251525404
677956-2025-117,677956,Rece Hinds,2025,Triple-A,International League,Louisville Bats,24,3,0.04590359722028253
700246-2025-117,700246,Carson Williams,2025,Triple-A,International League,Durham Bulls,22,1,0.2345805932823906
683357-2025-117,683357,Owen Caissie,2025,Triple-A,International League,Iowa Cubs,22,3,0.12936234203012087
676812-2025-117,676812,Carson McCusker,2025,Triple-A,International League,St. Paul Saints,27,3,0.06586767034814774
675455-2025-117,675455,Milan Tolentino,2025,Triple-A,International League,Columbus Clippers,23,1,0.23147267628204066
687478-2025-117,687478,Cam Devanney,2025,Triple-A,International League,Indianapolis Indians,28,1,0.23035165923023548
678760-2025-117,678760,Eddys Leonard,2025,Triple-A,International League,Gwinnett Stripers,24,2,0.033582193803566716
675085-2025-117,675085,Jonathon Long,2025,Triple-A,International League,Iowa Cubs,23,3,0.21158160258948824
669004-2025-117,669004,MJ Melendez,2025,Triple-A,International League,Omaha Storm Chasers,26,1,0.1464182356650976
687605-2025-117,687605,Andrew Pinckney,2025,Triple-A,International League,Rochester Red Wings,24,3,0.16913143740986009
666801-2025-117,666801,Rodolfo Castro,2025,Triple-A,International League,Lehigh Valley IronPigs,26,1,0.14446019561506418
687637-2025-117,687637,Dylan Beavers,2025,Triple-A,International League,Norfolk Tides,23,1,0.1571047842386012
686531-2025-117,686531,Andre Lipcius,2025,Triple-A,International League,Charlotte Knights,27,1,0.1370752342480139
605353-2025-117,605353,Vimael Machín,2025,Triple-A,International League,Norfolk Tides,31,2,0.02177327619730948
691788-2025-117,691788,Joe Mack,2025,Triple-A,International League,Jacksonville Jumbo Shrimp,22,1,0.23244952599174176
695020-2025-117,695020,Tanner Murray,2025,Triple-A,International League,Durham Bulls,25,2,0.1748735988761344
687282-2025-117,687282,Gabriel Rincones Jr.,2025,Triple-A,International League,Lehigh Valley IronPigs,24,1,0.1718715743581977
682634-2025-117,682634,Kevin Alcántara,2025,Triple-A,International League,Iowa Cubs,22,3,0.31637966440397425
666150-2025-117,666150,Dominic Fletcher,2025,Triple-A,International League,Charlotte Knights,27,1,0.17753525751102767
687208-2025-117,687208,Nathan Hickey,2025,Triple-A,International League,Worcester Red Sox,25,1,0.1894256708719313
690291-2025-117,690291,Jace Jung,2025,Triple-A,International League,Toledo Mud Hens,24,1,0.21652108793675845
668723-2025-117,668723,Ryan Vilade,2025,Triple-A,International League,Louisville Bats,26,1,0.12007578227276922
682868-2025-117,682868,Bryan Ramos,2025,Triple-A,International League,Charlotte Knights,23,1,0.2985859366527452
681198-2025-117,681198,TJ Rumfield,2025,Triple-A,International League,Scranton/Wilkes-Barre RailRiders,25,1,0.0261029111768743
668731-2025-117,668731,Akil Baddoo,2025,Triple-A,International League,Toledo Mud Hens,26,3,0.005440572723783018
650559-2025-117,650559,Bryan De La Cruz,2025,Triple-A,International League,Scranton/Wilkes-Barre RailRiders,28,1,0.08104927711225544
682983-2025-117,682983,Jud Fabian,2025,Triple-A,International League,Norfolk Tides,24,1,0.2622746344922311
667452-2025-117,667452,Corey Julks,2025,Triple-A,International League,Charlotte Knights,29,3,0.1532841102336053
671976-2025-117,671976,Tristan Peters,2025,Triple-A,International League,Durham Bulls,25,1,0.007286936663304902
699625-2025-117,699625,Jimmy Crooks,2025,Triple-A,International League,Memphis Redbirds,23,3,0.27143583259829557
690984-2025-117,690984,Petey Halpin,2025,Triple-A,International League,Columbus Clippers,23,1,0.23176581069376437
689288-2025-117,689288,Matt Koperniak,2025,Triple-A,International League,Memphis Redbirds,27,2,0.286716118942091
701678-2025-117,701678,Hao-Yu Lee,2025,Triple-A,International League,Toledo Mud Hens,22,1,0.11216878065546215
805300-2025-117,805300,Jakob Marsee,2025,Triple-A,International League,Jacksonville Jumbo Shrimp,24,4,0.13249624881429653
669256-2025-117,669256,Nick Solak,2025,Triple-A,International League,Indianapolis Indians,30,3,0.041918888149858384
691185-2025-117,691185,Maximo Acosta,2025,Triple-A,International League,Jacksonville Jumbo Shrimp,22,4,0.07370920648030586
694208-2025-117,694208,Moisés Ballesteros,2025,Triple-A,International League,Iowa Cubs,21,2,0.22925883356350574
687093-2025-117,687093,Vaughn Grissom,2025,Triple-A,International League,Worcester Red Sox,24,2,0.24270881032190142
622268-2025-117,622268,Donovan Walton,2025,Triple-A,International League,Lehigh Valley IronPigs,31,2,0.19772498406394937
691277-2025-117,691277,Deyvison De Los Santos,2025,Triple-A,International League,Jacksonville Jumbo Shrimp,22,2,0.13706853525150223
681047-2025-117,681047,Christian Franklin,2025,Triple-A,International League,Rochester Red Wings,25,3,0.10830306972231084
694661-2025-117,694661,Riley Tirotta,2025,Triple-A,International League,Buffalo Bisons,26,3,0.25482744307802735
702358-2025-117,702358,Trey Lipscomb,2025,Triple-A,International League,Rochester Red Wings,25,2,0.3505592989610846
608841-2025-117,608841,Joey Meneses,2025,Triple-A,International League,Syracuse Mets,33,2,0.2443439438385691
640458-2025-117,640458,Óscar Mercado,2025,Triple-A,International League,Lehigh Valley IronPigs,30,4,0.09180656854474721
691002-2025-117,691002,Yohandy Morales,2025,Triple-A,International League,Rochester Red Wings,23,3,0.32528590026238735
682239-2025-117,682239,Luke Ritter,2025,Triple-A,International League,Syracuse Mets,28,3,0.2072467484411769
668843-2025-117,668843,Conner Capel,2025,Triple-A,International League,Gwinnett Stripers,28,1,0.003948791210619703
665482-2025-117,665482,Gilberto Celestino,2025,Triple-A,International League,Syracuse Mets,26,3,0.1180521555615544
701496-2025-117,701496,Ben Cowles,2025,Triple-A,International League,Charlotte Knights,25,2,0.01798420956323072
668472-2025-117,668472,Nick Pratto,2025,Triple-A,International League,Omaha Storm Chasers,26,1,0.2827489061479767
693409-2025-117,693409,César Prieto,2025,Triple-A,International League,Memphis Redbirds,26,2,0.24184301320895848
663494-2025-117,663494,Bryan Torres,2025,Triple-A,International League,Memphis Redbirds,27,4,0.046107041331918563
694351-2025-117,694351,Jacob Berry,2025,Triple-A,International League,Jacksonville Jumbo Shrimp,24,4,-0.019696170302675314
686554-2025-117,686554,Oliver Dunn,2025,Triple-A,International League,Nashville Sounds,27,3,0.0825252961077556
663796-2025-117,663796,Coco Montes,2025,Triple-A,International League,Durham Bulls,28,1,0.08708948498736963
677578-2025-117,677578,Carlos Rodríguez,2025,Triple-A,International League,Gwinnett Stripers,24,2,0.27538355651673957
672279-2025-117,672279,Michael Siani,2025,Triple-A,International League,Memphis Redbirds,25,4,0.0889609829410004
702222-2025-117,702222,Justin Crawford,2025,Triple-A,International League,Lehigh Valley IronPigs,21,4,0.07502388017964012
694362-2025-117,694362,Blake Dunn,2025,Triple-A,International League,Louisville Bats,26,3,0.10774404881722772
664731-2025-117,664731,P.J. Higgins,2025,Triple-A,International League,Louisville Bats,32,2,0.08828361716527075
682119-2025-117,682119,Levi Jordan,2025,Triple-A,International League,Louisville Bats,29,2,0.3389984443420093
672463-2025-117,672463,Rafael Lantigua,2025,Triple-A,International League,Lehigh Valley IronPigs,27,2,0.264880132719332
701649-2025-117,701649,James Triantos,2025,Triple-A,International League,Iowa Cubs,22,4,-5.604843212422374e-4
642197-2025-117,642197,Jamie Westbrook,2025,Triple-A,International League,Durham Bulls,30,2,0.31588490601176566
694377-2025-117,694377,Nick Yorke,2025,Triple-A,International League,Indianapolis Indians,23,3,0.1448669137788688
687627-2025-117,687627,Kody Huff,2025,Triple-A,International League,Columbus Clippers,24,3,-0.025836240400738935
683021-2025-117,683021,Michael Stefanic,2025,Triple-A,International League,Buffalo Bisons,29,2,0.19993379797822747
669384-2025-117,669384,Raynel Delgado,2025,Triple-A,International League,Nashville Sounds,25,4,0.25974115637897316
686765-2025-117,686765,Nick Sogard,2025,Triple-A,International League,Worcester Red Sox,27,4,0.004956049476938965
688005-2025-117,688005,Francisco Urbaez,2025,Triple-A,International League,Louisville Bats,27,2,0.2900604289719445
678391-2025-117,678391,Jorbit Vivas,2025,Triple-A,International League,Scranton/Wilkes-Barre RailRiders,24,2,0.3100554752128203
686551-2025-117,686551,Christian Cairo,2025,Triple-A,International League,Columbus Clippers,24,4,0.21587927080091748
691789-2025-118,691789,Izaac Pacheco,2025,High-A,Midwest League,West Michigan Whitecaps,22,1,0.0862967296134794
806252-2025-118,806252,Ralphy Velazquez,2025,High-A,Midwest League,Lake County Captains,20,1,0.2871977315018032
806263-2025-118,806263,Brandon Winokur,2025,High-A,Midwest League,Cedar Rapids Kernels,20,2,0.007794624303717673
695372-2025-118,695372,Jake Gelof,2025,High-A,Midwest League,Great Lakes Loons,23,1,0.3182012802854575
702488-2025-118,702488,Logan Wagner,2025,High-A,Midwest League,Great Lakes Loons,21,1,0.33422603768047
691410-2025-118,691410,Jose Devers,2025,High-A,Midwest League,Lake County Captains,22,1,0.03576820154081354
702114-2025-118,702114,John Michael Faile,2025,High-A,Midwest League,Dayton Dragons,25,1,0.3084166607441076
682633-2025-118,682633,Eduardo Garcia,2025,High-A,Midwest League,Wisconsin Timber Rattlers,22,1,0.09178426694720443
814307-2025-118,814307,Zyhir Hope,2025,High-A,Midwest League,Great Lakes Loons,20,3,0.012500388204922431
698916-2025-118,698916,Rosman Verdugo,2025,High-A,Midwest League,Fort Wayne TinCaps,20,1,0.2746010172539686
800543-2025-118,800543,Josue De Paula,2025,High-A,Midwest League,Great Lakes Loons,20,4,0.15055843333558522
701682-2025-118,701682,Braedon Karpathios,2025,High-A,Midwest League,Fort Wayne TinCaps,22,3,0.30602979375582534
699130-2025-118,699130,Jadher Areinamo,2025,High-A,Midwest League,Wisconsin Timber Rattlers,21,2,0.2089079163725911
822578-2025-118,822578,Brandon Butterworth,2025,High-A,Midwest League,Fort Wayne TinCaps,22,1,0.08214501369686383
694320-2025-118,694320,Jack Costello,2025,High-A,Midwest League,Fort Wayne TinCaps,24,2,0.23768785673606008
815888-2025-118,815888,Leo De Vries,2025,High-A,Midwest League,Lansing Lugnuts,18,1,0.29653259099996326
687543-2025-118,687543,Andrew Jenkins,2025,High-A,Midwest League,West Michigan Whitecaps,24,3,-0.023051892607135117
687260-2025-118,687260,Brian Kalmer,2025,High-A,Midwest League,South Bend Cubs,24,1,0.24107713538782868
807726-2025-118,807726,John Peck,2025,High-A,Midwest League,West Michigan Whitecaps,22,3,0.20524112740087716
694185-2025-118,694185,Danny De Andrade,2025,High-A,Midwest League,Cedar Rapids Kernels,21,2,0.08603790126017523
691416-2025-118,691416,Esteban González,2025,High-A,Midwest League,Lake County Captains,22,2,0.08428627894457329
827294-2025-118,827294,Edgar Alvarez,2025,High-A,Midwest League,South Bend Cubs,24,3,-0.021091375519408897
814414-2025-118,814414,Kyle DeBarge,2025,High-A,Midwest League,Cedar Rapids Kernels,21,4,0.3190859484019255
814522-2025-118,814522,Caden Kendle,2025,High-A,Midwest League,Cedar Rapids Kernels,23,2,0.07221360951012626
700931-2025-118,700931,Seth Stephenson,2025,High-A,Midwest League,West Michigan Whitecaps,24,4,0.01875216162514428
694838-2025-118,694838,Joe Vetrano,2025,High-A,Midwest League,Great Lakes Loons,23,4,0.008976455285003678
694200-2025-118,694200,Ariel Almonte,2025,High-A,Midwest League,Dayton Dragons,21,1,0.18252451817188228
689931-2025-118,689931,Peyton Graham,2025,High-A,Midwest League,West Michigan Whitecaps,24,3,0.03314053763981201
694183-2025-118,694183,Cristian Hernández,2025,High-A,Midwest League,South Bend Cubs,21,4,0.2623240912522946
694387-2025-118,694387,Christian Knapczyk,2025,High-A,Midwest League,Lake County Captains,23,2,0.3256452697905576
801978-2025-118,801978,Callan Moss,2025,High-A,Midwest League,Quad Cities River Bandits,21,3,0.11591276115411281
691948-2025-118,691948,Jordan Thompson,2025,High-A,Midwest League,Great Lakes Loons,23,2,0.08925170650690126
800231-2025-118,800231,Won-Bin Cho,2025,High-A,Midwest League,Peoria Chiefs,21,4,0.2059558990741767
801406-2025-118,801406,Jared Dickey,2025,High-A,Midwest League,Lansing Lugnuts,23,2,0.10332108163262817
826545-2025-118,826545,Brendan Durfee,2025,High-A,Midwest League,Fort Wayne TinCaps,23,2,0.11678495588086035
699115-2025-118,699115,Carlos Jorge,2025,High-A,Midwest League,Dayton Dragons,21,4,0.22693915515622942
813666-2025-118,813666,Ariel Armas,2025,High-A,Midwest League,South Bend Cubs,22,2,0.31383145547332875
695501-2025-118,695501,Blake Burke,2025,High-A,Midwest League,Wisconsin Timber Rattlers,22,3,0.21961853362667463
695634-2025-118,695634,Jaime Ferrer,2025,High-A,Midwest League,Cedar Rapids Kernels,22,2,0.24166437238755442
814413-2025-118,814413,Ian Petrutz,2025,High-A,Midwest League,Peoria Chiefs,22,2,0.3641143158438252
672013-2025-118,672013,T.J. Schofield-Sam,2025,High-A,Midwest League,Lansing Lugnuts,24,2,0.08575543832820924
691398-2025-118,691398,Yerlin Confidan,2025,High-A,Midwest League,Dayton Dragons,22,3,0.07753127101141345
824028-2025-118,824028,Gage Miller,2025,High-A,Midwest League,Beloit Sky Carp,22,2,0.17236625181474338
701481-2025-118,701481,Ryan Campos,2025,High-A,Midwest League,Peoria Chiefs,22,2,0.06297078454857764
815150-2025-118,815150,Carter Frederick,2025,High-A,Midwest League,Quad Cities River Bandits,22,3,0.22824914586451575
806077-2025-118,806077,Kendall George,2025,High-A,Midwest League,Great Lakes Loons,20,4,0.24375083123263636
682662-2025-118,682662,Rafael Morel,2025,High-A,Midwest League,South Bend Cubs,23,1,0.07260890906085013
694977-2025-118,694977,Nate Nankil,2025,High-A,Midwest League,Lansing Lugnuts,22,2,0.2272181565023682
814528-2025-118,814528,Sam Kulasingam,2025,High-A,Midwest League,Quad Cities River Bandits,23,4,0.038163811740813874
805075-2025-118,805075,Erick Torres,2025,High-A,Midwest League,Quad Cities River Bandits,20,2,0.26130270435410424
694193-2025-118,694193,Victor Acosta,2025,High-A,Midwest League,Dayton Dragons,21,2,0.25794389328975836
822501-2025-118,822501,Jon Jon Gazdar,2025,High-A,Midwest League,Peoria Chiefs,23,2,0.17171451809374655
694187-2025-118,694187,Daniel Vazquez,2025,High-A,Midwest League,Quad Cities River Bandits,21,4,0.007907085284241982
671748-2025-118,671748,Casey Yamauchi,2025,High-A,Midwest League,Lansing Lugnuts,24,2,0.2562409188274648
800345-2025-118,800345,Juan Baez,2025,High-A,Midwest League,Wisconsin Timber Rattlers,20,2,0.26166255156346985
811965-2025-118,811965,Joshua Kuroda-Grauer,2025,High-A,Midwest League,Lansing Lugnuts,22,4,0.07757930923780396
692044-2025-126,692044,Luis Suisbel,2025,High-A,Northwest League,Everett AquaSox,22,1,0.3274217781227534
813860-2025-126,813860,Charlie Pagliarini,2025,High-A,Northwest League,Everett AquaSox,24,1,0.29784262376691373
805126-2025-126,805126,Charlie Szykowny,2025,High-A,Northwest League,Eugene Emeralds,25,1,0.20166484880335897
815873-2025-126,815873,Sean Keys,2025,High-A,Northwest League,Vancouver Canadians,22,1,0.2747754956811704
806191-2025-126,806191,Tai Peete,2025,High-A,Northwest League,Everett AquaSox,19,1,0.30833529500973833
703194-2025-126,703194,Randy De Jesus,2025,High-A,Northwest League,Tri-City Dust Devils,20,1,0.28184040261615395
701860-2025-126,701860,Carter Cunningham,2025,High-A,Northwest League,Vancouver Canadians,24,1,0.2876945140857819
691269-2025-126,691269,Adrian Placencia,2025,High-A,Northwest League,Tri-City Dust Devils,22,1,0.3592785078514653
815067-2025-126,815067,Aidan Longwell,2025,High-A,Northwest League,Spokane Indians,23,1,0.006965857824162187
804446-2025-126,804446,Eddie Micheletti Jr.,2025,High-A,Northwest League,Vancouver Canadians,23,1,0.09451670657543401
690804-2025-126,690804,Ryan Nicholson,2025,High-A,Northwest League,Tri-City Dust Devils,24,3,0.059250652393310455
687918-2025-126,687918,Braylen Wimmer,2025,High-A,Northwest League,Spokane Indians,24,2,0.02964267421764838
805796-2025-126,805796,Arjun Nimmala,2025,High-A,Northwest League,Vancouver Canadians,19,2,0.1649024794626691
703430-2025-126,703430,Anthony Scull,2025,High-A,Northwest League,Tri-City Dust Devils,21,2,0.26386208861270793
800959-2025-126,800959,Nick Goodwin,2025,High-A,Northwest League,Vancouver Canadians,23,1,0.1315014249297333
702690-2025-126,702690,Cutter Coffey,2025,High-A,Northwest League,Vancouver Canadians,21,3,0.060768128747983034
694806-2025-126,694806,Brandon Eike,2025,High-A,Northwest League,Everett AquaSox,23,1,0.07437404699285043
806068-2025-126,806068,Colt Emerson,2025,High-A,Northwest League,Everett AquaSox,19,2,0.17990405414770003
691292-2025-126,691292,Angel Ortiz,2025,High-A,Northwest League,Hillsboro Hops,22,2,0.01507499580165548
813841-2025-126,813841,Jonah Cox,2025,High-A,Northwest League,Eugene Emeralds,23,4,0.2924254690027764
815306-2025-126,815306,Rio Foster,2025,High-A,Northwest League,Tri-City Dust Devils,22,3,0.024976237060648634
676038-2025-126,676038,Skyler Messinger,2025,High-A,Northwest League,Spokane Indians,26,2,0.21936411397946254
814194-2025-126,814194,Quinn McDaniel,2025,High-A,Northwest League,Eugene Emeralds,22,1,0.23042992653673003
814154-2025-126,814154,Scott Bandura,2025,High-A,Northwest League,Eugene Emeralds,23,3,0.029480168318539175
701783-2025-126,701783,Cole Messina,2025,High-A,Northwest League,Spokane Indians,22,2,0.2620867298871898
700321-2025-126,700321,Andy Perez,2025,High-A,Northwest League,Spokane Indians,21,2,0.2049156881367103
800198-2025-126,800198,Cristofer Torin,2025,High-A,Northwest League,Hillsboro Hops,20,2,0.042713699421571855
702258-2025-126,702258,Druw Jones,2025,High-A,Northwest League,Hillsboro Hops,21,4,0.051157220408767114
800306-2025-126,800306,Jansel Luis,2025,High-A,Northwest League,Hillsboro Hops,20,2,0.1178319055581077
800194-2025-126,800194,Capri Ortiz,2025,High-A,Northwest League,Tri-City Dust Devils,20,2,0.11036874874125813
823185-2025-126,823185,Zane Zielinski,2025,High-A,Northwest League,Eugene Emeralds,23,4,0.24328518098213786
699232-2025-126,699232,Anderdson Rojas,2025,High-A,Northwest League,Hillsboro Hops,21,2,0.14268853402327158
669899-2025-112,669899,Ryan Ward,2025,Triple-A,Pacific Coast League,Oklahoma City Comets,27,1,0.10849143076034001
694359-2025-112,694359,Niko Kavadas,2025,Triple-A,Pacific Coast League,Salt Lake Bees,26,1,0.24463770501533602
669134-2025-112,669134,Luis Campusano,2025,Triple-A,Pacific Coast League,El Paso Chihuahuas,26,3,0.1988800643479528
694376-2025-112,694376,Shay Whitcomb,2025,Triple-A,Pacific Coast League,Sugar Land Space Cowboys,26,1,0.20681367772584247
682617-2025-112,682617,Marco Luciano,2025,Triple-A,Pacific Coast League,Sacramento River Cats,23,1,0.19826858669719782
691021-2025-112,691021,A.J. Vukovich,2025,Triple-A,Pacific Coast League,Reno Aces,23,3,0.30749211830329426
688760-2025-112,688760,Blaine Crim,2025,Triple-A,Pacific Coast League,Albuquerque Isotopes,28,1,0.14941720770612996
669374-2025-112,669374,Keston Hiura,2025,Triple-A,Pacific Coast League,Albuquerque Isotopes,28,1,0.036637030876465304
679822-2025-112,679822,Justin Foscue,2025,Triple-A,Pacific Coast League,Round Rock Express,26,1,0.08270797218328535
683227-2025-112,683227,Cody Freeman,2025,Triple-A,Pacific Coast League,Round Rock Express,24,2,0.15473502056146773
682988-2025-112,682988,Tyler Locklear,2025,Triple-A,Pacific Coast League,Tacoma Rainiers,24,3,0.23129644862304738
666632-2025-112,666632,Yonathan Perlaza,2025,Triple-A,Pacific Coast League,El Paso Chihuahuas,26,3,0.21352314963196595
805672-2025-112,805672,Collin Price,2025,Triple-A,Pacific Coast League,Sugar Land Space Cowboys,25,1,0.3157043490387962
677060-2025-112,677060,Chad Stevens,2025,Triple-A,Pacific Coast League,Salt Lake Bees,26,3,0.10755042000680196
691740-2025-112,691740,Daniel Susac,2025,Triple-A,Pacific Coast League,Las Vegas Aviators,24,3,0.3005365575419884
694514-2025-112,694514,Sterlin Thompson,2025,Triple-A,Pacific Coast League,Albuquerque Isotopes,24,3,0.2358085656871215
656541-2025-112,656541,Sam Hilliard,2025,Triple-A,Pacific Coast League,Albuquerque Isotopes,31,3,0.009003792801299289
694728-2025-112,694728,Brice Matthews,2025,Triple-A,Pacific Coast League,Sugar Land Space Cowboys,23,4,0.01668933914207394
669392-2025-112,669392,Samad Taylor,2025,Triple-A,Pacific Coast League,Tacoma Rainiers,26,4,0.02374713382639201
695670-2025-112,695670,Harry Ford,2025,Triple-A,Pacific Coast League,Tacoma Rainiers,22,3,0.18321947264958302
690976-2025-112,690976,Alex Freeland,2025,Triple-A,Pacific Coast League,Oklahoma City Comets,23,1,0.04552265190733343
665923-2025-112,665923,Esteury Ruiz,2025,Triple-A,Pacific Coast League,Oklahoma City Comets,26,4,0.17848426433675121
680769-2025-112,680769,CJ Alexander,2025,Triple-A,Pacific Coast League,Oklahoma City Comets,28,1,0.12955979206950208
687529-2025-112,687529,Grant McCray,2025,Triple-A,Pacific Coast League,Sacramento River Cats,24,3,0.10115061039970064
670097-2025-112,670097,Zack Short,2025,Triple-A,Pacific Coast League,Sugar Land Space Cowboys,30,1,0.32138112776420147
678545-2025-112,678545,Osleivis Basabe,2025,Triple-A,Pacific Coast League,Sacramento River Cats,24,2,0.32453980862224135
687867-2025-112,687867,Clay Dungan,2025,Triple-A,Pacific Coast League,El Paso Chihuahuas,29,3,0.18210684272672767
663536-2025-112,663536,Tristin English,2025,Triple-A,Pacific Coast League,Reno Aces,28,2,0.12151292244488712
683090-2025-112,683090,Matthew Lugo,2025,Triple-A,Pacific Coast League,Salt Lake Bees,24,3,0.34542887649741455
665846-2025-112,665846,Jesús Bastidas,2025,Triple-A,Pacific Coast League,Sugar Land Space Cowboys,26,1,0.17716416756611983
669386-2025-112,669386,Trevor Hauver,2025,Triple-A,Pacific Coast League,Round Rock Express,26,3,0.18126460815476805
669222-2025-112,669222,Nick Senzel,2025,Triple-A,Pacific Coast League,Oklahoma City Comets,30,2,0.17337123380957295
687957-2025-112,687957,Dustin Harris,2025,Triple-A,Pacific Coast League,Round Rock Express,25,4,0.12081255265319076
680911-2025-112,680911,Owen Miller,2025,Triple-A,Pacific Coast League,Albuquerque Isotopes,28,2,0.3007550739769873
691728-2025-112,691728,Zac Veen,2025,Triple-A,Pacific Coast League,Albuquerque Isotopes,23,3,0.0017099996490775335
669722-2025-112,669722,Logan Davidson,2025,Triple-A,Pacific Coast League,Sugar Land Space Cowboys,27,3,0.30327970842409835
689070-2025-112,689070,Spencer Packard,2025,Triple-A,Pacific Coast League,Tacoma Rainiers,27,2,0.07562670846226571
641796-2025-112,641796,Tim Locastro,2025,Triple-A,Pacific Coast League,El Paso Chihuahuas,32,2,0.09386918829023005
687005-2025-112,687005,Kellen Strahm,2025,Triple-A,Pacific Coast League,Round Rock Express,28,4,0.22139638484403687
678489-2025-112,678489,Jorge Barrosa,2025,Triple-A,Pacific Coast League,Reno Aces,24,3,0.25140983775409453
685744-2025-112,685744,Kenedy Corona,2025,Triple-A,Pacific Coast League,Sugar Land Space Cowboys,25,4,-0.03796112448818087
689041-2025-112,689041,Rhylan Thomas,2025,Triple-A,Pacific Coast League,Tacoma Rainiers,25,2,0.17214790658190002
670148-2025-112,670148,Nate Mondou,2025,Triple-A,Pacific Coast League,El Paso Chihuahuas,30,2,0.1852668613476564
664670-2025-112,664670,Alejo Lopez,2025,Triple-A,Pacific Coast League,Las Vegas Aviators,29,2,0.27128028927583603
702789-2025-112,702789,Austin Gauthier,2025,Triple-A,Pacific Coast League,Oklahoma City Comets,26,3,0.06360760213089373
687231-2025-112,687231,Darell Hernaiz,2025,Triple-A,Pacific Coast League,Las Vegas Aviators,23,2,0.293741211556509
570560-2025-112,570560,Yolmer Sánchez,2025,Triple-A,Pacific Coast League,Salt Lake Bees,33,3,0.07099899068671171
642727-2025-112,642727,Sergio Alcántara,2025,Triple-A,Pacific Coast League,Reno Aces,28,3,-0.00620077727652821
800419-2025-116,800419,Jeral Perez,2025,High-A,South Atlantic League,Winston-Salem Dash,20,1,0.32063553724764343
699213-2025-116,699213,Gleider Figuereo,2025,High-A,South Atlantic League,Hub City Spartanburgers,21,1,0.18679547822146617
691922-2025-116,691922,Javier Rivas,2025,High-A,South Atlantic League,Greensboro Grasshoppers,22,2,0.1436133515137735
690991-2025-116,690991,Mac Horvath,2025,High-A,South Atlantic League,Bowling Green Hot Rods,23,1,0.06397541741786301
700731-2025-116,700731,Keiner Delgado,2025,High-A,South Atlantic League,Greensboro Grasshoppers,21,1,0.09022151190817854
806223-2025-116,806223,Aidan Smith,2025,High-A,South Atlantic League,Bowling Green Hot Rods,20,4,0.03601346932076297
702662-2025-116,702662,Dylan Dreiling,2025,High-A,South Atlantic League,Hub City Spartanburgers,22,1,0.27084823181515233
801075-2025-116,801075,Walker Janek,2025,High-A,South Atlantic League,Asheville Tourists,22,4,-0.006020199350361842
701062-2025-116,701062,Alec Briley,2025,High-A,South Atlantic League,Winston-Salem Dash,24,1,0.10582803328838243
826164-2025-116,826164,Drew Vogel,2025,High-A,South Atlantic League,Asheville Tourists,23,1,0.1924099690027543
691252-2025-116,691252,Jhon Diaz,2025,High-A,South Atlantic League,Bowling Green Hot Rods,22,2,0.18734338688173943
692371-2025-116,692371,Lizandro Espinoza,2025,High-A,South Atlantic League,Rome Emperors,22,1,1.2666551638353593e-4
815697-2025-116,815697,Arturo Disla,2025,High-A,South Atlantic League,Hub City Spartanburgers,24,2,0.2047890676305152
828335-2025-116,828335,Titus Dumitru,2025,High-A,South Atlantic League,Greensboro Grasshoppers,22,4,-0.01664744189843103
692150-2025-116,692150,Émilien Pitre,2025,High-A,South Atlantic League,Bowling Green Hot Rods,22,2,0.1160129893686865
694214-2025-116,694214,Samuel Zavala,2025,High-A,South Atlantic League,Winston-Salem Dash,20,4,0.01514189040071045
683569-2025-116,683569,Jose Colmenares,2025,High-A,South Atlantic League,Jersey Shore BlueClaws,23,1,0.04515537672141473
805168-2025-116,805168,Alejandro Nunez,2025,High-A,South Atlantic League,Asheville Tourists,20,4,0.023304716729776728
815089-2025-116,815089,Coby Morales,2025,High-A,South Atlantic League,Hudson Valley Renegades,23,3,0.08385862566139637
694742-2025-116,694742,Josh Moylan,2025,High-A,South Atlantic League,Hudson Valley Renegades,22,3,-0.02264080995922895
702501-2025-116,702501,Eli Serrano III,2025,High-A,South Atlantic League,Brooklyn Cyclones,22,2,0.11731443553895994
807511-2025-116,807511,Nelly Taylor,2025,High-A,South Atlantic League,Greenville Drive,22,1,0.09497583387782683
695604-2025-116,695604,T.J. White,2025,High-A,South Atlantic League,Wilmington Blue Rocks,21,2,0.020799256853946943
808265-2025-116,808265,Franklin Arias,2025,High-A,South Atlantic League,Greenville Drive,19,2,0.30067908707683105
695517-2025-116,695517,Casey Cook,2025,High-A,South Atlantic League,Hub City Spartanburgers,22,4,0.08709825965806722
698945-2025-116,698945,Anderson De Los Santos,2025,High-A,South Atlantic League,Aberdeen IronBirds,21,1,0.046147928811093586
703198-2025-116,703198,Kenni Gomez,2025,High-A,South Atlantic League,Asheville Tourists,20,4,0.01687500262606308
698933-2025-116,698933,Ronald Hernandez,2025,High-A,South Atlantic League,Brooklyn Cyclones,21,4,0.0382412527187943
671956-2025-116,671956,Noah Myers,2025,High-A,South Atlantic League,Bowling Green Hot Rods,25,4,0.0513679606392459
804858-2025-116,804858,Bryan Rincon,2025,High-A,South Atlantic League,Jersey Shore BlueClaws,21,4,0.006434511498944818
805801-2025-116,805801,Nazzan Zanetello,2025,High-A,South Atlantic League,Greenville Drive,20,1,0.18626191190793676
814431-2025-116,814431,Jackson Castillo,2025,High-A,South Atlantic League,Hudson Valley Renegades,22,2,0.19106464424434055
701689-2025-116,701689,Vance Honeycutt,2025,High-A,South Atlantic League,Aberdeen IronBirds,22,1,0.11189387281438203
823277-2025-116,823277,Cole McConnell,2025,High-A,South Atlantic League,Winston-Salem Dash,24,3,0.17008842419364795
806983-2025-116,806983,Yophery Rodriguez,2025,High-A,South Atlantic League,Greenville Drive,19,2,0.1588094415397694
694222-2025-116,694222,Ambioris Tavarez,2025,High-A,South Atlantic League,Rome Emperors,21,3,0.13111418616188594
696264-2025-116,696264,Tyler Whitaker,2025,High-A,South Atlantic League,Asheville Tourists,22,1,0.1442451217265753
805951-2025-116,805951,Boston Baro,2025,High-A,South Atlantic League,Brooklyn Cyclones,20,2,0.1620153124276901
701616-2025-116,701616,Caleb Lomavita,2025,High-A,South Atlantic League,Wilmington Blue Rocks,22,2,0.24227738255729753
803172-2025-116,803172,Griff O'Ferrall,2025,High-A,South Atlantic League,Aberdeen IronBirds,22,4,0.0643990323906606
802117-2025-116,802117,Patrick Clohisy,2025,High-A,South Atlantic League,Rome Emperors,23,4,0.2633215495678575
691913-2025-116,691913,Jesus Castillo,2025,High-A,South Atlantic League,Greensboro Grasshoppers,21,4,0.010378245777186912
703152-2025-116,703152,Anthony Gutierrez,2025,High-A,South Atlantic League,Hub City Spartanburgers,20,4,0.1375323044373503
803745-2025-116,803745,Adrian Santana,2025,High-A,South Atlantic League,Bowling Green Hot Rods,19,4,0.08704083719611017
804614-2025-116,804614,Marco Vargas,2025,High-A,South Atlantic League,Brooklyn Cyclones,20,4,0.25302379120275853
702140-2025-111,702140,Ruben Ibarra,2025,Double-A,Southern League,Chattanooga Lookouts,26,1,0.28299500844226433
681230-2025-111,681230,BJ Murray,2025,Double-A,Southern League,Knoxville Smokies,25,1,0.23029288969501038
696521-2025-111,696521,Garrett Spain,2025,Double-A,Southern League,Biloxi Shuckers,24,1,0.15950159113206877
689688-2025-111,689688,Ethan Workinger,2025,Double-A,Southern League,Columbus Clingstones,23,2,0.06531974296915183
694580-2025-111,694580,Kemp Alderman,2025,Double-A,Southern League,Pensacola Blue Wahoos,22,3,0.016812682661243663
680846-2025-111,680846,Pablo Aliendo,2025,Double-A,Southern League,Knoxville Smokies,24,1,0.2161135116941728
695692-2025-111,695692,Cooper Kinney,2025,Double-A,Southern League,Montgomery Biscuits,22,2,0.09445986495402484
687310-2025-111,687310,Will Simpson,2025,Double-A,Southern League,Montgomery Biscuits,23,1,0.19988962465805207
694203-2025-111,694203,Denzer Guzman,2025,Double-A,Southern League,Rocket City Trash Pandas,21,1,0.3305264471156032
675394-2025-111,675394,Johnny Olmstead,2025,Double-A,Southern League,Pensacola Blue Wahoos,24,2,0.08412550035183484
680518-2025-111,680518,Zavier Warren,2025,Double-A,Southern League,Biloxi Shuckers,26,1,0.3082305182254715
687554-2025-111,687554,DJ Gladney,2025,Double-A,Southern League,Birmingham Barons,23,3,0.08787081834153518
687210-2025-111,687210,Nathan Martorella,2025,Double-A,Southern League,Pensacola Blue Wahoos,24,1,0.01804506903461082
678173-2025-111,678173,David McCabe,2025,Double-A,Southern League,Columbus Clingstones,25,3,0.05847202269485599
684852-2025-111,684852,Geraldo Quintero,2025,Double-A,Southern League,Columbus Clingstones,23,4,0.07094207721984083
691442-2025-111,691442,Wilfred Veras,2025,Double-A,Southern League,Birmingham Barons,22,3,0.028973796341384264
695481-2025-111,695481,Jay Allen II,2025,Double-A,Southern League,Chattanooga Lookouts,22,4,0.027852159041070246
681941-2025-111,681941,Jaylen Palmer,2025,Double-A,Southern League,Knoxville Smokies,24,3,0.0760717473049457
806198-2025-111,806198,Cooper Pratt,2025,Double-A,Southern League,Biloxi Shuckers,20,2,0.1265368638416112
699393-2025-111,699393,Pedro Ramírez,2025,Double-A,Southern League,Knoxville Smokies,21,4,-0.005143191982218313
694966-2025-111,694966,Brayden Taylor,2025,Double-A,Southern League,Montgomery Biscuits,23,1,0.2647880837402945
814436-2025-111,814436,Ryan Galanie,2025,Double-A,Southern League,Birmingham Barons,25,2,0.3150666998158094
807742-2025-111,807742,Colton Ledbetter,2025,Double-A,Southern League,Montgomery Biscuits,23,4,0.17758125962708743
694420-2025-111,694420,Tatem Levins,2025,Double-A,Southern League,Montgomery Biscuits,26,3,0.2505950086167392
807751-2025-111,807751,Ethan O'Donnell,2025,Double-A,Southern League,Chattanooga Lookouts,23,3,0.03560290838505644
686541-2025-111,686541,Drew Compton,2025,Double-A,Southern League,Columbus Clingstones,24,3,0.11509144355660174
804645-2025-111,804645,Caden Connor,2025,Double-A,Southern League,Birmingham Barons,24,2,0.2620503388345627
695490-2025-111,695490,Edwin Arroyo,2025,Double-A,Southern League,Chattanooga Lookouts,21,2,0.24778784079713553
691858-2025-111,691858,Jared Serna,2025,Double-A,Southern League,Pensacola Blue Wahoos,23,2,0.16384501281780503
703520-2025-111,703520,Brett Bateman,2025,Double-A,Southern League,Knoxville Smokies,23,4,0.10706173529155019
687144-2025-111,687144,Corey Joyce,2025,Double-A,Southern League,Knoxville Smokies,26,4,-0.017778991801865356
800325-2025-111,800325,Luis Lara,2025,Double-A,Southern League,Biloxi Shuckers,20,4,0.0865993501139975
695462-2025-111,695462,Cal Conley,2025,Double-A,Southern League,Columbus Clingstones,25,2,0.12901210984834108
703185-2025-111,703185,Nelson Rada,2025,Double-A,Southern League,Rocket City Trash Pandas,19,4,0.18225733351586104
703151-2025-111,703151,William Bergolla Jr.,2025,Double-A,Southern League,Birmingham Barons,20,2,0.11200422278247572
683344-2025-111,683344,Homer Bush Jr.,2025,Double-A,Southern League,Montgomery Biscuits,23,4,0.23192706407173014
807747-2025-111,807747,Rikuu Nishida,2025,Double-A,Southern League,Birmingham Barons,24,4,0.15089911486925264
693850-2025-109,693850,Kala'i Rosario,2025,Double-A,Texas League,Wichita Wind Surge,22,1,0.09919222455043124
693459-2025-109,693459,Kyler Fedko,2025,Double-A,Texas League,Wichita Wind Surge,25,1,0.2600446229529855
683006-2025-109,683006,Chris Newell,2025,Double-A,Texas League,Tulsa Drillers,24,1,0.1252153636085716
692416-2025-109,692416,Christian Cerda,2025,Double-A,Texas League,Amarillo Sod Poodles,22,1,0.13115226861747883
688457-2025-109,688457,Gavin Cross,2025,Double-A,Texas League,Northwest Arkansas Naturals,24,1,0.15327554009794797
699912-2025-109,699912,Jose Fernandez,2025,Double-A,Texas League,Amarillo Sod Poodles,21,2,0.18798731125879498
694673-2025-109,694673,Abimelec Ortiz,2025,Double-A,Texas League,Frisco RoughRiders,23,1,0.24889538404323647
695508-2025-109,695508,Cam Cauley,2025,Double-A,Texas League,Frisco RoughRiders,22,1,0.1377040772275299
687730-2025-109,687730,Caleb Cali,2025,Double-A,Texas League,Arkansas Travelers,24,1,0.30749410570734076
680636-2025-109,680636,Ramon Mendoza,2025,Double-A,Texas League,Springfield Cardinals,24,1,0.15051840943389935
672635-2025-109,672635,Luis Mieses,2025,Double-A,Texas League,Frisco RoughRiders,25,1,0.03823155366820264
694211-2025-109,694211,Manuel Pena,2025,Double-A,Texas League,Amarillo Sod Poodles,21,3,-0.0037132323485414426
678577-2025-109,678577,Junior Perez,2025,Double-A,Texas League,Midland RockHounds,23,1,0.3411253828046024
805346-2025-109,805346,Ben Ross,2025,Double-A,Texas League,Wichita Wind Surge,24,1,0.14702630583591358
701648-2025-109,701648,Aaron Zavala,2025,Double-A,Texas League,Frisco RoughRiders,25,3,0.08207508842096092
699024-2025-109,699024,Leo Bernal,2025,Double-A,Texas League,Springfield Cardinals,21,2,0.2461401819626366
691627-2025-109,691627,Ricardo Olivar,2025,Double-A,Texas League,Wichita Wind Surge,23,1,0.11430682523565432
806964-2025-109,806964,Sebastian Walcott,2025,Double-A,Texas League,Frisco RoughRiders,19,4,0.04630446377911278
676203-2025-109,676203,Marcos Castañon,2025,Double-A,Texas League,San Antonio Missions,26,2,0.19130166958482428
695521-2025-109,695521,Gavin Conticello,2025,Double-A,Texas League,Amarillo Sod Poodles,22,3,0.0012634043278949311
694410-2025-109,694410,LuJames Groover,2025,Double-A,Texas League,Amarillo Sod Poodles,23,2,0.17292897919456568
681377-2025-109,681377,Josh Hood,2025,Double-A,Texas League,Arkansas Travelers,24,1,0.21750769330241485
686810-2025-109,686810,Brennan Milone,2025,Double-A,Texas League,Midland RockHounds,24,1,0.28594918112599393
703804-2025-109,703804,Romeo Sanabria,2025,Double-A,Texas League,San Antonio Missions,23,2,0.22881833866316328
814791-2025-109,814791,Jared Sundstrom,2025,Double-A,Texas League,Arkansas Travelers,24,4,-0.01809357115304061
694371-2025-109,694371,Tommy Troy,2025,Double-A,Texas League,Amarillo Sod Poodles,23,2,0.12499102766260403
678218-2025-109,678218,Brandon Valenzuela,2025,Double-A,Texas League,San Antonio Missions,24,1,0.21048486888603238
680996-2025-109,680996,Luke Mann,2025,Double-A,Texas League,Midland RockHounds,25,1,0.31869486777736333
690971-2025-109,690971,Chase Davis,2025,Double-A,Texas League,Springfield Cardinals,23,3,0.30608593214480956
703766-2025-109,703766,Dakota Harris,2025,Double-A,Texas League,Springfield Cardinals,23,2,0.21108577632904568
692405-2025-109,692405,Jeremy Rivas,2025,Double-A,Texas League,Springfield Cardinals,22,1,0.0023059902949051792
681134-2025-109,681134,Caleb Roberts,2025,Double-A,Texas League,Amarillo Sod Poodles,25,1,0.1585261196423877
689531-2025-109,689531,Brett Squires,2025,Double-A,Texas League,Northwest Arkansas Naturals,25,3,0.06725433586150303
686438-2025-109,686438,Rubel Cespedes,2025,Double-A,Texas League,Wichita Wind Surge,24,2,0.2439961983394404
677049-2025-109,677049,Josh Hatcher,2025,Double-A,Texas League,Frisco RoughRiders,26,2,0.12605392959856396
672696-2025-109,672696,Francisco Acuna,2025,Double-A,Texas League,San Antonio Missions,25,4,0.013288884567865032
686638-2025-109,686638,Hunter Fitz-Gerald,2025,Double-A,Texas League,Arkansas Travelers,24,3,0.3024447393602836
814299-2025-109,814299,Pascanel Ferreras,2025,Double-A,Texas League,Corpus Christi Hooks,23,2,0.03946232310300775
664332-2025-109,664332,Moisés Gómez,2025,Double-A,Texas League,San Antonio Missions,26,1,0.26513381414863446
687981-2025-109,687981,John Rhodes,2025,Double-A,Texas League,Tulsa Drillers,24,1,0.13974235003181074
811289-2025-109,811289,Spencer Nivens,2025,Double-A,Texas League,Northwest Arkansas Naturals,23,1,0.0058374563062723065
668776-2025-109,668776,Devin Ortiz,2025,Double-A,Texas League,San Antonio Missions,26,2,0.17901560884761814
681036-2025-109,681036,Anthony Vilar,2025,Double-A,Texas League,San Antonio Missions,26,1,0.19654763263550645
669413-2025-109,669413,Frainyer Chavez,2025,Double-A,Texas League,Frisco RoughRiders,26,4,7.998634444671973e-4
815039-2025-109,815039,Dustin Dickerson,2025,Double-A,Texas League,Northwest Arkansas Naturals,24,1,0.037335253150427745
690985-2025-109,690985,Colby Halter,2025,Double-A,Texas League,Midland RockHounds,23,3,0.17771235006164562
683169-2025-109,683169,Sean McLain,2025,Double-A,Texas League,Tulsa Drillers,24,1,0.05126567077988333
681098-2025-109,681098,Bill Knight,2025,Double-A,Texas League,Arkansas Travelers,25,4,0.1517559519740038
805834-2025-109,805834,Javi Vaz,2025,Double-A,Texas League,Northwest Arkansas Naturals,24,2,0.16080483634739032
691558-2025-109,691558,Yeiner Fernandez,2025,Double-A,Texas League,Tulsa Drillers,22,2,0.31916202907575675
677601-2025-109,677601,Keyber Rodriguez,2025,Double-A,Texas League,Frisco RoughRiders,24,2,0.23466665658045008
805891-2025-109,805891,Taylor Young,2025,Double-A,Texas League,Tulsa Drillers,26,4,0.12974800388584842
687625-2025-109,687625,Kai Murphy,2025,Double-A,Texas League,San Antonio Missions,24,2,0.20952630082189555
800683-2025-109,800683,Blake Rambusch,2025,Double-A,Texas League,Arkansas Travelers,25,4,0.1710323207156132
