year,playerId,playerName,type,rank,playerFullName,playerFirstName,playerLastName,playerUseName,playerInitLastName,teamId,teamAbbrev,teamName,teamShortName,leagueName,leagueId,positionAbbrev,position,primaryPositionAbbrev,age,plateAppearances,totalBases,leftOnBase,sacBunts,sacFlies,babip,extraBaseHits,hitByPitch,gidp,gidpOpp,numberOfPitches,pitchesPerPlateAppearance,walksPerPlateAppearance,strikeoutsPerPlateAppearance,homeRunsPerPlateAppearance,walksPerStrikeout,iso,reachedOnError,walkOffs,flyOuts,totalSwings,swingAndMisses,ballsInPlay,popOuts,lineOuts,groundOuts,flyHits,popHits,lineHits,groundHits,gamesPlayed,airOuts,runs,doubles,triples,homeRuns,strikeOuts,baseOnBalls,intentionalWalks,hits,avg,atBats,obp,slg,ops,caughtStealing,stolenBases,stolenBasePercentage,caughtStealingPercentage,groundIntoDoublePlay,rbi,groundOutsToAirouts,catchersInterference,atBatsPerHomeRun,requested_season,requested_league_id,requested_league_name,requested_level,player_league_season_id
2022,676203,Marcos Castañon,player,1,Marcos Castañon,Marcos,Castañon,Marcos,M Castañon,103,LE,Lake Elsinore Storm,Storm,CAL,110,3B,Third Base,SS,23,519,204,216,0,2,0.313,48,16,9,69,2130,4.103999999999999,0.15400000000000003,0.23500000000000001,0.044,0.656,0.223,9,0,57,866,267,301,33,9,92,44,0,40,26,117,99,82,25,0,23,122,80,0,110,0.261,421,0.397,0.48500000000000004,0.882,3,0,0,1,9,85,0.93,0,18.3,2022,110,California League,Low-A,676203-2022-110
2022,692585,Yanquiel Fernández,player,2,Yanquiel Fernández,Yanquiel,Fernández,Yanquiel,Y Fernández,259,FRE,Fresno Grizzlies,Grizzlies,CAL,110,RF,Outfielder,RF,19,523,241,246,0,5,0.32999999999999996,59,4,13,89,1873,3.581,0.07500000000000001,0.21800000000000003,0.04,0.34199999999999997,0.223,7,0,70,1002,291,366,21,11,129,40,2,39,54,112,102,76,33,5,21,114,39,0,135,0.28400000000000003,475,0.33999999999999997,0.507,0.8470000000000001,1,5,0.8330000000000001,0.167,13,109,1.26,0,22.62,2022,110,California League,Low-A,692585-2022-110
2022,687529,Grant McCray,player,2,Grant McCray,Grant,McCray,Grant,G McCray,476,SJ,San Jose Giants,Giants,CAL,110,CF,Outfielder,CF,21,507,229,178,0,4,0.391,51,9,4,42,2018,3.98,0.114,0.29200000000000004,0.041,0.392,0.234,4,0,51,951,330,292,3,14,97,38,0,50,39,106,68,92,21,9,21,148,58,1,127,0.29100000000000004,436,0.383,0.525,0.908,10,35,0.778,0.222,4,69,1.43,0,20.759999999999998,2022,110,California League,Low-A,687529-2022-110
2022,672596,Robert Perez Jr.,player,4,Robert Perez Jr.,Robert,Perez Jr.,Robert,R Perez Jr.,515,MOD,Modesto Nuts,Nuts,CAL,110,1B,First Base,LF,22,415,173,191,0,10,0.322,39,12,5,55,1545,3.7230000000000003,0.116,0.26,0.048,0.444,0.232,5,0,49,746,271,247,25,7,73,29,0,35,29,92,81,78,18,1,20,108,48,0,93,0.27,345,0.369,0.501,0.8700000000000001,0,5,1,0,5,87,0.9,0,17.25,2022,110,California League,Low-A,672596-2022-110
2022,700337,Edgar Quero,player,5,Edgar Quero,Edgar,Quero,Edgar,E Quero,401,IE,Inland Empire 66ers,66ers,CAL,110,C,Catcher,C,19,515,219,174,0,6,0.36,54,21,9,70,2039,3.9589999999999996,0.14200000000000002,0.17700000000000002,0.033,0.802,0.21800000000000003,9,0,55,802,182,328,22,18,104,43,1,45,40,111,95,86,35,2,17,91,73,0,129,0.312,413,0.43500000000000005,0.53,0.965,5,12,0.706,0.29400000000000004,9,75,1.09,2,24.29,2022,110,California League,Low-A,700337-2022-110
2022,691777,Max Muncy,player,6,Max Muncy,Maxwell,Muncy,Max,M Muncy,524,STK,Stockton Ports,Ports,CAL,110,SS,Shortstop,3B,19,365,136,138,1,2,0.29800000000000004,33,7,7,35,1485,4.068,0.14,0.29900000000000004,0.044,0.468,0.21700000000000003,6,0,39,612,191,198,18,5,66,22,0,25,23,81,62,50,16,1,16,109,51,0,70,0.23,304,0.352,0.447,0.7989999999999999,5,6,0.545,0.455,7,51,1.06,0,19,2022,110,California League,Low-A,691777-2022-110
2022,678596,Yorlis Rodriguez,player,6,Yorlis Rodriguez,Yorlis,Rodriguez,Yorlis,Y Rodriguez,476,SJ,San Jose Giants,Giants,CAL,110,3B,Third Base,SS,22,459,183,245,2,4,0.29000000000000004,38,4,12,79,1539,3.3529999999999998,0.039,0.198,0.034999999999999996,0.198,0.167,10,0,75,990,276,346,49,12,99,39,5,44,23,105,136,56,20,2,16,91,18,0,111,0.258,431,0.29100000000000004,0.42500000000000004,0.716,0,4,1,0,12,60,0.73,0,26.939999999999998,2022,110,California League,Low-A,678596-2022-110
2022,691182,Adael Amador,player,8,Adael Amador,Adael,Amador,Adael,A Amador,259,FRE,Fresno Grizzlies,Grizzlies,CAL,110,SS,Shortstop,2B,19,555,200,170,3,5,0.312,39,11,7,64,2015,3.631,0.15700000000000003,0.12100000000000001,0.027,1.299,0.15400000000000003,6,1,56,858,143,390,26,16,161,29,1,50,51,115,98,100,24,0,15,67,87,2,131,0.29200000000000004,449,0.41500000000000004,0.445,0.8600000000000001,12,26,0.6839999999999999,0.316,7,57,1.6400000000000001,0,29.93,2022,110,California League,Low-A,691182-2022-110
2022,690924,Braxton Fulford,player,8,Braxton Fulford,Braxton,Fulford,Braxton,B Fulford,259,FRE,Fresno Grizzlies,Grizzlies,CAL,110,C,Catcher,DH,23,440,164,205,1,4,0.316,34,18,5,65,1616,3.673,0.116,0.20900000000000002,0.034,0.554,0.18,7,1,67,696,210,279,17,12,85,24,1,42,31,104,96,82,17,2,15,92,51,0,98,0.268,366,0.38,0.448,0.8280000000000001,2,13,0.8670000000000001,0.133,5,53,0.89,0,24.4,2022,110,California League,Low-A,690924-2022-110
2022,678577,Junior Perez,player,8,Junior Perez,Junior,Perez,Junior,J Perez,524,STK,Stockton Ports,Ports,CAL,110,RF,Outfielder,CF,20,482,169,191,2,7,0.347,38,5,8,61,1979,4.106,0.14500000000000002,0.307,0.031,0.47300000000000003,0.17600000000000002,9,0,53,777,287,259,30,9,68,27,1,23,48,116,92,74,21,2,15,148,70,0,99,0.24900000000000003,398,0.363,0.42500000000000004,0.7879999999999999,7,32,0.8210000000000001,0.17900000000000002,8,62,0.74,0,26.53,2022,110,California League,Low-A,678577-2022-110
2022,692348,Aeverson Arteaga,player,11,Aeverson Arteaga,Aeverson,Arteaga,Aeverson,A Arteaga,476,SJ,San Jose Giants,Giants,CAL,110,SS,Shortstop,SS,19,565,217,225,0,3,0.362,51,10,4,71,2214,3.9189999999999996,0.08700000000000001,0.274,0.025,0.316,0.161,9,1,82,1099,354,351,29,22,82,41,3,52,40,122,133,87,35,2,14,155,49,0,136,0.27,503,0.345,0.43100000000000005,0.776,6,11,0.647,0.353,4,84,0.62,0,35.93,2022,110,California League,Low-A,692348-2022-110
2022,691285,Junior Franco,player,11,Junior Franco,Junior,Franco,Junior,J Franco,516,VIS,Visalia Rawhide,Rawhide,CAL,110,LF,Outfielder,OF,19,448,166,186,0,2,0.316,34,4,6,65,1700,3.795,0.07400000000000001,0.25,0.031,0.29500000000000004,0.15200000000000002,4,0,41,880,258,299,24,16,114,23,0,37,44,103,81,54,20,0,14,112,33,2,104,0.254,409,0.315,0.406,0.721,8,28,0.778,0.222,6,57,1.41,0,29.21,2022,110,California League,Low-A,691285-2022-110
2022,682648,Juan Guerrero,player,11,Juan Guerrero,Juan,Guerrero,Juan,J Guerrero,259,FRE,Fresno Grizzlies,Grizzlies,CAL,110,LF,Outfielder,SS,20,506,198,236,1,7,0.305,42,6,7,80,1813,3.583,0.07700000000000001,0.168,0.028,0.459,0.163,15,0,66,928,227,376,47,13,126,27,1,51,45,113,126,89,24,4,14,85,39,0,124,0.274,453,0.33499999999999996,0.43700000000000006,0.772,8,18,0.692,0.308,7,89,1,0,32.36,2022,110,California League,Low-A,682648-2022-110
2022,695490,Edwin Arroyo,player,14,Edwin Arroyo,Edwin,Arroyo,Edwin,E Arroyo,515,MOD,Modesto Nuts,Nuts,CAL,110,SS,Shortstop,2B,18,410,187,165,0,3,0.386,39,8,5,74,1491,3.637,0.085,0.22,0.032,0.389,0.198,3,0,57,782,214,277,17,18,70,32,1,48,34,87,92,76,19,7,13,90,35,0,115,0.316,364,0.385,0.514,0.899,4,21,0.8400000000000001,0.16,5,67,0.76,0,28,2022,110,California League,Low-A,695490-2022-110
2022,682729,Jonatan Clase,player,14,Jonatan Clase,Jonatan,Clase,Jonatan,J Clase,515,MOD,Modesto Nuts,Nuts,CAL,110,CF,Outfielder,LF,20,499,196,194,0,2,0.358,46,8,1,47,1900,3.808,0.13,0.267,0.026000000000000002,0.48900000000000005,0.196,7,0,65,864,269,292,18,11,85,39,0,40,34,107,94,91,22,11,13,133,65,0,113,0.267,423,0.373,0.463,0.8360000000000001,10,55,0.8460000000000001,0.15400000000000003,1,49,0.9,1,32.54,2022,110,California League,Low-A,682729-2022-110
2022,678832,Yunior Garcia,player,14,Yunior Garcia,Yunior,Garcia,Yunior,Y Garcia,526,RC,Rancho Cucamonga Quakes,Quakes,CAL,110,1B,First Base,OF,20,377,171,212,0,0,0.362,42,9,8,55,1335,3.541,0.088,0.199,0.034,0.44,0.20700000000000002,8,0,39,770,228,259,11,14,93,19,3,47,33,87,64,58,28,1,13,75,33,0,102,0.305,334,0.383,0.512,0.895,0,2,1,0,8,74,1.45,1,25.69,2022,110,California League,Low-A,678832-2022-110
2022,694808,Zach Kokoska,player,14,Zach Kokoska,Zachary,Kokoska,Zach,Z Kokoska,259,FRE,Fresno Grizzlies,Grizzlies,CAL,110,LF,Outfielder,OF,23,358,138,164,3,2,0.28400000000000003,31,10,3,52,1374,3.8379999999999996,0.095,0.20400000000000001,0.036,0.466,0.197,7,2,47,668,179,241,24,11,82,23,0,27,27,92,82,61,14,4,13,73,34,1,77,0.24900000000000003,309,0.34099999999999997,0.447,0.7879999999999999,2,17,0.895,0.10500000000000001,3,40,1,0,23.77,2022,110,California League,Low-A,694808-2022-110
2022,691269,Adrian Placencia,player,14,Adrian Placencia,Adrian,Placencia,Adrian,A Placencia,401,IE,Inland Empire 66ers,66ers,CAL,110,2B,Second Base,SS,19,469,163,157,0,2,0.367,38,8,4,47,1865,3.977,0.162,0.303,0.028,0.535,0.17300000000000001,2,0,46,884,344,242,22,9,68,24,1,44,28,104,77,83,23,2,13,142,76,0,97,0.254,382,0.387,0.42700000000000005,0.8140000000000001,8,21,0.724,0.276,4,64,0.88,1,29.38,2022,110,California League,Low-A,691269-2022-110
2022,682674,Victor Bericoto,player,19,Victor Bericoto,Victor,Bericoto,Victor,V Bericoto,476,SJ,San Jose Giants,Giants,CAL,110,RF,Outfielder,RF,20,487,167,223,0,4,0.326,31,3,12,66,1862,3.823,0.117,0.222,0.025,0.528,0.13,12,0,61,778,194,319,12,9,125,29,1,46,36,107,82,63,19,0,12,108,57,0,112,0.265,423,0.353,0.395,0.748,4,3,0.42900000000000005,0.5710000000000001,12,68,1.52,0,35.25,2022,110,California League,Low-A,682674-2022-110
2022,701618,Damon Keith,player,19,Damon Keith,Damon,Keith,Damon,D Keith,526,RC,Rancho Cucamonga Quakes,Quakes,CAL,110,RF,Outfielder,RF,22,416,167,191,0,2,0.384,39,11,8,55,1652,3.9709999999999996,0.166,0.228,0.028999999999999998,0.726,0.201,11,1,36,679,174,241,8,15,82,23,1,35,41,88,59,75,23,4,12,95,69,1,100,0.29900000000000004,334,0.43300000000000005,0.5,0.933,3,5,0.625,0.375,8,65,1.3900000000000001,0,27.830000000000002,2022,110,California League,Low-A,701618-2022-110
2022,682877,Juan Brito,player,21,Juan Brito,Juan,Brito,Juan,J Brito,259,FRE,Fresno Grizzlies,Grizzlies,CAL,110,2B,Second Base,2B,20,497,189,189,3,6,0.319,46,8,7,73,1949,3.9219999999999997,0.15700000000000003,0.14300000000000002,0.022,1.099,0.184,8,0,78,813,159,340,36,15,96,26,1,53,35,107,129,91,29,6,11,71,78,0,115,0.28600000000000003,402,0.40700000000000003,0.47000000000000003,0.8770000000000001,9,17,0.654,0.346,7,72,0.74,0,36.54,2022,110,California League,Low-A,682877-2022-110
2022,668993,Justin Farmer,player,21,Justin Farmer,Justin,Farmer,Justin,J Farmer,103,LE,Lake Elsinore Storm,Storm,CAL,110,RF,Outfielder,OF,23,487,142,210,1,3,0.3,32,4,7,59,2032,4.172,0.195,0.259,0.023,0.754,0.14600000000000002,7,0,60,759,214,262,35,6,75,33,0,23,30,109,101,88,19,2,11,126,95,0,86,0.224,384,0.381,0.37,0.751,6,38,0.8640000000000001,0.136,7,45,0.74,0,34.91,2022,110,California League,Low-A,668993-2022-110
2022,695670,Harry Ford,player,21,Harry Ford,Harrison,Ford,Harry,H Ford,515,MOD,Modesto Nuts,Nuts,CAL,110,C,Catcher,C,19,499,171,158,0,4,0.358,38,17,7,55,2096,4.2,0.17600000000000002,0.23,0.022,0.765,0.164,14,1,54,786,218,279,18,10,90,31,2,41,33,104,82,89,23,4,11,115,88,0,107,0.274,390,0.42500000000000004,0.43800000000000006,0.8630000000000001,5,23,0.8210000000000001,0.17900000000000002,7,65,1.1,0,35.46,2022,110,California League,Low-A,695670-2022-110
2022,691177,Luis Rodriguez,player,21,Luis Rodriguez,Luis,Rodriguez,Luis,L Rodriguez,526,RC,Rancho Cucamonga Quakes,Quakes,CAL,110,LF,Outfielder,CF,19,506,159,262,0,5,0.35,32,5,12,62,1968,3.889,0.128,0.314,0.022,0.40900000000000003,0.128,10,1,49,973,392,277,13,15,96,27,3,41,33,110,77,61,20,1,11,159,65,0,104,0.24100000000000002,431,0.344,0.369,0.713,1,3,0.75,0.25,12,67,1.25,0,39.18,2022,110,California League,Low-A,691177-2022-110
2022,691558,Yeiner Fernandez,player,25,Yeiner Fernandez,Yeiner,Fernandez,Yeiner,Y Fernandez,526,RC,Rancho Cucamonga Quakes,Quakes,CAL,110,C,Catcher,C,19,423,156,191,0,4,0.318,28,10,16,80,1549,3.662,0.109,0.13,0.024,0.8360000000000001,0.138,6,0,58,801,201,312,25,20,103,18,1,53,34,89,103,76,16,2,10,55,46,0,106,0.29200000000000004,363,0.383,0.43000000000000005,0.8130000000000001,2,3,0.6,0.4,16,68,1,0,36.3,2022,110,California League,Low-A,691558-2022-110
2022,682643,Alexander Ramirez,player,26,Alexander Ramirez,Alexander,Ramirez,Alexander,A Ramirez,401,IE,Inland Empire 66ers,66ers,CAL,110,RF,Outfielder,OF,19,520,167,257,0,3,0.326,37,11,6,68,1897,3.648,0.06,0.308,0.015,0.194,0.12200000000000001,15,1,53,1052,389,318,30,15,111,15,2,47,45,118,98,67,24,5,8,160,31,0,109,0.229,475,0.29000000000000004,0.352,0.642,8,21,0.724,0.276,6,59,1.1300000000000001,0,59.379999999999995,2022,110,California League,Low-A,682643-2022-110
2022,683341,David Calabrese,player,27,David Calabrese,David,Calabrese,David,D Calabrese,401,IE,Inland Empire 66ers,66ers,CAL,110,CF,Outfielder,OF,19,488,164,197,0,11,0.317,37,3,3,54,1887,3.867,0.10200000000000001,0.23800000000000002,0.014,0.43100000000000005,0.137,7,0,80,855,238,319,17,13,103,34,1,37,34,112,110,68,23,7,7,116,50,0,106,0.25,424,0.326,0.387,0.713,2,26,0.929,0.07100000000000001,3,64,0.9400000000000001,0,60.57,2022,110,California League,Low-A,683341-2022-110
2022,702789,Austin Gauthier,player,28,Austin Gauthier,Austin,Gauthier,Austin,A Gauthier,526,RC,Rancho Cucamonga Quakes,Quakes,CAL,110,SS,Shortstop,SS,23,397,130,131,0,0,0.376,28,9,9,44,1623,4.088,0.222,0.20400000000000001,0.015,1.086,0.14700000000000002,4,1,39,548,132,219,7,13,74,19,2,35,30,84,59,81,18,4,6,81,88,0,86,0.28700000000000003,300,0.461,0.43300000000000005,0.894,1,10,0.909,0.091,9,49,1.25,0,50,2022,110,California League,Low-A,702789-2022-110
2022,672013,T.J. Schofield-Sam,player,28,T.J. Schofield-Sam,Tyrell,Schofield-Sam,T.J.,T Schofield-Sam,524,STK,Stockton Ports,Ports,CAL,110,3B,Third Base,3B,21,454,153,222,0,5,0.304,32,18,5,76,1618,3.564,0.048,0.17400000000000002,0.013000000000000001,0.278,0.115,13,0,60,784,170,335,22,13,134,27,1,38,40,109,95,51,23,3,6,79,22,1,106,0.259,409,0.322,0.374,0.696,5,8,0.615,0.385,5,55,1.41,0,68.16999999999999,2022,110,California League,Low-A,672013-2022-110
2022,679751,Danny Bautista Jr.,player,30,Danny Bautista Jr.,Daniel,Bautista,Danny,D Bautista Jr.,524,STK,Stockton Ports,Ports,CAL,110,LF,Outfielder,OF,21,423,140,183,7,2,0.315,31,13,12,78,1566,3.702,0.08,0.17,0.012,0.47200000000000003,0.117,8,0,61,701,147,304,22,8,116,17,0,34,46,99,91,48,24,2,5,72,34,0,97,0.264,367,0.346,0.381,0.727,8,10,0.556,0.444,12,37,1.27,0,73.4,2022,110,California League,Low-A,679751-2022-110
2022,676004,Walking Cabrera,player,30,Walking Cabrera,Walking,Cabrera,Walking,W Cabrera,515,MOD,Modesto Nuts,Nuts,CAL,110,RF,Outfielder,OF,21,422,139,198,0,7,0.324,34,3,2,50,1571,3.7230000000000003,0.095,0.24200000000000002,0.012,0.392,0.12400000000000001,10,0,66,740,244,277,26,13,79,28,0,38,27,95,105,56,27,2,5,102,40,0,93,0.25,372,0.322,0.374,0.696,3,5,0.625,0.375,2,62,0.75,0,74.4,2022,110,California League,Low-A,676004-2022-110
2022,683102,Garrett Frechette,player,32,Garrett Frechette,Garrett,Frechette,Garrett,G Frechette,476,SJ,San Jose Giants,Giants,CAL,110,1B,First Base,1B,21,408,130,191,2,5,0.32999999999999996,23,6,4,57,1476,3.618,0.047,0.24000000000000002,0.01,0.194,0.09,8,1,60,845,245,285,17,15,97,25,0,26,45,97,92,44,16,3,4,98,19,0,96,0.255,376,0.29800000000000004,0.346,0.644,2,2,0.5,0.5,4,39,1.05,0,94,2022,110,California League,Low-A,683102-2022-110
2022,691186,Arol Vera,player,32,Arol Vera,Arol,Vera,Arol,A Vera,401,IE,Inland Empire 66ers,66ers,CAL,110,SS,Shortstop,SS,19,551,137,252,1,4,0.28700000000000003,24,6,8,80,2131,3.868,0.096,0.27,0.007,0.356,0.07400000000000001,4,0,59,1150,348,343,23,20,140,18,2,32,49,120,102,71,16,4,4,149,53,0,101,0.20700000000000002,487,0.29100000000000004,0.281,0.5720000000000001,7,19,0.731,0.269,8,59,1.37,0,121.75,2022,110,California League,Low-A,691186-2022-110
2022,691949,Jake Vogel,player,34,Jake Vogel,Jacob,Vogel,Jake,J Vogel,526,RC,Rancho Cucamonga Quakes,Quakes,CAL,110,CF,Outfielder,OF,20,499,145,230,0,6,0.31,32,9,9,92,1926,3.86,0.10400000000000001,0.222,0.002,0.468,0.1,4,0,82,818,203,327,20,30,93,20,2,50,30,109,132,72,22,9,1,111,52,0,102,0.23600000000000002,432,0.327,0.33599999999999997,0.6629999999999999,7,19,0.731,0.269,9,49,0.7,0,432,2022,110,California League,Low-A,691949-2022-110
2022,696045,Yosy Galan,player,1,Yosy Galan,Yosy,Galan,Yosy,Y Galan,485,DE,Down East Wood Ducks,Wood Ducks,CAR,122,LF,Outfielder,RF,21,394,148,159,0,2,0.271,36,8,2,32,1649,4.185,0.09899999999999999,0.353,0.051000000000000004,0.281,0.223,3,0,34,869,328,208,29,9,65,29,0,26,16,98,72,56,15,1,20,139,39,0,71,0.20600000000000002,345,0.29900000000000004,0.42900000000000005,0.728,6,17,0.739,0.261,2,59,0.9,0,17.25,2022,122,Carolina League,Low-A,696045-2022-122
2022,700246,Carson Williams,player,2,Carson Williams,Carson,Williams,Carson,C Williams,233,CHS,Charleston RiverDogs,RiverDogs,CAR,122,SS,Shortstop,SS,19,523,213,227,1,3,0.354,51,10,3,46,2072,3.9619999999999997,0.109,0.321,0.036,0.33899999999999997,0.21900000000000003,7,0,64,888,307,288,21,14,75,21,1,60,32,113,99,81,22,10,19,168,57,0,114,0.252,452,0.347,0.47100000000000003,0.8180000000000001,10,28,0.737,0.263,3,70,0.76,0,23.79,2022,122,Carolina League,Low-A,700246-2022-122
2022,687554,DJ Gladney,player,3,DJ Gladney,Damon,Gladney,DJ,D Gladney,487,KAN,Kannapolis Cannon Ballers,Cannon Ballers,CAR,122,1B,First Base,OF,20,460,178,198,0,4,0.33299999999999996,39,5,12,60,1740,3.7830000000000004,0.096,0.326,0.039,0.29300000000000004,0.194,7,1,52,900,358,261,15,19,76,31,0,38,30,106,86,60,17,4,18,150,44,0,99,0.24300000000000002,407,0.322,0.43700000000000006,0.759,1,10,0.909,0.091,12,65,0.88,0,22.610000000000003,2022,122,Carolina League,Low-A,687554-2022-122
2022,692221,Sammy Infante,player,4,Sammy Infante,Samuel,Infante,Sammy,S Infante,436,FBG,Fredericksburg Nationals,Nationals,CAR,122,3B,Third Base,SS,21,417,149,204,0,2,0.267,37,8,5,53,1689,4.05,0.096,0.305,0.041,0.315,0.196,8,0,50,722,247,242,24,12,79,20,1,31,25,100,86,59,19,1,17,127,40,0,77,0.21000000000000002,367,0.3,0.406,0.706,4,15,0.7889999999999999,0.21100000000000002,5,56,0.92,0,21.59,2022,122,Carolina League,Low-A,692221-2022-122
2022,691442,Wilfred Veras,player,4,Wilfred Veras,Wilfred,Veras,Wilfred,W Veras,487,KAN,Kannapolis Cannon Ballers,Cannon Ballers,CAR,122,1B,First Base,OF,19,433,179,222,0,6,0.33199999999999996,38,6,14,65,1574,3.635,0.062,0.273,0.039,0.229,0.188,6,0,55,903,331,282,11,14,97,28,1,45,31,101,80,58,19,2,17,118,27,1,105,0.266,394,0.319,0.454,0.773,0,5,1,0,14,67,1.21,0,23.18,2022,122,Carolina League,Low-A,691442-2022-122
2022,682634,Kevin Alcántara,player,6,Kevin Alcántara,Kevin,Alcantara,Kevin,K Alcántara,521,MB,Myrtle Beach Pelicans,Pelicans,CAR,122,CF,Outfielder,DH,19,495,193,210,0,6,0.345,40,6,6,65,1795,3.626,0.111,0.24800000000000003,0.03,0.447,0.17800000000000002,7,2,57,893,298,311,20,20,97,26,0,52,39,112,97,76,19,6,15,123,55,1,117,0.273,428,0.36,0.451,0.811,3,14,0.8240000000000001,0.17600000000000002,6,85,1,0,28.53,2022,122,Carolina League,Low-A,682634-2022-122
2022,681488,Logan Cerny,player,6,Logan Cerny,Logan,Cerny,Logan,L Cerny,3712,FAY,Fayetteville Woodpeckers,Woodpeckers,CAR,122,CF,Outfielder,OF,22,372,149,128,0,2,0.33699999999999997,35,7,1,33,1534,4.123999999999999,0.126,0.29600000000000004,0.04,0.42700000000000005,0.21800000000000003,6,0,56,594,189,208,14,18,40,18,0,37,25,86,88,59,16,4,15,110,47,0,80,0.253,316,0.36,0.47200000000000003,0.8320000000000001,7,35,0.8330000000000001,0.167,1,54,0.45,0,21.07,2022,122,Carolina League,Low-A,681488-2022-122
2022,691616,Hedbert Perez,player,6,Hedbert Perez,Hedbert,Perez,Hedbert,H Perez,249,CAR,Carolina Mudcats,Mudcats,CAR,122,LF,Outfielder,LF,19,441,160,201,0,2,0.279,40,2,5,53,1652,3.746,0.068,0.29900000000000004,0.034,0.227,0.17700000000000002,7,1,65,895,330,277,30,11,83,30,0,42,16,105,106,53,23,2,15,132,30,0,88,0.21600000000000003,407,0.272,0.393,0.6649999999999999,6,9,0.6,0.4,5,57,0.7799999999999999,0,27.130000000000003,2022,122,Carolina League,Low-A,691616-2022-122
2022,695770,Wes Kath,player,9,Wes Kath,Weston,Kath,Wes,W Kath,487,KAN,Kannapolis Cannon Ballers,Cannon Ballers,CAR,122,3B,Third Base,3B,19,449,152,161,0,3,0.347,34,3,6,38,1765,3.9309999999999996,0.134,0.32999999999999996,0.028999999999999998,0.405,0.15900000000000003,1,0,41,843,340,238,24,8,74,31,3,36,21,99,73,56,20,1,13,148,60,0,91,0.23800000000000002,383,0.34299999999999997,0.397,0.74,0,2,1,0,6,42,1.01,0,29.459999999999997,2022,122,Carolina League,Low-A,695770-2022-122
2022,682011,Tyler Miller,player,9,Tyler Miller,Christopher,Miller,Tyler,T Miller,414,SAL,Salem Red Sox,Red Sox,CAR,122,1B,First Base,1B,22,480,145,266,1,6,0.276,24,6,4,65,1715,3.573,0.07700000000000001,0.271,0.027,0.28500000000000003,0.119,8,1,61,1007,328,307,37,17,98,15,0,46,33,114,115,61,10,1,13,130,37,0,94,0.21900000000000003,430,0.28600000000000003,0.33699999999999997,0.623,2,22,0.917,0.083,4,59,0.8500000000000001,0,33.08,2022,122,Carolina League,Low-A,682011-2022-122
2022,682796,Eddinson Paulino,player,9,Eddinson Paulino,Eddinson,Paulino,Eddinson,E Paulino,414,SAL,Salem Red Sox,Red Sox,CAR,122,SS,Shortstop,3B,19,539,217,193,1,5,0.314,58,6,5,68,1968,3.651,0.119,0.195,0.024,0.61,0.203,5,0,70,914,228,364,34,28,109,22,1,66,34,114,132,96,35,10,13,105,64,0,123,0.266,463,0.359,0.46900000000000003,0.8280000000000001,5,27,0.8440000000000001,0.15600000000000003,5,66,0.8300000000000001,0,35.620000000000005,2022,122,Carolina League,Low-A,682796-2022-122
2022,678652,Jesus Chirinos,player,12,Jesus Chirinos,Jesus,Chirinos,Jesus,J Chirinos,249,CAR,Carolina Mudcats,Mudcats,CAR,122,1B,First Base,C,20,480,145,193,0,6,0.33999999999999997,25,0,7,41,1922,4.004,0.14400000000000002,0.317,0.025,0.454,0.12100000000000001,5,0,54,885,351,259,10,12,87,20,1,45,30,117,76,60,13,0,12,152,69,0,96,0.23700000000000002,405,0.344,0.358,0.702,1,3,0.75,0.25,7,55,1.1400000000000001,0,33.75,2022,122,Carolina League,Low-A,678652-2022-122
2022,683170,Kadon Morton,player,12,Kadon Morton,Kadon,Morton,Kadon,K Morton,478,AUG,Augusta GreenJackets,GreenJackets,CAR,122,CF,Outfielder,CF,21,416,135,217,0,2,0.33499999999999996,27,6,6,48,1713,4.117999999999999,0.135,0.33399999999999996,0.028999999999999998,0.403,0.15600000000000003,10,1,38,751,280,215,21,9,67,21,0,33,26,107,68,57,11,4,12,139,56,0,80,0.227,352,0.34099999999999997,0.384,0.725,5,12,0.706,0.29400000000000004,6,47,0.99,0,29.330000000000002,2022,122,Carolina League,Low-A,683170-2022-122
2022,676044,Bob Seymour,player,12,Bob Seymour,Robert,Seymour,Bob,B Seymour,233,CHS,Charleston RiverDogs,RiverDogs,CAR,122,1B,First Base,1B,23,410,161,160,0,5,0.352,36,5,3,49,1638,3.9949999999999997,0.12400000000000001,0.23900000000000002,0.028999999999999998,0.52,0.181,5,0,53,817,224,256,8,14,83,25,0,48,25,95,75,63,21,3,12,98,51,1,98,0.281,349,0.376,0.461,0.8370000000000001,1,15,0.9380000000000001,0.063,3,73,1.11,0,29.08,2022,122,Carolina League,Low-A,676044-2022-122
2022,701817,River Town,player,12,River Town,Josiah,Town,River,R Town,3705,COL,Columbia Fireflies,Fireflies,CAR,122,LF,Outfielder,OF,22,356,130,85,4,4,0.276,33,14,5,37,1449,4.07,0.14600000000000002,0.18,0.034,0.8130000000000001,0.21300000000000002,5,0,51,609,120,226,19,12,74,23,1,29,17,81,82,47,18,3,12,64,52,0,70,0.24800000000000003,282,0.386,0.461,0.8470000000000001,3,18,0.8570000000000001,0.14300000000000002,5,45,0.9,0,23.5,2022,122,Carolina League,Low-A,701817-2022-122
2022,695600,Carter Jensen,player,16,Carter Jensen,Carter,Jensen,Carter,C Jensen,3705,COL,Columbia Fireflies,Fireflies,CAR,122,DH,Designated Hitter,C,18,485,150,191,0,5,0.275,37,4,6,56,2038,4.202,0.171,0.21200000000000002,0.023,0.806,0.15500000000000003,3,1,78,760,189,295,25,17,86,23,1,38,27,113,120,66,24,2,11,103,83,1,89,0.226,393,0.363,0.382,0.745,6,8,0.5710000000000001,0.42900000000000005,6,50,0.72,0,35.730000000000004,2022,122,Carolina League,Low-A,695600-2022-122
2022,686863,Daniel Mateo,player,16,Daniel Mateo,Daniel,Mateo,Daniel,D Mateo,485,DE,Down East Wood Ducks,Wood Ducks,CAR,122,CF,Outfielder,CF,20,407,155,123,0,5,0.33899999999999997,25,5,2,38,1399,3.437,0.052000000000000005,0.24300000000000002,0.027,0.21200000000000002,0.138,5,1,61,828,281,282,21,12,85,17,0,38,48,98,94,59,9,5,11,99,21,0,103,0.274,376,0.317,0.41200000000000003,0.729,12,42,0.778,0.222,2,51,0.9,0,34.18,2022,122,Carolina League,Low-A,686863-2022-122
2022,681868,Ezequiel Pagan,player,16,Ezequiel Pagan,Ezequiel,Pagan,Ezequiel,E Pagan,521,MB,Myrtle Beach Pelicans,Pelicans,CAR,122,LF,Outfielder,OF,21,438,170,175,4,3,0.317,31,7,3,60,1689,3.8559999999999994,0.091,0.13,0.025,0.702,0.15100000000000002,6,0,64,786,137,334,34,18,106,17,3,55,37,104,116,59,15,5,11,57,40,1,112,0.29200000000000004,384,0.366,0.443,0.809,4,13,0.765,0.23500000000000001,3,68,0.91,0,34.91,2022,122,Carolina League,Low-A,681868-2022-122
2022,696264,Tyler Whitaker,player,16,Tyler Whitaker,Tyler,Whitaker,Tyler,T Whitaker,3712,FAY,Fayetteville Woodpeckers,Woodpeckers,CAR,122,RF,Outfielder,OF,19,515,144,200,0,4,0.275,33,10,11,58,2035,3.9509999999999996,0.08,0.35,0.021,0.228,0.126,7,0,63,915,318,284,18,11,106,18,0,44,24,122,92,48,19,3,11,180,41,0,86,0.187,460,0.266,0.313,0.5790000000000001,4,16,0.8,0.2,11,54,1.1500000000000001,0,41.82,2022,122,Carolina League,Low-A,696264-2022-122
2022,695604,T.J. White,player,16,T.J. White,Treylen,White,T.J.,T White,436,FBG,Fredericksburg Nationals,Nationals,CAR,122,LF,Outfielder,OF,18,382,142,167,0,2,0.34299999999999997,33,5,6,47,1540,4.031000000000001,0.115,0.272,0.028999999999999998,0.42300000000000004,0.17300000000000001,9,0,38,663,203,227,13,10,81,19,0,36,30,92,61,55,20,2,11,104,44,1,85,0.258,329,0.353,0.43200000000000005,0.7849999999999999,1,8,0.889,0.111,6,52,1.33,2,29.91,2022,122,Carolina League,Low-A,695604-2022-122
2022,682633,Eduardo Garcia,player,21,Eduardo Garcia,Eduardo,Garcia,Eduardo,E Garcia,249,CAR,Carolina Mudcats,Mudcats,CAR,122,SS,Shortstop,SS,19,372,140,159,0,1,0.375,26,5,5,55,1357,3.648,0.051000000000000004,0.328,0.027,0.15600000000000003,0.14100000000000001,3,0,42,721,270,226,14,10,68,22,0,37,32,85,66,43,13,3,10,122,19,0,91,0.262,347,0.309,0.403,0.712,2,14,0.8750000000000001,0.125,5,48,1.03,0,34.7,2022,122,Carolina League,Low-A,682633-2022-122
2022,691938,Willy Vasquez,player,21,Willy Vasquez,Willy,Vasquez,Willy,W Vasquez,233,CHS,Charleston RiverDogs,RiverDogs,CAR,122,3B,Third Base,3B,20,492,184,208,0,4,0.33099999999999996,40,3,7,52,1762,3.581,0.07300000000000001,0.256,0.02,0.28600000000000003,0.15400000000000003,16,1,54,881,256,327,28,13,117,23,0,46,46,113,95,78,21,9,10,126,36,0,115,0.256,449,0.313,0.41000000000000003,0.723,3,25,0.893,0.10700000000000001,7,73,1.23,0,44.9,2022,122,Carolina League,Low-A,691938-2022-122
2022,689047,Jacob Wetzel,player,21,Jacob Wetzel,Jacob,Wetzel,Jacob,J Wetzel,521,MB,Myrtle Beach Pelicans,Pelicans,CAR,122,RF,Outfielder,CF,22,408,117,178,1,2,0.24600000000000002,25,9,6,61,1628,3.9899999999999998,0.14700000000000002,0.196,0.025,0.75,0.137,5,0,51,685,160,259,27,13,97,9,1,38,23,99,91,63,14,1,10,80,60,0,71,0.21100000000000002,336,0.344,0.348,0.692,3,14,0.8240000000000001,0.17600000000000002,6,51,1.07,0,33.6,2022,122,Carolina League,Low-A,689047-2022-122
2022,680631,Oneill Manzueta,player,24,Oneill Manzueta,Oneill,Manzueta,Oneill,O Manzueta,233,CHS,Charleston RiverDogs,RiverDogs,CAR,122,RF,Outfielder,RF,21,451,146,180,0,0,0.362,30,3,10,49,1774,3.933,0.14,0.319,0.02,0.43800000000000006,0.138,6,0,25,842,322,241,14,7,102,16,0,38,39,111,46,57,16,5,9,144,63,0,93,0.24200000000000002,385,0.353,0.379,0.732,2,6,0.75,0.25,10,51,2.22,0,42.78,2022,122,Carolina League,Low-A,680631-2022-122
2022,682801,Noelberth Romero,player,24,Noelberth Romero,Noelberth,Romero,Noelberth,N Romero,548,DEL,Delmarva Shorebirds,Shorebirds,CAR,122,3B,Third Base,SS,20,418,133,205,0,3,0.267,26,2,10,68,1496,3.5789999999999997,0.07200000000000001,0.194,0.022,0.37,0.117,6,2,60,784,199,305,47,10,100,22,1,36,29,104,117,50,16,1,9,81,30,0,88,0.23,383,0.28700000000000003,0.347,0.634,7,17,0.708,0.29200000000000004,10,48,0.8500000000000001,0,42.56,2022,122,Carolina League,Low-A,682801-2022-122
2022,687071,Shane Sasaki,player,24,Shane Sasaki,Shane,Sasaki,Shane,S Sasaki,233,CHS,Charleston RiverDogs,RiverDogs,CAR,122,CF,Outfielder,CF,21,402,172,142,0,3,0.41500000000000004,39,4,4,53,1526,3.796,0.12200000000000001,0.229,0.022,0.533,0.17300000000000001,4,1,43,745,189,257,16,17,69,23,0,60,29,89,76,71,27,3,9,92,49,1,112,0.324,346,0.41000000000000003,0.497,0.907,4,47,0.922,0.07800000000000001,4,57,0.91,0,38.44,2022,122,Carolina League,Low-A,687071-2022-122
2022,682722,Isaac De León,player,27,Isaac De León,Isaac,De Leon,Isaac,I De León,548,DEL,Delmarva Shorebirds,Shorebirds,CAR,122,3B,Third Base,SS,20,401,121,166,0,5,0.32999999999999996,30,5,3,43,1677,4.1819999999999995,0.17,0.29900000000000004,0.02,0.5670000000000001,0.14600000000000002,3,0,38,679,244,208,15,12,69,19,1,30,24,94,65,48,21,1,8,120,68,0,74,0.229,323,0.367,0.375,0.742,0,5,1,0,3,52,1.06,0,40.379999999999995,2022,122,Carolina League,Low-A,682722-2022-122
2022,691458,Blaze Jordan,player,27,Blaze Jordan,Blaze,Jordan,Blaze,B Jordan,414,SAL,Salem Red Sox,Red Sox,CAR,122,3B,Third Base,3B,19,415,165,203,0,3,0.329,40,5,12,67,1567,3.776,0.089,0.161,0.019,0.552,0.15900000000000003,7,0,55,816,216,306,25,14,106,12,1,62,31,95,94,48,29,3,8,67,37,0,106,0.28600000000000003,370,0.357,0.446,0.803,1,4,0.8,0.2,12,57,1.1300000000000001,0,46.25,2022,122,Carolina League,Low-A,691458-2022-122
2022,678733,Guillermo Quintana,player,27,Guillermo Quintana,Guillermo,Quintana,Guillermo,G Quintana,3705,COL,Columbia Fireflies,Fireflies,CAR,122,1B,First Base,C,21,483,145,207,0,6,0.271,29,3,8,70,1881,3.8939999999999997,0.118,0.15700000000000003,0.017,0.75,0.10800000000000001,9,0,82,820,181,347,40,23,102,25,2,43,30,114,145,53,21,0,8,76,57,0,100,0.24000000000000002,417,0.33099999999999996,0.348,0.6789999999999999,5,19,0.7919999999999999,0.20800000000000002,8,54,0.7,0,52.120000000000005,2022,122,Carolina League,Low-A,678733-2022-122
2022,688500,Stephen Paolini,player,30,Stephen Paolini,Stephen,Paolini,Stephen,S Paolini,478,AUG,Augusta GreenJackets,GreenJackets,CAR,122,CF,Outfielder,CF,21,468,131,214,0,5,0.29900000000000004,28,5,5,58,1872,4,0.137,0.274,0.015,0.5,0.114,5,0,61,846,261,271,24,14,86,17,0,38,31,111,99,60,18,3,7,128,64,1,86,0.21800000000000003,394,0.33099999999999996,0.33199999999999996,0.6629999999999999,9,18,0.6669999999999999,0.33299999999999996,5,47,0.8700000000000001,0,56.290000000000006,2022,122,Carolina League,Low-A,688500-2022-122
2022,701649,James Triantos,player,30,James Triantos,James,Triantos,James,J Triantos,521,MB,Myrtle Beach Pelicans,Pelicans,CAR,122,3B,Third Base,2B,19,504,176,229,0,3,0.315,32,6,16,93,1794,3.56,0.07700000000000001,0.161,0.014,0.48100000000000004,0.114,10,1,62,919,177,378,27,29,136,18,0,58,48,113,118,74,19,6,7,81,39,0,124,0.272,456,0.33499999999999996,0.386,0.721,3,20,0.8700000000000001,0.13,16,50,1.1500000000000001,0,65.14,2022,122,Carolina League,Low-A,701649-2022-122
2022,682900,Brainer Bonaci,player,32,Brainer Bonaci,Brainer,Bonaci,Brainer,B Bonaci,414,SAL,Salem Red Sox,Red Sox,CAR,122,2B,Second Base,SS,19,494,153,167,0,5,0.319,31,3,7,52,2030,4.109,0.18,0.18,0.012,1,0.12300000000000001,2,0,63,829,178,313,18,26,102,14,0,51,39,108,107,86,19,6,6,89,89,0,104,0.262,397,0.397,0.385,0.7819999999999999,6,28,0.8240000000000001,0.17600000000000002,7,50,0.9500000000000001,0,66.16999999999999,2022,122,Carolina League,Low-A,682900-2022-122
2022,684222,Jorge Burgos,player,32,Jorge Burgos,Jorge,Burgos,Jorge,J Burgos,481,LYN,Lynchburg Hillcats,Hillcats,CAR,122,RF,Outfielder,CF,19,459,152,215,0,4,0.33699999999999997,27,3,16,81,1781,3.88,0.12200000000000001,0.185,0.013000000000000001,0.659,0.10600000000000001,5,1,56,833,221,315,16,13,120,21,0,55,34,105,85,54,18,3,6,85,56,0,110,0.278,396,0.368,0.384,0.752,2,6,0.75,0.25,16,66,1.41,0,66,2022,122,Carolina League,Low-A,684222-2022-122
2022,682679,Dayan Frias,player,32,Dayan Frias,Dayan,Frias,Dayan,D Frias,481,LYN,Lynchburg Hillcats,Hillcats,CAR,122,3B,Third Base,3B,20,519,146,198,2,2,0.323,26,7,7,60,2012,3.877,0.125,0.24900000000000003,0.012,0.504,0.09,6,0,66,929,300,318,15,16,115,25,0,40,41,120,97,64,18,2,6,129,65,0,106,0.23900000000000002,443,0.344,0.32999999999999996,0.6739999999999999,5,8,0.615,0.385,7,46,1.1900000000000002,0,73.83,2022,122,Carolina League,Low-A,682679-2022-122
2022,702416,Leosdany Molina,player,32,Leosdany Molina,Leosdany,Molina,Leosdany,L Molina,3712,FAY,Fayetteville Woodpeckers,Woodpeckers,CAR,122,SS,Shortstop,IF,22,501,136,212,0,3,0.27,24,9,11,57,1831,3.655,0.064,0.226,0.012,0.28300000000000003,0.083,9,0,69,952,272,347,33,25,122,12,0,50,36,116,127,54,16,2,6,113,32,0,98,0.21400000000000002,457,0.277,0.29800000000000004,0.5750000000000001,5,22,0.8150000000000001,0.185,11,37,0.96,0,76.16999999999999,2022,122,Carolina League,Low-A,702416-2022-122
2022,684852,Geraldo Quintero,player,32,Geraldo Quintero,Geraldo,Quintero,Geraldo,G Quintero,478,AUG,Augusta GreenJackets,GreenJackets,CAR,122,3B,Third Base,SS,20,419,153,180,0,2,0.308,37,7,5,66,1593,3.8019999999999996,0.115,0.165,0.014,0.696,0.16,8,0,71,757,177,295,19,14,96,20,0,52,23,91,104,61,22,9,6,69,48,0,95,0.262,362,0.358,0.42300000000000004,0.7809999999999999,8,26,0.765,0.23500000000000001,5,47,0.92,0,60.33,2022,122,Carolina League,Low-A,684852-2022-122
2022,680998,Branden Boissiere,player,37,Branden Boissiere,Branden,Boissiere,Branden,B Boissiere,436,FBG,Fredericksburg Nationals,Nationals,CAR,122,1B,First Base,OF,22,435,122,183,0,4,0.33499999999999996,21,4,3,50,1734,3.9859999999999998,0.15200000000000002,0.251,0.011,0.606,0.091,4,0,50,770,247,256,14,12,91,17,0,38,34,100,76,57,14,2,5,109,66,0,89,0.24700000000000003,361,0.366,0.33799999999999997,0.704,0,3,1,0,3,64,1.2,0,72.2,2022,122,Carolina League,Low-A,680998-2022-122
2022,695780,Jake Fox,player,37,Jake Fox,Jacob,Fox,Jake,J Fox,481,LYN,Lynchburg Hillcats,Hillcats,CAR,122,2B,Second Base,OF,19,470,142,155,0,5,0.307,34,11,3,62,1927,4.1,0.15700000000000003,0.191,0.011,0.8220000000000001,0.126,2,0,76,717,131,295,27,17,81,21,1,39,33,104,120,74,25,4,5,90,74,0,94,0.24700000000000003,380,0.381,0.374,0.755,3,21,0.8750000000000001,0.125,3,44,0.6799999999999999,0,76,2022,122,Carolina League,Low-A,695780-2022-122
2022,694230,Hendry Mendez,player,37,Hendry Mendez,Hendry,Mendez,Hendry,H Mendez,249,CAR,Carolina Mudcats,Mudcats,CAR,122,RF,Outfielder,OF,18,446,120,145,0,2,0.28600000000000003,17,5,8,47,1687,3.7830000000000004,0.139,0.15700000000000003,0.011,0.886,0.07400000000000001,11,2,30,699,111,309,21,10,156,15,0,36,41,105,61,47,11,1,5,70,62,0,92,0.24400000000000002,377,0.357,0.318,0.6749999999999999,8,7,0.467,0.533,8,39,2.56,0,75.4,2022,122,Carolina League,Low-A,694230-2022-122
2022,687526,Marcus Smith,player,37,Marcus Smith,Marcus,Smith,Marcus,M Smith,485,DE,Down East Wood Ducks,Wood Ducks,CAR,122,RF,Outfielder,LF,21,385,79,121,4,5,0.353,14,8,3,18,1794,4.659999999999999,0.171,0.42300000000000004,0.013000000000000001,0.405,0.083,1,0,34,557,221,148,3,3,54,11,0,19,24,94,40,42,8,1,5,163,66,0,54,0.17900000000000002,302,0.33599999999999997,0.262,0.598,8,47,0.8550000000000001,0.14500000000000002,3,31,1.35,0,60.4,2022,122,Carolina League,Low-A,687526-2022-122
2022,691185,Maximo Acosta,player,41,Maximo Acosta,Maximo,Acosta,Maximo,M Acosta,485,DE,Down East Wood Ducks,Wood Ducks,CAR,122,SS,Shortstop,SS,19,456,146,166,2,1,0.325,31,9,7,39,1648,3.614,0.088,0.191,0.009,0.46,0.09899999999999999,10,0,71,777,198,320,22,11,109,15,2,54,35,107,104,62,26,1,4,87,40,0,106,0.262,404,0.34099999999999997,0.361,0.702,17,44,0.721,0.279,7,35,1.05,0,101,2022,122,Carolina League,Low-A,691185-2022-122
2022,693309,Isaiah Greene,player,41,Isaiah Greene,Isaiah,Greene,Isaiah,I Greene,481,LYN,Lynchburg Hillcats,Hillcats,CAR,122,LF,Outfielder,OF,20,476,126,169,0,2,0.314,26,6,6,47,2103,4.418,0.20400000000000001,0.23900000000000002,0.008,0.8510000000000001,0.113,4,0,51,789,198,259,11,12,101,18,0,37,29,114,74,65,14,8,4,114,97,0,84,0.226,371,0.393,0.33999999999999997,0.733,4,39,0.907,0.093,6,43,1.36,0,92.75,2022,122,Carolina League,Low-A,693309-2022-122
2022,702457,Colby Smelley,player,41,Colby Smelley,Colby,Smelley,Colby,C Smelley,487,KAN,Kannapolis Cannon Ballers,Cannon Ballers,CAR,122,DH,Designated Hitter,C,22,369,118,123,0,2,0.365,25,15,6,43,1496,4.053999999999999,0.12200000000000001,0.233,0.011,0.523,0.111,2,0,48,692,186,223,13,12,66,19,0,39,25,87,73,48,20,1,4,86,45,1,84,0.274,307,0.39,0.384,0.774,1,0,0,1,6,35,0.9,0,76.75,2022,122,Carolina League,Low-A,702457-2022-122
2022,678841,Brandol Mezquita,player,44,Brandol Mezquita,Brandol,Mezquita,Brandol,B Mezquita,478,AUG,Augusta GreenJackets,GreenJackets,CAR,122,CF,Outfielder,OF,20,388,124,158,0,6,0.386,21,10,4,44,1464,3.773,0.10600000000000001,0.26,0.008,0.406,0.094,10,0,39,720,257,236,19,10,75,5,0,43,45,87,68,57,14,4,3,101,41,0,93,0.281,331,0.371,0.375,0.746,5,14,0.737,0.263,4,46,1.1,0,110.33,2022,122,Carolina League,Low-A,678841-2022-122
2022,686798,Yordys Valdes,player,44,Yordys Valdes,Yordys,Valdes,Yordys,Y Valdes,481,LYN,Lynchburg Hillcats,Hillcats,CAR,122,SS,Shortstop,SS,20,432,119,179,2,3,0.305,17,3,3,56,1641,3.799,0.08600000000000001,0.20600000000000002,0.007,0.41600000000000004,0.065,7,0,48,770,202,303,20,11,130,8,0,39,47,101,79,52,12,2,3,89,37,0,94,0.24300000000000002,387,0.312,0.307,0.619,7,13,0.65,0.35,3,56,1.6500000000000001,0,129,2022,122,Carolina League,Low-A,686798-2022-122
2022,684712,Wilber Sanchez,player,46,Wilber Sanchez,Wilber,Sanchez,Wilber,W Sanchez,487,KAN,Kannapolis Cannon Ballers,Cannon Ballers,CAR,122,SS,Shortstop,SS,20,420,78,180,1,2,0.21300000000000002,14,3,8,42,1612,3.8379999999999996,0.131,0.229,0.005,0.5730000000000001,0.056,7,0,56,784,219,266,45,10,97,10,2,25,21,101,111,46,10,2,2,96,55,0,58,0.162,359,0.277,0.21700000000000003,0.494,8,38,0.8260000000000001,0.17400000000000002,8,22,0.8700000000000001,0,179.5,2022,122,Carolina League,Low-A,684712-2022-122
2022,687667,Luis Valdez,player,46,Luis Valdez,Luis,Valdez,Luis,L Valdez,548,DEL,Delmarva Shorebirds,Shorebirds,CAR,122,2B,Second Base,SS,22,424,129,134,0,2,0.355,19,6,4,55,1513,3.568,0.092,0.224,0.005,0.41100000000000003,0.07200000000000001,8,1,32,758,185,284,15,14,121,8,0,33,61,95,61,71,13,4,2,95,39,0,102,0.271,377,0.347,0.34199999999999997,0.689,14,59,0.808,0.192,4,20,1.98,0,188.5,2022,122,Carolina League,Low-A,687667-2022-122
2022,696285,Jacob Young,player,46,Jacob Young,Jacob,Young,Jacob,J Young,436,FBG,Fredericksburg Nationals,Nationals,CAR,122,RF,Outfielder,CF,22,542,154,170,1,3,0.313,20,14,4,57,1988,3.668,0.109,0.15100000000000002,0.004,0.72,0.06899999999999999,21,0,60,831,147,387,27,25,153,10,1,44,67,115,112,118,10,8,2,82,59,1,122,0.262,465,0.36,0.33099999999999996,0.691,7,52,0.881,0.119,4,46,1.37,0,232.5,2022,122,Carolina League,Low-A,696285-2022-122
2022,683427,Omar Hernandez,player,49,Omar Hernandez,Omar,Hernandez,Omar,O Hernandez,3705,COL,Columbia Fireflies,Fireflies,CAR,122,C,Catcher,C,20,359,94,153,5,1,0.302,17,2,8,51,1280,3.565,0.07200000000000001,0.21700000000000003,0.003,0.33299999999999996,0.063,11,3,48,653,174,248,23,13,90,11,1,29,33,85,84,40,15,1,1,78,26,0,74,0.231,320,0.29200000000000004,0.29400000000000004,0.586,3,18,0.8570000000000001,0.14300000000000002,8,31,1.07,5,320,2022,122,Carolina League,Low-A,683427-2022-122
2022,676811,Quincy Nieporte,player,1,Quincy Nieporte,Quincy,Nieporte,Quincy,Q Nieporte,106,ERI,Erie SeaWolves,SeaWolves,EAS,113,1B,First Base,1B,27,518,246,214,0,10,0.263,58,7,13,79,2003,3.867,0.07700000000000001,0.164,0.06,0.47100000000000003,0.266,5,2,99,997,209,384,36,25,100,42,0,63,19,123,160,72,25,2,31,85,40,1,124,0.27,459,0.33099999999999996,0.536,0.8670000000000001,0,2,1,0,13,91,0.63,2,14.81,2022,113,Eastern League,Double-A,676811-2022-113
2022,682619,Orelvis Martinez,player,2,Orelvis Martinez,Orelvis,Martinez,Orelvis,O Martinez,463,NH,New Hampshire Fisher Cats,Fisher Cats,EAS,113,SS,Shortstop,2B,20,492,193,226,0,4,0.21700000000000003,45,12,8,83,1814,3.6870000000000003,0.081,0.28500000000000003,0.061,0.28600000000000003,0.24200000000000002,6,1,73,951,327,297,34,21,81,41,2,26,19,118,128,57,15,0,30,140,40,0,88,0.203,433,0.28600000000000003,0.446,0.732,3,6,0.6669999999999999,0.33299999999999996,8,76,0.63,3,14.43,2022,113,Eastern League,Double-A,682619-2022-113
2022,677595,Ronny Mauricio,player,3,Ronny Mauricio,Ronny,Mauricio,Ronny,R Mauricio,505,BNG,Binghamton Rumble Ponies,Rumble Ponies,EAS,113,SS,Shortstop,SS,21,541,240,238,0,4,0.29300000000000004,54,4,8,96,1929,3.566,0.044,0.231,0.048,0.192,0.21200000000000002,7,0,65,1054,303,388,34,18,139,48,0,49,35,123,117,71,26,2,26,125,24,0,132,0.259,509,0.29600000000000004,0.47200000000000003,0.768,11,20,0.645,0.355,8,89,1.1900000000000002,0,19.58,2022,113,Eastern League,Double-A,677595-2022-113
2022,687823,Aaron Shackelford,player,3,Aaron Shackelford,Aaron,Shackelford,Aaron,A Shackelford,452,ALT,Altoona Curve,Curve,EAS,113,1B,First Base,SS,25,443,198,194,1,1,0.28300000000000003,50,4,3,64,1708,3.8559999999999994,0.09,0.28900000000000003,0.059000000000000004,0.313,0.259,3,1,52,815,270,271,22,14,88,44,0,32,19,110,88,66,23,1,26,128,40,1,95,0.23900000000000002,397,0.314,0.499,0.8130000000000001,2,11,0.8460000000000001,0.15400000000000003,3,79,1,0,15.27,2022,113,Eastern League,Double-A,687823-2022-113
2022,667472,Dane Myers,player,5,Dane Myers,Dane,Myers,Dane,D Myers,106,ERI,Erie SeaWolves,SeaWolves,EAS,113,1B,First Base,CF,26,442,206,185,2,3,0.315,45,7,8,62,1697,3.8389999999999995,0.052000000000000005,0.267,0.057,0.195,0.23800000000000002,4,1,52,810,220,294,18,18,97,31,0,45,33,107,88,59,18,2,25,118,23,0,109,0.268,407,0.316,0.506,0.8220000000000001,4,20,0.8330000000000001,0.167,8,72,1.1,0,16.279999999999998,2022,113,Eastern League,Double-A,667472-2022-113
2022,600902,Wilson Garcia,player,6,Wilson Garcia,Wilson,Garcia,Wilson,W Garcia,547,HBG,Harrisburg Senators,Senators,EAS,113,DH,Designated Hitter,1B,28,500,226,203,0,2,0.301,50,5,17,76,1626,3.252,0.058,0.17200000000000001,0.048,0.33699999999999997,0.21600000000000003,14,1,66,990,218,370,38,18,120,41,0,54,33,119,122,51,26,0,24,86,29,3,128,0.28200000000000003,454,0.33099999999999996,0.498,0.8290000000000001,1,0,0,1,17,81,0.98,10,18.919999999999998,2022,113,Eastern League,Double-A,600902-2022-113
2022,686668,Brenton Doyle,player,7,Brenton Doyle,Brenton,Doyle,Brenton,B Doyle,538,HFD,Hartford Yard Goats,Yard Goats,EAS,113,CF,Outfielder,CF,24,507,212,223,1,6,0.314,47,6,9,65,1808,3.566,0.045,0.312,0.045,0.14600000000000002,0.20400000000000001,7,0,64,978,357,320,19,9,112,33,0,43,40,123,92,74,21,3,23,158,23,0,116,0.24600000000000002,471,0.28700000000000003,0.45,0.737,3,23,0.885,0.115,9,68,1.22,0,20.479999999999997,2022,113,Eastern League,Double-A,686668-2022-113
2022,669911,Michael Toglia,player,7,Michael Toglia,Michael,Toglia,Michael,M Toglia,538,HFD,Hartford Yard Goats,Yard Goats,EAS,113,1B,First Base,1B,23,420,169,173,0,4,0.28600000000000003,37,2,1,57,1761,4.193,0.12100000000000001,0.302,0.055,0.402,0.231,4,0,54,775,254,240,16,12,73,28,0,38,19,97,82,63,13,1,23,127,51,0,85,0.234,363,0.329,0.466,0.7949999999999999,1,7,0.8750000000000001,0.125,1,66,0.89,0,15.78,2022,113,Eastern League,Double-A,669911-2022-113
2022,666149,Tyler Fitzgerald,player,9,Tyler Fitzgerald,Tyler,Fitzgerald,Tyler,T Fitzgerald,3410,RIC,Richmond Flying Squirrels,Flying Squirrels,EAS,113,SS,Shortstop,2B,24,519,193,197,3,5,0.31,44,19,2,57,2021,3.8939999999999997,0.07100000000000001,0.329,0.04,0.21600000000000003,0.196,6,0,75,1014,356,292,36,18,59,33,2,44,25,125,129,74,20,3,21,171,37,0,104,0.229,455,0.31,0.42400000000000004,0.734,1,20,0.9520000000000001,0.048,2,58,0.46,0,21.67,2022,113,Eastern League,Double-A,666149-2022-113
2022,687019,Andrés Alvarez,player,10,Andrés Alvarez,Andrés,Alvarez,Andrés,A Alvarez,452,ALT,Altoona Curve,Curve,EAS,113,3B,Third Base,SS,25,443,158,168,1,5,0.265,35,5,11,52,1879,4.242,0.14400000000000002,0.278,0.045,0.52,0.20900000000000002,2,1,56,774,247,251,29,10,75,36,0,23,22,110,95,53,13,2,20,123,64,0,81,0.22,368,0.33899999999999997,0.42900000000000005,0.768,1,21,0.9550000000000001,0.045,11,50,0.7899999999999999,0,18.4,2022,113,Eastern League,Double-A,687019-2022-113
2022,683146,Brett Baty,player,11,Brett Baty,Brett,Baty,Brett,B Baty,505,BNG,Binghamton Rumble Ponies,Rumble Ponies,EAS,113,3B,Third Base,3B,22,394,185,145,0,0,0.39,41,8,8,64,1564,3.9699999999999998,0.117,0.24900000000000003,0.048,0.46900000000000003,0.232,4,0,35,725,210,242,3,14,84,35,0,49,22,89,52,73,22,0,19,98,46,0,106,0.312,340,0.406,0.544,0.9500000000000001,3,2,0.4,0.6,8,59,1.62,0,17.9,2022,113,Eastern League,Double-A,683146-2022-113
2022,665846,Jesús Bastidas,player,12,Jesús Bastidas,Jesús,Bastidas,Jesús,J Bastidas,1956,SOM,Somerset Patriots,Patriots,EAS,113,2B,Second Base,SS,23,449,169,182,0,3,0.28900000000000003,37,12,5,55,1649,3.673,0.085,0.256,0.04,0.32999999999999996,0.187,1,1,80,851,262,284,24,14,71,34,0,42,19,111,118,56,18,1,18,115,38,0,95,0.24000000000000002,396,0.323,0.42700000000000005,0.75,7,11,0.611,0.389,5,55,0.6,0,22,2022,113,Eastern League,Double-A,665846-2022-113
2022,685382,Andrew Navigato,player,12,Andrew Navigato,Andrew,Navigato,Andrew,A Navigato,106,ERI,Erie SeaWolves,SeaWolves,EAS,113,2B,Second Base,SS,24,405,161,150,0,6,0.263,34,13,8,68,1473,3.637,0.062,0.17500000000000002,0.044,0.352,0.194,8,2,75,756,180,296,24,16,90,23,2,40,26,97,115,63,16,0,18,71,25,0,91,0.252,361,0.319,0.446,0.765,2,14,0.8750000000000001,0.125,8,45,0.7799999999999999,0,20.06,2022,113,Eastern League,Double-A,685382-2022-113
2022,687588,Micah Pries,player,12,Micah Pries,Micah,Pries,Micah,M Pries,402,AKR,Akron RubberDucks,RubberDucks,EAS,113,1B,First Base,1B,24,504,212,209,0,3,0.32,52,11,6,58,1857,3.685,0.083,0.232,0.036,0.359,0.20800000000000002,2,3,71,1002,264,334,16,20,108,35,0,58,26,122,107,63,29,5,18,117,42,4,119,0.266,448,0.34099999999999997,0.47300000000000003,0.8140000000000001,4,20,0.8330000000000001,0.167,6,73,1.01,0,24.89,2022,113,Eastern League,Double-A,687588-2022-113
2022,683011,Anthony Volpe,player,12,Anthony Volpe,Anthony,Volpe,Anthony,A Volpe,1956,SOM,Somerset Patriots,Patriots,EAS,113,SS,Shortstop,SS,21,497,199,141,0,8,0.272,53,10,1,57,1973,3.9699999999999998,0.115,0.17700000000000002,0.036,0.648,0.22,8,1,105,895,196,342,43,14,74,42,1,38,25,110,162,71,31,4,18,88,57,0,106,0.251,422,0.348,0.47200000000000003,0.8200000000000001,6,44,0.88,0.12000000000000001,1,60,0.46,0,23.439999999999998,2022,113,Eastern League,Double-A,683011-2022-113
2022,682266,Brett Auerbach,player,16,Brett Auerbach,Brett,Auerbach,Brett,B Auerbach,3410,RIC,Richmond Flying Squirrels,Flying Squirrels,EAS,113,2B,Second Base,C,23,425,148,169,1,2,0.29400000000000004,32,2,14,48,1724,4.056,0.113,0.32,0.04,0.353,0.17700000000000002,2,0,46,718,227,239,22,15,74,24,1,32,25,99,83,54,15,0,17,136,48,2,82,0.22,372,0.311,0.398,0.709,6,12,0.6669999999999999,0.33299999999999996,14,53,0.89,0,21.88,2022,113,Eastern League,Double-A,682266-2022-113
2022,685313,Elijah Dunham,player,16,Elijah Dunham,Elijah,Dunham,Elijah,E Dunham,1956,SOM,Somerset Patriots,Patriots,EAS,113,LF,Outfielder,OF,24,485,186,190,0,4,0.28800000000000003,46,7,11,56,1815,3.742,0.12200000000000001,0.21200000000000002,0.034999999999999996,0.5730000000000001,0.2,5,0,74,829,229,316,20,13,106,39,0,41,23,110,107,67,26,3,17,103,59,0,103,0.24800000000000003,415,0.348,0.448,0.7959999999999999,7,37,0.8410000000000001,0.15900000000000003,11,63,0.99,0,24.41,2022,113,Eastern League,Double-A,685313-2022-113
2022,683766,Christian Koss,player,16,Christian Koss,Christian,Koss,Christian,C Koss,546,POR,Portland Sea Dogs,Sea Dogs,EAS,113,SS,Shortstop,2B,24,532,210,211,0,6,0.324,44,12,7,74,1999,3.758,0.047,0.258,0.032,0.182,0.17,10,1,54,1096,321,357,35,13,128,39,0,38,50,125,102,69,22,5,17,137,25,2,127,0.26,488,0.309,0.43000000000000005,0.739,5,16,0.762,0.23800000000000002,7,84,1.25,1,28.71,2022,113,Eastern League,Double-A,683766-2022-113
2022,665560,Jhailyn Ortiz,player,16,Jhailyn Ortiz,Jhailyn,Ortiz,Jhailyn,J Ortiz,522,REA,Reading Fightin Phils,Fightin Phils,EAS,113,RF,Outfielder,RF,23,505,186,229,0,2,0.33199999999999996,44,12,8,69,1998,3.9559999999999995,0.085,0.327,0.034,0.261,0.17900000000000002,11,1,57,999,378,285,37,13,72,33,2,46,25,119,107,67,25,2,17,165,43,1,106,0.23700000000000002,448,0.319,0.41500000000000004,0.734,2,9,0.8180000000000001,0.182,8,61,0.6699999999999999,0,26.35,2022,113,Eastern League,Double-A,665560-2022-113
2022,678009,Parker Meadows,player,20,Parker Meadows,Parker,Meadows,Parker,P Meadows,106,ERI,Erie SeaWolves,SeaWolves,EAS,113,CF,Outfielder,CF,22,489,198,197,0,8,0.309,43,4,12,80,1946,3.98,0.10600000000000001,0.184,0.033,0.5780000000000001,0.191,6,0,85,869,208,343,30,17,94,31,0,54,32,113,132,64,21,6,16,90,52,0,117,0.275,425,0.354,0.466,0.8200000000000001,2,17,0.895,0.10500000000000001,12,51,0.71,0,26.56,2022,113,Eastern League,Double-A,678009-2022-113
2022,674330,Zac Cook,player,21,Zac Cook,Zachary,Cook,Zac,Z Cook,463,NH,New Hampshire Fisher Cats,Fisher Cats,EAS,113,CF,Outfielder,OF,24,394,120,169,1,4,0.281,27,30,3,44,1554,3.944,0.066,0.383,0.038,0.17200000000000001,0.171,1,1,51,744,308,187,12,8,53,27,0,23,13,102,71,55,12,0,15,151,26,0,63,0.189,333,0.303,0.36,0.6629999999999999,4,14,0.778,0.222,3,39,0.75,0,22.2,2022,113,Eastern League,Double-A,674330-2022-113
2022,669898,Andrew Daschbach,player,21,Andrew Daschbach,Andrew,Daschbach,Andrew,A Daschbach,418,BOW,Bowie Baysox,Baysox,EAS,113,1B,First Base,1B,24,402,119,191,0,4,0.314,26,14,5,37,1734,4.313,0.137,0.41000000000000003,0.037,0.33299999999999996,0.17,8,1,32,774,354,168,17,11,45,19,1,26,17,103,60,46,11,0,15,165,55,0,63,0.191,329,0.328,0.362,0.69,0,2,1,0,5,46,0.75,0,21.93,2022,113,Eastern League,Double-A,669898-2022-113
2022,681370,Hudson Haskin,player,21,Hudson Haskin,Hudson,Haskin,Hudson,H Haskin,418,BOW,Bowie Baysox,Baysox,EAS,113,CF,Outfielder,OF,23,466,176,171,5,7,0.313,41,24,6,70,1687,3.62,0.092,0.21700000000000003,0.032,0.42600000000000005,0.191,9,0,56,770,194,298,30,9,101,24,0,42,36,109,95,58,23,3,15,101,43,0,102,0.264,387,0.367,0.455,0.8220000000000001,3,5,0.625,0.375,6,56,1.06,0,25.8,2022,113,Eastern League,Double-A,681370-2022-113
2022,680862,Willie MacIver,player,21,Willie MacIver,William,MacIver,Willie,W MacIver,538,HFD,Hartford Yard Goats,Yard Goats,EAS,113,C,Catcher,C,25,396,143,156,2,4,0.28400000000000003,33,7,6,46,1523,3.8459999999999996,0.093,0.268,0.038,0.349,0.182,6,0,52,764,245,246,19,7,88,28,2,31,19,98,78,42,18,0,15,106,37,0,80,0.231,346,0.315,0.41300000000000003,0.728,3,10,0.769,0.231,6,50,1.1300000000000001,0,23.07,2022,113,Eastern League,Double-A,680862-2022-113
2022,687401,Joey Ortiz,player,21,Joey Ortiz,Joseph,Ortiz,Joey,J Ortiz,418,BOW,Bowie Baysox,Baysox,EAS,113,SS,Shortstop,SS,23,485,198,207,1,3,0.29800000000000004,47,5,8,72,1867,3.8489999999999998,0.085,0.167,0.031,0.506,0.186,10,0,71,823,147,358,23,30,117,24,1,49,43,111,124,69,28,4,15,81,41,1,117,0.269,435,0.33699999999999997,0.455,0.7919999999999999,1,2,0.6669999999999999,0.33299999999999996,8,71,0.9400000000000001,0,29,2022,113,Eastern League,Double-A,687401-2022-113
2022,671655,George Valera,player,21,George Valera,George,Valera,George,G Valera,402,AKR,Akron RubberDucks,RubberDucks,EAS,113,RF,Outfielder,LF,21,387,155,147,0,2,0.33199999999999996,35,3,3,46,1548,4,0.134,0.258,0.039,0.52,0.20600000000000002,6,0,40,656,205,232,19,9,77,24,0,38,25,90,68,64,17,3,15,100,52,1,87,0.264,330,0.367,0.47000000000000003,0.8370000000000001,4,2,0.33299999999999996,0.6669999999999999,3,59,1.1300000000000001,0,22,2022,113,Eastern League,Double-A,671655-2022-113
2022,625506,Aldrem Corredor,player,27,Aldrem Corredor,Aldrem,Corredor,Aldrem,A Corredor,522,REA,Reading Fightin Phils,Fightin Phils,EAS,113,1B,First Base,1B,26,455,149,194,1,4,0.28800000000000003,25,4,8,56,1804,3.965,0.116,0.21500000000000002,0.031,0.541,0.135,3,1,61,756,170,300,13,16,114,28,0,35,33,110,90,56,11,0,14,98,53,2,96,0.24400000000000002,393,0.33699999999999997,0.379,0.716,0,0,,,8,70,1.27,0,28.07,2022,113,Eastern League,Double-A,625506-2022-113
2022,693307,Dillon Dingler,player,27,Dillon Dingler,Francis,Dingler,Dillon,D Dingler,106,ERI,Erie SeaWolves,SeaWolves,EAS,113,C,Catcher,C,23,448,162,162,0,3,0.33499999999999996,39,12,8,45,1850,4.129,0.1,0.319,0.031,0.315,0.181,7,0,49,829,287,247,21,15,70,28,2,40,22,107,85,56,22,3,14,143,45,1,92,0.23800000000000002,387,0.33299999999999996,0.41900000000000004,0.752,0,1,1,0,8,58,0.8200000000000001,1,27.64,2022,113,Eastern League,Double-A,693307-2022-113
2022,672823,Sebastian Espino,player,27,Sebastian Espino,Sebastian,Espino,Sebastian,S Espino,463,NH,New Hampshire Fisher Cats,Fisher Cats,EAS,113,RF,Outfielder,P,22,380,129,187,0,1,0.28600000000000003,35,3,3,40,1489,3.9179999999999997,0.058,0.43700000000000006,0.037,0.133,0.184,6,0,33,803,376,189,22,9,61,27,0,22,15,106,64,39,19,2,14,166,22,0,64,0.181,354,0.234,0.364,0.598,2,4,0.6669999999999999,0.33299999999999996,3,38,0.9500000000000001,0,25.29,2022,113,Eastern League,Double-A,672823-2022-113
2022,663604,Brandon Lockridge,player,27,Brandon Lockridge,Brandon,Lockridge,Brandon,B Lockridge,1956,SOM,Somerset Patriots,Patriots,EAS,113,CF,Outfielder,LF,25,464,158,181,0,3,0.29100000000000004,33,7,6,49,1692,3.6470000000000002,0.07800000000000001,0.269,0.03,0.28800000000000003,0.14800000000000002,6,1,66,895,301,296,23,12,99,27,1,35,33,108,101,67,18,1,14,125,36,0,96,0.23,418,0.3,0.378,0.6779999999999999,4,18,0.8180000000000001,0.182,6,49,0.98,0,29.86,2022,113,Eastern League,Double-A,663604-2022-113
2022,666165,Blake Sabol,player,27,Blake Sabol,Blake,Sabol,Blake,B Sabol,452,ALT,Altoona Curve,Curve,EAS,113,C,Catcher,C,24,412,178,167,0,6,0.355,42,2,7,55,1546,3.752,0.092,0.26,0.034,0.355,0.20500000000000002,4,1,50,725,222,265,22,9,81,29,0,45,29,98,81,61,23,5,14,107,38,1,103,0.281,366,0.347,0.48600000000000004,0.8330000000000001,2,9,0.8180000000000001,0.182,7,60,1,0,26.14,2022,113,Eastern League,Double-A,666165-2022-113
2022,668845,Aaron Schunk,player,27,Aaron Schunk,Aaron,Schunk,Aaron,A Schunk,538,HFD,Hartford Yard Goats,Yard Goats,EAS,113,3B,Third Base,SS,24,497,192,203,0,6,0.312,47,5,12,76,1759,3.5389999999999997,0.07200000000000001,0.231,0.028,0.313,0.169,5,1,74,981,245,341,28,13,110,39,0,49,28,122,115,62,32,1,14,115,36,1,116,0.258,450,0.316,0.42700000000000005,0.743,2,6,0.75,0.25,12,77,0.96,0,32.14,2022,113,Eastern League,Double-A,668845-2022-113
2022,669398,Gage Workman,player,27,Gage Workman,Gage,Workman,Gage,G Workman,106,ERI,Erie SeaWolves,SeaWolves,EAS,113,SS,Shortstop,3B,22,515,197,213,1,4,0.359,53,1,5,50,2083,4.045,0.066,0.4,0.027,0.165,0.189,2,0,68,1075,404,274,9,16,74,31,0,52,24,128,93,61,30,9,14,206,34,0,107,0.225,475,0.276,0.41500000000000004,0.691,9,30,0.769,0.231,5,68,0.8,0,33.93,2022,113,Eastern League,Double-A,669398-2022-113
2022,682239,Luke Ritter,player,34,Luke Ritter,Lucas,Ritter,Luke,L Ritter,505,BNG,Binghamton Rumble Ponies,Rumble Ponies,EAS,113,3B,Third Base,2B,25,425,140,163,0,3,0.29500000000000004,33,13,6,42,1623,3.8189999999999995,0.10800000000000001,0.313,0.031,0.346,0.171,11,2,58,714,222,233,8,12,77,22,1,37,18,100,78,52,17,3,13,133,46,0,78,0.21500000000000002,363,0.322,0.386,0.708,2,7,0.778,0.222,6,54,0.99,0,27.919999999999998,2022,113,Eastern League,Double-A,682239-2022-113
2022,677587,Brayan Rocchio,player,34,Brayan Rocchio,Brayan,Rocchio,Brayan,B Rocchio,402,AKR,Akron RubberDucks,RubberDucks,EAS,113,SS,Shortstop,SS,21,432,161,146,2,6,0.302,35,9,11,60,1634,3.782,0.097,0.188,0.03,0.519,0.166,3,0,70,797,199,300,20,16,95,23,0,40,36,99,106,62,21,1,13,81,42,0,99,0.265,373,0.349,0.43200000000000005,0.7809999999999999,6,12,0.6669999999999999,0.33299999999999996,11,48,0.9,0,28.69,2022,113,Eastern League,Double-A,677587-2022-113
2022,677588,José Tena,player,34,José Tena,José,Tena,José,J Tena,402,AKR,Akron RubberDucks,RubberDucks,EAS,113,SS,Shortstop,DH,21,550,212,184,1,5,0.33199999999999996,44,3,3,54,2110,3.8359999999999994,0.045,0.251,0.024,0.181,0.14700000000000002,9,2,64,1120,311,384,12,20,152,22,0,56,58,127,96,74,25,6,13,138,25,0,136,0.264,516,0.29900000000000004,0.41100000000000003,0.71,5,8,0.615,0.385,3,66,1.58,0,39.690000000000005,2022,113,Eastern League,Double-A,677588-2022-113
2022,666152,David Hamilton,player,37,David Hamilton,David,Hamilton,David,D Hamilton,546,POR,Portland Sea Dogs,Sea Dogs,EAS,113,2B,Second Base,3B,24,531,186,178,5,1,0.312,37,6,1,51,2089,3.9339999999999997,0.10500000000000001,0.224,0.023,0.47100000000000003,0.15100000000000002,4,0,89,903,196,350,43,19,83,34,1,40,41,119,151,81,16,9,12,119,56,1,116,0.251,463,0.33799999999999997,0.402,0.74,8,70,0.897,0.10300000000000001,1,42,0.55,0,38.58,2022,113,Eastern League,Double-A,666152-2022-113
2022,676847,Shane Matheny,player,37,Shane Matheny,Shane,Matheny,Shane,S Matheny,3410,RIC,Richmond Flying Squirrels,Flying Squirrels,EAS,113,CF,Outfielder,3B,26,382,131,119,3,1,0.36,26,5,4,35,1577,4.127999999999999,0.15200000000000002,0.301,0.031,0.504,0.162,3,1,46,635,210,204,10,11,57,23,3,32,22,93,67,58,13,1,12,115,58,1,80,0.254,315,0.377,0.41600000000000004,0.7929999999999999,0,4,1,0,4,47,0.8500000000000001,0,26.25,2022,113,Eastern League,Double-A,676847-2022-113
2022,620442,Wendell Rijo,player,37,Wendell Rijo,Wendell,Rijo,Wendell,W Rijo,522,REA,Reading Fightin Phils,Fightin Phils,EAS,113,3B,Third Base,2B,26,395,152,171,1,4,0.317,36,7,8,57,1449,3.668,0.10400000000000001,0.21500000000000002,0.03,0.48200000000000004,0.17800000000000002,6,1,53,619,166,262,28,11,79,17,0,40,34,94,92,57,23,1,12,85,41,1,91,0.266,342,0.353,0.444,0.7969999999999999,7,24,0.774,0.226,8,53,0.8600000000000001,0,28.5,2022,113,Eastern League,Double-A,620442-2022-113
2022,676667,Justin Connell,player,40,Justin Connell,Justin,Connell,Justin,J Connell,547,HBG,Harrisburg Senators,Senators,EAS,113,RF,Outfielder,OF,23,379,126,139,2,2,0.313,30,9,5,43,1549,4.087,0.127,0.29300000000000004,0.028999999999999998,0.43200000000000005,0.167,3,0,48,681,213,211,15,12,63,20,1,30,22,96,75,60,18,1,11,111,48,0,73,0.23,318,0.345,0.396,0.741,5,8,0.615,0.385,5,38,0.8400000000000001,0,28.91,2022,113,Eastern League,Double-A,676667-2022-113
2022,666126,Carlos Cortes,player,40,Carlos Cortes,Carlos,Cortes,Carlos,C Cortes,505,BNG,Binghamton Rumble Ponies,Rumble Ponies,EAS,113,LF,Outfielder,RF,25,374,137,123,0,4,0.307,32,3,2,42,1553,4.151999999999999,0.094,0.267,0.028999999999999998,0.35,0.17200000000000001,0,0,72,654,178,236,20,7,57,30,0,32,18,89,99,44,18,3,11,100,35,0,80,0.24100000000000002,332,0.316,0.41300000000000003,0.729,1,0,0,1,2,47,0.58,0,30.18,2022,113,Eastern League,Double-A,666126-2022-113
2022,671271,Jeisson Rosario,player,40,Jeisson Rosario,Jeisson,Rosario,Jeisson,J Rosario,1956,SOM,Somerset Patriots,Patriots,EAS,113,CF,Outfielder,OF,22,433,148,166,0,2,0.28400000000000003,34,5,7,49,1680,3.88,0.14800000000000002,0.189,0.025,0.7799999999999999,0.166,5,0,65,728,199,282,20,10,99,21,0,42,25,104,95,46,19,4,11,82,64,0,88,0.24300000000000002,362,0.363,0.40900000000000003,0.772,7,12,0.632,0.368,7,39,1.04,0,32.91,2022,113,Eastern League,Double-A,671271-2022-113
2022,665782,Luis De Los Santos,player,43,Luis De Los Santos,Luis,De Los Santos,Luis,L De Los Santos,463,NH,New Hampshire Fisher Cats,Fisher Cats,EAS,113,SS,Shortstop,3B,24,449,160,174,0,6,0.32,31,3,11,62,1648,3.67,0.07600000000000001,0.22,0.022,0.34299999999999997,0.131,3,0,44,837,246,313,16,20,126,30,0,34,43,112,80,47,19,2,10,99,34,0,107,0.264,406,0.321,0.394,0.715,4,7,0.636,0.364,11,57,1.58,0,40.6,2022,113,Eastern League,Double-A,665782-2022-113
2022,678894,Liover Peguero,player,43,Liover Peguero,Liover,Peguero,Liover,L Peguero,452,ALT,Altoona Curve,Curve,EAS,113,SS,Shortstop,SS,21,521,187,221,3,2,0.316,37,4,7,79,1880,3.608,0.056,0.21300000000000002,0.019,0.261,0.128,8,0,66,962,270,377,46,14,126,37,1,46,41,121,126,65,22,5,10,111,29,1,125,0.259,483,0.305,0.387,0.692,6,28,0.8240000000000001,0.17600000000000002,7,58,1,0,48.3,2022,113,Eastern League,Double-A,678894-2022-113
2022,667663,Hunter Stovall,player,45,Hunter Stovall,Hunter,Stovall,Hunter,H Stovall,538,HFD,Hartford Yard Goats,Yard Goats,EAS,113,SS,Shortstop,2B,25,435,165,154,5,2,0.325,39,1,7,49,1621,3.726,0.07800000000000001,0.20900000000000002,0.021,0.374,0.15300000000000002,3,0,65,789,172,309,19,13,107,23,1,49,32,108,97,48,27,3,9,91,34,0,105,0.267,393,0.326,0.42000000000000004,0.746,5,10,0.6669999999999999,0.33299999999999996,7,55,1.1,0,43.67,2022,113,Eastern League,Double-A,667663-2022-113
2022,669707,Jared Triolo,player,45,Jared Triolo,Jared,Triolo,Jared,J Triolo,452,ALT,Altoona Curve,Curve,EAS,113,3B,Third Base,SS,24,495,178,155,0,4,0.33299999999999996,35,3,3,53,1923,3.885,0.127,0.17600000000000002,0.018000000000000002,0.724,0.136,5,0,89,847,170,342,14,24,95,38,0,53,29,112,127,66,21,5,9,87,63,1,120,0.28200000000000003,425,0.376,0.41900000000000004,0.7949999999999999,5,24,0.8280000000000001,0.17200000000000001,3,39,0.75,0,47.220000000000006,2022,113,Eastern League,Double-A,669707-2022-113
2022,676280,Tyler Dearden,player,47,Tyler Dearden,Tyler,Dearden,Tyler,T Dearden,546,POR,Portland Sea Dogs,Sea Dogs,EAS,113,LF,Outfielder,OF,23,376,125,123,0,5,0.357,25,6,1,35,1484,3.947,0.13,0.274,0.021,0.47600000000000003,0.133,4,2,55,725,208,218,4,10,66,24,0,38,21,94,69,40,16,1,8,103,49,1,83,0.263,316,0.367,0.396,0.763,2,0,0,1,1,47,0.96,0,39.5,2022,113,Eastern League,Double-A,676280-2022-113
2022,686659,Julian Escobedo,player,48,Julian Escobedo,Julian,Escobedo,Julian,J Escobedo,402,AKR,Akron RubberDucks,RubberDucks,EAS,113,CF,Outfielder,CF,24,439,123,160,3,6,0.255,26,12,2,49,1714,3.904,0.091,0.196,0.016,0.465,0.111,6,0,53,763,200,300,42,24,100,11,1,40,29,118,119,52,17,2,7,86,40,0,81,0.21500000000000002,377,0.306,0.326,0.632,6,15,0.714,0.28600000000000003,2,40,0.8400000000000001,1,53.86,2022,113,Eastern League,Double-A,686659-2022-113
2022,669002,Connor Scott,player,48,Connor Scott,Connor,Scott,Connor,C Scott,452,ALT,Altoona Curve,Curve,EAS,113,RF,Outfielder,LF,22,424,148,148,1,4,0.305,36,2,5,62,1555,3.6670000000000003,0.07800000000000001,0.21700000000000003,0.017,0.359,0.14200000000000002,6,1,63,799,225,293,32,14,90,25,1,38,30,109,109,46,25,4,7,92,33,0,94,0.24700000000000003,380,0.308,0.389,0.697,6,10,0.625,0.375,5,49,0.8300000000000001,4,54.290000000000006,2022,113,Eastern League,Double-A,669002-2022-113
2022,687714,Jackson Cluff,player,50,Jackson Cluff,Jackson,Cluff,Jackson,J Cluff,547,HBG,Harrisburg Senators,Senators,EAS,113,SS,Shortstop,SS,25,406,110,170,5,3,0.28,28,7,2,51,1569,3.8649999999999998,0.08600000000000001,0.315,0.015,0.273,0.115,2,0,62,765,217,236,44,14,47,12,1,39,17,111,120,40,21,1,6,128,35,0,69,0.194,356,0.277,0.309,0.586,3,9,0.75,0.25,2,28,0.39,0,59.33,2022,113,Eastern League,Double-A,687714-2022-113
2022,670208,Matt Fraizer,player,50,Matt Fraizer,Matthew,Fraizer,Matt,M Fraizer,452,ALT,Altoona Curve,Curve,EAS,113,CF,Outfielder,CF,24,480,146,202,1,0,0.28200000000000003,31,5,5,62,1799,3.748,0.07300000000000001,0.23800000000000002,0.013000000000000001,0.307,0.114,4,0,67,966,276,326,50,16,97,34,0,33,29,116,133,56,18,7,6,114,35,1,96,0.21900000000000003,439,0.28400000000000003,0.33299999999999996,0.617,1,18,0.9470000000000001,0.053000000000000005,5,44,0.73,0,73.16999999999999,2022,113,Eastern League,Double-A,670208-2022-113
2022,682177,Daniel Schneemann,player,50,Daniel Schneemann,Daniel,Schneemann,Daniel,D Schneemann,402,AKR,Akron RubberDucks,RubberDucks,EAS,113,3B,Third Base,CF,25,436,111,177,3,7,0.255,19,0,6,49,1710,3.9219999999999997,0.10600000000000001,0.227,0.014,0.465,0.08700000000000001,8,1,53,785,185,291,24,20,116,19,0,37,22,112,97,57,11,2,6,99,46,0,78,0.20500000000000002,380,0.28600000000000003,0.29200000000000004,0.5780000000000001,4,20,0.8330000000000001,0.167,6,38,1.2,0,63.33,2022,113,Eastern League,Double-A,682177-2022-113
2022,696281,Wyatt Young,player,50,Wyatt Young,Wyatt,Young,Wyatt,W Young,505,BNG,Binghamton Rumble Ponies,Rumble Ponies,EAS,113,2B,Second Base,SS,22,434,142,134,1,2,0.32,30,1,9,55,1786,4.114999999999999,0.129,0.20500000000000002,0.014,0.629,0.12300000000000001,6,0,61,761,150,288,12,11,108,20,0,42,34,98,84,60,20,4,6,89,56,0,96,0.257,374,0.353,0.38,0.733,2,5,0.714,0.28600000000000003,9,34,1.29,0,62.33,2022,113,Eastern League,Double-A,696281-2022-113
2022,668667,Daniel Cabrera,player,54,Daniel Cabrera,Daniel,Cabrera,Daniel,D Cabrera,106,ERI,Erie SeaWolves,SeaWolves,EAS,113,RF,Outfielder,OF,23,400,108,130,0,3,0.24900000000000003,22,2,5,42,1508,3.77,0.1,0.2,0.013000000000000001,0.5,0.09899999999999999,2,2,43,692,175,278,24,17,121,12,0,36,25,96,84,37,14,3,5,80,40,1,73,0.20600000000000002,355,0.28800000000000003,0.304,0.592,0,6,1,0,5,33,1.44,0,71,2022,113,Eastern League,Double-A,668667-2022-113
2022,686555,Isaac Collins,player,54,Isaac Collins,Isaac,Collins,Isaac,I Collins,538,HFD,Hartford Yard Goats,Yard Goats,EAS,113,2B,Second Base,LF,24,448,130,161,6,1,0.278,33,8,5,52,1739,3.8819999999999997,0.129,0.201,0.011,0.644,0.125,8,0,68,735,187,292,21,17,103,19,0,32,32,111,106,70,24,4,5,90,58,1,83,0.221,375,0.33699999999999997,0.347,0.6839999999999999,8,30,0.7889999999999999,0.21100000000000002,5,32,0.97,0,75,2022,113,Eastern League,Double-A,686555-2022-113
2022,693409,César Prieto,player,56,César Prieto,Cesar,Prieto,César,C Prieto,418,BOW,Bowie Baysox,Baysox,EAS,113,3B,Third Base,3B,23,389,128,194,0,0,0.29400000000000004,26,6,9,71,1415,3.638,0.039,0.14900000000000002,0.01,0.259,0.092,6,0,60,764,134,310,15,20,121,16,0,38,40,90,95,44,22,0,4,58,15,0,94,0.255,368,0.29600000000000004,0.348,0.644,5,2,0.28600000000000003,0.714,9,37,1.27,0,92,2022,113,Eastern League,Double-A,693409-2022-113
2022,686639,Jack Dunn,player,57,Jack Dunn,John,Dunn,Jack,J Dunn,547,HBG,Harrisburg Senators,Senators,EAS,113,CF,Outfielder,SS,25,403,111,148,2,3,0.312,20,5,10,56,1642,4.074,0.12200000000000001,0.201,0.007,0.605,0.07600000000000001,6,1,48,695,166,268,11,21,103,11,0,42,32,99,80,43,17,0,3,81,49,0,85,0.24700000000000003,344,0.347,0.323,0.6699999999999999,8,8,0.5,0.5,10,22,1.29,0,114.66999999999999,2022,113,Eastern League,Double-A,686639-2022-113
2022,666695,Jonathan Guzmán,player,57,Jonathan Guzmán,Jonathan,Guzmán,Jonathan,J Guzmán,522,REA,Reading Fightin Phils,Fightin Phils,EAS,113,SS,Shortstop,SS,22,440,95,201,8,1,0.223,17,3,5,53,1657,3.766,0.055,0.25,0.007,0.21800000000000003,0.067,5,0,63,862,226,303,25,23,124,18,1,24,25,119,111,32,10,4,3,110,24,0,68,0.168,404,0.22,0.23500000000000001,0.455,5,9,0.643,0.357,5,26,1.12,0,134.67,2022,113,Eastern League,Double-A,666695-2022-113
2022,657075,Jeremy Vasquez,player,57,Jeremy Vasquez,Jeremy,Vasquez,Jeremy,J Vasquez,505,BNG,Binghamton Rumble Ponies,Rumble Ponies,EAS,113,1B,First Base,1B,25,415,116,157,0,3,0.28600000000000003,23,3,7,63,1587,3.824,0.10600000000000001,0.171,0.007,0.62,0.079,2,0,78,709,146,297,19,8,105,22,0,44,21,104,105,28,20,0,3,71,44,0,87,0.23800000000000002,365,0.323,0.318,0.641,0,0,,,7,47,1,0,121.66999999999999,2022,113,Eastern League,Double-A,657075-2022-113
2022,683364,Carlos Dominguez,player,1,Carlos Dominguez,Carlos,Dominguez,Carlos,C Dominguez,507,SLU,St. Lucie Mets,Mets,FSL,123,RF,Outfielder,OF,22,444,166,178,0,1,0.359,35,16,2,38,1758,3.9589999999999996,0.083,0.39,0.045,0.21400000000000002,0.192,6,0,29,908,366,218,31,13,54,16,1,42,32,111,73,54,15,0,20,173,37,0,91,0.233,390,0.324,0.42600000000000005,0.75,10,22,0.688,0.313,2,65,0.74,0,19.5,2022,123,Florida State League,Low-A,683364-2022-123
2022,691456,Manuel Sequera,player,2,Manuel Sequera,Manuel,Sequera,Manuel,M Sequera,570,LAK,Lakeland Flying Tigers,Flying Tigers,FSL,123,SS,Shortstop,SS,19,491,193,232,0,3,0.263,48,11,8,81,1739,3.542,0.041,0.224,0.039,0.182,0.19,9,1,75,1040,298,350,37,31,101,21,0,53,32,116,143,59,28,1,19,110,20,0,106,0.232,457,0.279,0.42200000000000004,0.701,5,4,0.444,0.556,8,64,0.71,0,24.05,2022,123,Florida State League,Low-A,691456-2022-123
2022,684519,Omar De Los Santos,player,3,Omar De Los Santos,Omar,De Los Santos,Omar,O De Los Santos,507,SLU,St. Lucie Mets,Mets,FSL,123,LF,Outfielder,OF,22,478,198,194,0,2,0.38,44,10,3,58,1765,3.6919999999999997,0.07300000000000001,0.316,0.033,0.232,0.188,9,2,39,976,403,282,21,14,91,28,2,42,45,111,74,75,23,5,16,151,35,0,117,0.271,431,0.33899999999999997,0.459,0.7979999999999999,15,70,0.8240000000000001,0.17600000000000002,3,62,1.23,0,26.939999999999998,2022,123,Florida State League,Low-A,684519-2022-123
2022,678742,Rainer Nunez,player,4,Rainer Nunez,Rainer,Nunez,Rainer,R Nunez,424,DUN,Dunedin Blue Jays,Blue Jays,FSL,123,1B,First Base,1B,21,384,174,156,0,5,0.346,35,4,6,62,1349,3.513,0.036,0.21400000000000002,0.039,0.171,0.183,5,0,45,835,260,284,29,18,84,19,0,57,32,93,92,50,19,1,15,82,14,1,108,0.29900000000000004,361,0.328,0.48200000000000004,0.81,0,0,,,6,63,0.91,0,24.07,2022,123,Florida State League,Low-A,678742-2022-123
2022,687749,Jase Bowen,player,5,Jase Bowen,Jase,Bowen,Jase,J Bowen,3390,BRD,Bradenton Marauders,Marauders,FSL,123,CF,Outfielder,RF,21,417,165,143,0,4,0.356,33,8,9,62,1539,3.691,0.091,0.264,0.034,0.345,0.17200000000000001,4,0,48,750,244,261,18,11,82,15,0,51,36,98,77,60,17,2,14,110,38,0,102,0.278,367,0.355,0.45,0.805,2,20,0.909,0.091,9,66,1.06,0,26.21,2022,123,Florida State League,Low-A,687749-2022-123
2022,683550,Marcos Cabrera,player,5,Marcos Cabrera,Marcos,Cabrera,Marcos,M Cabrera,587,TAM,Tampa Tarpons,Tarpons,FSL,123,3B,Third Base,SS,20,390,121,166,0,2,0.29400000000000004,25,5,6,37,1559,3.997,0.118,0.379,0.036,0.311,0.163,5,0,38,801,331,191,16,12,59,17,0,26,23,97,66,43,9,2,14,148,46,0,66,0.196,337,0.3,0.359,0.659,8,19,0.704,0.29600000000000004,6,40,0.89,0,24.07,2022,123,Florida State League,Low-A,683550-2022-123
2022,678803,Anthony Garcia,player,5,Anthony Garcia,Anthony,Garcia,Anthony,A Garcia,587,TAM,Tampa Tarpons,Tarpons,FSL,123,1B,First Base,RF,21,384,110,156,0,1,0.34099999999999997,23,2,1,27,1728,4.5,0.21600000000000003,0.406,0.036,0.532,0.17400000000000002,1,0,27,664,296,143,9,12,37,20,1,18,19,95,48,56,8,1,14,156,83,1,58,0.195,298,0.372,0.369,0.741,5,21,0.808,0.192,1,42,0.77,0,21.29,2022,123,Florida State League,Low-A,678803-2022-123
2022,693850,Kala'i Rosario,player,8,Kala'i Rosario,Kala'i,Rosario,Kala'i,K Rosario,509,FTM,Fort Myers Mighty Mussels,Mighty Mussels,FSL,123,RF,Outfielder,OF,19,419,152,187,0,1,0.34099999999999997,36,11,5,44,1662,3.967,0.081,0.325,0.028999999999999998,0.25,0.169,10,1,39,783,279,238,16,16,78,25,0,38,26,109,71,53,21,3,12,136,34,2,89,0.23900000000000002,373,0.32,0.40800000000000003,0.728,2,7,0.778,0.222,5,46,1.1,0,31.08,2022,123,Florida State League,Low-A,693850-2022-123
2022,686577,Keoni Cavaco,player,9,Keoni Cavaco,Keoni,Cavaco,Keoni,K Cavaco,509,FTM,Fort Myers Mighty Mussels,Mighty Mussels,FSL,123,3B,Third Base,SS,21,396,146,196,0,4,0.33199999999999996,34,2,7,53,1530,3.864,0.056,0.348,0.028,0.15900000000000003,0.166,9,0,51,811,327,234,15,9,74,24,1,43,17,99,75,34,18,5,11,138,22,0,85,0.231,368,0.275,0.397,0.6719999999999999,4,7,0.636,0.364,7,59,0.99,0,33.46,2022,123,Florida State League,Low-A,686577-2022-123
2022,683493,William Lugo,player,10,William Lugo,William,Lugo,William,W Lugo,507,SLU,St. Lucie Mets,Mets,FSL,123,3B,Third Base,SS,20,357,134,134,0,1,0.33499999999999996,30,5,3,37,1359,3.807,0.10400000000000001,0.252,0.028,0.41100000000000003,0.166,5,1,41,694,232,225,20,17,65,10,1,39,32,84,78,47,18,2,10,90,37,0,82,0.261,314,0.347,0.42700000000000005,0.774,0,0,,,3,45,0.8300000000000001,0,31.4,2022,123,Florida State League,Low-A,683493-2022-123
2022,681433,Noah Cardenas,player,11,Noah Cardenas,Noah,Cardenas,Noah,N Cardenas,509,FTM,Fort Myers Mighty Mussels,Mighty Mussels,FSL,123,C,Catcher,C,22,401,128,156,0,3,0.308,28,15,10,48,1666,4.154999999999999,0.182,0.17500000000000002,0.022,1.043,0.15200000000000002,6,0,51,586,104,243,17,19,75,16,0,42,23,99,87,42,18,1,9,70,73,1,81,0.261,310,0.42100000000000004,0.41300000000000003,0.8340000000000001,5,11,0.688,0.313,10,43,0.8600000000000001,0,34.44,2022,123,Florida State League,Low-A,681433-2022-123
2022,696135,Kahlil Watson,player,11,Kahlil Watson,Kahlil,Watson,Kahlil,K Watson,479,JUP,Jupiter Hammerheads,Hammerheads,FSL,123,SS,Shortstop,RF,19,358,128,169,0,3,0.346,30,4,4,35,1404,3.9219999999999997,0.07500000000000001,0.355,0.025,0.21300000000000002,0.164,3,1,35,736,274,200,10,15,65,12,0,39,24,83,60,50,16,5,9,127,27,0,75,0.231,324,0.29600000000000004,0.395,0.691,3,16,0.8420000000000001,0.15800000000000003,4,44,1.08,0,36,2022,123,Florida State League,Low-A,696135-2022-123
2022,680918,Brady Allen,player,13,Brady Allen,Brady,Allen,Brady,B Allen,479,JUP,Jupiter Hammerheads,Hammerheads,FSL,123,RF,Outfielder,RF,22,450,141,185,0,4,0.33699999999999997,26,5,7,58,1804,4.009,0.12200000000000001,0.262,0.018000000000000002,0.466,0.114,3,2,52,794,218,272,18,19,86,13,0,52,32,108,89,55,16,2,8,118,55,0,97,0.251,386,0.349,0.365,0.714,1,6,0.8570000000000001,0.14300000000000002,7,52,0.97,0,48.25,2022,123,Florida State League,Low-A,680918-2022-123
2022,682625,Antonio Gomez,player,13,Antonio Gomez,Antonio,Gomez,Antonio,A Gomez,587,TAM,Tampa Tarpons,Tarpons,FSL,123,C,Catcher,C,20,370,120,149,0,4,0.33499999999999996,20,6,11,44,1458,3.941,0.095,0.27,0.022,0.35,0.117,5,0,41,748,234,229,8,11,87,17,0,33,32,89,60,36,10,2,8,100,35,0,82,0.252,325,0.33199999999999996,0.369,0.701,3,1,0.25,0.75,11,48,1.45,0,40.620000000000005,2022,123,Florida State League,Low-A,682625-2022-123
2022,691789,Izaac Pacheco,player,13,Izaac Pacheco,Izaac,Pacheco,Izaac,I Pacheco,570,LAK,Lakeland Flying Tigers,Flying Tigers,FSL,123,3B,Third Base,SS,19,371,137,148,0,2,0.328,31,1,9,72,1383,3.728,0.10200000000000001,0.21600000000000003,0.022,0.47500000000000003,0.14800000000000002,5,0,56,721,181,252,15,20,73,16,1,46,25,88,91,54,21,2,8,80,38,2,88,0.267,330,0.34199999999999997,0.41500000000000004,0.757,4,12,0.75,0.25,9,39,0.8,0,41.25,2022,123,Florida State League,Low-A,691789-2022-123
2022,683061,Alexander Vargas,player,13,Alexander Vargas,Alexander,Vargas,Alexander,A Vargas,587,TAM,Tampa Tarpons,Tarpons,FSL,123,SS,Shortstop,SS,20,431,121,146,0,4,0.271,24,3,4,35,1706,3.9579999999999997,0.081,0.28500000000000003,0.019,0.28500000000000003,0.10800000000000001,6,0,51,891,271,270,35,21,84,22,2,28,27,100,107,59,14,2,8,123,35,0,79,0.203,389,0.271,0.311,0.582,13,27,0.6749999999999999,0.325,4,33,0.7899999999999999,0,48.620000000000005,2022,123,Florida State League,Low-A,683061-2022-123
2022,682656,Sergio Campana,player,17,Sergio Campana,Sergio,Campana,Sergio,S Campana,3390,BRD,Bradenton Marauders,Marauders,FSL,123,CF,Outfielder,OF,20,393,106,183,0,2,0.358,22,8,6,35,1557,3.9619999999999997,0.135,0.382,0.018000000000000002,0.353,0.113,5,1,29,686,291,180,15,9,58,6,0,32,31,100,53,50,14,1,7,150,53,1,69,0.21000000000000002,328,0.33199999999999996,0.323,0.655,12,29,0.707,0.29300000000000004,6,29,1.09,2,46.86,2022,123,Florida State League,Low-A,682656-2022-123
2022,691907,Tsung-Che Cheng,player,18,Tsung-Che Cheng,Tsung-Che,Cheng,Tsung-Che,T Cheng,3390,BRD,Bradenton Marauders,Marauders,FSL,123,SS,Shortstop,SS,20,458,161,142,1,4,0.33999999999999997,38,5,5,55,1870,4.083,0.138,0.20700000000000002,0.013000000000000001,0.6629999999999999,0.14800000000000002,6,1,53,815,197,295,13,25,100,20,0,45,39,104,91,79,25,7,6,95,63,1,104,0.27,385,0.376,0.41800000000000004,0.7939999999999999,6,33,0.8460000000000001,0.15400000000000003,5,52,1.1,0,64.16999999999999,2022,123,Florida State League,Low-A,691907-2022-123
2022,691449,Roberto Campos,player,19,Roberto Campos,Roberto,Campos,Roberto,R Campos,570,LAK,Lakeland Flying Tigers,Flying Tigers,FSL,123,CF,Outfielder,RF,19,448,155,203,0,3,0.326,36,2,16,64,1603,3.578,0.089,0.21700000000000003,0.011,0.41200000000000003,0.127,10,0,36,821,258,309,17,23,129,16,0,53,35,112,76,52,26,5,5,97,40,2,104,0.258,403,0.326,0.385,0.711,3,7,0.7,0.3,16,50,1.7,0,80.6,2022,123,Florida State League,Low-A,691449-2022-123
2022,694425,Justice Bigbie,player,20,Justice Bigbie,Justice,Bigbie,Justice,J Bigbie,570,LAK,Lakeland Flying Tigers,Flying Tigers,FSL,123,1B,First Base,OF,23,372,118,156,0,1,0.346,24,13,10,36,1367,3.675,0.07500000000000001,0.23900000000000002,0.005,0.315,0.1,3,0,40,694,208,242,8,18,91,8,0,47,30,91,66,37,17,5,2,89,28,0,85,0.258,330,0.33899999999999997,0.358,0.697,2,4,0.6669999999999999,0.33299999999999996,10,41,1.3800000000000001,0,165,2022,123,Florida State League,Low-A,694425-2022-123
2022,695653,Noah Miller,player,20,Noah Miller,Noah,Miller,Noah,N Miller,509,FTM,Fort Myers Mighty Mussels,Mighty Mussels,FSL,123,SS,Shortstop,SS,19,469,107,148,0,4,0.28700000000000003,18,6,2,44,1969,4.1979999999999995,0.162,0.23500000000000001,0.004,0.691,0.068,6,1,78,787,180,277,11,21,86,13,0,43,25,108,110,62,12,4,2,110,76,0,81,0.21100000000000002,383,0.348,0.279,0.627,7,23,0.767,0.233,2,24,0.7799999999999999,0,191.5,2022,123,Florida State League,Low-A,695653-2022-123
2022,692405,Jeremy Rivas,player,20,Jeremy Rivas,Jeremy,Rivas,Jeremy,J Rivas,279,PMB,Palm Beach Cardinals,Cardinals,FSL,123,SS,Shortstop,SS,19,471,128,199,1,4,0.316,19,4,7,65,1820,3.864,0.079,0.221,0.004,0.356,0.056,8,1,41,977,284,326,30,37,114,6,2,48,48,117,108,47,16,1,2,104,37,0,104,0.24500000000000002,425,0.309,0.301,0.61,6,8,0.5710000000000001,0.42900000000000005,7,37,1.06,0,212.5,2022,123,Florida State League,Low-A,692405-2022-123
2022,692497,Estiven Machado,player,23,Estiven Machado,Estiven,Machado,Estiven,E Machado,424,DUN,Dunedin Blue Jays,Blue Jays,FSL,123,SS,Shortstop,SS,19,380,117,147,0,0,0.365,23,3,5,47,1439,3.7870000000000004,0.1,0.255,0.003,0.392,0.083,6,0,32,656,171,242,2,19,100,12,1,46,30,90,53,45,19,3,1,97,38,0,89,0.263,339,0.34199999999999997,0.345,0.6869999999999999,3,6,0.6669999999999999,0.33299999999999996,5,32,1.8900000000000001,0,339,2022,123,Florida State League,Low-A,692497-2022-123
2022,656484,Tristan Gray,player,1,Tristan Gray,Tristan,Gray,Tristan,T Gray,234,DUR,Durham Bulls,Bulls,INT,117,SS,Shortstop,SS,26,500,223,207,0,4,0.259,54,8,5,58,1931,3.8619999999999997,0.06,0.318,0.066,0.189,0.262,5,1,67,1044,397,303,34,18,81,40,1,40,22,124,119,72,21,0,33,159,30,0,103,0.225,458,0.28200000000000003,0.48700000000000004,0.769,2,4,0.6669999999999999,0.33299999999999996,5,89,0.6799999999999999,0,13.88,2022,117,International League,Triple-A,656484-2022-117
2022,623507,Josh Lester,player,2,Josh Lester,Joshua,Lester,Josh,J Lester,512,TOL,Toledo Mud Hens,Mud Hens,INT,117,1B,First Base,1B,27,621,267,256,0,7,0.271,70,5,10,87,2361,3.8019999999999996,0.082,0.221,0.047,0.372,0.233,3,3,95,1238,375,427,35,22,138,50,0,59,28,145,152,84,39,2,29,137,51,3,137,0.24600000000000002,557,0.311,0.47900000000000004,0.7899999999999999,3,7,0.7,0.3,10,99,0.91,1,19.21,2022,117,International League,Triple-A,623507-2022-117
2022,669742,Darick Hall,player,3,Darick Hall,Darick,Hall,Darick,D Hall,1410,LHV,Lehigh Valley IronPigs,IronPigs,INT,117,1B,First Base,1B,26,443,208,207,0,3,0.268,52,4,14,78,1631,3.682,0.095,0.226,0.063,0.42000000000000004,0.274,2,1,54,821,234,297,24,8,111,39,0,39,22,101,86,59,24,0,28,100,42,4,100,0.254,394,0.32999999999999996,0.528,0.8580000000000001,1,6,0.8570000000000001,0.14300000000000002,14,88,1.29,0,14.07,2022,117,International League,Triple-A,669742-2022-117
2022,676551,Brewer Hicklen,player,3,Brewer Hicklen,Charles,Hicklen,Brewer,B Hicklen,541,OMA,Omaha Storm Chasers,Storm Chasers,INT,117,RF,Outfielder,RF,26,559,241,247,1,3,0.36,62,17,7,57,2187,3.9119999999999995,0.10400000000000001,0.361,0.05,0.28700000000000003,0.254,2,1,59,969,378,282,26,8,70,39,0,44,36,130,93,85,30,4,28,202,58,1,119,0.24800000000000003,480,0.348,0.502,0.8500000000000001,2,35,0.9460000000000001,0.054000000000000006,7,85,0.75,0,17.14,2022,117,International League,Triple-A,676551-2022-117
2022,594953,Daniel Palka,player,5,Daniel Palka,Daniel,Palka,Daniel,D Palka,552,SYR,Syracuse Mets,Mets,INT,117,1B,First Base,LF,30,445,200,183,0,1,0.29400000000000004,44,1,8,60,1694,3.807,0.10800000000000001,0.23600000000000002,0.058,0.457,0.24300000000000002,4,0,49,804,228,291,26,3,109,31,0,40,33,109,78,68,18,0,26,105,48,1,104,0.263,395,0.344,0.506,0.8500000000000001,2,0,0,1,8,79,1.4,0,15.19,2022,117,International League,Triple-A,594953-2022-117
2022,592622,Mark Payton,player,6,Mark Payton,Mark,Payton,Mark,M Payton,494,CLT,Charlotte Knights,Knights,INT,117,CF,Outfielder,OF,30,539,254,153,2,6,0.301,61,6,7,79,2051,3.8049999999999997,0.1,0.14100000000000001,0.046,0.711,0.24600000000000002,4,1,84,985,194,403,31,21,129,38,0,67,33,119,136,85,31,5,25,76,54,1,138,0.29300000000000004,471,0.369,0.539,0.908,6,15,0.714,0.28600000000000003,7,95,0.9500000000000001,0,18.84,2022,117,International League,Triple-A,592622-2022-117
2022,572138,Jon Singleton,player,7,Jon Singleton,Jonathan,Singleton,Jon,J Singleton,556,NAS,Nashville Sounds,Sounds,INT,117,1B,First Base,1B,30,581,198,255,0,7,0.273,48,1,5,64,2534,4.361,0.201,0.277,0.041,0.727,0.21500000000000002,2,0,71,1016,301,302,33,22,76,20,0,61,19,134,126,84,22,2,24,161,117,1,100,0.21900000000000003,456,0.375,0.43400000000000005,0.809,1,3,0.75,0.25,5,87,0.6,0,19,2022,117,International League,Triple-A,572138-2022-117
2022,668901,Mark Vientos,player,7,Mark Vientos,Mark,Vientos,Mark,M Vientos,552,SYR,Syracuse Mets,Mets,INT,117,3B,Third Base,1B,22,427,196,164,0,2,0.35,41,3,15,62,1690,3.9579999999999997,0.10300000000000001,0.28600000000000003,0.056,0.361,0.23800000000000002,7,0,41,804,265,258,9,3,99,37,0,39,30,101,53,66,16,1,24,122,44,2,106,0.28,378,0.358,0.519,0.8770000000000001,2,0,0,1,15,72,1.87,0,15.75,2022,117,International League,Triple-A,668901-2022-117
2022,663609,Luken Baker,player,9,Luken Baker,Luken,Baker,Luken,L Baker,235,MEM,Memphis Redbirds,Redbirds,INT,117,1B,First Base,1B,25,513,183,227,0,7,0.265,35,5,10,61,1966,3.8319999999999994,0.07200000000000001,0.251,0.041,0.28700000000000003,0.166,2,0,73,986,293,342,36,24,103,21,5,58,22,124,133,52,14,0,21,129,37,0,106,0.228,464,0.28800000000000003,0.394,0.6819999999999999,0,0,,,10,66,0.77,0,22.1,2022,117,International League,Triple-A,663609-2022-117
2022,656024,Carlos Pérez,player,9,Carlos Pérez,Carlos,Pérez,Carlos,C Pérez,494,CLT,Charlotte Knights,Knights,INT,117,C,Catcher,C,25,465,188,186,0,6,0.234,39,7,15,78,1655,3.5589999999999997,0.07300000000000001,0.08600000000000001,0.045,0.8500000000000001,0.196,4,2,84,788,117,384,49,21,124,27,1,48,30,109,154,53,17,1,21,40,34,0,106,0.254,418,0.316,0.45,0.766,2,2,0.5,0.5,15,76,0.81,0,19.9,2022,117,International League,Triple-A,656024-2022-117
2022,676475,Alec Burleson,player,11,Alec Burleson,Alec,Burleson,Alec,A Burleson,235,MEM,Memphis Redbirds,Redbirds,INT,117,LF,Outfielder,1B,23,470,230,171,0,6,0.35,46,3,13,77,1640,3.489,0.062,0.14300000000000002,0.043000000000000003,0.43300000000000005,0.201,2,1,64,957,202,371,17,26,121,32,1,70,40,109,107,68,25,1,20,67,29,0,143,0.33099999999999996,432,0.372,0.532,0.904,0,4,1,0,13,87,1.1300000000000001,0,21.6,2022,117,International League,Triple-A,676475-2022-117
2022,608841,Joey Meneses,player,11,Joey Meneses,Joey,Meneses,Joey,J Meneses,534,ROC,Rochester Red Wings,Red Wings,INT,117,1B,First Base,1B,30,414,183,154,0,6,0.321,35,2,17,64,1566,3.7830000000000004,0.07700000000000001,0.21500000000000002,0.048,0.36,0.203,2,1,60,766,195,291,9,18,97,34,0,49,24,96,87,51,14,1,20,89,32,2,107,0.28600000000000003,374,0.34099999999999997,0.48900000000000005,0.8300000000000001,0,1,1,0,17,64,1.11,0,18.7,2022,117,International League,Triple-A,608841-2022-117
2022,643271,Narciso Crook,player,13,Narciso Crook,Narciso,Crook,Narciso,N Crook,451,IOW,Iowa Cubs,Cubs,INT,117,RF,Outfielder,OF,26,409,178,176,0,0,0.34199999999999997,43,11,5,51,1587,3.88,0.088,0.303,0.046,0.29000000000000004,0.232,5,1,36,776,298,238,13,12,83,23,1,44,26,101,61,61,21,3,19,124,36,0,94,0.26,362,0.345,0.492,0.8370000000000001,6,13,0.6839999999999999,0.316,5,67,1.36,0,19.05,2022,117,International League,Triple-A,643271-2022-117
2022,676733,Mason Martin,player,13,Mason Martin,Mason,Martin,Mason,M Martin,484,IND,Indianapolis Indians,Indians,INT,117,1B,First Base,1B,23,541,197,259,0,6,0.29900000000000004,53,2,6,58,2217,4.098,0.096,0.359,0.034999999999999996,0.268,0.2,4,2,61,1025,422,293,21,12,98,36,0,38,27,134,94,62,29,5,19,194,52,3,101,0.21000000000000002,481,0.28700000000000003,0.41000000000000003,0.697,3,12,0.8,0.2,6,74,1.04,0,25.32,2022,117,International League,Triple-A,676733-2022-117
2022,672724,Oswald Peraza,player,13,Oswald Peraza,Oswald,Peraza,Oswald,O Peraza,531,SWB,Scranton/Wilkes-Barre RailRiders,RailRiders,INT,117,SS,Shortstop,2B,22,429,173,151,1,1,0.302,35,7,2,57,1552,3.618,0.079,0.233,0.044,0.33999999999999997,0.189,7,1,60,791,231,288,30,18,80,26,2,36,36,99,108,57,16,0,19,100,34,0,100,0.259,386,0.329,0.448,0.777,5,33,0.8680000000000001,0.132,2,50,0.74,0,20.32,2022,117,International League,Triple-A,672724-2022-117
2022,621514,Christin Stewart,player,13,Christin Stewart,Christin,Stewart,Christin,C Stewart,533,WOR,Worcester Red Sox,Red Sox,INT,117,LF,Outfielder,LF,28,409,152,162,0,2,0.319,34,8,3,34,1774,4.337,0.14900000000000002,0.318,0.046,0.46900000000000003,0.21300000000000002,2,0,51,780,273,210,22,17,40,26,3,35,16,103,90,55,15,0,19,130,61,0,80,0.23700000000000002,338,0.364,0.45,0.8140000000000001,2,9,0.8180000000000001,0.182,3,55,0.44,0,17.79,2022,117,International League,Triple-A,621514-2022-117
2022,669065,Kyle Stowers,player,13,Kyle Stowers,Kyle,Stowers,Kyle,K Stowers,568,NOR,Norfolk Tides,Tides,INT,117,CF,Outfielder,1B,24,407,184,169,1,4,0.317,51,8,6,61,1593,3.9139999999999997,0.111,0.256,0.047,0.43300000000000005,0.264,3,1,50,793,243,250,13,10,85,29,0,52,11,95,73,54,29,3,19,104,45,1,92,0.264,349,0.357,0.527,0.884,2,3,0.6,0.4,6,78,1.1600000000000001,0,18.37,2022,117,International League,Triple-A,669065-2022-117
2022,666018,Jonathan Aranda,player,18,Jonathan Aranda,Jonathan,Aranda,Jonathan,J Aranda,234,DUR,Durham Bulls,Bulls,INT,117,1B,First Base,1B,24,465,210,176,0,7,0.377,45,10,10,72,1877,4.037,0.097,0.21500000000000002,0.039,0.45,0.203,5,1,50,777,153,310,14,17,101,30,1,61,36,104,81,71,26,1,18,100,45,0,128,0.318,403,0.394,0.521,0.915,0,4,1,0,10,85,1.25,0,22.39,2022,117,International League,Triple-A,666018-2022-117
2022,670113,Jim Haley,player,18,Jim Haley,James,Haley,Jim,J Haley,234,DUR,Durham Bulls,Bulls,INT,117,1B,First Base,3B,27,420,164,179,1,3,0.29200000000000004,37,7,11,54,1512,3.6,0.083,0.29800000000000004,0.043000000000000003,0.28,0.20900000000000002,5,0,49,804,261,252,14,12,91,24,1,37,24,112,75,61,14,5,18,125,35,0,86,0.231,373,0.306,0.44,0.746,2,16,0.889,0.111,11,47,1.21,1,20.72,2022,117,International League,Triple-A,670113-2022-117
2022,676059,Jordan Westburg,player,18,Jordan Westburg,Jordan,Westburg,Jordan,J Westburg,568,NOR,Norfolk Tides,Tides,INT,117,SS,Shortstop,3B,23,413,184,163,0,1,0.318,46,6,7,64,1605,3.8859999999999997,0.10700000000000001,0.21800000000000003,0.044,0.48900000000000005,0.23500000000000001,5,0,64,708,198,273,21,11,78,20,0,41,38,91,96,64,25,3,18,90,44,0,99,0.273,362,0.361,0.508,0.8690000000000001,3,9,0.75,0.25,7,74,0.81,0,20.110000000000003,2022,117,International League,Triple-A,676059-2022-117
2022,681807,David Fry,player,21,David Fry,David,Fry,David,D Fry,445,COL,Columbus Clippers,Clippers,INT,117,3B,Third Base,RF,26,479,190,199,2,6,0.28500000000000003,46,10,13,68,1724,3.5989999999999998,0.081,0.192,0.034999999999999996,0.42400000000000004,0.194,6,2,64,877,224,338,37,15,114,27,0,48,33,119,116,64,27,2,17,92,39,0,108,0.256,422,0.329,0.45,0.779,0,2,1,0,13,74,0.98,0,24.82,2022,117,International League,Triple-A,681807-2022-117
2022,660613,Ronaldo Hernández,player,21,Ronaldo Hernández,Ronaldo,Hernández,Ronaldo,R Hernández,533,WOR,Worcester Red Sox,Red Sox,INT,117,C,Catcher,C,24,439,185,180,0,4,0.29500000000000004,44,2,11,63,1543,3.5149999999999997,0.048,0.21000000000000002,0.039,0.228,0.19,8,0,52,900,275,322,27,21,115,27,0,49,31,105,100,50,27,0,17,92,21,0,107,0.261,410,0.29700000000000004,0.451,0.748,3,0,0,1,11,63,1.1500000000000001,2,24.12,2022,117,International League,Triple-A,660613-2022-117
2022,676724,Jared Young,player,21,Jared Young,Jared,Young,Jared,J Young,451,IOW,Iowa Cubs,Cubs,INT,117,1B,First Base,1B,26,455,168,186,2,4,0.271,40,9,6,62,1663,3.655,0.088,0.24200000000000002,0.037,0.364,0.19,3,1,56,811,232,296,17,22,109,24,0,46,22,109,95,61,21,2,17,110,40,2,92,0.23,400,0.311,0.42000000000000004,0.731,2,3,0.6,0.4,6,59,1.1500000000000001,0,23.53,2022,117,International League,Triple-A,676724-2022-117
2022,680837,Ryan Fitzgerald,player,24,Ryan Fitzgerald,Ryan,Fitzgerald,Ryan,R Fitzgerald,533,WOR,Worcester Red Sox,Red Sox,INT,117,3B,Third Base,3B,28,520,181,203,1,8,0.269,46,10,7,75,2005,3.8559999999999994,0.094,0.26,0.031,0.363,0.181,2,1,70,967,295,326,38,19,100,25,1,53,20,127,127,55,26,4,16,135,49,0,99,0.21900000000000003,452,0.304,0.4,0.704,5,6,0.545,0.455,7,72,0.7899999999999999,0,28.25,2022,117,International League,Triple-A,680837-2022-117
2022,670156,Miles Mastrobuoni,player,24,Miles Mastrobuoni,Miles,Mastrobuoni,Miles,M Mastrobuoni,234,DUR,Durham Bulls,Bulls,INT,117,2B,Second Base,3B,26,573,238,163,0,2,0.34199999999999997,51,1,8,73,2385,4.161999999999999,0.11,0.166,0.028,0.6629999999999999,0.17,3,0,90,897,160,414,12,27,133,26,2,80,44,129,129,92,32,3,16,95,63,0,152,0.3,507,0.377,0.46900000000000003,0.8460000000000001,3,23,0.885,0.115,8,64,1.03,0,31.69,2022,117,International League,Triple-A,670156-2022-117
2022,664057,Andrew Stevenson,player,24,Andrew Stevenson,Andrew,Stevenson,Andrew,A Stevenson,534,ROC,Rochester Red Wings,Red Wings,INT,117,CF,Outfielder,CF,28,604,249,188,0,3,0.34299999999999997,56,10,6,45,2254,3.7319999999999998,0.07600000000000001,0.225,0.026000000000000002,0.33799999999999997,0.17800000000000002,3,0,70,1112,294,412,17,30,143,34,2,66,50,135,117,81,31,9,16,136,46,3,152,0.279,545,0.344,0.457,0.801,7,39,0.8480000000000001,0.15200000000000002,6,67,1.22,0,34.06,2022,117,International League,Triple-A,664057-2022-117
2022,643603,Tyler White,player,24,Tyler White,Brian,White,Tyler,T White,431,GWN,Gwinnett Stripers,Stripers,INT,117,1B,First Base,1B,31,437,147,179,0,6,0.255,31,4,3,50,1917,4.387,0.16,0.201,0.037,0.7949999999999999,0.182,3,0,73,769,168,275,23,26,71,21,3,40,18,103,122,48,13,2,16,88,70,0,82,0.23,357,0.357,0.41200000000000003,0.769,1,5,0.8330000000000001,0.167,3,58,0.58,0,22.310000000000002,2022,117,International League,Triple-A,643603-2022-117
2022,607430,John Andreoli,player,28,John Andreoli,John,Andreoli,John,J Andreoli,1960,STP,St. Paul Saints,Saints,INT,117,LF,Outfielder,RF,32,421,122,182,3,2,0.27,28,1,6,45,1929,4.582,0.185,0.356,0.036,0.52,0.17800000000000002,3,0,39,683,222,192,20,13,58,16,0,35,11,110,72,60,11,2,15,150,78,0,62,0.184,337,0.33699999999999997,0.362,0.699,3,19,0.8640000000000001,0.136,6,43,0.81,0,22.47,2022,117,International League,Triple-A,607430-2022-117
2022,593528,Jorge Bonifacio,player,28,Jorge Bonifacio,Jorge,Bonifacio,Jorge,J Bonifacio,1410,LHV,Lehigh Valley IronPigs,IronPigs,INT,117,LF,Outfielder,RF,29,444,156,149,0,4,0.312,33,10,2,46,1821,4.101,0.10600000000000001,0.28200000000000003,0.034,0.376,0.167,5,1,77,934,272,262,35,13,45,31,2,34,25,112,125,44,17,1,15,125,47,0,92,0.24000000000000002,383,0.33599999999999997,0.40700000000000003,0.743,2,8,0.8,0.2,2,57,0.36,0,25.53,2022,117,International League,Triple-A,593528-2022-117
2022,680814,Peyton Burdick,player,28,Peyton Burdick,Edmund,Burdick,Peyton,P Burdick,564,JAX,Jacksonville Jumbo Shrimp,Jumbo Shrimp,INT,117,CF,Outfielder,CF,25,430,149,187,0,3,0.272,36,9,8,64,1649,3.8349999999999995,0.12300000000000001,0.279,0.034999999999999996,0.442,0.195,5,0,64,836,313,247,20,11,74,25,2,33,18,99,95,74,16,5,15,120,53,0,78,0.21400000000000002,364,0.326,0.40900000000000003,0.735,3,13,0.8130000000000001,0.188,8,58,0.7799999999999999,1,24.27,2022,117,International League,Triple-A,680814-2022-117
2022,676628,Mark Contreras,player,28,Mark Contreras,Mark,Contreras,Mark,M Contreras,1960,STP,St. Paul Saints,Saints,INT,117,CF,Outfielder,OF,27,423,157,201,0,2,0.311,37,8,3,61,1573,3.719,0.08700000000000001,0.29600000000000004,0.034999999999999996,0.29600000000000004,0.181,5,0,59,876,288,253,10,12,83,27,1,38,23,102,81,64,21,1,15,125,37,1,89,0.23700000000000002,376,0.317,0.41800000000000004,0.735,2,23,0.92,0.08,3,59,1.02,0,25.07,2022,117,International League,Triple-A,676628-2022-117
2022,664314,Estevan Florial,player,28,Estevan Florial,Estevan,Florial,Estevan,E Florial,531,SWB,Scranton/Wilkes-Barre RailRiders,RailRiders,INT,117,CF,Outfielder,LF,24,461,194,134,2,1,0.398,48,1,0,31,1883,4.085,0.117,0.304,0.033,0.386,0.199,4,0,42,834,296,266,25,9,76,29,0,46,39,101,76,66,31,2,15,140,54,3,114,0.28300000000000003,403,0.368,0.48100000000000004,0.8490000000000001,10,39,0.7959999999999999,0.20400000000000001,0,46,1,0,26.87,2022,117,International League,Triple-A,664314-2022-117
2022,656514,Adam Haseley,player,28,Adam Haseley,Adam,Haseley,Adam,A Haseley,494,CLT,Charlotte Knights,Knights,INT,117,CF,Outfielder,CF,26,463,172,182,1,3,0.259,38,9,6,63,1735,3.7470000000000003,0.06899999999999999,0.168,0.032,0.41000000000000003,0.17200000000000001,6,0,67,822,174,344,25,18,134,21,0,37,42,110,110,59,19,4,15,78,32,0,100,0.23900000000000002,418,0.305,0.41100000000000003,0.716,3,18,0.8570000000000001,0.14300000000000002,6,63,1.22,0,27.87,2022,117,International League,Triple-A,656514-2022-117
2022,680438,Robert Neustrom,player,28,Robert Neustrom,Robert,Neustrom,Robert,R Neustrom,568,NOR,Norfolk Tides,Tides,INT,117,LF,Outfielder,OF,25,409,150,185,1,4,0.24300000000000002,34,7,7,60,1581,3.8659999999999997,0.07100000000000001,0.169,0.037,0.42000000000000004,0.17700000000000002,2,1,73,729,168,304,41,12,93,15,0,40,30,101,126,41,18,1,15,69,29,0,85,0.231,368,0.29700000000000004,0.40800000000000003,0.705,2,14,0.8750000000000001,0.125,7,61,0.74,0,24.53,2022,117,International League,Triple-A,680438-2022-117
2022,680118,Dairon Blanco,player,35,Dairon Blanco,Dairon,Blanco,Dairon,D Blanco,541,OMA,Omaha Storm Chasers,Storm Chasers,INT,117,CF,Outfielder,CF,29,414,178,163,2,5,0.371,37,6,5,47,1518,3.6670000000000003,0.085,0.23700000000000002,0.034,0.357,0.186,8,0,59,790,247,275,11,5,90,21,0,51,38,107,75,63,20,3,14,98,35,0,110,0.301,366,0.367,0.48600000000000004,0.8530000000000001,7,45,0.8650000000000001,0.135,5,61,1.2,0,26.14,2022,117,International League,Triple-A,680118-2022-117
2022,663478,Brendon Davis,player,35,Brendon Davis,Brendon,Davis,Brendon,B Davis,512,TOL,Toledo Mud Hens,Mud Hens,INT,117,3B,Third Base,SS,24,430,150,170,0,1,0.28400000000000003,35,7,5,48,1742,4.051,0.128,0.24200000000000002,0.033,0.529,0.17700000000000002,3,2,66,874,290,264,24,15,74,21,1,40,23,103,105,54,19,2,14,104,55,2,85,0.232,367,0.34199999999999997,0.40900000000000003,0.751,4,6,0.6,0.4,5,47,0.7,0,26.21,2022,117,International League,Triple-A,663478-2022-117
2022,680737,Michael Helman,player,35,Michael Helman,Michael,Helman,Michael,M Helman,1960,STP,St. Paul Saints,Saints,INT,117,2B,Second Base,CF,26,415,153,157,0,4,0.281,32,3,3,44,1614,3.889,0.096,0.193,0.034,0.5,0.166,6,0,66,779,182,292,30,15,89,23,1,41,27,96,111,67,17,1,14,80,40,0,92,0.25,368,0.325,0.41600000000000004,0.741,5,30,0.8570000000000001,0.14300000000000002,3,40,0.8,0,26.29,2022,117,International League,Triple-A,680737-2022-117
2022,650339,Jermaine Palacios,player,35,Jermaine Palacios,Jermaine,Palacios,Jermaine,J Palacios,1960,STP,St. Paul Saints,Saints,INT,117,SS,Shortstop,SS,25,428,181,189,0,1,0.35,42,1,11,64,1694,3.9579999999999997,0.079,0.23800000000000002,0.033,0.33299999999999996,0.17900000000000002,4,2,55,843,250,291,7,11,107,21,1,47,42,102,73,70,28,0,14,102,34,0,111,0.28300000000000003,392,0.34099999999999997,0.462,0.803,9,12,0.5710000000000001,0.42900000000000005,11,60,1.47,0,28,2022,117,International League,Triple-A,650339-2022-117
2022,676625,Rylan Bannon,player,39,Rylan Bannon,Rylan,Bannon,Rylan,R Bannon,431,GWN,Gwinnett Stripers,Stripers,INT,117,3B,Third Base,3B,26,411,144,178,0,3,0.31,32,7,11,55,1762,4.287,0.14400000000000002,0.24300000000000002,0.032,0.59,0.17300000000000001,2,0,48,716,176,245,23,17,72,18,0,43,24,99,88,57,18,1,13,100,59,0,85,0.24900000000000003,342,0.367,0.42100000000000004,0.7879999999999999,1,10,0.909,0.091,11,77,0.8200000000000001,0,26.310000000000002,2022,117,International League,Triple-A,676625-2022-117
2022,666164,Blake Rutherford,player,39,Blake Rutherford,Blake,Rutherford,Blake,B Rutherford,494,CLT,Charlotte Knights,Knights,INT,117,LF,Outfielder,LF,25,467,188,199,0,2,0.315,41,5,9,69,1569,3.36,0.045,0.195,0.028,0.231,0.15700000000000003,5,1,51,916,248,350,31,24,125,24,0,58,37,116,106,57,26,2,13,91,21,1,119,0.271,439,0.31,0.42800000000000005,0.738,5,8,0.615,0.385,9,58,1.1800000000000002,0,33.77,2022,117,International League,Triple-A,666164-2022-117
2022,668930,Brice Turang,player,39,Brice Turang,Brice,Turang,Brice,B Turang,556,NAS,Nashville Sounds,Sounds,INT,117,SS,Shortstop,2B,22,603,219,240,0,6,0.34199999999999997,39,0,11,85,2442,4.05,0.10800000000000001,0.196,0.022,0.551,0.126,4,1,88,1054,223,420,17,21,142,20,1,75,56,131,126,89,24,2,13,118,65,0,152,0.28600000000000003,532,0.36,0.41200000000000003,0.772,2,34,0.9440000000000001,0.056,11,78,1.1300000000000001,0,40.92,2022,117,International League,Triple-A,668930-2022-117
2022,669008,Ronnie Dawson,player,42,Ronnie Dawson,Ronnie,Dawson,Ronnie,R Dawson,416,LOU,Louisville Bats,Bats,INT,117,LF,Outfielder,LF,27,448,155,194,0,2,0.324,34,11,7,54,1793,4.002,0.094,0.25,0.025,0.375,0.14200000000000002,2,0,56,928,253,283,15,12,101,20,0,46,33,116,83,58,23,0,11,112,42,1,99,0.252,393,0.33899999999999997,0.394,0.733,3,11,0.7859999999999999,0.21400000000000002,7,43,1.22,0,35.730000000000004,2022,117,International League,Triple-A,669008-2022-117
2022,664770,Nathan Lukes,player,42,Nathan Lukes,Nathan,Lukes,Nathan,N Lukes,422,BUF,Buffalo Bisons,Bisons,INT,117,CF,Outfielder,RF,27,484,182,174,0,2,0.33599999999999997,37,7,15,78,1764,3.645,0.097,0.184,0.023,0.528,0.14,2,1,59,892,174,341,9,30,121,15,0,62,45,111,98,62,25,1,11,89,47,3,122,0.28500000000000003,428,0.364,0.42500000000000004,0.7889999999999999,3,20,0.8700000000000001,0.13,15,61,1.23,0,38.91,2022,117,International League,Triple-A,664770-2022-117
2022,578570,Juniel Querecuto,player,42,Juniel Querecuto,Juniel,Querecuto,Juniel,J Querecuto,416,LOU,Louisville Bats,Bats,INT,117,SS,Shortstop,3B,29,432,166,173,0,3,0.29400000000000004,40,2,12,59,1746,4.042,0.067,0.185,0.025,0.363,0.161,1,1,82,876,194,321,13,13,111,26,0,51,25,108,108,52,27,2,11,80,29,0,102,0.256,398,0.308,0.41700000000000004,0.725,5,10,0.6669999999999999,0.33299999999999996,12,34,1.03,0,36.18,2022,117,International League,Triple-A,578570-2022-117
2022,622569,Pablo Reyes,player,42,Pablo Reyes,Pablo,Reyes,Pablo,P Reyes,556,NAS,Nashville Sounds,Sounds,INT,117,2B,Second Base,OF,28,432,169,184,1,1,0.305,40,6,7,70,1753,4.058,0.09,0.15500000000000003,0.025,0.582,0.166,2,0,61,748,151,320,33,32,89,18,0,60,27,99,126,63,27,2,11,67,39,0,105,0.273,385,0.348,0.43900000000000006,0.7869999999999999,7,15,0.6819999999999999,0.318,7,59,0.71,0,35,2022,117,International League,Triple-A,622569-2022-117
2022,670298,Kramer Robertson,player,42,Kramer Robertson,Kramer,Robertson,Kramer,K Robertson,235,MEM,Memphis Redbirds,Redbirds,INT,117,SS,Shortstop,2B,27,514,149,182,0,0,0.29400000000000004,28,20,11,61,2205,4.29,0.163,0.2,0.021,0.8160000000000001,0.12400000000000001,4,1,44,789,194,307,20,15,130,15,0,46,37,116,79,81,16,1,11,103,84,0,98,0.23900000000000002,410,0.393,0.363,0.756,8,30,0.7889999999999999,0.21100000000000002,11,47,1.6500000000000001,0,37.27,2022,117,International League,Triple-A,670298-2022-117
2022,655996,Cristian Santana,player,42,Cristian Santana,Cristian,Santana,Cristian,C Santana,416,LOU,Louisville Bats,Bats,INT,117,3B,Third Base,3B,25,504,179,214,0,7,0.33099999999999996,33,5,14,74,2014,3.9959999999999996,0.06899999999999999,0.222,0.022,0.313,0.12000000000000001,4,1,72,973,294,352,16,22,118,20,1,53,50,121,110,49,22,0,11,112,35,0,124,0.271,457,0.325,0.392,0.717,4,1,0.2,0.8,14,67,1.07,0,41.54,2022,117,International League,Triple-A,655996-2022-117
2022,670097,Zack Short,player,42,Zack Short,Zachary,Short,Zack,Z Short,512,TOL,Toledo Mud Hens,Mud Hens,INT,117,SS,Shortstop,SS,27,559,171,183,1,6,0.308,43,5,6,58,2374,4.247,0.15700000000000003,0.267,0.02,0.591,0.14400000000000002,11,0,85,931,265,317,28,11,88,25,1,47,32,128,124,79,31,1,11,149,88,2,105,0.229,459,0.355,0.373,0.728,5,11,0.688,0.313,6,60,0.71,0,41.730000000000004,2022,117,International League,Triple-A,670097-2022-117
2022,664051,Mitchell Tolman,player,42,Mitchell Tolman,Mitchell,Tolman,Mitchell,M Tolman,445,COL,Columbus Clippers,Clippers,INT,117,2B,Second Base,2B,28,423,152,160,5,3,0.29800000000000004,38,7,5,54,1793,4.239000000000001,0.116,0.201,0.026000000000000002,0.5760000000000001,0.17300000000000001,3,1,48,789,195,281,15,17,111,22,0,45,23,112,80,57,25,2,11,85,49,1,90,0.251,358,0.35,0.42500000000000004,0.775,2,6,0.75,0.25,5,49,1.3900000000000001,1,32.54,2022,117,International League,Triple-A,664051-2022-117
2022,642197,Jamie Westbrook,player,42,Jamie Westbrook,Jamie,Westbrook,Jamie,J Westbrook,512,TOL,Toledo Mud Hens,Mud Hens,INT,117,DH,Designated Hitter,2B,27,511,164,204,0,4,0.28700000000000003,33,14,7,63,1931,3.779,0.10600000000000001,0.15700000000000003,0.022,0.6749999999999999,0.128,12,1,64,958,239,353,34,19,127,27,0,54,28,123,117,58,22,0,11,80,54,3,109,0.254,429,0.353,0.382,0.735,2,1,0.33299999999999996,0.6669999999999999,7,48,1.09,10,39,2022,117,International League,Triple-A,642197-2022-117
2022,642215,Weston Wilson,player,42,Weston Wilson,Weston,Wilson,Weston,W Wilson,556,NAS,Nashville Sounds,Sounds,INT,117,3B,Third Base,3B,27,462,149,234,0,4,0.302,32,3,8,57,1878,4.0649999999999995,0.084,0.28400000000000003,0.024,0.29800000000000004,0.13,7,0,60,897,261,289,22,16,96,22,1,44,28,118,98,63,21,0,11,131,39,0,95,0.228,416,0.29700000000000004,0.358,0.655,4,17,0.81,0.19,8,54,0.98,0,37.82,2022,117,International League,Triple-A,642215-2022-117
2022,663662,Daz Cameron,player,52,Daz Cameron,Dazmon,Cameron,Daz,D Cameron,512,TOL,Toledo Mud Hens,Mud Hens,INT,117,CF,Outfielder,RF,25,430,150,179,0,5,0.322,36,5,5,53,1724,4.009,0.08600000000000001,0.28600000000000003,0.023,0.301,0.15100000000000002,3,2,69,793,215,265,21,13,70,20,0,44,28,98,103,56,24,2,10,123,37,0,92,0.24000000000000002,383,0.312,0.392,0.704,4,19,0.8260000000000001,0.17400000000000002,5,50,0.6799999999999999,0,38.3,2022,117,International League,Triple-A,663662-2022-117
2022,666137,Khalil Lee,player,52,Khalil Lee,Khalil,Lee,Khalil,K Lee,552,SYR,Syracuse Mets,Mets,INT,117,CF,Outfielder,CF,24,418,130,157,0,1,0.314,35,14,4,40,1710,4.091,0.112,0.33299999999999996,0.024,0.33799999999999997,0.15500000000000003,4,0,42,779,263,217,12,11,77,16,0,33,26,100,65,48,25,0,10,139,47,0,75,0.21100000000000002,355,0.326,0.366,0.692,3,14,0.8240000000000001,0.17600000000000002,4,37,1.1800000000000002,1,35.5,2022,117,International League,Triple-A,666137-2022-117
2022,669738,Jake Noll,player,52,Jake Noll,Jacob,Noll,Jake,J Noll,534,ROC,Rochester Red Wings,Red Wings,INT,117,2B,Second Base,2B,28,423,162,177,0,3,0.29400000000000004,39,10,9,62,1491,3.525,0.047,0.182,0.024,0.26,0.15900000000000003,5,1,66,862,251,316,35,16,99,19,0,53,28,103,117,48,26,3,10,77,20,1,100,0.256,390,0.307,0.41500000000000004,0.722,0,6,1,0,9,53,0.8500000000000001,0,39,2022,117,International League,Triple-A,669738-2022-117
2022,605486,Cory Spangenberg,player,52,Cory Spangenberg,Cory,Spangenberg,Cory,C Spangenberg,235,MEM,Memphis Redbirds,Redbirds,INT,117,3B,Third Base,2B,31,414,147,166,0,2,0.33499999999999996,32,3,4,50,1617,3.9059999999999997,0.065,0.326,0.024,0.2,0.14900000000000002,3,0,41,824,268,249,12,15,91,19,1,43,27,106,68,53,17,5,10,135,27,0,90,0.23600000000000002,382,0.29000000000000004,0.385,0.6749999999999999,3,14,0.8240000000000001,0.17600000000000002,4,42,1.34,0,38.2,2022,117,International League,Triple-A,605486-2022-117
2022,642162,Pat Valaika,player,52,Pat Valaika,Patrick,Valaika,Pat,P Valaika,431,GWN,Gwinnett Stripers,Stripers,INT,117,2B,Second Base,SS,29,466,155,198,0,6,0.28700000000000003,33,1,10,73,1721,3.693,0.082,0.20600000000000002,0.021,0.396,0.126,9,1,76,880,232,331,35,23,95,19,2,58,23,114,134,51,23,0,10,96,38,0,102,0.24200000000000002,421,0.303,0.368,0.6709999999999999,1,2,0.6669999999999999,0.33299999999999996,10,54,0.71,0,42.1,2022,117,International League,Triple-A,642162-2022-117
2022,686823,Will Brennan,player,57,Will Brennan,William,Brennan,Will,W Brennan,445,COL,Columbus Clippers,Clippers,INT,117,CF,Outfielder,LF,24,433,185,164,0,5,0.34199999999999997,40,2,7,72,1563,3.61,0.07600000000000001,0.12200000000000001,0.021,0.623,0.15500000000000003,5,0,66,788,147,345,18,21,116,20,0,60,44,93,105,53,28,3,9,53,33,0,124,0.316,393,0.367,0.47100000000000003,0.8380000000000001,1,15,0.9380000000000001,0.063,7,68,1.1,0,43.67,2022,117,International League,Triple-A,686823-2022-117
2022,641512,Ben DeLuzio,player,57,Ben DeLuzio,Benjamin,DeLuzio,Ben,B DeLuzio,235,MEM,Memphis Redbirds,Redbirds,INT,117,CF,Outfielder,CF,27,408,156,148,0,1,0.347,31,7,5,48,1567,3.8409999999999997,0.088,0.223,0.022,0.396,0.15100000000000002,3,0,44,734,193,274,23,12,93,19,5,46,31,94,79,60,16,6,9,91,36,0,101,0.277,364,0.353,0.42900000000000005,0.7819999999999999,6,30,0.8330000000000001,0.167,5,49,1.1800000000000002,0,40.44,2022,117,International League,Triple-A,641512-2022-117
2022,687867,Clay Dungan,player,57,Clay Dungan,Anthony,Dungan,Clay,C Dungan,541,OMA,Omaha Storm Chasers,Storm Chasers,INT,117,2B,Second Base,2B,26,515,151,200,2,4,0.24500000000000002,35,10,7,76,1963,3.8119999999999994,0.091,0.194,0.017,0.47000000000000003,0.126,6,0,97,858,175,358,30,17,120,26,1,38,29,127,144,64,22,4,9,100,47,0,94,0.20800000000000002,452,0.29400000000000004,0.33399999999999996,0.628,2,17,0.895,0.10500000000000001,7,52,0.8300000000000001,0,50.220000000000006,2022,117,International League,Triple-A,687867-2022-117
2022,640460,Dustin Peterson,player,57,Dustin Peterson,Dustin,Peterson,Dustin,D Peterson,1410,LHV,Lehigh Valley IronPigs,IronPigs,INT,117,RF,Outfielder,LF,27,448,151,195,0,1,0.303,34,3,15,48,1709,3.8149999999999995,0.098,0.228,0.02,0.43100000000000005,0.135,5,0,59,760,198,299,20,14,108,24,0,36,37,105,93,50,23,2,9,102,44,2,97,0.24300000000000002,400,0.321,0.378,0.699,2,6,0.75,0.25,15,47,1.1600000000000001,0,44.44,2022,117,International League,Triple-A,640460-2022-117
2022,621545,Zach Remillard,player,57,Zach Remillard,Zachary,Remillard,Zach,Z Remillard,494,CLT,Charlotte Knights,Knights,INT,117,SS,Shortstop,2B,28,491,167,152,3,5,0.354,30,8,6,57,1919,3.908,0.116,0.222,0.018000000000000002,0.523,0.12000000000000001,3,1,62,889,222,317,20,20,98,16,0,62,39,131,102,83,19,2,9,109,57,0,117,0.28,418,0.373,0.4,0.773,7,19,0.731,0.269,6,52,0.96,0,46.44,2022,117,International League,Triple-A,621545-2022-117
2022,680552,Travis Swaggerty,player,57,Travis Swaggerty,Travis,Swaggerty,Travis,T Swaggerty,484,IND,Indianapolis Indians,Indians,INT,117,CF,Outfielder,OF,24,458,159,155,1,1,0.33699999999999997,32,1,1,57,1759,3.8409999999999997,0.12400000000000001,0.255,0.02,0.48700000000000004,0.14600000000000002,3,1,44,816,258,283,16,16,106,26,0,37,38,107,76,55,15,8,9,117,57,0,101,0.254,398,0.348,0.399,0.747,5,20,0.8,0.2,1,55,1.3900000000000001,0,44.220000000000006,2022,117,International League,Triple-A,680552-2022-117
2022,678225,Ji Hwan Bae,player,63,Ji Hwan Bae,Ji Hwan,Bae,Ji Hwan,J Bae,484,IND,Indianapolis Indians,Indians,INT,117,2B,Second Base,CF,22,473,180,179,1,3,0.33799999999999997,37,2,5,63,1804,3.8139999999999996,0.101,0.169,0.017,0.6,0.14100000000000001,11,0,71,875,157,343,13,18,120,22,1,45,53,108,102,81,23,6,8,80,48,1,121,0.28900000000000003,419,0.362,0.43000000000000005,0.7919999999999999,8,30,0.7889999999999999,0.21100000000000002,5,53,1.1800000000000002,0,52.379999999999995,2022,117,International League,Triple-A,678225-2022-117
2022,624417,Bryson Brigman,player,63,Bryson Brigman,Bryson,Brigman,Bryson,B Brigman,564,JAX,Jacksonville Jumbo Shrimp,Jumbo Shrimp,INT,117,2B,Second Base,SS,27,413,141,182,1,3,0.308,26,5,11,56,1532,3.709,0.053000000000000005,0.22,0.019,0.24200000000000002,0.118,7,0,55,760,194,295,20,16,108,16,1,36,43,105,91,54,15,3,8,91,22,1,96,0.251,382,0.29900000000000004,0.369,0.6679999999999999,3,9,0.75,0.25,11,38,1.1900000000000002,0,47.75,2022,117,International League,Triple-A,624417-2022-117
2022,675925,Cullen Large,player,65,Cullen Large,Cullen,Large,Cullen,C Large,422,BUF,Buffalo Bisons,Bisons,INT,117,RF,Outfielder,2B,26,468,150,220,0,2,0.326,34,7,9,66,1869,3.9939999999999998,0.10300000000000001,0.271,0.015,0.378,0.127,4,1,62,873,239,286,12,18,96,18,1,43,36,119,92,43,23,4,7,127,48,1,98,0.23800000000000002,411,0.327,0.365,0.692,1,7,0.8750000000000001,0.125,9,52,1.04,0,58.71,2022,117,International League,Triple-A,675925-2022-117
2022,675649,Brian Miller,player,65,Brian Miller,Brian,Miller,Brian,B Miller,564,JAX,Jacksonville Jumbo Shrimp,Jumbo Shrimp,INT,117,LF,Outfielder,OF,26,452,177,129,2,4,0.34099999999999997,35,1,2,45,1656,3.664,0.082,0.17,0.015,0.48100000000000004,0.14200000000000002,6,0,62,808,177,337,22,16,118,29,1,49,40,108,100,67,19,9,7,77,37,0,119,0.29200000000000004,408,0.349,0.43400000000000005,0.7829999999999999,6,26,0.8130000000000001,0.188,2,45,1.1800000000000002,0,58.290000000000006,2022,117,International League,Triple-A,675649-2022-117
2022,622668,Ivan Castillo,player,67,Ivan Castillo,Ivan,Castillo,Ivan,I Castillo,541,OMA,Omaha Storm Chasers,Storm Chasers,INT,117,SS,Shortstop,2B,27,447,136,171,3,4,0.264,29,3,8,60,1627,3.64,0.101,0.119,0.013000000000000001,0.8490000000000001,0.10500000000000001,5,0,89,786,137,346,27,22,113,19,0,41,35,113,138,58,23,0,6,53,45,1,95,0.24200000000000002,392,0.322,0.347,0.6689999999999999,4,9,0.692,0.308,8,37,0.8200000000000001,0,65.33,2022,117,International League,Triple-A,622668-2022-117
2022,661411,Lorenzo Cedrola,player,68,Lorenzo Cedrola,Lorenzo,Cedrola,Lorenzo,L Cedrola,416,LOU,Louisville Bats,Bats,INT,117,CF,Outfielder,CF,24,504,169,176,2,2,0.316,29,12,7,75,1707,3.387,0.026000000000000002,0.167,0.008,0.15500000000000003,0.088,3,0,86,985,210,395,31,20,131,16,1,58,52,124,137,64,20,5,4,84,13,0,127,0.267,475,0.303,0.356,0.659,6,15,0.714,0.28600000000000003,7,41,0.96,0,118.75,2022,117,International League,Triple-A,661411-2022-117
2022,656734,Evan Mendoza,player,68,Evan Mendoza,Evan,Mendoza,Evan,E Mendoza,235,MEM,Memphis Redbirds,Redbirds,INT,117,SS,Shortstop,3B,26,421,117,176,1,3,0.281,20,1,10,60,1674,3.9759999999999995,0.133,0.133,0.01,1,0.07800000000000001,4,0,80,758,129,308,21,24,94,10,2,53,24,109,125,56,16,0,4,56,56,0,89,0.24700000000000003,360,0.348,0.325,0.6729999999999999,4,17,0.81,0.19,10,29,0.75,0,90,2022,117,International League,Triple-A,656734-2022-117
2022,677954,Jordan Groshans,player,70,Jordan Groshans,Jordan,Groshans,Jordan,J Groshans,564,JAX,Jacksonville Jumbo Shrimp,Jumbo Shrimp,INT,117,3B,Third Base,SS,22,412,118,158,0,3,0.316,18,2,6,55,1583,3.8419999999999996,0.131,0.15800000000000003,0.007,0.8310000000000001,0.068,4,0,66,684,146,291,11,19,101,13,0,56,25,98,96,44,15,0,3,65,54,0,94,0.266,353,0.364,0.33399999999999996,0.698,0,3,1,0,6,34,1.05,0,117.66999999999999,2022,117,International League,Triple-A,677954-2022-117
2022,691503,Yolbert Sanchez,player,70,Yolbert Sanchez,Yolbert,Sanchez,Yolbert,Y Sanchez,494,CLT,Charlotte Knights,Knights,INT,117,2B,Second Base,SS,25,479,151,191,1,3,0.325,20,3,14,76,1680,3.507,0.056,0.14800000000000002,0.006,0.38,0.061,12,1,51,869,165,376,12,33,156,14,0,66,44,113,96,44,16,1,3,71,27,0,124,0.28,443,0.324,0.34099999999999997,0.6649999999999999,9,11,0.55,0.45,14,40,1.6300000000000001,2,147.67,2022,117,International League,Triple-A,691503-2022-117
2022,592261,Delino DeShields,player,72,Delino DeShields,Delino,DeShields,Delino,D DeShields,431,GWN,Gwinnett Stripers,Stripers,INT,117,CF,Outfielder,CF,29,426,89,121,4,4,0.326,13,4,4,46,1758,4.126999999999999,0.181,0.272,0.002,0.6639999999999999,0.045,3,1,50,689,206,229,15,13,77,10,1,27,36,109,78,61,12,0,1,116,77,0,74,0.22,337,0.367,0.264,0.631,11,35,0.761,0.23900000000000002,4,26,0.99,0,337,2022,117,International League,Triple-A,592261-2022-117
2022,691016,Tyler Soderstrom,player,1,Tyler Soderstrom,Tyler,Soderstrom,Tyler,T Soderstrom,499,LAN,Lansing Lugnuts,Lugnuts,MID,118,1B,First Base,LF,20,371,172,151,0,3,0.306,42,4,10,45,1421,3.8299999999999996,0.07800000000000001,0.267,0.054000000000000006,0.29300000000000004,0.254,4,2,42,677,186,239,13,19,78,34,0,23,30,89,74,47,19,3,20,99,29,1,87,0.26,335,0.323,0.513,0.8360000000000001,0,0,,,10,71,1.05,0,16.75,2022,118,Midwest League,High-A,691016-2022-118
2022,678413,Alexfri Planez,player,2,Alexfri Planez,Alexfri,Planez,Alexfri,A Planez,437,LC,Lake County Captains,Captains,MID,118,RF,Outfielder,OF,20,371,165,162,0,4,0.281,40,4,8,61,1331,3.588,0.043000000000000003,0.24000000000000002,0.051000000000000004,0.18,0.225,4,0,47,749,221,261,31,10,86,21,1,39,26,89,88,50,21,0,19,89,16,1,87,0.251,346,0.28900000000000003,0.47700000000000004,0.766,1,7,0.8750000000000001,0.125,8,63,0.98,1,18.21,2022,118,Midwest League,High-A,678413-2022-118
2022,682947,Jose Ramos,player,2,Jose Ramos,Jose,Ramos,Jose,J Ramos,456,GL,Great Lakes Loons,Loons,MID,118,CF,Outfielder,CF,21,407,169,198,0,1,0.322,41,5,10,62,1597,3.924,0.096,0.327,0.047,0.29300000000000004,0.227,3,0,48,770,290,230,12,7,76,38,1,31,17,95,67,63,19,3,19,133,39,0,87,0.24000000000000002,362,0.322,0.467,0.7889999999999999,0,2,1,0,10,74,1.1300000000000001,0,19.05,2022,118,Midwest League,High-A,682947-2022-118
2022,683172,Joe Naranjo,player,4,Joe Naranjo,Joseph,Naranjo,Joe,J Naranjo,437,LC,Lake County Captains,Captains,MID,118,1B,First Base,1B,21,514,176,178,0,2,0.29500000000000004,37,5,9,62,2139,4.161,0.16,0.255,0.034999999999999996,0.626,0.17900000000000002,4,0,69,908,271,296,21,15,91,35,1,39,25,119,105,72,16,3,18,131,82,2,100,0.23500000000000001,425,0.364,0.41400000000000003,0.778,0,6,1,0,9,59,0.8700000000000001,0,23.610000000000003,2022,118,Midwest League,High-A,683172-2022-118
2022,676002,Juan Carlos Negret,player,4,Juan Carlos Negret,Juan,Negret,Juan Carlos,J Negret,565,QC,Quad Cities River Bandits,River Bandits,MID,118,RF,Outfielder,CF,23,377,145,177,0,9,0.24300000000000002,35,4,5,49,1395,3.7,0.093,0.24900000000000003,0.048,0.372,0.21900000000000003,7,0,56,714,238,244,48,12,55,29,0,31,13,91,116,43,16,1,18,94,35,0,73,0.222,329,0.29700000000000004,0.441,0.738,0,1,1,0,5,68,0.47000000000000003,0,18.279999999999998,2022,118,Midwest League,High-A,676002-2022-118
2022,677673,Imanol Vargas,player,4,Imanol Vargas,Imanol,Vargas,Imanol,I Vargas,456,GL,Great Lakes Loons,Loons,MID,118,1B,First Base,OF,24,470,178,171,0,1,0.384,39,8,8,57,2010,4.277,0.17,0.309,0.038,0.552,0.199,5,1,43,815,294,237,21,8,63,39,1,37,25,116,72,65,20,1,18,145,80,0,102,0.268,381,0.404,0.467,0.8710000000000001,0,5,1,0,8,63,0.88,0,21.17,2022,118,Midwest League,High-A,677673-2022-118
2022,680799,Seth Gray,player,7,Seth Gray,Seth,Gray,Seth,S Gray,492,CR,Cedar Rapids Kernels,Kernels,MID,118,3B,Third Base,3B,24,480,166,191,0,1,0.348,31,16,7,54,1891,3.94,0.096,0.323,0.033,0.29700000000000004,0.15300000000000002,4,0,50,922,334,263,13,11,87,41,1,32,28,113,74,61,14,1,16,155,46,1,102,0.24500000000000002,417,0.34199999999999997,0.398,0.74,5,13,0.722,0.278,7,67,1.1800000000000002,0,26.06,2022,118,Midwest League,High-A,680799-2022-118
2022,686770,Dillan Shrum,player,7,Dillan Shrum,Dillan,Shrum,Dillan,D Shrum,565,QC,Quad Cities River Bandits,River Bandits,MID,118,1B,First Base,1B,24,383,146,149,0,3,0.34299999999999997,39,17,4,41,1627,4.248,0.136,0.33699999999999997,0.042,0.403,0.232,1,2,48,682,237,185,15,4,44,32,1,23,18,97,67,44,22,1,16,129,52,0,74,0.23800000000000002,311,0.373,0.46900000000000003,0.8420000000000001,0,1,1,0,4,54,0.6599999999999999,0,19.439999999999998,2022,118,Midwest League,High-A,686770-2022-118
2022,669336,Joe Gray Jr.,player,9,Joe Gray Jr.,Joseph,Gray Jr.,Joe,J Gray Jr.,572,WIS,Wisconsin Timber Rattlers,Timber Rattlers,MID,118,RF,Outfielder,OF,22,527,163,227,0,7,0.267,40,7,7,70,2149,4.078,0.097,0.33599999999999997,0.028,0.28800000000000003,0.16,5,0,66,1055,401,292,36,14,87,27,1,42,19,123,116,58,21,4,15,177,51,0,89,0.193,462,0.279,0.353,0.632,2,17,0.895,0.10500000000000001,7,54,0.75,0,30.8,2022,118,Midwest League,High-A,669336-2022-118
2022,678760,Eddys Leonard,player,9,Eddys Leonard,Eddys,Leonard,Eddys,E Leonard,456,GL,Great Lakes Loons,Loons,MID,118,SS,Shortstop,SS,21,566,216,171,0,4,0.317,51,21,6,68,1979,3.4959999999999996,0.08,0.21000000000000002,0.027,0.378,0.171,6,0,75,1037,291,381,42,15,118,31,3,53,44,127,132,80,32,4,15,119,45,0,131,0.264,496,0.348,0.43500000000000005,0.7829999999999999,4,4,0.5,0.5,6,61,0.89,0,33.07,2022,118,Midwest League,High-A,678760-2022-118
2022,685087,Jordan Nwogu,player,9,Jordan Nwogu,Jordan,Nwogu,Jordan,J Nwogu,550,SB,South Bend Cubs,Cubs,MID,118,CF,Outfielder,OF,23,378,162,159,0,4,0.317,39,12,4,45,1453,3.844,0.098,0.23800000000000002,0.04,0.41100000000000003,0.234,5,0,54,729,213,239,21,10,68,33,0,27,26,88,85,59,17,7,15,90,37,0,86,0.265,325,0.357,0.498,0.8550000000000001,6,19,0.76,0.24000000000000002,4,51,0.8,0,21.67,2022,118,Midwest League,High-A,685087-2022-118
2022,686523,Peyton Wilson,player,12,Peyton Wilson,Peyton,Wilson,Peyton,P Wilson,565,QC,Quad Cities River Bandits,River Bandits,MID,118,2B,Second Base,2B,22,390,155,129,0,1,0.33499999999999996,33,8,1,35,1509,3.8689999999999998,0.10500000000000001,0.24900000000000003,0.036,0.42300000000000004,0.188,5,0,42,741,211,244,17,11,83,25,0,33,33,88,70,60,16,3,14,97,41,0,91,0.268,340,0.359,0.456,0.8150000000000001,2,23,0.92,0.08,1,44,1.1900000000000002,0,24.29,2022,118,Midwest League,High-A,686523-2022-118
2022,687724,Jake Holton,player,13,Jake Holton,Jake,Holton,Jake,J Holton,582,WM,West Michigan Whitecaps,Whitecaps,MID,118,1B,First Base,1B,24,470,164,190,0,2,0.306,35,15,18,78,1900,4.043,0.15100000000000002,0.183,0.028,0.8260000000000001,0.168,4,3,54,760,161,297,14,12,117,25,1,41,33,109,80,67,19,3,13,86,71,0,100,0.262,381,0.397,0.43000000000000005,0.8270000000000001,5,5,0.5,0.5,18,69,1.46,1,29.310000000000002,2022,118,Midwest League,High-A,687724-2022-118
2022,695292,L.J. Jones,player,13,L.J. Jones,Leonard,Jones,L.J.,L Jones,443,PEO,Peoria Chiefs,Chiefs,MID,118,DH,Designated Hitter,OF,23,440,177,190,1,4,0.305,47,10,12,62,1567,3.561,0.07,0.20500000000000002,0.03,0.344,0.188,9,0,55,797,231,309,34,7,110,29,0,29,45,102,96,48,33,1,13,90,31,1,103,0.261,394,0.328,0.449,0.777,1,2,0.6669999999999999,0.33299999999999996,12,64,1.1500000000000001,0,30.310000000000002,2022,118,Midwest League,High-A,695292-2022-118
2022,681357,Cody Morissette,player,13,Cody Morissette,Cody,Morissette,Cody,C Morissette,554,BEL,Beloit Sky Carp,Sky Carp,MID,118,2B,Second Base,SS,22,379,134,145,0,3,0.275,30,7,4,38,1476,3.8939999999999997,0.08700000000000001,0.23700000000000002,0.034,0.367,0.167,1,2,65,653,172,249,24,9,73,23,0,40,15,84,98,48,17,0,13,90,33,0,78,0.232,336,0.311,0.399,0.71,1,4,0.8,0.2,4,51,0.74,0,25.85,2022,118,Midwest League,High-A,681357-2022-118
2022,682818,Yohendrick Piñango,player,13,Yohendrick Piñango,Yohendrick,Pinango,Yohendrick,Y Piñango,550,SB,South Bend Cubs,Cubs,MID,118,LF,Outfielder,LF,20,495,183,181,0,0,0.28400000000000003,39,1,11,62,1862,3.762,0.061,0.17800000000000002,0.026000000000000002,0.34099999999999997,0.14400000000000002,8,1,74,1001,213,376,33,18,135,32,0,45,39,115,125,65,24,2,13,88,30,0,116,0.25,464,0.29700000000000004,0.394,0.691,1,14,0.933,0.067,11,63,1.08,0,35.690000000000005,2022,118,Midwest League,High-A,682818-2022-118
2022,686958,Jose Torres,player,13,Jose Torres,Jose,Torres,Jose,J Torres,459,DAY,Dayton Dragons,Dragons,MID,118,2B,Second Base,SS,22,437,150,195,0,7,0.29100000000000004,29,4,5,54,1664,3.808,0.064,0.265,0.03,0.24100000000000002,0.14400000000000002,11,0,54,917,277,288,42,20,79,31,2,38,22,107,116,53,14,2,13,116,28,1,93,0.234,397,0.28700000000000003,0.378,0.6649999999999999,4,26,0.8670000000000001,0.133,5,46,0.6799999999999999,1,30.54,2022,118,Midwest League,High-A,686958-2022-118
2022,668860,Kale Emshoff,player,18,Kale Emshoff,Kale,Emshoff,Kale,K Emshoff,565,QC,Quad Cities River Bandits,River Bandits,MID,118,C,Catcher,C,24,415,136,223,0,4,0.33699999999999997,31,11,3,49,1705,4.108,0.094,0.357,0.028999999999999998,0.264,0.15200000000000002,3,0,54,853,351,217,29,15,38,25,0,38,18,100,98,40,19,0,12,148,39,1,81,0.224,361,0.316,0.377,0.693,2,2,0.5,0.5,3,46,0.39,0,30.08,2022,118,Midwest League,High-A,668860-2022-118
2022,665820,Wander Javier,player,18,Wander Javier,Wander,Javier,Wander,W Javier,492,CR,Cedar Rapids Kernels,Kernels,MID,118,SS,Shortstop,SS,23,432,142,211,0,4,0.275,31,6,11,64,1614,3.7359999999999998,0.06899999999999999,0.29900000000000004,0.028,0.233,0.15300000000000002,4,0,58,732,247,267,23,14,90,28,0,31,23,109,95,48,14,5,12,129,30,0,82,0.20900000000000002,392,0.273,0.362,0.635,3,5,0.625,0.375,11,59,0.9500000000000001,0,32.67,2022,118,Midwest League,High-A,665820-2022-118
2022,687152,Darrien Miller,player,18,Darrien Miller,Darrien,Miller,Darrien,D Miller,572,WIS,Wisconsin Timber Rattlers,Timber Rattlers,MID,118,C,Catcher,C,21,381,118,136,2,2,0.267,25,24,5,35,1547,4.06,0.129,0.22,0.031,0.583,0.164,4,0,50,603,135,224,29,8,69,21,0,27,20,89,87,58,12,1,12,84,49,0,68,0.224,304,0.372,0.388,0.76,1,6,0.8570000000000001,0.14300000000000002,5,40,0.7899999999999999,0,25.330000000000002,2022,118,Midwest League,High-A,687152-2022-118
2022,683357,Owen Caissie,player,21,Owen Caissie,Owen,Caissie,Owen,O Caissie,550,SB,South Bend Cubs,Cubs,MID,118,RF,Outfielder,RF,19,433,152,156,0,0,0.35,33,5,6,46,1709,3.947,0.115,0.28600000000000003,0.025,0.403,0.14800000000000002,7,1,50,767,230,254,18,4,86,26,1,32,37,105,72,57,21,1,11,124,50,0,96,0.254,378,0.349,0.402,0.751,6,11,0.647,0.353,6,58,1.1900000000000002,0,34.36,2022,118,Midwest League,High-A,683357-2022-118
2022,668698,Todd Lott,player,21,Todd Lott,James,Lott,Todd,T Lott,443,PEO,Peoria Chiefs,Chiefs,MID,118,RF,Outfielder,OF,24,367,142,139,0,2,0.347,31,12,9,39,1357,3.698,0.052000000000000005,0.28900000000000003,0.03,0.17900000000000002,0.165,5,1,49,763,249,230,11,10,73,22,1,34,30,80,70,52,18,2,11,106,19,0,87,0.26,334,0.322,0.42500000000000004,0.747,2,7,0.778,0.222,9,40,1.04,0,30.36,2022,118,Midwest League,High-A,668698-2022-118
2022,676509,Josh Crouch,player,23,Josh Crouch,Joshua,Crouch,Josh,J Crouch,582,WM,West Michigan Whitecaps,Whitecaps,MID,118,C,Catcher,C,23,382,149,156,0,4,0.319,32,5,12,63,1389,3.6359999999999997,0.09899999999999999,0.14700000000000002,0.026000000000000002,0.6789999999999999,0.15500000000000003,3,0,63,743,170,283,22,13,88,24,1,45,27,90,98,43,22,0,10,56,38,0,97,0.29000000000000004,335,0.366,0.445,0.811,0,1,1,0,12,61,0.9,0,33.5,2022,118,Midwest League,High-A,676509-2022-118
2022,677577,Ynmanol Mariñez,player,23,Ynmanol Mariñez,Ynmanol,Marinez,Ynmanol,Y Mariñez,554,BEL,Beloit Sky Carp,Sky Carp,MID,118,3B,Third Base,SS,21,460,160,224,0,2,0.33099999999999996,27,6,15,67,1699,3.693,0.059000000000000004,0.25,0.022,0.23500000000000001,0.118,7,1,59,878,281,312,18,17,108,29,0,38,43,114,94,60,14,3,10,115,27,0,110,0.259,425,0.311,0.376,0.6869999999999999,1,3,0.75,0.25,15,56,1.1500000000000001,0,42.5,2022,118,Midwest League,High-A,677577-2022-118
2022,669442,Alerick Soularie,player,23,Alerick Soularie,Alerick,Soularie,Alerick,A Soularie,492,CR,Cedar Rapids Kernels,Kernels,MID,118,2B,Second Base,OF,22,389,126,158,0,4,0.29800000000000004,28,7,5,42,1463,3.761,0.12300000000000001,0.272,0.026000000000000002,0.453,0.15500000000000003,4,0,55,679,232,228,12,11,75,23,2,31,19,91,78,68,15,3,10,106,48,0,75,0.227,330,0.33399999999999996,0.382,0.716,5,18,0.7829999999999999,0.21700000000000003,5,39,0.96,0,33,2022,118,Midwest League,High-A,669442-2022-118
2022,678218,Brandon Valenzuela,player,23,Brandon Valenzuela,Brandon,Valenzuela,Brandon,B Valenzuela,584,FW,Fort Wayne TinCaps,TinCaps,MID,118,C,Catcher,C,21,413,120,176,0,2,0.256,26,3,8,52,1659,4.0169999999999995,0.15300000000000002,0.23,0.024,0.6629999999999999,0.139,4,0,58,693,185,252,29,14,79,23,1,31,17,99,101,39,14,2,10,95,63,1,72,0.20900000000000002,345,0.33399999999999996,0.348,0.6819999999999999,1,0,0,1,8,47,0.7799999999999999,0,34.5,2022,118,Midwest League,High-A,678218-2022-118
2022,678391,Jorbit Vivas,player,23,Jorbit Vivas,Jorbit,Vivas,Jorbit,J Vivas,456,GL,Great Lakes Loons,Loons,MID,118,2B,Second Base,3B,21,570,192,170,0,6,0.28500000000000003,36,21,3,80,1981,3.4749999999999996,0.111,0.10200000000000001,0.018000000000000002,1.086,0.132,8,0,99,969,165,427,30,23,146,30,0,63,36,128,152,73,19,7,10,58,63,2,129,0.269,479,0.374,0.401,0.775,1,2,0.6669999999999999,0.33299999999999996,3,66,0.96,1,47.9,2022,118,Midwest League,High-A,678391-2022-118
2022,680518,Zavier Warren,player,23,Zavier Warren,Zavier,Warren,Zavier,Z Warren,572,WIS,Wisconsin Timber Rattlers,Timber Rattlers,MID,118,3B,Third Base,1B,23,419,142,162,0,3,0.253,38,6,11,64,1593,3.8019999999999996,0.088,0.193,0.024,0.457,0.161,2,3,63,757,172,295,32,19,99,23,2,40,17,100,114,48,26,2,10,81,37,1,82,0.22,373,0.29800000000000004,0.381,0.6789999999999999,1,6,0.8570000000000001,0.14300000000000002,11,46,0.8700000000000001,0,37.3,2022,118,Midwest League,High-A,680518-2022-118
2022,689750,Jacob Buchberger,player,29,Jacob Buchberger,Jacob,Buchberger,Jacob,J Buchberger,443,PEO,Peoria Chiefs,Chiefs,MID,118,3B,Third Base,3B,24,394,134,155,0,1,0.312,22,2,4,51,1474,3.741,0.10400000000000001,0.20800000000000002,0.023,0.5,0.126,7,0,48,686,197,269,33,12,86,24,0,26,40,94,93,43,9,4,9,82,41,2,90,0.257,350,0.33799999999999997,0.383,0.721,1,16,0.9410000000000001,0.059000000000000004,4,51,0.92,0,38.89,2022,118,Midwest League,High-A,689750-2022-118
2022,678648,Herard Gonzalez,player,29,Herard Gonzalez,Herard,Gonzalez,Herard,H Gonzalez,565,QC,Quad Cities River Bandits,River Bandits,MID,118,2B,Second Base,SS,21,483,147,197,5,4,0.306,25,2,3,65,1934,4.004,0.135,0.23600000000000002,0.019,0.5700000000000001,0.12300000000000001,3,1,54,828,225,302,25,17,109,25,0,40,32,113,96,61,9,7,9,114,65,1,97,0.23800000000000002,407,0.34299999999999997,0.361,0.704,8,14,0.636,0.364,3,61,1.1400000000000001,0,45.220000000000006,2022,118,Midwest League,High-A,678648-2022-118
2022,702315,Bennett Hostetler,player,29,Bennett Hostetler,Bennett,Hostetler,Bennett,B Hostetler,554,BEL,Beloit Sky Carp,Sky Carp,MID,118,C,Catcher,C,24,421,133,172,0,3,0.28,28,16,6,43,1525,3.622,0.07400000000000001,0.21400000000000002,0.021,0.344,0.127,5,1,62,772,220,284,21,13,102,26,0,30,30,101,96,49,18,1,9,90,31,1,86,0.232,371,0.316,0.358,0.6739999999999999,0,3,1,0,6,53,1.06,0,41.220000000000006,2022,118,Midwest League,High-A,702315-2022-118
2022,682621,Gabriel Rodriguez,player,29,Gabriel Rodriguez,Gabriel,Rodriguez,Gabriel,G Rodriguez,437,LC,Lake County Captains,Captains,MID,118,3B,Third Base,SS,20,361,133,174,0,4,0.321,26,3,5,48,1342,3.717,0.094,0.199,0.025,0.47200000000000003,0.14400000000000002,3,2,41,650,182,252,18,13,93,26,0,35,26,94,72,45,15,2,9,72,34,0,87,0.272,320,0.34299999999999997,0.41600000000000004,0.759,2,4,0.6669999999999999,0.33299999999999996,5,38,1.29,0,35.56,2022,118,Midwest League,High-A,682621-2022-118
2022,672537,Dalvy Rosario,player,29,Dalvy Rosario,Dalvy,Rosario,Dalvy,D Rosario,554,BEL,Beloit Sky Carp,Sky Carp,MID,118,3B,Third Base,OF,21,467,162,168,2,7,0.318,32,7,5,53,1646,3.525,0.051000000000000004,0.251,0.019,0.20500000000000002,0.129,4,0,72,897,250,319,40,11,89,27,0,46,34,113,123,56,18,5,9,117,24,0,107,0.251,427,0.29700000000000004,0.379,0.6759999999999999,7,28,0.8,0.2,5,53,0.72,0,47.44,2022,118,Midwest League,High-A,672537-2022-118
2022,669360,Trei Cruz,player,34,Trei Cruz,Trei,Cruz,Trei,T Cruz,582,WM,West Michigan Whitecaps,Whitecaps,MID,118,SS,Shortstop,CF,23,467,141,158,0,5,0.301,31,0,4,58,1795,3.844,0.163,0.23800000000000002,0.017,0.6849999999999999,0.132,5,0,66,767,225,280,19,19,86,20,0,38,32,109,104,63,19,4,8,111,76,1,90,0.233,386,0.355,0.365,0.72,4,15,0.7889999999999999,0.21100000000000002,4,52,0.8300000000000001,0,48.25,2022,118,Midwest League,High-A,669360-2022-118
2022,693459,Kyler Fedko,player,34,Kyler Fedko,Kyler,Fedko,Kyler,K Fedko,492,CR,Cedar Rapids Kernels,Kernels,MID,118,RF,Outfielder,LF,22,366,120,133,0,2,0.269,27,5,6,42,1447,3.9539999999999997,0.10700000000000001,0.189,0.022,0.5650000000000001,0.14400000000000002,1,0,74,614,129,253,15,8,82,19,1,29,25,84,97,54,16,3,8,69,39,0,74,0.231,320,0.322,0.375,0.697,2,9,0.8180000000000001,0.182,6,38,0.8500000000000001,0,40,2022,118,Midwest League,High-A,693459-2022-118
2022,678285,Fabian Pertuz,player,34,Fabian Pertuz,Fabian,Pertuz,Fabian,F Pertuz,550,SB,South Bend Cubs,Cubs,MID,118,SS,Shortstop,SS,21,461,158,197,1,3,0.311,38,8,2,49,1723,3.738,0.048,0.267,0.017,0.17900000000000002,0.133,1,1,72,986,312,308,36,15,84,40,1,31,29,113,123,54,27,3,8,123,22,0,101,0.23700000000000002,427,0.28500000000000003,0.37,0.655,3,13,0.8130000000000001,0.188,2,59,0.6799999999999999,0,53.379999999999995,2022,118,Midwest League,High-A,678285-2022-118
2022,678746,Diego Hernandez,player,37,Diego Hernandez,Diego,Hernandez,Diego,D Hernandez,565,QC,Quad Cities River Bandits,River Bandits,MID,118,CF,Outfielder,OF,21,371,138,135,7,1,0.33699999999999997,28,6,2,44,1289,3.4739999999999998,0.07300000000000001,0.194,0.019,0.375,0.139,2,1,41,704,200,266,12,10,111,13,1,34,44,83,63,55,17,4,7,72,27,0,92,0.279,330,0.34299999999999997,0.41800000000000004,0.761,8,27,0.771,0.229,2,29,1.76,0,47.14,2022,118,Midwest League,High-A,678746-2022-118
2022,686845,Tommy Jew,player,37,Tommy Jew,Thomas,Jew,Tommy,T Jew,443,PEO,Peoria Chiefs,Chiefs,MID,118,CF,Outfielder,CF,24,378,100,184,3,2,0.277,21,3,3,44,1414,3.741,0.10300000000000001,0.317,0.019,0.325,0.109,3,0,60,691,265,216,21,12,59,16,0,19,29,106,93,39,13,1,7,120,39,1,64,0.193,331,0.28300000000000003,0.302,0.585,4,31,0.886,0.114,3,26,0.63,0,47.290000000000006,2022,118,Midwest League,High-A,686845-2022-118
2022,671976,Tristan Peters,player,37,Tristan Peters,Tristan,Peters,Tristan,T Peters,572,WIS,Wisconsin Timber Rattlers,Timber Rattlers,MID,118,LF,Outfielder,CF,22,383,160,115,0,6,0.351,37,2,2,53,1568,4.093999999999999,0.117,0.15900000000000003,0.018000000000000002,0.738,0.17900000000000002,2,0,52,721,154,275,24,10,88,23,0,43,35,90,86,61,22,8,7,61,45,0,101,0.306,330,0.386,0.48500000000000004,0.8710000000000001,6,13,0.6839999999999999,0.316,2,51,1.02,0,47.14,2022,118,Midwest League,High-A,671976-2022-118
2022,690984,Petey Halpin,player,40,Petey Halpin,Peter,Halpin,Petey,P Halpin,437,LC,Lake County Captains,Captains,MID,118,CF,Outfielder,CF,20,434,147,176,0,1,0.32999999999999996,31,5,4,64,1720,3.963,0.10400000000000001,0.21200000000000002,0.014,0.48900000000000005,0.12300000000000001,5,0,54,802,174,291,24,12,101,22,1,36,41,105,90,68,21,4,6,92,45,0,100,0.262,382,0.346,0.385,0.731,7,16,0.696,0.304,4,36,1.12,1,63.67,2022,118,Midwest League,High-A,690984-2022-118
2022,681468,Corey Rosier,player,40,Corey Rosier,Corey,Rosier,Corey,C Rosier,584,FW,Fort Wayne TinCaps,TinCaps,MID,118,LF,Outfielder,RF,22,373,122,127,3,2,0.318,21,6,3,44,1403,3.761,0.14500000000000002,0.182,0.016,0.7939999999999999,0.133,4,0,46,580,128,245,17,13,88,18,0,24,39,85,76,69,7,8,6,68,54,0,81,0.263,308,0.381,0.396,0.777,4,33,0.892,0.10800000000000001,3,37,1.1600000000000001,0,51.33,2022,118,Midwest League,High-A,681468-2022-118
2022,672882,Ismael Alcantara,player,42,Ismael Alcantara,Ismael,Alcantara,Ismael,I Alcantara,456,GL,Great Lakes Loons,Loons,MID,118,CF,Outfielder,CF,23,361,91,169,6,3,0.24700000000000003,18,10,9,56,1355,3.753,0.058,0.266,0.014,0.21900000000000003,0.097,8,0,43,644,198,234,11,18,102,12,0,24,24,97,72,41,10,3,5,96,21,0,60,0.187,321,0.256,0.28300000000000003,0.539,6,11,0.647,0.353,9,36,1.42,0,64.2,2022,118,Midwest League,High-A,672882-2022-118
2022,677731,Francisco Hernandez,player,42,Francisco Hernandez,Francisco,Hernandez,Francisco,F Hernandez,443,PEO,Peoria Chiefs,Chiefs,MID,118,2B,Second Base,3B,22,364,103,151,0,3,0.303,23,5,3,51,1465,4.0249999999999995,0.126,0.275,0.014,0.46,0.113,3,0,38,604,196,213,16,10,81,16,1,22,29,96,64,46,16,2,5,100,46,0,68,0.21900000000000003,310,0.327,0.33199999999999996,0.659,4,18,0.8180000000000001,0.182,3,31,1.27,0,62,2022,118,Midwest League,High-A,677731-2022-118
2022,683748,Victor Mesa Jr.,player,42,Victor Mesa Jr.,Victor,Mesa,Victor,V Mesa Jr.,554,BEL,Beloit Sky Carp,Sky Carp,MID,118,CF,Outfielder,RF,20,525,159,201,2,6,0.29600000000000004,34,4,2,77,2013,3.8339999999999996,0.101,0.19,0.01,0.53,0.10200000000000001,6,0,82,1053,288,368,32,14,128,22,1,51,38,121,128,53,26,3,5,100,53,1,112,0.24300000000000002,460,0.323,0.346,0.6689999999999999,4,10,0.714,0.28600000000000003,2,50,1,0,92,2022,118,Midwest League,High-A,683748-2022-118
2022,696140,Ethan Murray,player,42,Ethan Murray,Ethan,Murray,Ethan,E Murray,572,WIS,Wisconsin Timber Rattlers,Timber Rattlers,MID,118,SS,Shortstop,SS,22,360,103,150,1,4,0.28600000000000003,25,6,7,46,1397,3.881,0.094,0.269,0.014,0.351,0.114,10,0,46,665,202,223,22,7,81,18,1,29,19,94,75,36,19,1,5,97,34,0,67,0.21300000000000002,315,0.29800000000000004,0.327,0.625,4,14,0.778,0.222,7,33,1.08,0,63,2022,118,Midwest League,High-A,696140-2022-118
2022,677605,Luis Verdugo,player,42,Luis Verdugo,Luis,Verdugo,Luis,L Verdugo,550,SB,South Bend Cubs,Cubs,MID,118,3B,Third Base,3B,21,422,143,147,1,4,0.316,33,3,6,53,1655,3.9219999999999997,0.109,0.166,0.012,0.657,0.12000000000000001,7,1,61,708,154,303,27,15,101,30,1,38,30,107,103,43,27,1,5,70,46,0,99,0.269,368,0.352,0.389,0.741,4,4,0.5,0.5,6,41,0.98,0,73.6,2022,118,Midwest League,High-A,677605-2022-118
2022,673062,Jarryd Dale,player,47,Jarryd Dale,Jarryd,Dale,Jarryd,J Dale,584,FW,Fort Wayne TinCaps,TinCaps,MID,118,SS,Shortstop,SS,21,519,121,202,2,4,0.269,24,4,8,63,2041,3.933,0.14300000000000002,0.25,0.008,0.5690000000000001,0.08,3,1,84,876,255,311,23,7,111,23,2,33,28,124,114,47,17,3,4,130,74,0,86,0.198,435,0.317,0.278,0.595,7,27,0.7939999999999999,0.20600000000000002,8,35,0.97,0,108.75,2022,118,Midwest League,High-A,673062-2022-118
2022,701162,Ben Malgeri,player,47,Ben Malgeri,Benjamin,Malgeri,Ben,B Malgeri,582,WM,West Michigan Whitecaps,Whitecaps,MID,118,CF,Outfielder,RF,22,462,124,155,2,6,0.324,24,24,6,53,1851,4.006,0.12300000000000001,0.251,0.009,0.491,0.097,7,0,55,808,208,265,8,22,92,23,2,31,32,116,85,63,16,4,4,116,57,0,88,0.23600000000000002,373,0.367,0.33199999999999996,0.699,8,12,0.6,0.4,6,45,1.08,0,93.25,2022,118,Midwest League,High-A,701162-2022-118
2022,686475,Tyler Tolbert,player,47,Tyler Tolbert,Tyler,Tolbert,Tyler,T Tolbert,565,QC,Quad Cities River Bandits,River Bandits,MID,118,SS,Shortstop,SS,24,517,152,180,5,5,0.29700000000000004,34,5,8,63,1934,3.741,0.10600000000000001,0.24200000000000002,0.008,0.44,0.116,7,0,64,875,249,332,27,18,123,17,0,40,43,116,109,79,20,10,4,125,55,0,100,0.224,447,0.313,0.33999999999999997,0.653,0,60,1,0,8,36,1.1300000000000001,0,111.75,2022,118,Midwest League,High-A,686475-2022-118
2022,683494,Euribiel Angeles,player,50,Euribiel Angeles,Euribiel,Angeles,Euribiel,E Angeles,499,LAN,Lansing Lugnuts,Lugnuts,MID,118,SS,Shortstop,3B,20,388,128,147,2,2,0.325,22,4,10,66,1281,3.3019999999999996,0.044,0.14900000000000002,0.005,0.29300000000000004,0.07400000000000001,5,1,56,654,106,309,39,19,94,10,2,46,43,97,114,29,19,1,2,58,17,0,101,0.278,363,0.316,0.353,0.6689999999999999,6,8,0.5710000000000001,0.42900000000000005,10,32,0.8200000000000001,0,181.5,2022,118,Midwest League,High-A,683494-2022-118
2022,689456,Austin Murr,player,50,Austin Murr,Austin,Murr,Austin,A Murr,582,WM,West Michigan Whitecaps,Whitecaps,MID,118,LF,Outfielder,LF,23,467,119,204,2,3,0.253,25,3,7,72,1834,3.927,0.12200000000000001,0.118,0.004,1.036,0.07200000000000001,5,0,74,723,94,352,28,26,134,12,0,40,38,113,128,50,23,0,2,55,57,0,90,0.224,402,0.323,0.29600000000000004,0.619,2,10,0.8330000000000001,0.167,7,43,1.05,0,201,2022,118,Midwest League,High-A,689456-2022-118
2022,683083,Nasim Nuñez,player,50,Nasim Nuñez,Nasim,Nuñez,Nasim,N Nuñez,554,BEL,Beloit Sky Carp,Sky Carp,MID,118,SS,Shortstop,2B,21,378,97,104,4,2,0.365,16,1,4,39,1660,4.3919999999999995,0.188,0.272,0.005,0.689,0.07700000000000001,3,0,42,653,168,203,6,9,72,16,0,23,35,85,57,53,11,3,2,103,71,0,74,0.24700000000000003,300,0.39,0.323,0.713,11,49,0.8170000000000001,0.183,4,27,1.26,0,150,2022,118,Midwest League,High-A,683083-2022-118
2022,649810,Dariel Gomez,player,1,Dariel Gomez,Dariel,Gomez,Dariel,D Gomez,403,EVE,Everett AquaSox,AquaSox,NWL,126,1B,First Base,1B,25,470,193,204,0,1,0.29400000000000004,48,5,12,57,1950,4.149,0.117,0.347,0.055,0.33699999999999997,0.24900000000000003,3,1,46,890,335,247,17,15,78,27,0,45,19,113,78,57,20,2,26,163,55,0,91,0.222,409,0.321,0.47200000000000003,0.7929999999999999,1,0,0,1,12,65,1,0,15.729999999999999,2022,126,Northwest League,High-A,649810-2022-126
2022,678681,Luis Toribio,player,2,Luis Toribio,Luis,Toribio,Luis,L Toribio,461,EUG,Eugene Emeralds,Emeralds,NWL,126,1B,First Base,SS,21,437,162,206,0,3,0.28200000000000003,40,4,8,57,1779,4.071000000000001,0.119,0.352,0.048,0.33799999999999997,0.22,0,0,37,779,289,227,23,6,82,32,1,24,22,111,66,57,18,1,21,154,52,1,79,0.20900000000000002,378,0.309,0.42900000000000005,0.738,0,0,,,8,59,1.24,0,18,2022,126,Northwest League,High-A,678681-2022-126
2022,669477,Casey Schmitt,player,3,Casey Schmitt,Casey,Schmitt,Casey,C Schmitt,461,EUG,Eugene Emeralds,Emeralds,NWL,126,3B,Third Base,LF,23,383,158,129,0,2,0.319,32,6,6,59,1471,3.8409999999999997,0.11,0.225,0.044,0.48800000000000004,0.201,4,0,56,699,199,249,21,10,71,33,0,27,31,93,87,58,14,1,17,86,42,1,91,0.273,333,0.363,0.47400000000000003,0.8370000000000001,2,1,0.33299999999999996,0.6669999999999999,6,59,0.8200000000000001,0,19.59,2022,126,Northwest League,High-A,669477-2022-126
2022,685388,Colin Simpson,player,3,Colin Simpson,Colin,Simpson,Colin,C Simpson,486,SPO,Spokane Indians,Indians,NWL,126,1B,First Base,C,25,373,175,145,0,4,0.34299999999999997,38,3,3,46,1453,3.8949999999999996,0.097,0.20900000000000002,0.046,0.462,0.23,5,1,57,718,203,256,25,16,59,31,1,42,25,95,98,53,17,4,17,78,36,0,99,0.3,330,0.37,0.53,0.9,1,7,0.8750000000000001,0.125,3,60,0.6,0,19.41,2022,126,Northwest League,High-A,685388-2022-126
2022,682622,Noelvi Marte,player,5,Noelvi Marte,Noelvi,Marte,Noelvi,N Marte,403,EVE,Everett AquaSox,AquaSox,NWL,126,SS,Shortstop,RF,20,394,158,119,0,3,0.321,34,7,4,49,1517,3.8499999999999996,0.10700000000000001,0.21300000000000002,0.038,0.5,0.187,9,0,44,685,170,261,31,17,75,20,1,41,32,85,92,62,19,0,15,84,42,1,94,0.275,342,0.363,0.462,0.8250000000000001,6,13,0.6839999999999999,0.316,4,55,0.8200000000000001,0,22.8,2022,126,Northwest League,High-A,682622-2022-126
2022,691021,A.J. Vukovich,player,5,A.J. Vukovich,Aaron,Vukovich,A.J.,A Vukovich,419,HIL,Hillsboro Hops,Hops,NWL,126,3B,Third Base,OF,20,448,191,182,0,2,0.32999999999999996,43,4,12,72,1573,3.5109999999999997,0.04,0.234,0.033,0.171,0.17700000000000002,3,3,59,848,230,321,19,20,107,31,1,39,45,106,98,55,26,2,15,105,18,1,116,0.274,424,0.308,0.45,0.758,4,35,0.897,0.10300000000000001,12,69,1.09,0,28.27,2022,126,Northwest League,High-A,691021-2022-126
2022,687346,Gabe Matthews,player,7,Gabe Matthews,Gabe,Matthews,Gabe,G Matthews,460,TRI,Tri-City Dust Devils,Dust Devils,NWL,126,1B,First Base,1B,24,475,156,181,0,6,0.307,40,16,4,36,2000,4.211,0.137,0.29300000000000004,0.028999999999999998,0.468,0.17500000000000002,6,1,63,861,284,255,10,13,81,31,0,31,26,113,86,56,26,0,14,139,65,1,88,0.227,388,0.356,0.402,0.758,1,3,0.75,0.25,4,64,0.9400000000000001,0,27.71,2022,126,Northwest League,High-A,687346-2022-126
2022,682646,Jairo Pomares,player,7,Jairo Pomares,Jairo,Pomares,Jairo,J Pomares,461,EUG,Eugene Emeralds,Emeralds,NWL,126,LF,Outfielder,OF,21,386,148,134,0,2,0.362,34,3,2,36,1458,3.777,0.093,0.329,0.036,0.28300000000000003,0.183,9,1,53,726,256,213,9,9,56,32,0,27,27,95,71,49,20,0,14,127,36,0,86,0.254,338,0.32999999999999996,0.43800000000000006,0.768,0,0,,,2,59,0.7899999999999999,7,24.14,2022,126,Northwest League,High-A,682646-2022-126
2022,666183,Hunter Bishop,player,9,Hunter Bishop,Hunter,Bishop,Hunter,H Bishop,461,EUG,Eugene Emeralds,Emeralds,NWL,126,CF,Outfielder,OF,24,358,128,128,2,1,0.328,26,9,4,42,1377,3.8459999999999996,0.08700000000000001,0.327,0.036,0.265,0.171,2,0,40,677,253,201,14,8,65,17,0,23,34,85,62,51,11,2,13,117,31,0,74,0.23500000000000001,315,0.32,0.406,0.726,2,20,0.909,0.091,4,44,1.05,0,24.23,2022,126,Northwest League,High-A,666183-2022-126
2022,676678,PK Morris,player,9,PK Morris,Patrick,Morris,PK,P Morris,435,VAN,Vancouver Canadians,Canadians,NWL,126,1B,First Base,1B,23,361,137,114,0,7,0.307,34,1,5,35,1550,4.294,0.116,0.28500000000000003,0.036,0.40800000000000003,0.199,2,2,53,604,159,215,14,11,62,24,0,36,15,95,78,33,19,2,13,103,42,1,75,0.24100000000000002,311,0.327,0.441,0.768,0,2,1,0,5,61,0.7899999999999999,0,23.919999999999998,2022,126,Northwest League,High-A,676678-2022-126
2022,681466,James Parker,player,9,James Parker,James,Parker,James,J Parker,403,EVE,Everett AquaSox,AquaSox,NWL,126,SS,Shortstop,SS,22,423,143,192,0,2,0.308,33,3,6,38,1652,3.905,0.10400000000000001,0.329,0.031,0.317,0.163,8,0,57,799,294,237,18,16,64,21,0,46,15,107,91,50,18,2,13,139,44,0,82,0.21900000000000003,374,0.305,0.382,0.6869999999999999,0,6,1,0,6,49,0.7,0,28.77,2022,126,Northwest League,High-A,681466-2022-126
2022,679734,Julio Carreras,player,12,Julio Carreras,Julio,Carreras,Julio,J Carreras,486,SPO,Spokane Indians,Indians,NWL,126,SS,Shortstop,SS,22,450,190,179,7,1,0.367,50,9,7,63,1565,3.4779999999999998,0.06899999999999999,0.23600000000000002,0.024,0.29200000000000004,0.184,2,1,58,834,256,304,28,18,84,32,1,44,39,110,104,59,37,2,11,106,31,0,116,0.28900000000000003,402,0.352,0.47300000000000003,0.8250000000000001,5,17,0.773,0.227,7,59,0.81,0,36.54,2022,126,Northwest League,High-A,679734-2022-126
2022,677599,Miguel Hiraldo,player,12,Miguel Hiraldo,Miguel,Hiraldo,Miguel,M Hiraldo,435,VAN,Vancouver Canadians,Canadians,NWL,126,2B,Second Base,3B,21,428,152,201,0,3,0.307,34,0,9,53,1588,3.71,0.063,0.29400000000000004,0.026000000000000002,0.21400000000000002,0.15100000000000002,9,1,63,902,318,275,18,10,92,27,0,34,31,109,91,47,19,4,11,126,27,0,92,0.231,398,0.278,0.382,0.6599999999999999,5,28,0.8480000000000001,0.15200000000000002,9,55,1.01,0,36.18,2022,126,Northwest League,High-A,677599-2022-126
2022,682641,Luis Matos,player,12,Luis Matos,Luis,Matos,Luis,L Matos,461,EUG,Eugene Emeralds,Emeralds,NWL,126,CF,Outfielder,RF,20,407,127,174,0,4,0.226,26,7,6,51,1377,3.383,0.066,0.16,0.027,0.41500000000000004,0.133,8,0,68,749,190,308,59,16,87,19,2,34,23,91,143,55,14,1,11,65,27,0,78,0.21100000000000002,369,0.275,0.344,0.619,3,11,0.7859999999999999,0.21400000000000002,6,43,0.61,0,33.54,2022,126,Northwest League,High-A,682641-2022-126
2022,691728,Zac Veen,player,12,Zac Veen,Zachary,Veen,Zac,Z Veen,486,SPO,Spokane Indians,Indians,NWL,126,RF,Outfielder,LF,20,400,150,126,0,3,0.33199999999999996,33,5,5,47,1602,4.005,0.125,0.225,0.028,0.556,0.17,7,1,46,763,230,255,14,12,91,19,0,44,29,92,72,72,19,3,11,90,50,1,92,0.269,342,0.368,0.43900000000000006,0.807,4,50,0.926,0.07400000000000001,5,60,1.26,0,31.09,2022,126,Northwest League,High-A,691728-2022-126
2022,669208,Ryan Bliss,player,16,Ryan Bliss,Ryan,Bliss,Ryan,R Bliss,419,HIL,Hillsboro Hops,Hops,NWL,126,SS,Shortstop,2B,22,484,146,197,1,4,0.268,32,10,5,57,1863,3.8489999999999998,0.089,0.24400000000000002,0.021,0.364,0.129,7,0,68,921,289,313,39,14,101,18,0,42,31,110,121,68,19,3,10,118,43,0,91,0.21400000000000002,426,0.29800000000000004,0.34299999999999997,0.641,12,31,0.721,0.279,5,37,0.8300000000000001,0,42.6,2022,126,Northwest League,High-A,669208-2022-126
2022,700032,Victor Labrada,player,16,Victor Labrada,Victor,Labrada,Victor,V Labrada,403,EVE,Everett AquaSox,AquaSox,NWL,126,CF,Outfielder,CF,22,463,150,162,2,0,0.323,31,8,0,50,1826,3.944,0.10600000000000001,0.28900000000000003,0.022,0.366,0.14200000000000002,8,0,49,829,244,269,22,18,87,18,0,44,31,111,89,66,15,6,10,134,49,1,93,0.232,401,0.328,0.374,0.702,8,27,0.771,0.229,0,31,0.98,3,40.1,2022,126,Northwest League,High-A,700032-2022-126
2022,679754,Alberto Rodriguez,player,16,Alberto Rodriguez,Alberto,Rodriguez,Alberto,A Rodriguez,403,EVE,Everett AquaSox,AquaSox,NWL,126,RF,Outfielder,OF,21,527,187,231,0,1,0.348,41,4,10,82,2035,3.8609999999999998,0.095,0.262,0.019,0.362,0.136,1,1,68,912,263,335,25,14,105,25,0,56,42,119,107,59,28,3,10,138,50,0,123,0.261,472,0.33599999999999997,0.396,0.732,4,6,0.6,0.4,10,46,0.98,0,47.2,2022,126,Northwest League,High-A,679754-2022-126
2022,673990,Andy Thomas,player,16,Andy Thomas,Andrew,Thomas,Andy,A Thomas,461,EUG,Eugene Emeralds,Emeralds,NWL,126,C,Catcher,C,24,367,115,148,0,0,0.308,23,7,6,42,1519,4.139,0.15800000000000003,0.24800000000000003,0.027,0.637,0.14200000000000002,4,0,37,587,142,211,14,15,73,26,0,23,23,88,66,41,13,0,10,91,58,0,72,0.23800000000000002,302,0.373,0.381,0.754,0,1,1,0,6,40,1.11,0,30.2,2022,126,Northwest League,High-A,673990-2022-126
2022,681134,Caleb Roberts,player,20,Caleb Roberts,Caleb,Roberts,Caleb,C Roberts,419,HIL,Hillsboro Hops,Hops,NWL,126,LF,Outfielder,OF,22,465,148,174,0,3,0.32,36,13,6,56,1885,4.053999999999999,0.129,0.273,0.019,0.47200000000000003,0.14700000000000002,3,0,58,827,235,265,11,14,91,32,1,41,17,111,83,57,24,3,9,127,60,1,91,0.234,389,0.353,0.38,0.733,5,17,0.773,0.227,6,55,1.1,0,43.220000000000006,2022,126,Northwest League,High-A,681134-2022-126
2022,677347,Kyren Paris,player,21,Kyren Paris,Kyren,Paris,Kyren,K Paris,460,TRI,Tri-City Dust Devils,Dust Devils,NWL,126,SS,Shortstop,2B,20,392,127,139,5,0,0.32999999999999996,31,9,6,44,1528,3.8979999999999997,0.125,0.29800000000000004,0.02,0.41900000000000004,0.15900000000000003,3,0,44,666,225,216,22,12,63,18,1,32,24,89,78,58,18,5,8,117,49,0,75,0.229,328,0.345,0.387,0.732,4,28,0.8750000000000001,0.125,6,32,0.81,1,41,2022,126,Northwest League,High-A,677347-2022-126
2022,675440,Mike Peabody,player,21,Mike Peabody,Michael,Peabody,Mike,M Peabody,460,TRI,Tri-City Dust Devils,Dust Devils,NWL,126,LF,Outfielder,OF,23,363,102,146,2,4,0.278,22,15,1,46,1407,3.8759999999999994,0.094,0.29200000000000004,0.022,0.321,0.127,6,0,42,714,265,208,3,14,86,12,1,29,21,92,59,42,13,1,8,106,34,0,63,0.20500000000000002,308,0.31,0.33099999999999996,0.641,6,12,0.6669999999999999,0.33299999999999996,1,48,1.46,0,38.5,2022,126,Northwest League,High-A,675440-2022-126
2022,678837,Bladimir Restituyo,player,21,Bladimir Restituyo,Bladimir,Restituyo,Bladimir,B Restituyo,486,SPO,Spokane Indians,Indians,NWL,126,CF,Outfielder,SS,20,423,161,171,8,5,0.33699999999999997,29,3,7,53,1335,3.1559999999999997,0.026000000000000002,0.20600000000000002,0.019,0.126,0.126,15,1,47,824,235,322,38,10,116,23,0,30,58,105,95,55,16,5,8,87,11,0,111,0.28,396,0.301,0.40700000000000003,0.708,10,22,0.688,0.313,7,44,1.22,0,49.5,2022,126,Northwest League,High-A,678837-2022-126
2022,669671,Justin Lavey,player,24,Justin Lavey,Justin,Lavey,Justin,J Lavey,403,EVE,Everett AquaSox,AquaSox,NWL,126,2B,Second Base,2B,24,368,118,152,0,1,0.33499999999999996,27,0,9,42,1464,3.9779999999999998,0.098,0.318,0.016,0.308,0.127,7,0,38,626,196,215,9,13,79,13,0,42,21,95,60,54,18,3,6,117,36,0,76,0.23,331,0.304,0.356,0.6599999999999999,1,24,0.96,0.04,9,33,1.32,0,55.17,2022,126,Northwest League,High-A,669671-2022-126
2022,677647,Eddy Diaz,player,25,Eddy Diaz,Eddy,Diaz,Eddy,E Diaz,486,SPO,Spokane Indians,Indians,NWL,126,2B,Second Base,SS,22,431,139,123,8,5,0.322,27,12,6,55,1481,3.4359999999999995,0.07,0.202,0.012,0.345,0.109,8,0,56,750,187,302,24,17,107,18,0,39,41,97,97,57,18,4,5,87,30,0,98,0.261,376,0.33099999999999996,0.37,0.701,14,36,0.72,0.28,6,39,1.1,0,75.2,2022,126,Northwest League,High-A,677647-2022-126
2022,691011,Drew Romo,player,25,Drew Romo,Drew,Romo,Drew,D Romo,486,SPO,Spokane Indians,Indians,NWL,126,C,Catcher,C,20,420,139,168,0,6,0.306,29,5,8,56,1490,3.548,0.083,0.193,0.012,0.43200000000000005,0.118,5,0,78,735,174,299,15,19,92,20,3,41,31,101,112,52,19,5,5,81,35,0,95,0.254,374,0.321,0.372,0.693,3,18,0.8570000000000001,0.14300000000000002,8,58,0.8200000000000001,0,74.8,2022,126,Northwest League,High-A,691011-2022-126
2022,668577,Osmy Gregorio,player,27,Osmy Gregorio,Osmy,Gregorio,Osmy,O Gregorio,460,TRI,Tri-City Dust Devils,Dust Devils,NWL,126,SS,Shortstop,2B,24,486,149,227,3,4,0.346,26,3,17,63,1810,3.724,0.066,0.257,0.004,0.256,0.081,9,0,44,904,242,326,9,17,143,14,0,35,64,113,70,58,18,6,2,125,32,0,113,0.255,444,0.306,0.33599999999999997,0.642,8,22,0.733,0.267,17,44,2.04,0,222,2022,126,Northwest League,High-A,668577-2022-126
2022,677610,D'Shawn Knowles,player,28,D'Shawn Knowles,D'Shawn,Knowles,D'Shawn,D Knowles,460,TRI,Tri-City Dust Devils,Dust Devils,NWL,126,CF,Outfielder,OF,21,365,92,124,7,2,0.33499999999999996,13,3,6,46,1430,3.9179999999999997,0.088,0.277,0.003,0.317,0.053000000000000005,7,1,40,666,190,229,11,7,96,6,0,32,37,84,58,44,10,2,1,101,32,0,75,0.234,321,0.307,0.28700000000000003,0.594,4,13,0.765,0.23500000000000001,6,26,1.6600000000000001,0,321,2022,126,Northwest League,High-A,677610-2022-126
2022,641829,Jason Martin,player,1,Jason Martin,Jason,Martin,Jason,J Martin,238,OKC,Oklahoma City Dodgers,Dodgers,PCL,112,RF,Outfielder,CF,26,544,265,232,1,4,0.33199999999999996,62,1,11,82,2179,4.006,0.125,0.24800000000000003,0.059000000000000004,0.504,0.279,6,2,49,981,278,340,16,23,118,51,1,51,31,129,88,100,25,5,32,135,68,0,134,0.28500000000000003,470,0.374,0.5640000000000001,0.9380000000000001,5,8,0.615,0.385,11,107,1.34,0,14.69,2022,112,Pacific Coast League,Triple-A,641829-2022-112
2022,667452,Corey Julks,player,2,Corey Julks,Corey,Julks,Corey,C Julks,5434,SUG,Sugar Land Space Cowboys,Space Cowboys,PCL,112,3B,Third Base,LF,26,590,263,221,0,1,0.301,56,10,14,79,2316,3.925,0.095,0.21700000000000003,0.053000000000000005,0.43800000000000006,0.233,5,2,88,967,235,396,26,25,116,30,0,67,44,130,139,100,21,4,31,128,56,3,141,0.27,523,0.351,0.503,0.8540000000000001,5,22,0.8150000000000001,0.185,14,89,0.8300000000000001,0,16.87,2022,112,Pacific Coast League,Triple-A,667452-2022-112
2022,542208,Carlos Pérez,player,2,Carlos Pérez,Carlos,Pérez,Carlos,C Pérez,342,ABQ,Albuquerque Isotopes,Isotopes,PCL,112,DH,Designated Hitter,C,31,522,239,238,0,4,0.258,60,8,8,72,2136,4.092,0.10300000000000001,0.192,0.059000000000000004,0.54,0.27,6,0,80,962,176,360,56,19,89,36,0,60,20,117,155,75,28,1,31,100,54,0,116,0.254,456,0.34099999999999997,0.524,0.8650000000000001,0,0,,,8,87,0.5700000000000001,0,14.709999999999999,2022,112,Pacific Coast League,Triple-A,542208-2022-112
2022,656448,Stone Garrett,player,4,Stone Garrett,Gregory,Garrett,Stone,S Garrett,2310,RNO,Reno Aces,Aces,PCL,112,RF,Outfielder,CF,26,440,221,176,0,6,0.302,54,3,6,56,1677,3.8109999999999995,0.07500000000000001,0.23900000000000002,0.064,0.314,0.29300000000000004,11,2,67,865,255,290,16,26,74,36,1,46,24,103,109,73,22,4,28,105,33,2,107,0.275,389,0.33199999999999996,0.5680000000000001,0.9,2,15,0.882,0.118,6,95,0.6799999999999999,9,13.89,2022,112,Pacific Coast League,Triple-A,656448-2022-112
2022,686676,Korey Lee,player,5,Korey Lee,Korey,Lee,Korey,K Lee,5434,SUG,Sugar Land Space Cowboys,Space Cowboys,PCL,112,C,Catcher,C,23,446,195,193,0,1,0.281,47,5,10,62,1731,3.881,0.081,0.28500000000000003,0.056,0.28300000000000003,0.24500000000000002,7,0,51,918,301,278,25,20,86,30,0,46,20,104,96,74,20,2,25,127,36,0,96,0.23800000000000002,404,0.307,0.48300000000000004,0.7899999999999999,1,12,0.923,0.07700000000000001,10,76,0.9,0,16.16,2022,112,Pacific Coast League,Triple-A,686676-2022-112
2022,676116,Ryan Noda,player,5,Ryan Noda,Ryan,Noda,Ryan,R Noda,238,OKC,Oklahoma City Dodgers,Dodgers,PCL,112,1B,First Base,1B,26,574,220,217,0,3,0.33899999999999997,49,15,6,64,2437,4.246,0.16,0.28200000000000003,0.044,0.5680000000000001,0.21600000000000003,2,1,55,1017,316,305,18,24,88,37,0,54,29,135,97,86,23,1,25,162,92,2,120,0.259,464,0.395,0.47400000000000003,0.8690000000000001,4,20,0.8330000000000001,0.167,6,90,0.91,0,18.56,2022,112,Pacific Coast League,Triple-A,676116-2022-112
2022,656449,Jake Gatewood,player,7,Jake Gatewood,Henry,Gatewood,Jake,J Gatewood,561,SL,Salt Lake Bees,Bees,PCL,112,1B,First Base,1B,26,428,173,211,2,4,0.258,43,5,7,50,1705,3.984,0.054000000000000006,0.327,0.051000000000000004,0.164,0.228,4,1,64,867,352,260,21,18,74,29,0,38,16,108,103,56,18,3,22,140,23,0,83,0.21100000000000002,394,0.261,0.43900000000000006,0.7,3,2,0.4,0.6,7,66,0.72,0,17.91,2022,112,Pacific Coast League,Triple-A,656449-2022-112
2022,666703,Eguy Rosario,player,7,Eguy Rosario,Eguy,Rosario,Eguy,E Rosario,4904,ELP,El Paso Chihuahuas,Chihuahuas,PCL,112,2B,Second Base,3B,22,564,249,220,1,7,0.325,60,7,10,96,2177,3.86,0.10500000000000001,0.193,0.039,0.541,0.22,4,2,80,1032,281,389,30,32,106,33,3,64,41,124,142,98,34,4,22,109,59,0,141,0.28800000000000003,490,0.368,0.508,0.8760000000000001,8,21,0.724,0.276,10,81,0.75,0,22.27,2022,112,Pacific Coast League,Triple-A,666703-2022-112
2022,592144,Wynton Bernard,player,9,Wynton Bernard,Wynton,Bernard,Wynton,W Bernard,342,ABQ,Albuquerque Isotopes,Isotopes,PCL,112,CF,Outfielder,CF,31,475,253,152,0,5,0.353,60,2,7,58,1742,3.6670000000000003,0.082,0.14100000000000001,0.044,0.582,0.256,10,1,46,815,171,367,19,23,136,35,2,67,39,108,88,95,31,8,21,67,39,0,143,0.33299999999999996,429,0.387,0.59,0.977,5,30,0.8570000000000001,0.14300000000000002,7,92,1.55,0,20.43,2022,112,Pacific Coast League,Triple-A,592144-2022-112
2022,683737,Michael Busch,player,9,Michael Busch,Michael,Busch,Michael,M Busch,238,OKC,Oklahoma City Dodgers,Dodgers,PCL,112,2B,Second Base,1B,24,504,213,224,0,5,0.327,53,5,8,81,1991,3.9499999999999997,0.09899999999999999,0.26,0.042,0.382,0.21400000000000002,7,1,65,926,246,318,9,27,99,35,1,54,28,111,101,87,32,0,21,131,50,0,118,0.266,444,0.34299999999999997,0.48000000000000004,0.8230000000000001,2,3,0.6,0.4,8,79,0.98,0,21.14,2022,112,Pacific Coast League,Triple-A,683737-2022-112
2022,669200,Mason McCoy,player,9,Mason McCoy,Mason,McCoy,Mason,M McCoy,529,TAC,Tacoma Rainiers,Rainiers,PCL,112,SS,Shortstop,2B,27,503,209,209,3,5,0.311,49,3,8,63,1992,3.96,0.09899999999999999,0.258,0.042,0.385,0.21700000000000003,3,0,63,859,245,320,20,26,98,31,0,49,33,124,109,72,23,5,21,130,50,1,113,0.256,442,0.33199999999999996,0.47300000000000003,0.805,3,22,0.88,0.12000000000000001,8,63,0.9,0,21.05,2022,112,Pacific Coast League,Triple-A,669200-2022-112
2022,663796,Coco Montes,player,12,Coco Montes,Robert,Montes,Coco,C Montes,342,ABQ,Albuquerque Isotopes,Isotopes,PCL,112,2B,Second Base,2B,25,479,210,239,0,2,0.351,51,7,11,76,1893,3.9519999999999995,0.10400000000000001,0.273,0.042,0.382,0.226,1,1,67,909,279,291,17,21,71,35,1,57,22,111,105,82,27,4,20,131,50,0,115,0.274,420,0.359,0.5,0.8590000000000001,1,13,0.929,0.07100000000000001,11,77,0.6799999999999999,0,21,2022,112,Pacific Coast League,Triple-A,663796-2022-112
2022,656403,Drew Ellis,player,13,Drew Ellis,Drew,Ellis,Drew,D Ellis,529,TAC,Tacoma Rainiers,Rainiers,PCL,112,3B,Third Base,3B,26,468,175,192,0,4,0.269,48,5,11,66,2038,4.3549999999999995,0.15800000000000003,0.25,0.041,0.632,0.229,4,2,62,844,230,272,42,17,64,35,0,36,16,112,121,61,27,2,19,117,74,1,87,0.226,385,0.355,0.455,0.81,3,6,0.6669999999999999,0.33299999999999996,11,67,0.53,0,20.259999999999998,2022,112,Pacific Coast League,Triple-A,656403-2022-112
2022,605504,Dillon Thomas,player,14,Dillon Thomas,Dillon,Thomas,Dillon,D Thomas,561,SL,Salt Lake Bees,Bees,PCL,112,RF,Outfielder,LF,29,492,193,183,0,4,0.344,43,18,6,64,1996,4.0569999999999995,0.114,0.258,0.037,0.441,0.196,2,1,53,913,299,291,9,20,97,31,0,48,33,113,82,75,23,2,18,127,56,0,112,0.271,414,0.378,0.466,0.8440000000000001,4,6,0.6,0.4,6,78,1.1800000000000002,0,23,2022,112,Pacific Coast League,Triple-A,605504-2022-112
2022,621573,Austin Dean,player,15,Austin Dean,Austin,Dean,Austin,A Dean,105,SAC,Sacramento River Cats,River Cats,PCL,112,RF,Outfielder,LF,28,438,183,182,0,0,0.313,39,8,9,53,1623,3.705,0.08700000000000001,0.21500000000000002,0.039,0.404,0.199,6,1,67,746,153,298,24,22,80,28,1,47,29,115,113,68,17,5,17,94,38,3,105,0.268,392,0.345,0.467,0.812,2,10,0.8330000000000001,0.167,9,55,0.71,0,23.06,2022,112,Pacific Coast League,Triple-A,621573-2022-112
2022,546994,C.J. Hinojosa,player,15,C.J. Hinojosa,Christopher,Hinojosa,C.J.,C Hinojosa,4904,ELP,El Paso Chihuahuas,Chihuahuas,PCL,112,SS,Shortstop,2B,27,519,222,213,1,5,0.322,52,7,9,68,1882,3.626,0.08700000000000001,0.166,0.033,0.523,0.191,4,0,68,942,190,381,25,37,117,29,4,53,48,122,130,69,33,2,17,86,45,3,134,0.29100000000000004,461,0.359,0.48200000000000004,0.8410000000000001,2,8,0.8,0.2,9,83,0.9,0,27.12,2022,112,Pacific Coast League,Triple-A,546994-2022-112
2022,694175,Pedro León,player,15,Pedro León,Pedro,León,Pedro,P León,5434,SUG,Sugar Land Space Cowboys,Space Cowboys,PCL,112,CF,Outfielder,RF,24,504,178,215,0,1,0.306,47,19,4,51,2111,4.188,0.14100000000000001,0.28800000000000003,0.034,0.49,0.203,3,0,43,908,283,269,31,21,80,23,1,41,29,115,95,71,27,3,17,145,71,1,94,0.228,413,0.365,0.43100000000000005,0.7959999999999999,18,38,0.6789999999999999,0.321,4,63,0.8400000000000001,0,24.29,2022,112,Pacific Coast League,Triple-A,694175-2022-112
2022,678246,Miguel Vargas,player,15,Miguel Vargas,Miguel,Vargas,Miguel,M Vargas,238,OKC,Oklahoma City Dodgers,Dodgers,PCL,112,3B,Third Base,3B,22,520,224,199,0,5,0.33099999999999996,53,6,11,98,2036,3.9149999999999996,0.137,0.14600000000000002,0.033,0.934,0.20800000000000002,9,1,88,926,192,367,19,37,90,31,1,53,48,113,144,100,32,4,17,76,71,1,133,0.304,438,0.404,0.511,0.915,5,16,0.762,0.23800000000000002,11,82,0.63,0,25.759999999999998,2022,112,Pacific Coast League,Triple-A,678246-2022-112
2022,625510,Erick Mejia,player,19,Erick Mejia,Erick,Mejia,Erick,E Mejia,529,TAC,Tacoma Rainiers,Rainiers,PCL,112,3B,Third Base,P,27,521,201,200,3,4,0.303,47,1,6,76,2036,3.908,0.094,0.198,0.028999999999999998,0.47600000000000003,0.17200000000000001,4,3,61,955,194,368,35,21,130,23,1,65,32,120,117,72,29,3,15,103,49,0,121,0.261,464,0.32999999999999996,0.43300000000000005,0.763,7,19,0.731,0.269,6,58,1.11,0,30.93,2022,112,Pacific Coast League,Triple-A,625510-2022-112
2022,670128,Taylor Kohlwey,player,20,Taylor Kohlwey,Taylor,Kohlwey,Taylor,T Kohlwey,4904,ELP,El Paso Chihuahuas,Chihuahuas,PCL,112,LF,Outfielder,LF,27,587,222,203,1,6,0.34099999999999997,47,11,8,82,2249,3.8309999999999995,0.116,0.15500000000000003,0.019,0.747,0.14600000000000002,5,0,71,1017,184,417,27,38,132,21,1,70,57,128,136,87,32,4,11,91,68,1,149,0.29700000000000004,501,0.389,0.443,0.8320000000000001,3,9,0.75,0.25,8,82,0.97,0,45.54,2022,112,Pacific Coast League,Triple-A,670128-2022-112
2022,671218,Heliot Ramos,player,20,Heliot Ramos,Heliot,Ramos,Heliot,H Ramos,105,SAC,Sacramento River Cats,River Cats,PCL,112,CF,Outfielder,LF,22,475,149,210,0,0,0.28300000000000003,29,7,13,64,1844,3.8819999999999997,0.08600000000000001,0.23600000000000002,0.023,0.366,0.12200000000000001,4,0,59,931,285,315,15,25,119,17,0,43,37,108,99,61,17,1,11,112,41,1,97,0.227,427,0.305,0.349,0.654,6,6,0.5,0.5,13,45,1.2,0,38.82,2022,112,Pacific Coast League,Triple-A,671218-2022-112
2022,682073,David Hensley,player,22,David Hensley,David,Hensley,David,D Hensley,5434,SUG,Sugar Land Space Cowboys,Space Cowboys,PCL,112,SS,Shortstop,OF,26,464,181,153,0,3,0.383,44,2,8,56,1914,4.124999999999999,0.17200000000000001,0.222,0.022,0.777,0.17900000000000002,7,2,37,637,144,279,9,12,108,21,1,57,34,104,58,80,30,4,10,103,80,0,113,0.29800000000000004,379,0.42000000000000004,0.47800000000000004,0.898,7,20,0.741,0.259,8,57,1.86,0,37.9,2022,112,Pacific Coast League,Triple-A,682073-2022-112
2022,621008,Alex De Goti,player,23,Alex De Goti,Alexander,De Goti,Alex,A De Goti,5434,SUG,Sugar Land Space Cowboys,Space Cowboys,PCL,112,SS,Shortstop,SS,27,577,186,223,1,4,0.301,40,5,16,81,2281,3.953,0.127,0.18,0.016,0.702,0.12300000000000001,5,3,84,1074,239,395,22,34,130,18,3,65,39,135,140,77,28,3,9,104,73,1,125,0.253,494,0.352,0.377,0.729,2,8,0.8,0.2,16,69,0.93,0,54.89,2022,112,Pacific Coast League,Triple-A,621008-2022-112
2022,664954,Brett Sullivan,player,23,Brett Sullivan,Brett,Sullivan,Brett,B Sullivan,4904,ELP,El Paso Chihuahuas,Chihuahuas,PCL,112,C,Catcher,C,28,475,187,215,0,13,0.302,43,3,8,85,1674,3.524,0.08,0.12200000000000001,0.019,0.655,0.15900000000000003,4,1,76,820,95,376,25,49,106,21,0,67,32,113,150,73,28,6,9,58,38,1,120,0.28500000000000003,421,0.33899999999999997,0.444,0.7829999999999999,0,3,1,0,8,81,0.71,0,46.78,2022,112,Pacific Coast League,Triple-A,664954-2022-112
2022,682183,Drew Avans,player,25,Drew Avans,Drew,Avans,Drew,D Avans,238,OKC,Oklahoma City Dodgers,Dodgers,PCL,112,CF,Outfielder,LF,26,504,184,183,3,1,0.387,36,7,12,64,2064,4.095,0.12100000000000001,0.256,0.014,0.47300000000000003,0.14400000000000002,4,0,46,886,233,307,19,24,96,17,1,49,55,119,89,94,17,12,7,129,61,0,122,0.28200000000000003,432,0.379,0.42600000000000005,0.805,7,40,0.8510000000000001,0.14900000000000002,12,48,1.08,0,61.71,2022,112,Pacific Coast League,Triple-A,682183-2022-112
2022,670148,Nate Mondou,player,25,Nate Mondou,Nathan,Mondou,Nate,N Mondou,400,LV,Las Vegas Aviators,Aviators,PCL,112,2B,Second Base,2B,27,449,166,167,0,5,0.33999999999999997,40,13,5,72,1776,3.9549999999999996,0.10200000000000001,0.185,0.016,0.554,0.14800000000000002,1,0,58,770,142,307,19,29,92,30,3,55,21,108,106,59,30,3,7,83,46,1,109,0.28300000000000003,385,0.374,0.43100000000000005,0.805,1,1,0.5,0.5,5,64,0.8700000000000001,0,55,2022,112,Pacific Coast League,Triple-A,670148-2022-112
2022,676900,Ryan Dorow,player,27,Ryan Dorow,Ryan,Dorow,Ryan,R Dorow,102,RR,Round Rock Express,Express,PCL,112,SS,Shortstop,SS,26,424,131,199,2,3,0.303,28,4,8,50,1627,3.8369999999999997,0.10400000000000001,0.229,0.014,0.454,0.116,5,0,64,746,200,279,20,22,85,16,0,42,30,112,106,59,19,3,6,97,44,0,88,0.23700000000000002,371,0.322,0.353,0.6749999999999999,3,2,0.4,0.6,8,44,0.8,0,61.83,2022,112,Pacific Coast League,Triple-A,676900-2022-112
2022,657088,Forrest Wall,player,27,Forrest Wall,Forrest,Wall,Forrest,F Wall,529,TAC,Tacoma Rainiers,Rainiers,PCL,112,CF,Outfielder,LF,26,467,146,182,2,3,0.349,26,8,3,52,1958,4.193,0.09,0.268,0.013000000000000001,0.33599999999999997,0.1,4,0,45,855,207,292,15,30,97,16,0,35,54,120,90,67,17,3,6,125,42,1,105,0.255,412,0.33299999999999996,0.354,0.6869999999999999,12,52,0.8130000000000001,0.188,3,41,1.08,0,68.66999999999999,2022,112,Pacific Coast League,Triple-A,657088-2022-112
2022,666150,Dominic Fletcher,player,29,Dominic Fletcher,Dominic,Fletcher,Dominic,D Fletcher,2310,RNO,Reno Aces,Aces,PCL,112,CF,Outfielder,RF,24,449,179,149,1,6,0.369,42,4,5,44,1722,3.8349999999999995,0.094,0.196,0.011,0.47700000000000004,0.15200000000000002,6,0,55,835,160,315,15,26,100,29,1,53,36,101,96,70,29,8,5,88,42,0,119,0.301,396,0.368,0.452,0.8200000000000001,6,5,0.455,0.545,5,38,1.04,0,79.2,2022,112,Pacific Coast League,Triple-A,666150-2022-112
2022,668723,Ryan Vilade,player,29,Ryan Vilade,Ryan,Vilade,Ryan,R Vilade,342,ABQ,Albuquerque Isotopes,Isotopes,PCL,112,RF,Outfielder,RF,23,430,130,155,1,4,0.29100000000000004,24,4,9,60,1559,3.626,0.12100000000000001,0.16,0.012,0.754,0.10300000000000001,4,0,55,725,145,305,17,24,117,15,2,35,40,99,96,64,15,4,5,69,52,0,92,0.24900000000000003,369,0.345,0.352,0.697,6,10,0.625,0.375,9,38,1.22,0,73.8,2022,112,Pacific Coast League,Triple-A,668723-2022-112
2022,642221,Kean Wong,player,31,Kean Wong,Kean,Wong,Kean,K Wong,561,SL,Salt Lake Bees,Bees,PCL,112,3B,Third Base,2B,27,565,165,197,1,4,0.33999999999999997,25,2,9,71,2225,3.9379999999999997,0.10800000000000001,0.221,0.005,0.48800000000000004,0.07,8,1,62,1065,275,377,11,30,144,13,0,65,52,128,103,70,18,4,3,125,61,1,130,0.262,497,0.34199999999999997,0.33199999999999996,0.6739999999999999,6,41,0.8720000000000001,0.128,9,53,1.4,0,165.67,2022,112,Pacific Coast League,Triple-A,642221-2022-112
2022,681715,Heriberto Hernández,player,1,Heriberto Hernández,Heriberto,Hernandez,Heriberto,H Hernández,2498,BG,Bowling Green Hot Rods,Hot Rods,SAL,116,LF,Outfielder,LF,22,494,209,200,0,0,0.346,53,8,3,43,2050,4.1499999999999995,0.136,0.314,0.049,0.43200000000000005,0.24300000000000002,7,0,43,858,325,264,33,7,74,36,2,30,39,119,83,70,28,1,24,155,67,0,107,0.255,419,0.368,0.499,0.8670000000000001,2,6,0.75,0.25,3,89,0.89,0,17.459999999999997,2022,116,South Atlantic League,High-A,681715-2022-116
2022,671113,Zach Daniels,player,2,Zach Daniels,Zachary,Daniels,Zach,Z Daniels,573,ASH,Asheville Tourists,Tourists,SAL,116,LF,Outfielder,OF,23,412,187,168,0,2,0.371,39,4,6,50,1649,4.002,0.117,0.308,0.056,0.378,0.24000000000000002,4,0,31,760,279,233,10,10,81,35,0,27,39,95,51,76,15,1,23,127,48,2,101,0.28200000000000003,358,0.371,0.522,0.893,5,22,0.8150000000000001,0.185,6,64,1.59,0,15.56,2022,116,South Atlantic League,High-A,671113-2022-116
2022,676205,Tyler Hardman,player,3,Tyler Hardman,Tyler,Hardman,Tyler,T Hardman,537,HV,Hudson Valley Renegades,Renegades,SAL,116,3B,Third Base,1B,23,447,190,214,0,7,0.33299999999999996,40,3,16,55,1780,3.9819999999999998,0.089,0.304,0.049,0.29400000000000004,0.21700000000000003,8,0,57,809,260,268,15,14,78,25,1,56,22,107,86,53,16,2,22,136,40,0,104,0.262,397,0.329,0.47900000000000004,0.808,4,14,0.778,0.222,16,79,0.91,0,18.04,2022,116,South Atlantic League,High-A,676205-2022-116
2022,683593,Dariel Lopez,player,4,Dariel Lopez,Dariel,Lopez,Dariel,D Lopez,477,GBO,Greensboro Grasshoppers,Grasshoppers,SAL,116,3B,Third Base,SS,20,420,186,173,1,2,0.348,35,5,10,55,1500,3.5709999999999997,0.05,0.255,0.045,0.196,0.189,5,0,36,788,227,287,13,19,107,19,1,48,44,102,68,58,15,1,19,107,21,0,112,0.28600000000000003,391,0.329,0.47600000000000003,0.805,4,6,0.6,0.4,10,58,1.57,0,20.58,2022,116,South Atlantic League,High-A,683593-2022-116
2022,682868,Bryan Ramos,player,4,Bryan Ramos,Bryan,Ramos,Bryan,B Ramos,580,WS,Winston-Salem Dash,Dash,SAL,116,3B,Third Base,3B,20,433,180,183,0,4,0.29100000000000004,36,6,8,74,1616,3.7319999999999998,0.092,0.164,0.044,0.5630000000000001,0.196,10,0,70,719,184,315,30,14,96,16,3,57,29,99,114,64,16,1,19,71,40,0,105,0.275,382,0.35,0.47100000000000003,0.8210000000000001,0,1,1,0,8,74,0.8400000000000001,1,20.1,2022,116,South Atlantic League,High-A,682868-2022-116
2022,686677,Landon Stephens,player,4,Landon Stephens,Landon,Stephens,Landon,L Stephens,432,ROM,Rome Braves,Braves,SAL,116,LF,Outfielder,1B,24,392,146,168,0,3,0.268,35,14,6,49,1565,3.9919999999999995,0.138,0.273,0.048,0.505,0.231,5,1,51,796,281,217,29,6,59,29,0,29,14,88,86,52,15,1,19,107,54,0,72,0.224,321,0.357,0.455,0.812,2,2,0.5,0.5,6,70,0.69,0,16.9,2022,116,South Atlantic League,High-A,686677-2022-116
2022,683090,Matthew Lugo,player,7,Matthew Lugo,Matthew,Lugo,Matthew,M Lugo,428,GVL,Greenville Drive,Drive,SAL,116,SS,Shortstop,LF,21,512,233,209,0,3,0.32999999999999996,53,7,8,75,1793,3.502,0.068,0.195,0.034999999999999996,0.35,0.21200000000000002,7,0,73,1030,286,369,29,19,114,43,0,49,42,114,121,76,25,10,18,100,35,0,134,0.28800000000000003,466,0.344,0.5,0.8440000000000001,7,20,0.741,0.259,8,78,0.9400000000000001,1,25.89,2022,116,South Atlantic League,High-A,683090-2022-116
2022,676288,Baron Radcliff,player,8,Baron Radcliff,Baron,Radcliff,Baron,B Radcliff,427,JS,Jersey Shore BlueClaws,BlueClaws,SAL,116,LF,Outfielder,OF,23,408,152,140,0,1,0.389,34,1,4,37,1773,4.346,0.14700000000000002,0.4,0.042,0.368,0.202,2,0,31,672,276,184,8,7,56,23,1,34,24,104,46,44,15,2,17,163,60,1,82,0.23700000000000002,346,0.35,0.43900000000000006,0.7889999999999999,2,6,0.75,0.25,4,49,1.22,0,20.35,2022,116,South Atlantic League,High-A,676288-2022-116
2022,682848,Endy Rodríguez,player,9,Endy Rodríguez,Endy,Rodríguez,Endy,E Rodríguez,477,GBO,Greensboro Grasshoppers,Grasshoppers,SAL,116,C,Catcher,C,22,370,173,119,0,3,0.351,42,7,0,37,1426,3.8539999999999996,0.114,0.20800000000000002,0.043000000000000003,0.545,0.24200000000000002,1,0,51,703,163,244,21,18,58,24,2,40,30,88,90,63,23,3,16,77,42,1,96,0.302,318,0.392,0.544,0.936,3,3,0.5,0.5,0,55,0.64,0,19.88,2022,116,South Atlantic League,High-A,682848-2022-116
2022,695257,Billy Cook,player,10,Billy Cook,William,Cook,Billy,B Cook,488,ABD,Aberdeen IronBirds,IronBirds,SAL,116,RF,Outfielder,CF,23,437,164,221,1,3,0.29800000000000004,42,10,5,49,1692,3.8719999999999994,0.07800000000000001,0.318,0.034,0.24500000000000002,0.201,5,0,59,856,302,254,31,12,66,25,0,33,28,112,102,49,21,6,15,139,34,1,86,0.221,389,0.29800000000000004,0.42200000000000004,0.72,4,25,0.8620000000000001,0.138,5,65,0.65,0,25.93,2022,116,South Atlantic League,High-A,695257-2022-116
2022,678900,Alexander Ovalles,player,11,Alexander Ovalles,Alexander,Ovalles,Alexander,A Ovalles,2498,BG,Bowling Green Hot Rods,Hot Rods,SAL,116,1B,First Base,OF,21,368,152,152,1,3,0.316,35,6,6,57,1531,4.159999999999999,0.117,0.20700000000000002,0.038,0.5660000000000001,0.21000000000000002,6,0,41,620,165,243,11,13,92,21,0,34,31,89,65,63,18,3,14,76,43,0,86,0.273,315,0.368,0.48300000000000004,0.8510000000000001,5,9,0.643,0.357,6,62,1.42,0,22.5,2022,116,South Atlantic League,High-A,678900-2022-116
2022,695336,Thomas Saggese,player,11,Thomas Saggese,Thomas,Saggese,Thomas,T Saggese,448,HIC,Hickory Crawdads,Crawdads,SAL,116,2B,Second Base,LF,20,419,185,169,1,5,0.372,38,4,15,71,1598,3.8139999999999996,0.06899999999999999,0.224,0.033,0.309,0.17900000000000002,5,0,64,895,217,292,18,12,81,26,0,56,35,98,94,56,22,2,14,94,29,1,117,0.308,380,0.359,0.48700000000000004,0.8460000000000001,3,11,0.7859999999999999,0.21400000000000002,15,61,0.8600000000000001,0,27.14,2022,116,South Atlantic League,High-A,695336-2022-116
2022,700242,Trey Sweeney,player,11,Trey Sweeney,Trey,Sweeney,Trey,T Sweeney,537,HV,Hudson Valley Renegades,Renegades,SAL,116,SS,Shortstop,SS,22,458,162,171,0,1,0.29700000000000004,36,7,6,52,1787,3.9019999999999997,0.129,0.23600000000000002,0.031,0.546,0.17400000000000002,4,0,58,759,188,283,35,11,85,22,0,46,26,100,104,70,18,4,14,108,59,0,94,0.24100000000000002,390,0.35,0.41500000000000004,0.765,2,29,0.935,0.065,6,51,0.8200000000000001,1,27.86,2022,116,South Atlantic League,High-A,700242-2022-116
2022,683227,Cody Freeman,player,14,Cody Freeman,Cody,Freeman,Cody,C Freeman,448,HIC,Hickory Crawdads,Crawdads,SAL,116,C,Catcher,3B,21,436,141,197,0,5,0.251,24,6,8,58,1697,3.8919999999999995,0.092,0.161,0.03,0.5710000000000001,0.132,11,0,61,697,134,320,24,21,124,14,0,30,46,102,106,51,10,1,13,70,40,0,90,0.234,385,0.312,0.366,0.6779999999999999,5,8,0.615,0.385,8,71,1.1700000000000002,0,29.62,2022,116,South Atlantic League,High-A,683227-2022-116
2022,669386,Trevor Hauver,player,14,Trevor Hauver,Trevor,Hauver,Trevor,T Hauver,448,HIC,Hickory Crawdads,Crawdads,SAL,116,LF,Outfielder,2B,23,359,114,152,0,8,0.26,27,6,5,42,1594,4.44,0.192,0.251,0.036,0.767,0.196,3,0,38,546,142,194,11,15,70,21,0,25,14,82,64,49,13,1,13,90,69,2,60,0.21700000000000003,276,0.376,0.41300000000000003,0.7889999999999999,1,2,0.6669999999999999,0.33299999999999996,5,58,1.09,0,21.23,2022,116,South Atlantic League,High-A,669386-2022-116
2022,670868,Abrahan Gutierrez,player,16,Abrahan Gutierrez,Abrahan,Gutierrez,Abrahan,A Gutierrez,477,GBO,Greensboro Grasshoppers,Grasshoppers,SAL,116,C,Catcher,C,22,441,155,163,0,4,0.33099999999999996,34,8,15,60,1763,3.9979999999999998,0.118,0.254,0.027,0.464,0.15400000000000003,5,0,55,734,185,269,11,19,87,15,1,48,33,108,85,51,22,0,12,112,52,0,97,0.257,377,0.356,0.41100000000000003,0.767,2,4,0.6669999999999999,0.33299999999999996,15,56,1.02,0,31.419999999999998,2022,116,South Atlantic League,High-A,670868-2022-116
2022,672635,Luis Mieses,player,16,Luis Mieses,Luis,Mieses,Luis,L Mieses,580,WS,Winston-Salem Dash,Dash,SAL,116,RF,Outfielder,OF,22,451,188,225,0,3,0.313,46,4,8,78,1580,3.503,0.053000000000000005,0.16,0.027,0.33299999999999996,0.167,6,0,70,981,247,351,27,22,114,24,1,48,45,106,119,54,34,0,12,72,24,0,118,0.281,420,0.324,0.448,0.772,0,0,,,8,72,0.96,0,35,2022,116,South Atlantic League,High-A,672635-2022-116
2022,685121,Beau Philip,player,16,Beau Philip,Beau,Philip,Beau,B Philip,432,ROM,Rome Braves,Braves,SAL,116,3B,Third Base,P,23,449,128,187,1,5,0.3,21,6,9,62,1754,3.9059999999999997,0.138,0.29200000000000004,0.027,0.47300000000000003,0.12000000000000001,4,0,46,751,248,250,21,9,91,31,0,24,28,111,76,53,9,0,12,131,62,0,83,0.221,375,0.33699999999999997,0.34099999999999997,0.6779999999999999,3,13,0.8130000000000001,0.188,9,57,1.2,0,31.25,2022,116,South Atlantic League,High-A,685121-2022-116
2022,677060,Chad Stevens,player,16,Chad Stevens,Chad,Stevens,Chad,C Stevens,573,ASH,Asheville Tourists,Tourists,SAL,116,SS,Shortstop,2B,23,359,134,180,0,3,0.321,29,4,3,51,1405,3.9139999999999997,0.084,0.281,0.033,0.29700000000000004,0.168,6,0,45,707,211,224,16,16,67,29,0,24,27,85,77,55,16,1,12,101,30,0,80,0.24800000000000003,322,0.318,0.41600000000000004,0.734,5,12,0.706,0.29400000000000004,3,60,0.8700000000000001,0,26.830000000000002,2022,116,South Atlantic League,High-A,677060-2022-116
2022,694497,Evan Carter,player,20,Evan Carter,Evan,Carter,Evan,E Carter,448,HIC,Hickory Crawdads,Crawdads,SAL,116,CF,Outfielder,CF,19,447,179,156,1,5,0.329,39,6,8,53,1789,4.002,0.132,0.168,0.025,0.7869999999999999,0.189,8,0,68,683,147,307,26,19,86,18,1,51,38,100,113,78,18,10,11,75,59,0,108,0.28700000000000003,376,0.388,0.47600000000000003,0.8640000000000001,12,26,0.6839999999999999,0.316,8,66,0.76,0,34.18,2022,116,South Atlantic League,High-A,694497-2022-116
2022,695587,Bryson Horne,player,20,Bryson Horne,Bryson,Horne,Bryson,B Horne,432,ROM,Rome Braves,Braves,SAL,116,1B,First Base,1B,23,413,145,180,0,3,0.314,31,4,13,56,1584,3.8349999999999995,0.08,0.266,0.027,0.3,0.14500000000000002,5,0,58,861,248,266,16,9,92,19,1,40,31,100,83,44,19,1,11,110,33,1,91,0.24400000000000002,373,0.31,0.389,0.699,1,4,0.8,0.2,13,52,1.11,0,33.91,2022,116,South Atlantic League,High-A,695587-2022-116
2022,670919,Luis Santana,player,20,Luis Santana,Luis,Santana,Luis,L Santana,573,ASH,Asheville Tourists,Tourists,SAL,116,2B,Second Base,2B,22,396,162,160,0,2,0.34299999999999997,36,13,10,48,1466,3.702,0.096,0.17400000000000002,0.028,0.551,0.17500000000000002,4,0,42,690,173,276,23,7,102,30,0,35,37,97,72,58,23,2,11,69,38,0,102,0.29700000000000004,343,0.386,0.47200000000000003,0.8580000000000001,4,11,0.733,0.267,10,62,1.42,0,31.18,2022,116,South Atlantic League,High-A,670919-2022-116
2022,694377,Nick Yorke,player,20,Nick Yorke,Nicholas,Yorke,Nick,N Yorke,428,GVL,Greenville Drive,Drive,SAL,116,2B,Second Base,3B,20,373,123,115,0,1,0.28800000000000003,22,2,7,40,1545,4.1419999999999995,0.088,0.252,0.028999999999999998,0.351,0.134,3,0,52,701,208,244,12,18,84,22,0,25,31,80,82,48,10,1,11,94,33,0,78,0.231,337,0.303,0.365,0.6679999999999999,4,8,0.6669999999999999,0.33299999999999996,7,45,1.02,0,30.64,2022,116,South Atlantic League,High-A,694377-2022-116
2022,701648,Aaron Zavala,player,20,Aaron Zavala,Aaron,Zavala,Aaron,A Zavala,448,HIC,Hickory Crawdads,Crawdads,SAL,116,RF,Outfielder,OF,22,375,132,112,0,0,0.344,24,8,2,38,1559,4.156999999999999,0.181,0.21100000000000002,0.028999999999999998,0.8610000000000001,0.164,1,0,47,582,143,220,18,13,59,18,1,35,29,81,78,61,10,3,11,79,68,1,83,0.278,299,0.42400000000000004,0.441,0.8650000000000001,5,10,0.6669999999999999,0.33299999999999996,2,41,0.76,0,27.18,2022,116,South Atlantic League,High-A,701648-2022-116
2022,671276,Yasel Antuna,player,25,Yasel Antuna,Yasel,Antuna,Yasel,Y Antuna,426,WIL,Wilmington Blue Rocks,Blue Rocks,SAL,116,LF,Outfielder,SS,22,415,123,153,1,6,0.28300000000000003,24,4,2,52,1787,4.306,0.17300000000000001,0.21200000000000002,0.024,0.8180000000000001,0.136,3,1,58,738,166,251,22,21,72,16,1,38,23,99,101,66,13,1,10,88,72,1,78,0.23500000000000001,332,0.372,0.37,0.742,6,26,0.8130000000000001,0.188,2,44,0.71,0,33.2,2022,116,South Atlantic League,High-A,671276-2022-116
2022,682685,Cristian Gonzalez,player,25,Cristian Gonzalez,Cristian,Gonzalez,Cristian,C Gonzalez,573,ASH,Asheville Tourists,Tourists,SAL,116,SS,Shortstop,SS,20,445,143,195,0,3,0.302,29,4,12,62,1566,3.5189999999999997,0.065,0.28500000000000003,0.022,0.228,0.12200000000000001,5,0,42,848,302,285,29,17,104,27,0,39,27,104,88,54,18,1,10,127,29,0,93,0.227,409,0.28300000000000003,0.35,0.633,2,1,0.33299999999999996,0.6669999999999999,12,48,1.1800000000000002,0,40.9,2022,116,South Atlantic League,High-A,682685-2022-116
2022,687431,Hudson Head,player,25,Hudson Head,John,Head,Hudson,H Head,477,GBO,Greensboro Grasshoppers,Grasshoppers,SAL,116,CF,Outfielder,CF,21,420,139,151,0,1,0.354,31,13,2,42,1744,4.151999999999999,0.112,0.33599999999999997,0.024,0.33299999999999996,0.15300000000000002,2,0,38,783,264,219,14,12,71,15,1,44,24,106,64,60,17,4,10,141,47,0,84,0.234,359,0.34299999999999997,0.387,0.73,8,13,0.619,0.381,2,40,1.11,0,35.9,2022,116,South Atlantic League,High-A,687431-2022-116
2022,665827,Harvin Mendoza,player,25,Harvin Mendoza,Harvin,Mendoza,Harvin,H Mendoza,580,WS,Winston-Salem Dash,Dash,SAL,116,1B,First Base,1B,23,410,108,209,0,1,0.20700000000000002,20,7,7,63,1613,3.9339999999999997,0.095,0.202,0.024,0.47000000000000003,0.116,4,0,66,859,221,281,18,21,110,12,0,37,17,102,105,30,8,2,10,83,39,2,66,0.182,363,0.273,0.29800000000000004,0.5710000000000001,0,0,,,7,36,1.05,0,36.3,2022,116,South Atlantic League,High-A,665827-2022-116
2022,677068,Tyler Osik,player,25,Tyler Osik,Tyler,Osik,Tyler,T Osik,580,WS,Winston-Salem Dash,Dash,SAL,116,DH,Designated Hitter,1B,25,359,145,129,0,3,0.38,26,11,12,52,1417,3.947,0.089,0.21400000000000002,0.028,0.41600000000000004,0.15300000000000002,7,0,32,661,183,239,7,13,90,15,0,45,37,89,52,45,14,2,10,77,32,0,97,0.31,313,0.39,0.463,0.8530000000000001,2,3,0.6,0.4,12,53,1.73,0,31.3,2022,116,South Atlantic League,High-A,677068-2022-116
2022,688403,Michael Sandle,player,25,Michael Sandle,Michael,Sandle,Michael,M Sandle,573,ASH,Asheville Tourists,Tourists,SAL,116,CF,Outfielder,OF,23,524,189,206,0,1,0.33199999999999996,38,13,5,81,1928,3.679,0.07600000000000001,0.21400000000000002,0.019,0.357,0.134,8,0,74,970,251,359,32,17,110,33,0,30,63,114,123,79,23,5,10,112,40,1,126,0.268,470,0.34199999999999997,0.402,0.744,3,23,0.885,0.115,5,57,0.89,0,47,2022,116,South Atlantic League,High-A,688403-2022-116
2022,669451,Chris Seise,player,25,Chris Seise,Christopher,Seise,Chris,C Seise,448,HIC,Hickory Crawdads,Crawdads,SAL,116,DH,Designated Hitter,SS,23,388,133,152,0,2,0.352,26,1,8,43,1537,3.961,0.095,0.322,0.026000000000000002,0.29600000000000004,0.139,9,1,32,734,262,223,10,8,88,18,0,35,32,93,50,55,14,2,10,125,37,0,85,0.24600000000000002,346,0.319,0.384,0.703,3,12,0.8,0.2,8,46,1.76,2,34.6,2022,116,South Atlantic League,High-A,669451-2022-116
2022,675961,Alika Williams,player,25,Alika Williams,Alexander,Williams,Alika,A Williams,2498,BG,Bowling Green Hot Rods,Hot Rods,SAL,116,SS,Shortstop,SS,23,380,126,119,0,4,0.28900000000000003,22,6,3,48,1585,4.171,0.12400000000000001,0.17900000000000002,0.026000000000000002,0.691,0.136,4,0,74,674,145,259,18,15,70,19,2,31,30,84,107,59,10,2,10,68,47,0,82,0.254,323,0.355,0.39,0.745,3,6,0.6669999999999999,0.33299999999999996,3,58,0.65,0,32.3,2022,116,South Atlantic League,High-A,675961-2022-116
2022,669363,Jacob Gonzalez,player,33,Jacob Gonzalez,Jacob,Gonzalez,Jacob,J Gonzalez,477,GBO,Greensboro Grasshoppers,Grasshoppers,SAL,116,1B,First Base,3B,24,373,136,144,0,3,0.305,23,9,14,52,1348,3.614,0.07200000000000001,0.131,0.024,0.551,0.126,3,0,45,698,142,288,30,24,95,8,1,55,30,88,99,41,13,1,9,49,27,1,94,0.281,334,0.349,0.40700000000000003,0.756,1,2,0.6669999999999999,0.33299999999999996,14,45,0.96,0,37.11,2022,116,South Atlantic League,High-A,669363-2022-116
2022,665850,Cristian Inoa,player,33,Cristian Inoa,Cristian,Inoa,Cristian,C Inoa,448,HIC,Hickory Crawdads,Crawdads,SAL,116,1B,First Base,2B,22,409,152,161,0,6,0.325,33,8,5,51,1477,3.6109999999999998,0.08600000000000001,0.188,0.022,0.455,0.14400000000000002,3,0,72,715,169,289,28,22,67,13,2,49,36,98,122,55,23,1,9,77,35,0,100,0.278,360,0.35,0.42200000000000004,0.772,5,2,0.28600000000000003,0.714,5,57,0.55,0,40,2022,116,South Atlantic League,High-A,665850-2022-116
2022,694812,Tyler McDonough,player,33,Tyler McDonough,Tyler,McDonough,Tyler,T McDonough,428,GVL,Greenville Drive,Drive,SAL,116,CF,Outfielder,2B,23,517,163,175,3,1,0.33399999999999996,36,6,8,47,2076,4.015,0.093,0.313,0.017,0.29600000000000004,0.127,7,1,54,959,302,299,13,16,111,19,1,48,37,114,83,60,23,4,9,162,48,1,105,0.23,457,0.311,0.357,0.6679999999999999,5,21,0.808,0.192,8,48,1.34,2,50.78,2022,116,South Atlantic League,High-A,694812-2022-116
2022,681941,Jaylen Palmer,player,33,Jaylen Palmer,Jaylen,Palmer,Jaylen,J Palmer,453,BRK,Brooklyn Cyclones,Cyclones,SAL,116,CF,Outfielder,SS,21,377,102,162,0,0,0.308,24,12,6,43,1564,4.149,0.133,0.39,0.024,0.33999999999999997,0.14,3,0,32,598,243,168,8,8,62,17,0,26,15,102,48,45,13,2,9,147,50,0,58,0.184,315,0.318,0.324,0.642,3,22,0.88,0.12000000000000001,6,35,1.29,0,35,2022,116,South Atlantic League,High-A,681941-2022-116
2022,688682,Cooper Bowman,player,37,Cooper Bowman,Cooper,Bowman,Cooper,C Bowman,537,HV,Hudson Valley Renegades,Renegades,SAL,116,2B,Second Base,2B,22,364,106,129,0,5,0.28600000000000003,24,5,5,37,1602,4.401000000000001,0.15100000000000002,0.266,0.022,0.5670000000000001,0.137,6,0,29,594,154,207,26,8,79,11,1,28,25,80,63,54,15,1,8,97,55,0,65,0.21700000000000003,299,0.34299999999999997,0.355,0.698,6,35,0.8540000000000001,0.14600000000000002,5,35,1.25,0,37.379999999999995,2022,116,South Atlantic League,High-A,688682-2022-116
2022,682182,J.C. Correa,player,37,J.C. Correa,Jean,Correa,J.C.,J Correa,573,ASH,Asheville Tourists,Tourists,SAL,116,C,Catcher,SS,23,453,180,175,0,9,0.317,38,3,13,79,1606,3.545,0.082,0.079,0.018000000000000002,1.028,0.136,10,0,64,792,99,377,30,24,134,32,0,45,48,105,118,59,29,1,8,36,37,1,125,0.309,404,0.364,0.446,0.81,2,1,0.33299999999999996,0.6669999999999999,13,64,1.1400000000000001,0,50.5,2022,116,South Atlantic League,High-A,682182-2022-116
2022,665989,Shervyen Newton,player,37,Shervyen Newton,Shervyen,Newton,Shervyen,S Newton,453,BRK,Brooklyn Cyclones,Cyclones,SAL,116,SS,Shortstop,SS,23,378,108,161,0,3,0.303,24,8,7,43,1472,3.8939999999999997,0.10300000000000001,0.354,0.021,0.29100000000000004,0.131,2,0,37,708,273,196,9,13,72,19,0,31,15,96,59,47,13,3,8,134,39,0,65,0.199,327,0.29700000000000004,0.32999999999999996,0.627,1,1,0.5,0.5,7,46,1.22,1,40.879999999999995,2022,116,South Atlantic League,High-A,665989-2022-116
2022,672692,Jose Peroza,player,37,Jose Peroza,Jose,Peroza,Jose,J Peroza,453,BRK,Brooklyn Cyclones,Cyclones,SAL,116,2B,Second Base,3B,22,459,159,191,1,5,0.351,33,7,8,53,1666,3.63,0.10500000000000001,0.24000000000000002,0.017,0.43600000000000005,0.128,6,0,63,861,261,294,17,11,95,24,1,56,27,115,91,42,23,2,8,110,48,1,108,0.271,398,0.356,0.399,0.755,1,4,0.8,0.2,8,52,1.04,0,49.75,2022,116,South Atlantic League,High-A,672692-2022-116
2022,688449,TT Bowens,player,41,TT Bowens,Terry,Bowens,TT,T Bowens,488,ABD,Aberdeen IronBirds,IronBirds,SAL,116,1B,First Base,1B,24,434,139,144,0,3,0.36,32,9,5,41,1778,4.0969999999999995,0.15200000000000002,0.29000000000000004,0.016,0.524,0.14400000000000002,8,1,32,724,244,232,12,11,89,15,0,49,24,106,55,51,20,5,7,126,66,0,88,0.24800000000000003,355,0.376,0.392,0.768,1,3,0.75,0.25,5,45,1.62,1,50.71,2022,116,South Atlantic League,High-A,688449-2022-116
2022,686601,Drew Campbell,player,41,Drew Campbell,Drew,Campbell,Drew,D Campbell,432,ROM,Rome Braves,Braves,SAL,116,CF,Outfielder,CF,24,413,139,207,1,3,0.33599999999999997,21,3,12,74,1581,3.828,0.09,0.21300000000000002,0.017,0.42000000000000004,0.10600000000000001,3,1,49,896,253,285,13,16,107,18,0,42,40,97,78,51,10,4,7,88,37,0,100,0.271,369,0.33999999999999997,0.377,0.717,7,15,0.6819999999999999,0.318,12,50,1.37,0,52.71,2022,116,South Atlantic League,High-A,686601-2022-116
2022,668752,Duke Ellis,player,41,Duke Ellis,Robert,Ellis,Duke,D Ellis,580,WS,Winston-Salem Dash,Dash,SAL,116,LF,Outfielder,CF,24,432,146,133,2,2,0.364,27,7,1,37,1689,3.9099999999999997,0.10400000000000001,0.25,0.016,0.41700000000000004,0.118,5,0,49,810,239,270,5,15,99,19,1,43,39,100,69,75,17,3,7,108,45,0,102,0.273,374,0.36,0.39,0.75,8,50,0.8620000000000001,0.138,1,27,1.43,2,53.43,2022,116,South Atlantic League,High-A,668752-2022-116
2022,666141,Drew Mendoza,player,41,Drew Mendoza,Andrew,Mendoza,Drew,D Mendoza,426,WIL,Wilmington Blue Rocks,Blue Rocks,SAL,116,1B,First Base,3B,24,392,111,175,0,1,0.29200000000000004,22,1,6,43,1527,3.8949999999999996,0.09899999999999999,0.304,0.018000000000000002,0.328,0.10800000000000001,3,2,52,761,270,233,17,16,75,16,0,32,25,101,85,34,13,2,7,119,39,2,73,0.20800000000000002,351,0.28800000000000003,0.316,0.604,1,2,0.6669999999999999,0.33299999999999996,6,50,0.88,0,50.14,2022,116,South Atlantic League,High-A,666141-2022-116
2022,681159,Ethan Wilson,player,41,Ethan Wilson,Ethan,Wilson,Ethan,E Wilson,427,JS,Jersey Shore BlueClaws,BlueClaws,SAL,116,RF,Outfielder,OF,22,458,146,150,0,2,0.28800000000000003,29,4,9,65,1895,4.138,0.061,0.203,0.015,0.301,0.10600000000000001,5,0,70,932,200,333,35,19,108,22,1,42,36,112,124,39,20,2,7,93,28,1,101,0.23800000000000002,424,0.29000000000000004,0.344,0.634,7,25,0.7809999999999999,0.21900000000000003,9,45,0.8700000000000001,0,60.57,2022,116,South Atlantic League,High-A,681159-2022-116
2022,681286,JT Schwartz,player,46,JT Schwartz,Jason,Schwartz,JT,J Schwartz,453,BRK,Brooklyn Cyclones,Cyclones,SAL,116,1B,First Base,1B,22,455,160,162,0,2,0.33599999999999997,35,7,8,56,1850,4.066,0.101,0.196,0.013000000000000001,0.517,0.128,7,0,73,848,162,313,21,17,93,21,1,50,37,109,111,57,25,4,6,89,46,1,109,0.273,400,0.356,0.4,0.756,3,3,0.5,0.5,8,49,0.8400000000000001,0,66.66999999999999,2022,116,South Atlantic League,High-A,681286-2022-116
2022,678362,Gilberto Jimenez,player,47,Gilberto Jimenez,Gilberto,Jimenez,Gilberto,G Jimenez,428,GVL,Greenville Drive,Drive,SAL,116,RF,Outfielder,OF,21,409,139,187,5,1,0.351,25,3,10,56,1405,3.4349999999999996,0.044,0.24400000000000002,0.012,0.18,0.097,7,0,43,880,279,286,12,14,115,15,0,31,56,99,69,49,18,2,5,100,18,0,102,0.268,380,0.306,0.366,0.6719999999999999,9,20,0.69,0.31,10,34,1.6700000000000002,2,76,2022,116,South Atlantic League,High-A,678362-2022-116
2022,676045,Casey Martin,player,47,Casey Martin,Noah,Martin,Casey,C Martin,427,JS,Jersey Shore BlueClaws,BlueClaws,SAL,116,SS,Shortstop,SS,23,431,112,171,1,3,0.227,28,7,6,56,1547,3.589,0.051000000000000004,0.234,0.012,0.21800000000000003,0.101,4,0,86,840,244,301,50,18,75,15,0,36,21,110,154,42,21,2,5,101,22,0,72,0.181,398,0.23500000000000001,0.281,0.516,2,17,0.895,0.10500000000000001,6,33,0.49,0,79.6,2022,116,South Atlantic League,High-A,676045-2022-116
2022,672750,Ricardo Méndez,player,47,Ricardo Méndez,Ricardo,Méndez,Ricardo,R Méndez,426,WIL,Wilmington Blue Rocks,Blue Rocks,SAL,116,CF,Outfielder,CF,22,358,104,143,4,0,0.277,19,2,2,44,1277,3.567,0.07,0.201,0.014,0.347,0.092,11,0,39,611,135,258,24,13,108,12,0,37,25,84,76,38,13,1,5,72,25,0,74,0.227,326,0.28600000000000003,0.319,0.605,6,16,0.727,0.273,2,45,1.42,1,65.2,2022,116,South Atlantic League,High-A,672750-2022-116
2022,672566,José Sánchez,player,47,José Sánchez,José,Sánchez,José,J Sánchez,426,WIL,Wilmington Blue Rocks,Blue Rocks,SAL,116,3B,Third Base,SS,21,452,126,160,1,3,0.279,23,5,9,58,1703,3.7680000000000002,0.1,0.186,0.011,0.536,0.085,4,1,57,737,171,318,34,23,112,19,1,41,31,113,114,40,17,1,5,84,45,0,92,0.231,398,0.315,0.317,0.632,1,4,0.8,0.2,9,40,0.98,0,79.6,2022,116,South Atlantic League,High-A,672566-2022-116
2022,677601,Keyber Rodriguez,player,51,Keyber Rodriguez,Keyber,Rodriguez,Keyber,K Rodriguez,448,HIC,Hickory Crawdads,Crawdads,SAL,116,3B,Third Base,SS,21,412,118,189,2,3,0.314,18,5,6,56,1475,3.58,0.083,0.21800000000000003,0.01,0.378,0.07300000000000001,5,0,55,755,192,283,18,13,106,13,1,45,32,103,86,55,13,1,4,90,34,0,91,0.24700000000000003,368,0.317,0.321,0.638,4,8,0.6669999999999999,0.33299999999999996,6,41,1.23,0,92,2022,116,South Atlantic League,High-A,677601-2022-116
2022,689822,Matt Rudick,player,52,Matt Rudick,Matthew,Rudick,Matt,M Rudick,453,BRK,Brooklyn Cyclones,Cyclones,SAL,116,LF,Outfielder,OF,23,366,108,112,0,5,0.28700000000000003,25,16,1,41,1456,3.9779999999999998,0.12300000000000001,0.15800000000000003,0.008,0.776,0.117,7,2,63,628,119,247,25,11,75,11,0,37,25,83,99,50,18,4,3,58,45,0,73,0.24300000000000002,300,0.366,0.36,0.726,5,17,0.773,0.227,1,28,0.76,0,100,2022,116,South Atlantic League,High-A,689822-2022-116
2022,702250,Jared Carr,player,53,Jared Carr,Jared,Carr,Jared,J Carr,427,JS,Jersey Shore BlueClaws,BlueClaws,SAL,116,CF,Outfielder,OF,23,432,101,137,2,1,0.311,16,12,7,42,1727,3.9979999999999998,0.10600000000000001,0.275,0.005,0.387,0.057,8,0,44,797,225,255,16,12,103,16,0,37,27,114,72,46,13,1,2,119,46,0,80,0.21600000000000003,371,0.321,0.272,0.593,9,16,0.64,0.36,7,19,1.43,0,185.5,2022,116,South Atlantic League,High-A,702250-2022-116
2022,672479,Aldenis Sanchez,player,54,Aldenis Sanchez,Aldenis,Sanchez,Aldenis,A Sanchez,537,HV,Hudson Valley Renegades,Renegades,SAL,116,LF,Outfielder,OF,23,363,97,157,0,2,0.379,12,4,6,38,1364,3.758,0.116,0.28900000000000003,0.003,0.4,0.051000000000000004,7,0,34,643,203,212,4,5,88,6,0,33,42,96,43,40,9,2,1,105,42,1,81,0.257,315,0.35,0.308,0.658,9,32,0.7799999999999999,0.22,6,32,2.05,0,315,2022,116,South Atlantic League,High-A,672479-2022-116
2022,656666,Drew Lugbauer,player,1,Drew Lugbauer,Drew,Lugbauer,Drew,D Lugbauer,430,MIS,Mississippi Braves,Braves,SOU,111,1B,First Base,1B,25,555,210,249,0,0,0.312,53,6,2,46,2276,4.101,0.135,0.382,0.05,0.354,0.23,5,2,58,1106,494,262,27,8,68,42,0,37,22,128,93,71,25,0,28,212,75,5,101,0.21300000000000002,474,0.328,0.443,0.771,0,0,,,2,82,0.73,0,16.93,2022,111,Southern League,Double-A,656666-2022-111
2022,665052,Griffin Conine,player,2,Griffin Conine,Griffin,Conine,Griffin,G Conine,4124,PNS,Pensacola Blue Wahoos,Blue Wahoos,SOU,111,RF,Outfielder,RF,24,496,180,221,0,4,0.308,41,4,8,57,1985,4.002,0.14900000000000002,0.369,0.048,0.404,0.22,4,0,46,956,378,235,9,7,84,35,0,33,21,118,62,55,15,2,24,183,74,2,89,0.21500000000000002,414,0.33699999999999997,0.43500000000000005,0.772,1,1,0.5,0.5,8,74,1.35,0,17.25,2022,111,Southern League,Double-A,665052-2022-111
2022,666632,Yonathan Perlaza,player,3,Yonathan Perlaza,Yonathan,Perlaza,Yonathan,Y Perlaza,553,TNS,Tennessee Smokies,Smokies,SOU,111,RF,Outfielder,2B,23,547,231,199,0,1,0.302,62,4,3,65,2146,3.923,0.132,0.232,0.042,0.5670000000000001,0.23600000000000002,6,0,91,1029,313,344,14,13,106,40,0,50,30,124,118,81,36,3,23,127,72,2,120,0.255,470,0.358,0.491,0.8490000000000001,6,15,0.714,0.28600000000000003,3,73,0.9,0,20.439999999999998,2022,111,Southern League,Double-A,666632-2022-111
2022,670286,Craig Dedelow,player,4,Craig Dedelow,Craig,Dedelow,Craig,C Dedelow,247,BIR,Birmingham Barons,Barons,SOU,111,RF,Outfielder,OF,27,449,179,196,0,5,0.347,42,7,4,53,1876,4.178,0.12000000000000001,0.385,0.049,0.312,0.23500000000000001,0,1,58,955,398,215,16,10,42,31,0,35,23,104,84,69,16,4,22,173,54,0,89,0.232,383,0.33399999999999996,0.467,0.801,4,10,0.714,0.28600000000000003,4,68,0.5,0,17.41,2022,111,Southern League,Double-A,670286-2022-111
2022,668664,Chase Strumpf,player,5,Chase Strumpf,Chase,Strumpf,Chase,C Strumpf,553,TNS,Tennessee Smokies,Smokies,SOU,111,2B,Second Base,3B,24,486,181,204,0,1,0.33599999999999997,45,19,8,51,1983,4.08,0.15000000000000002,0.33299999999999996,0.043000000000000003,0.451,0.226,3,0,51,868,322,232,20,10,59,30,0,44,18,116,81,73,22,2,21,162,73,0,92,0.234,393,0.379,0.461,0.8400000000000001,2,2,0.5,0.5,8,57,0.73,0,18.71,2022,111,Southern League,Double-A,668664-2022-111
2022,687478,Cam Devanney,player,6,Cam Devanney,Cameron,Devanney,Cam,C Devanney,5015,BLX,Biloxi Shuckers,Shuckers,SOU,111,SS,Shortstop,SS,25,459,194,187,0,5,0.28900000000000003,49,9,14,58,1711,3.728,0.094,0.20900000000000002,0.044,0.448,0.224,5,0,80,875,248,311,24,12,91,37,0,42,25,115,116,59,28,1,20,96,43,0,104,0.259,402,0.33999999999999997,0.48300000000000004,0.8230000000000001,2,6,0.75,0.25,14,57,0.7799999999999999,0,20.1,2022,111,Southern League,Double-A,687478-2022-111
2022,670237,Jake Slaughter,player,6,Jake Slaughter,Jacob,Slaughter,Jake,J Slaughter,553,TNS,Tennessee Smokies,Smokies,SOU,111,3B,Third Base,SS,25,386,175,136,0,4,0.33199999999999996,38,17,9,49,1509,3.909,0.096,0.21500000000000002,0.052000000000000005,0.446,0.24100000000000002,2,1,53,754,189,249,15,8,77,29,0,39,28,86,76,60,17,1,20,83,37,0,96,0.29300000000000004,328,0.389,0.534,0.923,8,28,0.778,0.222,9,68,1.01,0,16.4,2022,111,Southern League,Double-A,670237-2022-111
2022,673461,Yoelqui Céspedes,player,8,Yoelqui Céspedes,Yoelqui,Céspedes,Yoelqui,Y Céspedes,247,BIR,Birmingham Barons,Barons,SOU,111,CF,Outfielder,OF,24,512,200,223,0,2,0.349,47,23,9,55,1754,3.4259999999999997,0.057,0.301,0.033,0.188,0.17900000000000002,0,0,60,1104,439,306,25,13,90,27,0,53,38,119,98,65,29,1,17,154,29,0,118,0.258,458,0.33199999999999996,0.43700000000000006,0.769,12,33,0.733,0.267,9,59,0.92,0,26.939999999999998,2022,111,Southern League,Double-A,673461-2022-111
2022,686759,TJ Hopkins,player,8,TJ Hopkins,Mark,Hopkins,TJ,T Hopkins,498,CHA,Chattanooga Lookouts,Lookouts,SOU,111,LF,Outfielder,CF,25,425,173,164,0,6,0.327,40,6,8,50,1670,3.929,0.094,0.275,0.04,0.34199999999999997,0.20400000000000001,8,0,65,813,248,262,15,13,72,29,0,37,31,101,93,57,21,2,17,117,40,0,97,0.26,373,0.33599999999999997,0.464,0.8,5,6,0.545,0.455,8,66,0.77,0,21.939999999999998,2022,111,Southern League,Double-A,686759-2022-111
2022,680574,Matt McLain,player,8,Matt McLain,Matthew,McLain,Matt,M McLain,498,CHA,Chattanooga Lookouts,Lookouts,SOU,111,SS,Shortstop,2B,22,452,168,170,0,3,0.3,43,8,7,48,1916,4.239000000000001,0.15500000000000003,0.281,0.038,0.551,0.221,6,2,52,701,231,247,22,13,74,34,0,34,18,103,87,67,21,5,17,127,70,1,86,0.232,371,0.363,0.453,0.8160000000000001,3,27,0.9,0.1,7,58,0.8500000000000001,0,21.82,2022,111,Southern League,Double-A,680574-2022-111
2022,670224,Kameron Misner,player,11,Kameron Misner,Kameron,Misner,Kameron,K Misner,421,MTG,Montgomery Biscuits,Biscuits,SOU,111,CF,Outfielder,CF,24,510,179,206,0,3,0.356,42,6,4,49,2211,4.335,0.169,0.304,0.031,0.555,0.181,5,1,59,911,340,263,20,10,70,33,0,45,26,117,89,80,25,1,16,155,86,1,104,0.251,415,0.384,0.43100000000000005,0.8150000000000001,7,32,0.8210000000000001,0.17900000000000002,4,62,0.7899999999999999,0,25.939999999999998,2022,111,Southern League,Double-A,670224-2022-111
2022,686894,Joey Wiemer,player,12,Joey Wiemer,Joseph,Wiemer,Joey,J Wiemer,5015,BLX,Biloxi Shuckers,Shuckers,SOU,111,RF,Outfielder,RF,23,374,147,174,0,1,0.319,35,5,3,56,1419,3.794,0.091,0.302,0.04,0.301,0.198,4,0,41,761,301,222,19,8,73,29,0,20,32,84,68,57,19,1,15,113,34,1,81,0.24300000000000002,334,0.321,0.44,0.761,1,25,0.962,0.038,3,47,1.07,0,22.27,2022,111,Southern League,Double-A,686894-2022-111
2022,689172,Brett Wisely,player,12,Brett Wisely,Brett,Wisely,Brett,B Wisely,421,MTG,Montgomery Biscuits,Biscuits,SOU,111,2B,Second Base,2B,23,500,198,150,1,2,0.329,44,5,5,36,1912,3.824,0.12400000000000001,0.20800000000000002,0.03,0.596,0.186,3,1,99,869,245,329,18,8,86,46,0,43,29,112,125,84,23,6,15,104,62,1,118,0.274,430,0.371,0.46,0.8310000000000001,11,31,0.738,0.262,5,56,0.69,0,28.67,2022,111,Southern League,Double-A,689172-2022-111
2022,669326,Bryce Teodosio,player,14,Bryce Teodosio,Bryce,Teodosio,Bryce,B Teodosio,559,RCT,Rocket City Trash Pandas,Trash Pandas,SOU,111,CF,Outfielder,LF,23,425,123,209,1,1,0.3,24,11,3,35,1637,3.8519999999999994,0.101,0.391,0.033,0.259,0.14100000000000001,2,0,46,819,335,205,12,9,67,13,0,32,26,112,67,48,10,0,14,166,43,0,71,0.192,369,0.29500000000000004,0.33299999999999996,0.628,5,28,0.8480000000000001,0.15200000000000002,3,41,1,0,26.36,2022,111,Southern League,Double-A,669326-2022-111
2022,682192,Paul McIntosh,player,15,Paul McIntosh,Paul,McIntosh,Paul,P McIntosh,4124,PNS,Pensacola Blue Wahoos,Blue Wahoos,SOU,111,C,Catcher,C,24,383,148,141,0,2,0.29700000000000004,39,8,6,54,1603,4.185,0.14400000000000002,0.196,0.034,0.733,0.20800000000000002,4,0,39,676,185,245,25,8,91,19,0,31,32,90,72,66,25,1,13,75,55,0,82,0.258,318,0.379,0.465,0.8440000000000001,5,10,0.6669999999999999,0.33299999999999996,6,51,1.26,0,24.459999999999997,2022,111,Southern League,Double-A,682192-2022-111
2022,666186,Thomas Dillard,player,16,Thomas Dillard,Thomas,Dillard,Thomas,T Dillard,5015,BLX,Biloxi Shuckers,Shuckers,SOU,111,1B,First Base,C,24,516,166,207,0,2,0.33699999999999997,42,8,8,49,2141,4.149,0.15700000000000003,0.304,0.023,0.516,0.15800000000000003,4,2,61,1022,389,270,14,16,80,33,0,37,29,121,91,67,29,1,12,157,81,3,99,0.233,425,0.364,0.391,0.755,2,14,0.8750000000000001,0.125,8,67,0.88,0,35.42,2022,111,Southern League,Double-A,666186-2022-111
2022,672279,Michael Siani,player,16,Michael Siani,Michael,Siani,Michael,M Siani,498,CHA,Chattanooga Lookouts,Lookouts,SOU,111,CF,Outfielder,CF,22,531,184,186,1,3,0.28900000000000003,38,7,8,72,2078,3.913,0.12100000000000001,0.169,0.023,0.711,0.15100000000000002,4,0,67,884,179,370,43,15,130,30,0,42,43,121,125,76,19,7,12,90,64,0,115,0.252,456,0.351,0.404,0.755,12,49,0.803,0.197,8,49,1.04,0,38,2022,111,Southern League,Double-A,672279-2022-111
2022,680589,Felix Valerio,player,16,Felix Valerio,Felix,Valerio,Felix,F Valerio,5015,BLX,Biloxi Shuckers,Shuckers,SOU,111,2B,Second Base,SS,21,480,149,206,0,8,0.24900000000000003,28,7,6,70,1957,4.077,0.1,0.167,0.025,0.6,0.129,9,2,81,910,185,345,44,17,108,23,1,38,33,113,142,60,14,2,12,80,48,1,95,0.228,417,0.313,0.357,0.6699999999999999,9,30,0.769,0.231,6,51,0.76,0,34.75,2022,111,Southern League,Double-A,680589-2022-111
2022,668787,Bryce Ball,player,19,Bryce Ball,Brycelin,Ball,Bryce,B Ball,553,TNS,Tennessee Smokies,Smokies,SOU,111,1B,First Base,1B,23,562,197,223,0,4,0.32999999999999996,44,2,5,76,2190,3.897,0.12300000000000001,0.21500000000000002,0.02,0.5700000000000001,0.14,3,0,71,967,262,369,26,22,121,28,1,62,38,131,119,77,31,2,11,121,69,0,129,0.265,486,0.357,0.405,0.762,4,1,0.2,0.8,5,76,1.02,1,44.18,2022,111,Southern League,Double-A,668787-2022-111
2022,670867,Kevin Maitan,player,19,Kevin Maitan,Kevin,Maitan,Kevin,K Maitan,559,RCT,Rocket City Trash Pandas,Trash Pandas,SOU,111,3B,Third Base,SS,22,450,159,217,0,3,0.371,32,7,6,66,1802,4.004,0.091,0.311,0.024,0.29300000000000004,0.138,4,0,41,984,348,262,6,11,100,20,0,45,39,114,58,54,20,1,11,140,41,0,104,0.261,399,0.33799999999999997,0.398,0.736,3,3,0.5,0.5,6,45,1.72,0,36.27,2022,111,Southern League,Double-A,670867-2022-111
2022,679563,José Rodríguez,player,19,José Rodríguez,José,Rodriguez,José,J Rodríguez,247,BIR,Birmingham Barons,Barons,SOU,111,SS,Shortstop,SS,21,484,189,170,1,1,0.308,38,3,9,65,1766,3.649,0.079,0.136,0.023,0.5760000000000001,0.15000000000000002,7,1,60,924,200,376,35,23,135,21,1,39,62,104,118,75,21,6,11,66,38,1,123,0.28,440,0.33999999999999997,0.43000000000000005,0.77,10,40,0.8,0.2,9,68,1.1400000000000001,1,40,2022,111,Southern League,Double-A,679563-2022-111
2022,687859,Troy Johnston,player,22,Troy Johnston,Troy,Johnston,Troy,T Johnston,4124,PNS,Pensacola Blue Wahoos,Blue Wahoos,SOU,111,1B,First Base,RF,25,376,148,120,1,7,0.33699999999999997,31,7,3,54,1358,3.6119999999999997,0.085,0.189,0.027,0.451,0.15800000000000003,5,2,52,646,158,266,25,16,77,25,0,46,25,85,93,42,20,1,10,71,32,1,96,0.29200000000000004,329,0.36,0.45,0.81,0,3,1,0,3,49,0.8300000000000001,0,32.9,2022,111,Southern League,Double-A,687859-2022-111
2022,663692,Jalen Miller,player,23,Jalen Miller,Jalen,Miller,Jalen,J Miller,430,MIS,Mississippi Braves,Braves,SOU,111,DH,Designated Hitter,2B,25,379,127,124,1,0,0.29500000000000004,32,3,11,52,1418,3.741,0.127,0.224,0.021,0.5650000000000001,0.15300000000000002,3,0,56,736,223,243,25,9,76,22,0,29,26,91,90,49,22,2,8,85,48,0,77,0.23500000000000001,327,0.33899999999999997,0.388,0.727,5,17,0.773,0.227,11,44,0.8400000000000001,0,40.879999999999995,2022,111,Southern League,Double-A,663692-2022-111
2022,641945,Preston Palmeiro,player,23,Preston Palmeiro,Preston,Palmeiro,Preston,P Palmeiro,559,RCT,Rocket City Trash Pandas,Trash Pandas,SOU,111,DH,Designated Hitter,1B,27,463,162,198,0,4,0.308,39,5,7,64,1685,3.639,0.10200000000000001,0.17700000000000002,0.017,0.5730000000000001,0.135,3,2,65,878,233,329,30,18,109,27,0,50,30,113,113,53,31,0,8,82,47,0,107,0.263,407,0.34299999999999997,0.398,0.741,2,1,0.33299999999999996,0.6669999999999999,7,60,0.96,0,50.879999999999995,2022,111,Southern League,Double-A,641945-2022-111
2022,670869,Livan Soto,player,25,Livan Soto,Livan,Soto,Livan,L Soto,559,RCT,Rocket City Trash Pandas,Trash Pandas,SOU,111,SS,Shortstop,SS,22,543,165,191,5,6,0.345,24,5,10,85,2068,3.808,0.131,0.188,0.011,0.696,0.081,6,1,83,941,201,365,26,21,107,17,2,58,51,119,130,69,17,1,6,102,71,0,128,0.281,456,0.379,0.362,0.741,8,18,0.692,0.308,10,57,0.8200000000000001,0,76,2022,111,Southern League,Double-A,670869-2022-111
2022,664697,Cobie Fletcher-Vance,player,26,Cobie Fletcher-Vance,Cobie,Fletcher-Vance,Cobie,C Fletcher-Vance,4124,PNS,Pensacola Blue Wahoos,Blue Wahoos,SOU,111,3B,Third Base,SS,24,436,128,182,0,6,0.279,24,7,8,71,1559,3.5759999999999996,0.064,0.15400000000000003,0.009,0.41800000000000004,0.081,10,0,85,853,190,334,23,19,111,23,0,42,31,106,127,40,20,0,4,67,28,0,96,0.24300000000000002,395,0.3,0.324,0.624,3,2,0.4,0.6,8,43,0.8700000000000001,0,98.75,2022,111,Southern League,Double-A,664697-2022-111
2022,676629,Riley Delgado,player,27,Riley Delgado,Riley,Delgado,Riley,R Delgado,430,MIS,Mississippi Braves,Braves,SOU,111,3B,Third Base,SS,27,412,122,153,0,2,0.315,16,8,9,62,1634,3.9659999999999997,0.07500000000000001,0.138,0.005,0.544,0.057,7,1,56,850,140,316,24,18,117,16,0,40,45,109,98,51,13,1,2,57,31,0,101,0.272,371,0.33999999999999997,0.329,0.6689999999999999,1,3,0.75,0.25,9,30,1.1900000000000002,0,185.5,2022,111,Southern League,Double-A,676629-2022-111
2022,660681,Leandro Cedeño,player,1,Leandro Cedeño,Leandro,Cedeno,Leandro,L Cedeno,5368,AMA,Amarillo Sod Poodles,Sod Poodles,TEX,109,1B,First Base,1B,23,479,240,192,0,6,0.352,48,5,23,74,1866,3.8959999999999995,0.088,0.234,0.063,0.375,0.254,3,0,53,929,272,320,11,15,109,35,0,58,39,109,79,86,18,0,30,112,42,3,132,0.31,426,0.374,0.5630000000000001,0.937,0,0,,,23,93,1.3800000000000001,0,14.2,2022,109,Texas League,Double-A,660681-2022-109
2022,669899,Ryan Ward,player,2,Ryan Ward,Ryan,Ward,Ryan,R Ward,260,TUL,Tulsa Drillers,Drillers,TEX,109,LF,Outfielder,LF,24,506,223,195,0,2,0.281,48,5,7,74,1897,3.749,0.07700000000000001,0.229,0.055,0.33599999999999997,0.231,5,0,80,940,261,345,26,20,102,34,0,44,39,116,126,62,18,2,28,116,39,1,117,0.255,459,0.319,0.48600000000000004,0.805,1,5,0.8330000000000001,0.167,7,78,0.81,1,16.39,2022,109,Texas League,Double-A,669899-2022-109
2022,681624,Andy Pages,player,3,Andy Pages,Andy,Pages,Andy,A Pages,260,TUL,Tulsa Drillers,Drillers,TEX,109,RF,Outfielder,CF,21,571,228,230,0,7,0.271,58,15,6,62,2356,4.1259999999999994,0.109,0.24500000000000002,0.046,0.443,0.232,2,0,88,1166,295,354,48,21,82,39,2,54,20,132,157,69,29,3,26,140,62,1,115,0.23600000000000002,487,0.33599999999999997,0.468,0.804,3,6,0.6669999999999999,0.33299999999999996,6,80,0.52,0,18.73,2022,109,Texas League,Double-A,681624-2022-109
2022,688760,Blaine Crim,player,4,Blaine Crim,Linton,Crim,Blaine,B Crim,540,FRI,Frisco RoughRiders,RoughRiders,TEX,109,1B,First Base,1B,25,531,234,207,0,13,0.304,50,8,8,76,1889,3.557,0.092,0.15400000000000003,0.045,0.598,0.21300000000000002,5,2,79,892,206,392,35,30,112,29,0,72,35,119,144,81,26,0,24,82,49,0,136,0.29500000000000004,461,0.363,0.508,0.8710000000000001,0,4,1,0,8,91,0.7799999999999999,0,19.21,2022,109,Texas League,Double-A,688760-2022-109
2022,686781,Brandon Lewis,player,4,Brandon Lewis,Brandon,Lewis,Brandon,B Lewis,260,TUL,Tulsa Drillers,Drillers,TEX,109,1B,First Base,1B,23,436,174,226,0,4,0.257,43,7,15,50,1704,3.908,0.064,0.33699999999999997,0.055,0.19,0.229,6,0,50,923,363,254,22,11,88,28,0,37,18,110,83,60,19,0,24,147,28,0,83,0.20900000000000002,397,0.271,0.43800000000000006,0.709,1,0,0,1,15,71,1.06,0,16.54,2022,109,Texas League,Double-A,686781-2022-109
2022,666143,Joe Rizzo,player,6,Joe Rizzo,Joseph,Rizzo,Joe,J Rizzo,574,ARK,Arkansas Travelers,Travelers,TEX,109,3B,Third Base,3B,24,540,228,231,0,2,0.311,51,2,16,88,2006,3.715,0.089,0.191,0.039,0.466,0.191,5,0,94,1085,269,387,30,18,110,36,0,62,37,118,142,84,30,0,21,103,48,0,135,0.277,488,0.34299999999999997,0.467,0.81,1,2,0.6669999999999999,0.33299999999999996,16,69,0.77,0,23.24,2022,109,Texas League,Double-A,666143-2022-109
2022,676595,Jake Scheiner,player,6,Jake Scheiner,Jake,Scheiner,Jake,J Scheiner,574,ARK,Arkansas Travelers,Travelers,TEX,109,1B,First Base,3B,26,568,217,257,0,9,0.28600000000000003,55,9,12,88,2314,4.074,0.129,0.21000000000000002,0.037,0.613,0.203,5,0,83,1048,297,367,39,20,105,35,1,54,30,127,142,74,34,0,21,119,73,1,120,0.252,477,0.356,0.455,0.811,1,3,0.75,0.25,12,105,0.74,0,22.71,2022,109,Texas League,Double-A,676595-2022-109
2022,688869,Justin Dirden,player,8,Justin Dirden,Justin,Dirden,Justin,J Dirden,482,CC,Corpus Christi Hooks,Hooks,TEX,109,CF,Outfielder,RF,24,407,215,158,1,3,0.391,57,13,6,68,1534,3.769,0.101,0.231,0.049,0.43600000000000005,0.29200000000000004,2,0,58,809,243,259,16,10,62,33,2,54,24,92,84,64,32,5,20,94,41,1,113,0.324,349,0.41100000000000003,0.616,1.027,2,7,0.778,0.222,6,73,0.74,0,17.45,2022,109,Texas League,Double-A,688869-2022-109
2022,687799,Cade Marlowe,player,8,Cade Marlowe,Matthew,Marlowe,Cade,C Marlowe,574,ARK,Arkansas Travelers,Travelers,TEX,109,CF,Outfielder,OF,25,518,216,215,0,4,0.369,42,12,4,75,1980,3.8219999999999996,0.10600000000000001,0.257,0.039,0.41400000000000003,0.192,5,0,71,968,307,318,15,8,94,30,1,59,40,120,94,75,18,4,20,133,55,0,130,0.29100000000000004,447,0.38,0.48300000000000004,0.8630000000000001,10,36,0.7829999999999999,0.21700000000000003,4,86,1,0,22.35,2022,109,Texas League,Double-A,687799-2022-109
2022,668832,Kyle McCann,player,8,Kyle McCann,Kyle,McCann,Kyle,K McCann,237,MID,Midland RockHounds,RockHounds,TEX,109,C,Catcher,C,24,430,166,171,0,1,0.329,38,6,5,41,1753,4.077,0.12300000000000001,0.33499999999999996,0.047,0.368,0.21100000000000002,3,1,32,802,334,227,13,13,81,28,2,33,25,98,58,61,18,0,20,144,53,0,88,0.23800000000000002,370,0.34199999999999997,0.449,0.7909999999999999,0,2,1,0,5,65,1.4,0,18.5,2022,109,Texas League,Double-A,668832-2022-109
2022,674671,Robbie Glendinning,player,11,Robbie Glendinning,Robert,Glendinning,Robbie,R Glendinning,1350,NWA,Northwest Arkansas Naturals,Naturals,TEX,109,1B,First Base,SS,26,518,188,212,1,4,0.363,41,10,17,69,2215,4.276000000000001,0.14500000000000002,0.324,0.037,0.446,0.187,7,0,63,933,330,265,5,12,77,32,1,45,30,118,80,77,21,1,19,168,75,0,108,0.252,428,0.373,0.43900000000000006,0.812,3,11,0.7859999999999999,0.21400000000000002,17,76,0.96,0,22.53,2022,109,Texas League,Double-A,674671-2022-109
2022,691023,Jordan Walker,player,11,Jordan Walker,Jordan,Walker,Jordan,J Walker,440,SPR,Springfield Cardinals,Cardinals,TEX,109,3B,Third Base,RF,20,536,235,202,0,8,0.365,53,9,10,80,1917,3.5759999999999996,0.10800000000000001,0.21600000000000003,0.034999999999999996,0.5,0.20400000000000001,11,1,57,995,323,353,21,18,116,29,0,62,50,119,96,100,31,3,19,116,58,1,141,0.306,461,0.388,0.51,0.898,5,22,0.8150000000000001,0.185,10,68,1.21,0,24.259999999999998,2022,109,Texas League,Double-A,691023-2022-109
2022,694376,Shay Whitcomb,player,11,Shay Whitcomb,Shay,Whitcomb,Shay,S Whitcomb,482,CC,Corpus Christi Hooks,Hooks,TEX,109,2B,Second Base,3B,23,506,184,258,0,3,0.29300000000000004,43,6,4,61,1951,3.8559999999999994,0.07100000000000001,0.326,0.038,0.21800000000000003,0.18,8,0,58,963,345,299,23,19,98,24,2,46,29,118,100,67,22,2,19,165,36,2,101,0.21900000000000003,461,0.28300000000000003,0.399,0.6819999999999999,2,20,0.909,0.091,4,60,0.98,0,24.259999999999998,2022,109,Texas League,Double-A,694376-2022-109
2022,687957,Dustin Harris,player,14,Dustin Harris,Dustin,Harris,Dustin,D Harris,540,FRI,Frisco RoughRiders,RoughRiders,TEX,109,LF,Outfielder,LF,22,382,156,149,0,4,0.279,35,5,3,52,1534,4.016,0.11,0.194,0.045,0.5680000000000001,0.21500000000000002,3,0,68,756,178,261,24,22,62,21,0,48,16,85,114,58,16,2,17,74,42,0,85,0.257,331,0.346,0.47100000000000003,0.8170000000000001,5,19,0.7919999999999999,0.20800000000000002,3,66,0.54,0,19.47,2022,109,Texas League,Double-A,687957-2022-109
2022,666397,Edouard Julien,player,14,Edouard Julien,Edouard,Julien,Edouard,E Julien,3898,WCH,Wichita Wind Surge,Wind Surge,TEX,109,2B,Second Base,2B,23,508,196,155,0,4,0.393,39,6,7,58,2168,4.268,0.193,0.24600000000000002,0.033,0.7839999999999999,0.19,4,1,51,773,172,279,3,20,85,16,0,66,38,113,74,77,19,3,17,125,98,1,120,0.3,400,0.441,0.49,0.931,7,19,0.731,0.269,7,67,1.1500000000000001,0,23.53,2022,109,Texas League,Double-A,666397-2022-109
2022,666197,Grae Kessinger,player,16,Grae Kessinger,Graeber,Kessinger,Grae,G Kessinger,482,CC,Corpus Christi Hooks,Hooks,TEX,109,SS,Shortstop,3B,24,500,154,183,2,3,0.24700000000000003,31,5,9,55,1998,3.9959999999999996,0.138,0.226,0.032,0.611,0.15400000000000003,8,1,73,828,233,313,44,19,88,15,2,44,28,121,136,72,13,2,16,113,69,0,89,0.21100000000000002,421,0.327,0.366,0.693,10,23,0.697,0.303,9,58,0.65,0,26.310000000000002,2022,109,Texas League,Double-A,666197-2022-109
2022,665890,Seuly Matias,player,16,Seuly Matias,Seuly,Matias,Seuly,S Matias,1350,NWA,Northwest Arkansas Naturals,Naturals,TEX,109,RF,Outfielder,OF,23,414,147,195,0,7,0.312,34,10,3,45,1692,4.087,0.116,0.33599999999999997,0.039,0.345,0.199,6,2,48,822,335,215,20,9,60,28,0,30,20,99,77,49,15,3,16,139,48,0,78,0.225,347,0.32999999999999996,0.42400000000000004,0.754,1,6,0.8570000000000001,0.14300000000000002,3,62,0.7799999999999999,2,21.69,2022,109,Texas League,Double-A,665890-2022-109
2022,677800,Wilyer Abreu,player,18,Wilyer Abreu,Wilyer,Abreu,Wilyer,W Abreu,482,CC,Corpus Christi Hooks,Hooks,TEX,109,CF,Outfielder,RF,23,411,151,140,0,0,0.325,39,4,4,43,1779,4.327999999999999,0.19,0.263,0.036,0.722,0.21000000000000002,2,1,53,695,204,221,15,18,53,23,1,43,15,89,86,81,24,0,15,108,78,0,82,0.24900000000000003,329,0.399,0.459,0.8580000000000001,1,23,0.9580000000000001,0.042,4,54,0.62,0,21.93,2022,109,Texas League,Double-A,677800-2022-109
2022,672478,Jordan Diaz,player,18,Jordan Diaz,Jordan,Diaz,Jordan,J Diaz,237,MID,Midland RockHounds,RockHounds,TEX,109,DH,Designated Hitter,2B,21,407,192,174,0,2,0.348,41,4,15,65,1403,3.447,0.054000000000000006,0.15000000000000002,0.037,0.361,0.187,2,0,52,773,167,320,8,15,124,20,1,58,42,94,75,48,26,0,15,61,22,0,121,0.319,379,0.361,0.507,0.8680000000000001,0,0,,,15,58,1.6500000000000001,0,25.27,2022,109,Texas League,Double-A,672478-2022-109
2022,679822,Justin Foscue,player,18,Justin Foscue,Justin,Foscue,Justin,J Foscue,540,FRI,Frisco RoughRiders,RoughRiders,TEX,109,2B,Second Base,2B,23,460,193,162,0,6,0.308,47,9,15,69,1758,3.8219999999999996,0.098,0.14300000000000002,0.033,0.6819999999999999,0.195,5,0,73,766,131,340,46,20,86,16,1,58,40,101,139,60,31,1,15,66,45,0,115,0.28800000000000003,400,0.367,0.48300000000000004,0.8500000000000001,4,3,0.42900000000000005,0.5710000000000001,15,81,0.62,0,26.67,2022,109,Texas League,Double-A,679822-2022-109
2022,660857,Yorman Rodriguez,player,18,Yorman Rodriguez,Yorman,Rodriguez,Yorman,Y Rodriguez,510,SA,San Antonio Missions,Missions,TEX,109,1B,First Base,1B,24,540,207,251,0,9,0.303,40,2,15,89,1953,3.617,0.07,0.15400000000000003,0.028,0.458,0.14300000000000002,6,3,76,953,200,417,40,25,139,22,1,68,46,122,141,69,25,0,15,83,38,1,137,0.279,491,0.328,0.42200000000000004,0.75,2,5,0.714,0.28600000000000003,15,83,0.99,0,32.730000000000004,2022,109,Texas League,Double-A,660857-2022-109
2022,669722,Logan Davidson,player,22,Logan Davidson,Logan,Davidson,Logan,L Davidson,237,MID,Midland RockHounds,RockHounds,TEX,109,SS,Shortstop,1B,24,484,172,224,0,4,0.33199999999999996,36,3,9,64,1799,3.717,0.11,0.277,0.028999999999999998,0.396,0.15300000000000002,6,1,48,855,279,294,14,19,106,17,0,52,38,111,81,72,21,1,14,134,53,0,107,0.252,424,0.33699999999999997,0.406,0.743,1,4,0.8,0.2,9,56,1.31,0,30.29,2022,109,Texas League,Double-A,669722-2022-109
2022,676113,Zach DeLoach,player,22,Zach DeLoach,Zachary,DeLoach,Zach,Z DeLoach,574,ARK,Arkansas Travelers,Travelers,TEX,109,RF,Outfielder,RF,23,499,171,192,0,5,0.324,32,5,6,72,1947,3.9019999999999997,0.14200000000000002,0.23800000000000002,0.028,0.597,0.15100000000000002,2,2,74,871,263,304,14,22,86,23,1,52,32,114,110,79,15,3,14,119,71,2,108,0.258,418,0.369,0.40900000000000003,0.778,1,4,0.8,0.2,6,73,0.7799999999999999,0,29.86,2022,109,Texas League,Double-A,676113-2022-109
2022,689288,Matt Koperniak,player,22,Matt Koperniak,Matthew,Koperniak,Matt,M Koperniak,440,SPR,Springfield Cardinals,Cardinals,TEX,109,LF,Outfielder,LF,24,437,170,192,3,4,0.33099999999999996,29,5,9,72,1658,3.794,0.092,0.188,0.032,0.48800000000000004,0.15300000000000002,2,1,55,804,191,310,13,17,114,15,0,40,56,106,85,67,13,2,14,82,40,1,111,0.28800000000000003,385,0.359,0.442,0.801,4,11,0.733,0.267,9,59,1.34,0,27.5,2022,109,Texas League,Double-A,689288-2022-109
2022,680716,Jonathan Ornelas,player,22,Jonathan Ornelas,Jonathan,Ornelas,Jonathan,J Ornelas,540,FRI,Frisco RoughRiders,RoughRiders,TEX,109,SS,Shortstop,SS,22,580,223,178,2,2,0.365,36,6,5,70,2177,3.753,0.07800000000000001,0.20900000000000002,0.024,0.372,0.126,11,0,61,935,251,408,23,28,139,17,3,76,61,123,112,84,20,2,14,121,45,4,157,0.29900000000000004,525,0.36,0.42500000000000004,0.7849999999999999,6,14,0.7,0.3,5,64,1.24,0,37.5,2022,109,Texas League,Double-A,680716-2022-109
2022,670231,John Rave,player,22,John Rave,John,Rave,John,J Rave,1350,NWA,Northwest Arkansas Naturals,Naturals,TEX,109,CF,Outfielder,RF,24,461,161,199,2,5,0.33199999999999996,29,2,7,72,2018,4.377,0.137,0.24900000000000003,0.03,0.548,0.15200000000000002,3,0,61,829,249,281,21,5,92,18,0,44,40,111,87,66,13,2,14,115,63,1,102,0.262,389,0.364,0.41400000000000003,0.778,6,22,0.7859999999999999,0.21400000000000002,7,73,1.06,0,27.79,2022,109,Texas League,Double-A,670231-2022-109
2022,680869,Zack Gelof,player,27,Zack Gelof,Zachary,Gelof,Zack,Z Gelof,237,MID,Midland RockHounds,RockHounds,TEX,109,2B,Second Base,3B,22,402,155,169,0,1,0.358,31,0,10,59,1656,4.119,0.117,0.274,0.032,0.42700000000000005,0.167,4,0,55,748,229,245,8,12,74,17,1,48,30,87,75,54,16,2,13,110,47,0,96,0.271,354,0.356,0.43800000000000006,0.7939999999999999,2,9,0.8180000000000001,0.182,10,61,0.99,0,27.23,2022,109,Texas League,Double-A,680869-2022-109
2022,678489,Jorge Barrosa,player,28,Jorge Barrosa,Jorge,Barrosa,Jorge,J Barrosa,5368,AMA,Amarillo Sod Poodles,Sod Poodles,TEX,109,CF,Outfielder,CF,21,510,190,141,5,2,0.314,44,4,5,70,2113,4.143,0.127,0.15700000000000003,0.024,0.8130000000000001,0.161,14,1,83,862,140,361,19,15,124,30,1,49,40,110,117,85,30,2,12,80,65,1,120,0.276,434,0.374,0.43800000000000006,0.812,11,22,0.6669999999999999,0.33299999999999996,5,51,1.06,0,36.17,2022,109,Texas League,Double-A,678489-2022-109
2022,666124,Luke Berryhill,player,28,Luke Berryhill,Lucas,Berryhill,Luke,L Berryhill,482,CC,Corpus Christi Hooks,Hooks,TEX,109,C,Catcher,C,24,432,144,153,0,6,0.348,30,11,8,48,1898,4.393999999999999,0.14600000000000002,0.28200000000000003,0.028,0.516,0.15300000000000002,5,0,48,778,262,236,15,13,70,17,1,45,27,96,76,67,18,0,12,122,63,0,90,0.256,352,0.38,0.40900000000000003,0.7889999999999999,2,5,0.714,0.28600000000000003,8,60,0.92,0,29.330000000000002,2022,109,Texas League,Double-A,666124-2022-109
2022,674646,Tucker Bradley,player,28,Tucker Bradley,Tucker,Bradley,Tucker,T Bradley,1350,NWA,Northwest Arkansas Naturals,Naturals,TEX,109,LF,Outfielder,OF,24,460,180,169,5,1,0.346,37,3,7,61,1761,3.828,0.12000000000000001,0.183,0.026000000000000002,0.655,0.162,8,0,68,777,190,318,18,18,98,26,0,39,51,110,104,73,22,3,12,84,55,2,116,0.29300000000000004,396,0.382,0.455,0.8370000000000001,6,19,0.76,0.24000000000000002,7,53,0.9400000000000001,0,33,2022,109,Texas League,Double-A,674646-2022-109
2022,679845,Nick Loftin,player,28,Nick Loftin,Nicholas,Loftin,Nick,N Loftin,1350,NWA,Northwest Arkansas Naturals,Naturals,TEX,109,CF,Outfielder,3B,23,425,153,175,6,5,0.28800000000000003,30,5,13,80,1507,3.546,0.10600000000000001,0.134,0.028,0.7889999999999999,0.15200000000000002,8,0,77,672,133,317,22,19,101,14,0,48,36,90,118,78,17,1,12,57,45,1,98,0.27,363,0.354,0.42100000000000004,0.775,4,24,0.8570000000000001,0.14300000000000002,13,47,0.8600000000000001,1,30.25,2022,109,Texas League,Double-A,679845-2022-109
2022,687659,Kaden Polcovich,player,28,Kaden Polcovich,Kaden,Polcovich,Kaden,K Polcovich,574,ARK,Arkansas Travelers,Travelers,TEX,109,2B,Second Base,2B,23,524,174,234,0,1,0.301,37,13,6,77,2022,3.8589999999999995,0.113,0.225,0.023,0.5,0.14400000000000002,6,0,80,960,267,334,33,22,90,24,1,49,35,118,135,70,21,4,12,118,59,2,109,0.24200000000000002,451,0.345,0.386,0.731,2,18,0.9,0.1,6,60,0.6699999999999999,0,37.58,2022,109,Texas League,Double-A,687659-2022-109
2022,666452,Eduardo Diaz,player,33,Eduardo Diaz,Eduardo,Diaz,Eduardo,E Diaz,5368,AMA,Amarillo Sod Poodles,Sod Poodles,TEX,109,LF,Outfielder,CF,24,466,180,186,1,2,0.33599999999999997,43,8,13,72,1687,3.62,0.062,0.24900000000000003,0.024,0.25,0.16,5,0,59,887,308,313,33,13,96,23,0,52,37,105,105,69,29,3,11,116,29,1,112,0.263,426,0.32,0.42300000000000004,0.743,7,14,0.6669999999999999,0.33299999999999996,13,71,0.91,0,38.730000000000004,2022,109,Texas League,Double-A,666452-2022-109
2022,689374,Jake Means,player,33,Jake Means,Jacob,Means,Jake,J Means,1350,NWA,Northwest Arkansas Naturals,Naturals,TEX,109,3B,Third Base,3B,26,430,133,195,0,1,0.272,33,5,7,53,1677,3.9,0.114,0.277,0.026000000000000002,0.41200000000000003,0.14700000000000002,7,0,48,753,220,257,27,22,82,16,2,41,19,107,97,55,22,0,11,119,49,1,78,0.20800000000000002,375,0.307,0.355,0.6619999999999999,1,10,0.909,0.091,7,48,0.8500000000000001,0,34.09,2022,109,Texas League,Double-A,689374-2022-109
2022,691026,Masyn Winn,player,33,Masyn Winn,Masyn,Winn,Masyn,M Winn,440,SPR,Springfield Cardinals,Cardinals,TEX,109,SS,Shortstop,SS,20,403,149,148,2,5,0.308,37,1,2,42,1610,3.9949999999999997,0.12400000000000001,0.21300000000000002,0.027,0.581,0.17400000000000002,9,0,55,695,156,266,33,9,80,16,0,37,36,86,97,69,25,1,11,86,50,0,89,0.258,345,0.349,0.43200000000000005,0.7809999999999999,5,28,0.8480000000000001,0.15200000000000002,2,48,0.8200000000000001,0,31.36,2022,109,Texas League,Double-A,691026-2022-109
2022,677223,Jack Larsen,player,36,Jack Larsen,Jack,Larsen,Jack,J Larsen,574,ARK,Arkansas Travelers,Travelers,TEX,109,RF,Outfielder,OF,27,528,183,210,0,3,0.32999999999999996,38,3,6,81,2031,3.847,0.136,0.203,0.019,0.6729999999999999,0.138,6,0,73,860,224,346,21,20,111,21,0,60,40,116,114,88,24,4,10,107,72,1,121,0.269,450,0.371,0.40700000000000003,0.778,2,8,0.8,0.2,6,57,0.97,0,45,2022,109,Texas League,Double-A,677223-2022-109
2022,642736,Domingo Leyba,player,36,Domingo Leyba,Domingo,Leyba,Domingo,D Leyba,510,SA,San Antonio Missions,Missions,TEX,109,2B,Second Base,SS,26,444,152,177,0,9,0.28700000000000003,32,4,6,58,1879,4.232,0.133,0.137,0.023,0.967,0.14200000000000002,5,0,72,727,126,320,38,23,88,17,1,56,25,98,133,57,21,1,10,61,59,3,99,0.266,372,0.365,0.40900000000000003,0.774,1,12,0.923,0.07700000000000001,6,60,0.6599999999999999,0,37.2,2022,109,Texas League,Double-A,642736-2022-109
2022,663618,Josh Stowers,player,36,Josh Stowers,Joshua,Stowers,Josh,J Stowers,540,FRI,Frisco RoughRiders,RoughRiders,TEX,109,CF,Outfielder,RF,25,419,133,174,2,2,0.3,32,10,2,49,1693,4.041,0.117,0.28200000000000003,0.024,0.41500000000000004,0.15200000000000002,6,0,62,786,267,242,37,7,57,15,0,41,23,105,106,58,20,2,10,118,49,0,79,0.222,356,0.33099999999999996,0.374,0.705,5,22,0.8150000000000001,0.185,2,49,0.54,0,35.6,2022,109,Texas League,Double-A,663618-2022-109
2022,687005,Kellen Strahm,player,36,Kellen Strahm,Kellen,Strahm,Kellen,K Strahm,540,FRI,Frisco RoughRiders,RoughRiders,TEX,109,RF,Outfielder,RF,25,433,144,138,2,6,0.345,26,6,7,49,1769,4.085,0.15000000000000002,0.21900000000000003,0.023,0.6839999999999999,0.13,5,0,35,659,165,267,7,17,110,14,0,42,42,104,59,72,16,0,10,95,65,0,98,0.277,354,0.392,0.40700000000000003,0.7989999999999999,1,11,0.917,0.083,7,42,1.86,0,35.4,2022,109,Texas League,Double-A,687005-2022-109
2022,656431,Ti'Quan Forbes,player,40,Ti'Quan Forbes,Edward,Forbes,Ti'Quan,T Forbes,5368,AMA,Amarillo Sod Poodles,Sod Poodles,TEX,109,3B,Third Base,3B,25,386,136,152,1,4,0.33199999999999996,24,9,10,54,1411,3.655,0.052000000000000005,0.251,0.023,0.20600000000000002,0.125,5,0,50,748,243,260,12,9,97,19,2,41,30,93,71,52,13,2,9,97,20,0,92,0.261,352,0.314,0.386,0.7,5,7,0.583,0.41700000000000004,10,50,1.37,0,39.11,2022,109,Texas League,Double-A,656431-2022-109
2022,667442,Connor Hollis,player,40,Connor Hollis,Connor,Hollis,Connor,C Hollis,510,SA,San Antonio Missions,Missions,TEX,109,3B,Third Base,2B,27,480,189,150,2,2,0.41300000000000003,34,10,9,50,1886,3.929,0.129,0.194,0.019,0.6669999999999999,0.136,5,1,46,804,190,314,5,18,111,21,0,71,42,103,69,82,22,3,9,93,62,2,134,0.33299999999999996,403,0.43200000000000005,0.46900000000000003,0.901,12,19,0.613,0.387,9,59,1.61,1,44.78,2022,109,Texas League,Double-A,667442-2022-109
2022,624523,Riley Unroe,player,42,Riley Unroe,Riley,Unroe,Riley,R Unroe,574,ARK,Arkansas Travelers,Travelers,TEX,109,SS,Shortstop,2B,26,434,147,163,1,3,0.32,30,3,2,45,1667,3.8409999999999997,0.136,0.196,0.018000000000000002,0.694,0.136,7,0,70,762,185,287,18,20,82,18,2,45,32,102,108,63,18,4,8,85,59,0,97,0.264,368,0.367,0.399,0.766,5,25,0.8330000000000001,0.167,2,53,0.76,0,46,2022,109,Texas League,Double-A,624523-2022-109
2022,657144,Justin Yurchak,player,42,Justin Yurchak,Justin,Yurchak,Justin,J Yurchak,260,TUL,Tulsa Drillers,Drillers,TEX,109,1B,First Base,3B,25,451,157,192,0,0,0.318,30,5,7,55,1773,3.9309999999999996,0.118,0.135,0.018000000000000002,0.8690000000000001,0.117,4,0,54,753,136,332,33,30,104,16,1,63,31,110,117,52,22,0,8,61,53,0,111,0.28200000000000003,393,0.375,0.399,0.774,1,2,0.6669999999999999,0.33299999999999996,7,48,0.89,0,49.120000000000005,2022,109,Texas League,Double-A,657144-2022-109
2022,680709,Nick Dunn,player,44,Nick Dunn,Nicholas,Dunn,Nick,N Dunn,440,SPR,Springfield Cardinals,Cardinals,TEX,109,2B,Second Base,3B,25,472,156,163,0,2,0.28700000000000003,31,8,9,59,1840,3.8979999999999997,0.133,0.089,0.015,1.5,0.12000000000000001,4,0,98,744,84,359,20,23,110,20,0,47,41,112,141,69,21,3,7,42,63,2,108,0.271,399,0.379,0.391,0.77,2,5,0.714,0.28600000000000003,9,44,0.7799999999999999,0,57,2022,109,Texas League,Double-A,680709-2022-109
2022,680577,DaShawn Keirsey Jr.,player,44,DaShawn Keirsey Jr.,DaShawn,Keirsey,DaShawn,D Keirsey Jr.,3898,WCH,Wichita Wind Surge,Wind Surge,TEX,109,CF,Outfielder,CF,25,468,168,199,0,4,0.344,36,7,6,60,1714,3.662,0.068,0.231,0.015,0.29600000000000004,0.125,6,0,55,950,258,321,12,20,119,8,0,65,42,121,87,61,26,3,7,108,32,0,115,0.271,425,0.329,0.395,0.724,7,42,0.8570000000000001,0.14300000000000002,6,48,1.37,0,60.71,2022,109,Texas League,Double-A,680577-2022-109
2022,672359,Tirso Ornelas,player,44,Tirso Ornelas,Tirso,Ornelas,Tirso,T Ornelas,510,SA,San Antonio Missions,Missions,TEX,109,LF,Outfielder,LF,22,492,180,193,2,2,0.34199999999999997,37,4,11,77,1972,4.008,0.08700000000000001,0.17300000000000001,0.014,0.506,0.12000000000000001,2,0,54,872,162,360,17,26,136,16,1,65,45,112,97,62,28,2,7,85,43,1,127,0.28800000000000003,441,0.355,0.40800000000000003,0.763,2,7,0.778,0.222,11,51,1.4,0,63,2022,109,Texas League,Double-A,672359-2022-109
2022,682079,Chase Calabuig,player,47,Chase Calabuig,Chase,Calabuig,Chase,C Calabuig,237,MID,Midland RockHounds,RockHounds,TEX,109,LF,Outfielder,OF,26,434,166,155,0,2,0.353,33,5,10,71,1618,3.728,0.10800000000000001,0.129,0.014,0.8390000000000001,0.12400000000000001,4,0,59,694,111,326,9,17,122,14,0,61,44,110,85,54,25,2,6,56,47,0,119,0.313,380,0.394,0.43700000000000006,0.8310000000000001,1,3,0.75,0.25,10,48,1.44,0,63.33,2022,109,Texas League,Double-A,682079-2022-109
2022,668885,Austin Martin,player,48,Austin Martin,Christopher,Martin,Austin,A Martin,3898,WCH,Wichita Wind Surge,Wind Surge,TEX,109,SS,Shortstop,RF,23,406,106,134,0,2,0.28,18,21,6,50,1507,3.7119999999999997,0.116,0.133,0.005,0.8700000000000001,0.07400000000000001,4,0,55,623,118,284,18,19,111,5,0,48,28,90,92,59,13,3,2,54,47,0,81,0.24100000000000002,336,0.367,0.315,0.6819999999999999,5,34,0.8720000000000001,0.128,6,32,1.21,0,168,2022,109,Texas League,Double-A,668885-2022-109
2022,667749,Juan Fernandez,player,49,Juan Fernandez,Juan,Fernandez,Juan,J Fernandez,510,SA,San Antonio Missions,Missions,TEX,109,1B,First Base,C,23,431,121,182,2,2,0.33199999999999996,16,10,10,73,1554,3.606,0.079,0.167,0,0.47200000000000003,0.047,9,1,52,728,152,312,13,21,123,7,0,55,41,103,86,35,14,2,0,72,34,1,103,0.271,380,0.345,0.318,0.6629999999999999,2,11,0.8460000000000001,0.15400000000000003,10,55,1.43,3,,2022,109,Texas League,Double-A,667749-2022-109
2023,699073,Thayron Liranzo,player,1,Thayron Liranzo,Thayron,Liranzo,Thayron,T Liranzo,526,RC,Rancho Cucamonga Quakes,Quakes,CAL,110,C,Catcher,C,19,418,194,170,0,0,0.33499999999999996,50,3,11,61,1687,4.0360000000000005,0.167,0.268,0.057,0.625,0.29000000000000004,8,0,39,714,249,233,11,5,84,30,0,38,26,94,55,81,24,2,24,112,70,0,94,0.272,345,0.4,0.562,0.962,1,2,0.6669999999999999,0.33299999999999996,11,70,1.53,0,14.38,2023,110,California League,Low-A,699073-2023-110
2023,676038,Skyler Messinger,player,2,Skyler Messinger,Skyler,Messinger,Skyler,S Messinger,259,FRE,Fresno Grizzlies,Grizzlies,CAL,110,3B,Third Base,3B,24,435,173,171,1,6,0.318,40,10,11,56,1729,3.9749999999999996,0.12400000000000001,0.26,0.041,0.47800000000000004,0.21700000000000003,9,1,53,734,215,258,14,11,86,27,1,36,30,106,78,60,19,3,18,113,54,0,94,0.258,364,0.364,0.47500000000000003,0.8390000000000001,1,7,0.8750000000000001,0.125,11,78,1.1,0,20.22,2023,110,California League,Low-A,676038-2023-110
2023,695521,Gavin Conticello,player,3,Gavin Conticello,Gavin,Conticello,Gavin,G Conticello,516,VIS,Visalia Rawhide,Rawhide,CAL,110,3B,Third Base,3B,20,427,151,192,0,3,0.24700000000000003,38,9,5,55,1674,3.92,0.10500000000000001,0.222,0.034999999999999996,0.47400000000000003,0.192,1,0,76,742,191,278,24,11,87,24,0,32,24,100,111,50,20,3,15,95,45,0,80,0.21600000000000003,370,0.314,0.40800000000000003,0.722,5,12,0.706,0.29400000000000004,5,49,0.7799999999999999,0,24.67,2023,110,California League,Low-A,695521-2023-110
2023,703607,Henry Bolte,player,4,Henry Bolte,Henry,Bolte,Henry,H Bolte,524,STK,Stockton Ports,Ports,CAL,110,RF,Outfielder,CF,19,491,177,217,0,4,0.382,36,5,7,75,1913,3.8959999999999995,0.126,0.33399999999999996,0.028999999999999998,0.378,0.164,13,0,23,847,327,260,5,10,114,27,0,37,44,112,38,77,17,5,14,164,62,0,108,0.257,420,0.356,0.42100000000000004,0.777,9,32,0.7799999999999999,0.22,7,68,3,0,30,2023,110,California League,Low-A,703607-2023-110
2023,699061,Rayne Doncon,player,4,Rayne Doncon,Rayne,Doncon,Rayne,R Doncon,526,RC,Rancho Cucamonga Quakes,Quakes,CAL,110,3B,Third Base,3B,19,473,157,227,0,4,0.24800000000000003,36,6,17,77,1679,3.55,0.07600000000000001,0.21800000000000003,0.03,0.35,0.15200000000000002,9,0,72,856,255,328,43,19,102,23,0,49,20,107,134,62,21,1,14,103,36,0,92,0.21500000000000002,427,0.28300000000000003,0.368,0.651,2,3,0.6,0.4,17,52,0.76,0,30.5,2023,110,California League,Low-A,699061-2023-110
2023,694214,Samuel Zavala,player,4,Samuel Zavala,Samuel,Zavala,Samuel,S Zavala,103,LE,Lake Elsinore Storm,Storm,CAL,110,CF,Outfielder,CF,18,459,157,152,4,9,0.356,36,9,6,55,2010,4.3790000000000004,0.194,0.264,0.031,0.736,0.184,3,1,62,714,239,240,27,5,53,25,2,32,34,101,94,83,22,0,14,121,89,1,93,0.267,348,0.42000000000000004,0.451,0.8710000000000001,6,20,0.769,0.231,6,71,0.56,0,24.86,2023,110,California League,Low-A,694214-2023-110
2023,681044,EJ Andrews Jr.,player,7,EJ Andrews Jr.,Emanuel,Andrews,EJ,E Andrews Jr.,259,FRE,Fresno Grizzlies,Grizzlies,CAL,110,RF,Outfielder,OF,22,404,134,185,0,3,0.29000000000000004,30,6,2,43,1626,4.0249999999999995,0.119,0.314,0.032,0.378,0.17300000000000001,6,0,52,680,234,223,26,5,66,22,1,20,31,110,83,59,13,4,13,127,48,0,74,0.21300000000000002,347,0.317,0.386,0.703,4,11,0.733,0.267,2,53,0.8,0,26.69,2023,110,California League,Low-A,681044-2023-110
2023,682732,Gabriel Moncada,player,8,Gabriel Moncada,Gabriel,Moncada,Gabriel,G Moncada,515,MOD,Modesto Nuts,Nuts,CAL,110,1B,First Base,1B,21,424,156,174,0,4,0.33499999999999996,38,7,6,56,1699,4.007,0.12000000000000001,0.264,0.028,0.455,0.17400000000000002,3,0,57,765,251,254,16,12,76,33,1,36,23,97,85,68,25,1,12,112,51,0,93,0.257,362,0.356,0.43100000000000005,0.7869999999999999,1,1,0.5,0.5,6,60,0.89,0,30.17,2023,110,California League,Low-A,682732-2023-110
2023,701864,Griffin Doersching,player,9,Griffin Doersching,Griffin,Doersching,Griffin,G Doersching,103,LE,Lake Elsinore Storm,Storm,CAL,110,1B,First Base,1B,24,392,130,169,0,5,0.29200000000000004,34,5,5,48,1549,3.9519999999999995,0.161,0.24700000000000003,0.028,0.649,0.17600000000000002,4,0,65,676,225,227,28,8,52,33,2,22,17,93,101,52,23,0,11,97,63,1,74,0.232,319,0.362,0.40800000000000003,0.77,1,1,0.5,0.5,5,55,0.51,0,29,2023,110,California League,Low-A,701864-2023-110
2023,681377,Josh Hood,player,9,Josh Hood,Joshua,Hood,Josh,J Hood,515,MOD,Modesto Nuts,Nuts,CAL,110,3B,Third Base,SS,22,444,165,191,0,1,0.33699999999999997,32,3,9,58,1722,3.8779999999999997,0.11,0.203,0.025,0.544,0.14300000000000002,8,0,59,755,193,302,28,19,87,24,1,46,38,98,106,71,19,2,11,90,49,0,109,0.279,391,0.363,0.42200000000000004,0.7849999999999999,3,18,0.8570000000000001,0.14300000000000002,9,61,0.8200000000000001,0,35.54,2023,110,California League,Low-A,681377-2023-110
2023,689909,Jadiel Sanchez,player,9,Jadiel Sanchez,Jadiel,Sanchez,Jadiel,J Sanchez,401,IE,Inland Empire 66ers,66ers,CAL,110,RF,Outfielder,OF,22,443,181,147,1,7,0.326,36,7,4,64,1636,3.693,0.10600000000000001,0.14400000000000002,0.025,0.734,0.17800000000000002,5,1,61,779,146,325,36,18,97,33,1,31,48,105,115,59,15,10,11,64,47,0,113,0.29700000000000004,381,0.378,0.47500000000000003,0.8530000000000001,4,7,0.636,0.364,4,66,0.8400000000000001,0,34.64,2023,110,California League,Low-A,689909-2023-110
2023,684109,Jesus Bugarin,player,12,Jesus Bugarin,Jesus,Bugarin,Jesus,J Bugarin,259,FRE,Fresno Grizzlies,Grizzlies,CAL,110,CF,Outfielder,OF,21,477,174,213,1,4,0.33999999999999997,29,3,17,75,1504,3.153,0.023,0.268,0.021,0.08600000000000001,0.118,7,0,42,986,343,335,29,10,134,28,2,37,53,113,81,60,14,5,10,128,11,0,120,0.262,458,0.28200000000000003,0.38,0.6619999999999999,7,12,0.632,0.368,17,66,1.6500000000000001,0,45.8,2023,110,California League,Low-A,684109-2023-110
2023,682630,Alvin Guzman,player,13,Alvin Guzman,Alvin,Guzman,Alvin,A Guzman,516,VIS,Visalia Rawhide,Rawhide,CAL,110,CF,Outfielder,P,21,382,121,162,1,1,0.367,24,3,4,38,1477,3.8659999999999997,0.10700000000000001,0.387,0.024,0.277,0.137,5,1,41,686,279,190,14,6,54,19,0,23,33,94,61,49,11,4,9,148,41,0,75,0.223,336,0.312,0.36,0.6719999999999999,5,32,0.8650000000000001,0.135,4,49,0.89,0,37.33,2023,110,California League,Low-A,682630-2023-110
2023,681201,Tanner O'Tremba,player,14,Tanner O'Tremba,Tanner,O'Tremba,Tanner,T O'Tremba,476,SJ,San Jose Giants,Giants,CAL,110,RF,Outfielder,OF,23,359,128,158,0,1,0.33799999999999997,31,27,6,45,1384,3.8549999999999995,0.109,0.20900000000000002,0.022,0.52,0.168,6,0,47,644,194,218,17,6,69,29,1,25,24,82,70,53,21,2,8,75,39,0,79,0.271,292,0.404,0.43800000000000006,0.8420000000000001,2,17,0.895,0.10500000000000001,6,50,0.99,0,36.5,2023,110,California League,Low-A,681201-2023-110
2023,694196,Diego Velasquez,player,14,Diego Velasquez,Diego,Velasquez,Diego,D Velasquez,476,SJ,San Jose Giants,Giants,CAL,110,SS,Shortstop,SS,19,517,185,173,13,10,0.344,41,12,10,76,1889,3.654,0.10800000000000001,0.15900000000000003,0.015,0.6829999999999999,0.136,5,0,75,899,218,367,11,13,141,40,0,53,34,111,99,76,32,1,8,82,56,1,127,0.29800000000000004,426,0.387,0.43400000000000005,0.8210000000000001,6,23,0.7929999999999999,0.20700000000000002,10,69,1.42,0,53.25,2023,110,California League,Low-A,694196-2023-110
2023,694203,Denzer Guzman,player,16,Denzer Guzman,Denzer,Guzman,Denzer,D Guzman,401,IE,Inland Empire 66ers,66ers,CAL,110,SS,Shortstop,3B,19,472,158,201,0,2,0.328,35,2,9,57,1838,3.8939999999999997,0.089,0.278,0.015,0.321,0.131,4,0,62,831,250,297,25,17,91,35,1,39,27,111,104,62,21,7,7,131,42,0,102,0.23900000000000002,426,0.309,0.371,0.6799999999999999,4,8,0.6669999999999999,0.33299999999999996,9,52,0.88,0,60.86,2023,110,California League,Low-A,694203-2023-110
2023,692222,Jose Izarra,player,16,Jose Izarra,Jose,Izarra,Jose,J Izarra,526,RC,Rancho Cucamonga Quakes,Quakes,CAL,110,SS,Shortstop,SS,21,455,132,156,0,5,0.319,28,11,4,42,1801,3.9579999999999997,0.09,0.319,0.015,0.28300000000000003,0.113,5,0,71,834,279,258,17,16,67,28,0,38,21,108,104,57,18,3,7,145,41,0,87,0.21900000000000003,398,0.305,0.33199999999999996,0.637,3,10,0.769,0.231,4,49,0.64,0,56.86,2023,110,California League,Low-A,692222-2023-110
2023,686744,Jake Snider,player,18,Jake Snider,Jake,Snider,Jake,J Snider,259,FRE,Fresno Grizzlies,Grizzlies,CAL,110,LF,Outfielder,CF,25,447,151,158,2,4,0.329,31,11,6,60,1707,3.8189999999999995,0.12300000000000001,0.20800000000000002,0.013000000000000001,0.591,0.14100000000000001,7,1,53,764,181,288,5,17,115,22,0,40,36,112,75,82,15,10,6,93,55,2,98,0.261,375,0.369,0.403,0.772,2,22,0.917,0.083,6,37,1.53,0,62.5,2023,110,California League,Low-A,686744-2023-110
2023,683665,Alexander Suarez,player,18,Alexander Suarez,Alexander,Suarez,Alexander,A Suarez,476,SJ,San Jose Giants,Giants,CAL,110,LF,Outfielder,CF,21,404,128,181,1,4,0.33099999999999996,22,14,4,61,1520,3.762,0.054000000000000006,0.272,0.015,0.2,0.10700000000000001,12,1,55,788,244,258,23,11,80,19,0,35,35,99,89,55,11,5,6,110,22,0,89,0.24500000000000002,363,0.31,0.353,0.6629999999999999,5,22,0.8150000000000001,0.185,4,39,0.9,0,60.5,2023,110,California League,Low-A,683665-2023-110
2023,699912,Jose Fernandez,player,20,Jose Fernandez,Jose,Fernandez,Jose,J Fernandez,516,VIS,Visalia Rawhide,Rawhide,CAL,110,SS,Shortstop,DH,19,394,134,131,0,6,0.33299999999999996,27,2,3,49,1415,3.5909999999999997,0.079,0.234,0.013000000000000001,0.33699999999999997,0.115,5,0,57,716,223,269,15,7,97,14,0,46,33,95,79,50,18,4,5,92,31,0,93,0.262,355,0.32,0.377,0.697,2,9,0.8180000000000001,0.182,3,44,1.23,0,71,2023,110,California League,Low-A,699912-2023-110
2023,702284,Cole Young,player,20,Cole Young,Cole,Young,Cole,C Young,515,MOD,Modesto Nuts,Nuts,CAL,110,SS,Shortstop,2B,19,376,130,137,0,5,0.303,32,14,7,53,1446,3.8459999999999996,0.14400000000000002,0.138,0.013000000000000001,1.038,0.162,4,1,58,565,101,256,17,14,86,21,1,36,23,78,89,60,20,7,5,52,54,0,81,0.267,303,0.396,0.42900000000000005,0.8250000000000001,5,17,0.773,0.227,7,39,0.97,0,60.6,2023,110,California League,Low-A,702284-2023-110
2023,700164,Bryant Betancourt,player,22,Bryant Betancourt,Bryant,Betancourt,Bryant,B Betancourt,259,FRE,Fresno Grizzlies,Grizzlies,CAL,110,1B,First Base,C,19,450,129,184,1,5,0.28700000000000003,24,7,9,70,1621,3.602,0.096,0.164,0.009,0.581,0.084,7,0,75,731,140,326,31,20,104,16,1,40,39,104,126,44,19,1,4,74,43,1,96,0.24400000000000002,394,0.325,0.327,0.652,0,2,1,0,9,57,0.8300000000000001,0,98.5,2023,110,California League,Low-A,700164-2023-110
2023,698916,Rosman Verdugo,player,23,Rosman Verdugo,Rosman,Verdugo,Rosman,R Verdugo,103,LE,Lake Elsinore Storm,Storm,CAL,110,SS,Shortstop,SS,18,472,136,236,5,3,0.304,37,8,6,60,1777,3.765,0.097,0.263,0.006,0.371,0.112,6,0,79,822,256,294,36,8,81,27,0,34,29,113,123,44,31,3,3,124,46,1,90,0.22,410,0.308,0.33199999999999996,0.64,8,15,0.652,0.348,6,53,0.6599999999999999,0,136.67,2023,110,California League,Low-A,698916-2023-110
2023,703185,Nelson Rada,player,24,Nelson Rada,Nelson,Rada,Nelson,N Rada,401,IE,Inland Empire 66ers,66ers,CAL,110,CF,Outfielder,CF,17,540,152,164,9,3,0.348,21,16,10,66,2046,3.789,0.135,0.181,0.004,0.745,0.07100000000000001,8,0,43,901,202,353,11,14,164,19,2,34,66,115,68,94,13,6,2,98,73,1,121,0.276,439,0.395,0.346,0.741,11,55,0.8330000000000001,0.167,10,48,2.4099999999999997,0,219.5,2023,110,California League,Low-A,703185-2023-110
2023,692374,Jose Ramos,player,24,Jose Ramos,Jose,Ramos,Jose,J Ramos,476,SJ,San Jose Giants,Giants,CAL,110,SS,Shortstop,SS,20,368,99,189,1,3,0.28,23,11,7,54,1393,3.785,0.095,0.23600000000000002,0.005,0.402,0.101,10,0,46,594,172,235,21,7,94,22,1,19,25,85,74,47,16,5,2,87,35,0,67,0.21100000000000002,318,0.308,0.311,0.619,4,29,0.8790000000000001,0.12100000000000001,7,38,1.27,0,159,2023,110,California League,Low-A,692374-2023-110
2023,699232,Anderdson Rojas,player,24,Anderdson Rojas,Anderdson,Rojas,Anderdson,A Rojas,516,VIS,Visalia Rawhide,Rawhide,CAL,110,LF,Outfielder,2B,19,419,136,148,2,3,0.29500000000000004,28,8,6,61,1346,3.2119999999999997,0.031,0.165,0.005,0.188,0.097,3,0,73,752,172,329,22,16,120,19,0,44,35,93,111,45,20,6,2,69,13,0,98,0.24900000000000003,393,0.28500000000000003,0.346,0.631,5,12,0.706,0.29400000000000004,6,51,1.08,0,196.5,2023,110,California League,Low-A,699232-2023-110
2023,671080,Jeremy Arocho,player,27,Jeremy Arocho,Jeremy,Arocho,Jeremy,J Arocho,401,IE,Inland Empire 66ers,66ers,CAL,110,2B,Second Base,SS,24,388,96,145,4,3,0.31,12,1,7,50,1607,4.1419999999999995,0.201,0.15200000000000002,0.003,1.322,0.063,4,0,53,551,96,250,11,10,99,12,1,24,40,101,74,62,6,5,1,59,78,2,77,0.255,302,0.406,0.318,0.724,4,47,0.922,0.07800000000000001,7,26,1.34,0,302,2023,110,California League,Low-A,671080-2023-110
2023,805737,Bjay Cooke,player,27,Bjay Cooke,Bailey-Jay,Cooke,Bjay,B Cooke,524,STK,Stockton Ports,Ports,CAL,110,SS,Shortstop,SS,20,391,77,168,1,2,0.349,9,4,5,29,1644,4.205,0.113,0.396,0.003,0.28400000000000003,0.032,4,0,30,685,261,188,8,6,78,6,2,24,34,97,44,31,8,0,1,155,44,0,66,0.194,340,0.29200000000000004,0.226,0.518,7,14,0.6669999999999999,0.33299999999999996,5,24,1.77,0,340,2023,110,California League,Low-A,805737-2023-110
2023,700321,Andy Perez,player,27,Andy Perez,Andy,Perez,Andy,A Perez,259,FRE,Fresno Grizzlies,Grizzlies,CAL,110,3B,Third Base,SS,19,502,147,221,4,7,0.28500000000000003,24,8,7,91,1574,3.135,0.034,0.14700000000000002,0.002,0.23,0.07100000000000001,12,1,73,907,170,402,40,18,157,19,1,46,48,119,131,66,16,7,1,74,17,0,114,0.24500000000000002,465,0.28,0.316,0.596,11,21,0.656,0.344,7,53,1.2,1,465,2023,110,California League,Low-A,700321-2023-110
2023,683529,Milkar Perez,player,27,Milkar Perez,Milkar,Perez,Milkar,M Perez,515,MOD,Modesto Nuts,Nuts,CAL,110,3B,Third Base,3B,21,382,118,153,0,5,0.374,28,8,7,47,1532,4.01,0.131,0.24300000000000002,0.003,0.538,0.097,2,0,28,572,129,231,18,13,85,15,3,43,26,94,59,44,26,1,1,93,50,1,87,0.273,319,0.38,0.37,0.75,0,2,1,0,7,39,1.44,0,319,2023,110,California League,Low-A,683529-2023-110
2023,684494,Jeremy Celedonio,player,1,Jeremy Celedonio,Jeremy,Celedonio,Jeremy,J Celedonio,478,AUG,Augusta GreenJackets,GreenJackets,CAR,122,RF,Outfielder,OF,21,356,113,152,0,0,0.314,24,7,3,25,1486,4.1739999999999995,0.15700000000000003,0.43500000000000005,0.048,0.361,0.198,2,1,18,631,320,138,15,6,44,20,1,20,14,87,39,41,7,0,17,155,56,0,55,0.188,293,0.33099999999999996,0.386,0.717,5,11,0.688,0.313,3,46,1.1300000000000001,0,17.24,2023,122,Carolina League,Low-A,684494-2023-122
2023,689531,Brett Squires,player,2,Brett Squires,Brett,Squires,Brett,B Squires,3705,COL,Columbia Fireflies,Fireflies,CAR,122,1B,First Base,3B,23,511,180,178,1,5,0.361,38,17,3,50,2066,4.043,0.129,0.28600000000000003,0.028999999999999998,0.452,0.167,6,1,66,1031,394,279,19,10,74,28,1,52,29,122,95,65,21,2,15,146,66,0,110,0.263,419,0.381,0.43000000000000005,0.811,8,32,0.8,0.2,3,69,0.7799999999999999,3,27.93,2023,122,Carolina League,Low-A,689531-2023-122
2023,685776,Stiven Acevedo,player,3,Stiven Acevedo,Stiven,Acevedo,Stiven,S Acevedo,548,DEL,Delmarva Shorebirds,Shorebirds,CAR,122,CF,Outfielder,OF,20,434,162,171,0,2,0.317,36,3,7,43,1649,3.8,0.081,0.3,0.032,0.269,0.17300000000000001,4,0,44,840,296,266,28,12,88,23,1,42,28,102,84,52,18,4,14,130,35,0,94,0.23900000000000002,394,0.304,0.41100000000000003,0.715,11,33,0.75,0.25,7,52,1.05,0,28.14,2023,122,Carolina League,Low-A,685776-2023-122
2023,701778,Jace Avina,player,3,Jace Avina,Jace,Avina,Jace,J Avina,249,CAR,Carolina Mudcats,Mudcats,CAR,122,LF,Outfielder,LF,20,399,144,176,0,0,0.32,38,17,7,36,1584,3.9699999999999998,0.14,0.29600000000000004,0.034999999999999996,0.47500000000000003,0.20900000000000002,3,0,59,762,260,208,21,7,45,22,1,40,13,99,87,57,22,2,14,118,56,0,76,0.233,326,0.373,0.442,0.8150000000000001,3,10,0.769,0.231,7,50,0.52,0,23.29,2023,122,Carolina League,Low-A,701778-2023-122
2023,800060,Xavier Isaac,player,5,Xavier Isaac,Xavier,Isaac,Xavier,X Isaac,233,CHS,Charleston RiverDogs,RiverDogs,CAR,122,1B,First Base,1B,19,376,144,135,0,4,0.314,32,4,2,40,1463,3.8909999999999996,0.14900000000000002,0.21300000000000002,0.034999999999999996,0.7,0.196,5,0,43,615,200,236,19,12,79,22,2,30,29,90,74,58,16,3,13,80,56,1,83,0.266,312,0.38,0.462,0.8420000000000001,0,10,1,0,2,56,1.07,0,24,2023,122,Carolina League,Low-A,800060-2023-122
2023,696513,Andy Garriola,player,6,Andy Garriola,Andrew,Garriola,Andy,A Garriola,521,MB,Myrtle Beach Pelicans,Pelicans,CAR,122,LF,Outfielder,OF,23,416,145,190,1,3,0.254,35,11,9,61,1513,3.637,0.046,0.197,0.028999999999999998,0.232,0.15400000000000003,8,0,62,767,205,304,44,12,100,14,2,43,27,103,118,43,23,0,12,82,19,0,86,0.225,382,0.28,0.38,0.6599999999999999,3,11,0.7859999999999999,0.21400000000000002,9,60,0.8500000000000001,0,31.830000000000002,2023,122,Carolina League,Low-A,696513-2023-122
2023,801600,Bryce Willits,player,6,Bryce Willits,Bryce,Willits,Bryce,B Willits,487,KAN,Kannapolis Cannon Ballers,Cannon Ballers,CAR,122,3B,Third Base,3B,23,365,136,152,0,2,0.311,28,1,4,41,1398,3.8299999999999996,0.126,0.21400000000000002,0.033,0.59,0.168,2,0,42,617,123,240,23,17,75,24,2,29,28,88,82,45,15,1,12,78,46,0,83,0.263,316,0.356,0.43000000000000005,0.7859999999999999,4,3,0.42900000000000005,0.5710000000000001,4,50,0.91,0,26.330000000000002,2023,122,Carolina League,Low-A,801600-2023-122
2023,702726,Luke Adams,player,8,Luke Adams,Jon,Adams,Luke,L Adams,249,CAR,Carolina Mudcats,Mudcats,CAR,122,3B,Third Base,3B,19,440,136,185,0,4,0.29200000000000004,32,21,8,60,1892,4.3,0.17300000000000001,0.225,0.025,0.768,0.168,7,1,53,667,164,244,29,8,74,19,0,36,24,99,90,74,18,3,11,99,76,0,79,0.233,339,0.4,0.401,0.801,10,30,0.75,0.25,8,54,0.8200000000000001,0,30.82,2023,122,Carolina League,Low-A,702726-2023-122
2023,691410,Jose Devers,player,8,Jose Devers,Jose,Devers,Jose,J Devers,481,LYN,Lynchburg Hillcats,Hillcats,CAR,122,SS,Shortstop,SS,20,458,158,205,0,3,0.3,31,10,12,75,1776,3.8779999999999997,0.10500000000000001,0.201,0.024,0.522,0.14600000000000002,12,2,48,831,219,308,21,13,126,26,0,33,41,111,82,65,15,5,11,92,48,0,100,0.252,397,0.345,0.398,0.743,11,34,0.756,0.24400000000000002,12,66,1.54,0,36.09,2023,122,Carolina League,Low-A,691410-2023-122
2023,691476,Luis Encarnacion,player,10,Luis Encarnacion,Luis,Encarnacion,Luis,L Encarnacion,3712,FAY,Fayetteville Woodpeckers,Woodpeckers,CAR,122,1B,First Base,2B,20,402,134,171,0,4,0.28400000000000003,25,1,9,60,1362,3.388,0.07700000000000001,0.20400000000000001,0.025,0.378,0.12300000000000001,7,0,46,782,233,288,23,16,114,18,1,45,25,97,85,40,15,0,10,82,31,0,89,0.24300000000000002,366,0.301,0.366,0.6669999999999999,6,7,0.538,0.462,9,44,1.34,0,36.6,2023,122,Carolina League,Low-A,691476-2023-122
2023,695692,Cooper Kinney,player,10,Cooper Kinney,Cooper,Kinney,Cooper,C Kinney,233,CHS,Charleston RiverDogs,RiverDogs,CAR,122,2B,Second Base,2B,20,505,179,189,0,2,0.33699999999999997,34,5,7,65,1816,3.5959999999999996,0.083,0.21200000000000002,0.02,0.393,0.118,8,0,66,937,243,351,16,24,120,17,0,67,41,121,106,61,24,0,10,107,42,1,125,0.274,456,0.34099999999999997,0.393,0.734,5,3,0.375,0.625,7,61,1.1300000000000001,0,45.6,2023,122,Carolina League,Low-A,695692-2023-122
2023,691797,Ryan Spikes,player,10,Ryan Spikes,Ryan,Spikes,Ryan,R Spikes,233,CHS,Charleston RiverDogs,RiverDogs,CAR,122,SS,Shortstop,2B,20,501,152,226,0,3,0.304,31,5,10,59,1894,3.7800000000000002,0.10200000000000001,0.307,0.02,0.33099999999999996,0.129,3,0,58,939,325,290,32,18,87,20,1,33,41,120,108,62,15,6,10,154,51,0,95,0.21500000000000002,441,0.302,0.345,0.647,8,28,0.778,0.222,10,51,0.81,1,44.1,2023,122,Carolina League,Low-A,691797-2023-122
2023,699213,Gleider Figuereo,player,13,Gleider Figuereo,Gleider,Figuereo,Gleider,G Figuereo,485,DE,Down East Wood Ducks,Wood Ducks,CAR,122,3B,Third Base,SS,19,450,128,182,0,6,0.29900000000000004,23,6,7,55,1698,3.773,0.093,0.29300000000000004,0.02,0.318,0.10400000000000001,6,0,52,791,240,270,24,10,97,16,0,38,33,107,86,51,14,0,9,132,42,0,87,0.22,396,0.3,0.323,0.623,3,8,0.727,0.273,7,51,1.1300000000000001,0,44,2023,122,Carolina League,Low-A,699213-2023-122
2023,699816,Jackson Loftin,player,13,Jackson Loftin,Thomas,Loftin,Jackson,J Loftin,3712,FAY,Fayetteville Woodpeckers,Woodpeckers,CAR,122,SS,Shortstop,SS,23,450,120,186,0,2,0.255,23,17,7,51,1717,3.8159999999999994,0.109,0.222,0.02,0.49,0.10800000000000001,7,0,74,772,196,283,36,10,84,22,1,42,14,116,120,61,14,0,9,100,49,0,79,0.20700000000000002,381,0.323,0.315,0.638,7,60,0.896,0.10400000000000001,7,45,0.7,1,42.33,2023,122,Carolina League,Low-A,699816-2023-122
2023,701424,JoJo Blackmon,player,15,JoJo Blackmon,Jayvhon,Blackmon,JoJo,J Blackmon,485,DE,Down East Wood Ducks,Wood Ducks,CAR,122,CF,Outfielder,OF,20,388,117,149,2,0,0.33699999999999997,27,6,1,31,1577,4.063999999999999,0.12400000000000001,0.376,0.021,0.329,0.14800000000000002,3,0,32,647,268,188,8,5,75,16,0,26,26,99,45,44,13,6,8,146,48,1,68,0.20500000000000002,332,0.316,0.352,0.6679999999999999,14,29,0.6739999999999999,0.326,1,41,1.6700000000000002,0,41.5,2023,122,Carolina League,Low-A,701424-2023-122
2023,802991,E.J. Exposito,player,15,E.J. Exposito,Eladio,Exposito,E.J.,E Exposito,478,AUG,Augusta GreenJackets,GreenJackets,CAR,122,2B,Second Base,SS,22,449,123,203,0,7,0.29400000000000004,28,6,4,49,1828,4.071000000000001,0.136,0.303,0.018000000000000002,0.449,0.12000000000000001,4,0,85,824,266,246,11,7,65,22,0,35,21,110,103,51,19,1,8,136,61,0,78,0.20800000000000002,375,0.323,0.328,0.651,5,23,0.8210000000000001,0.17900000000000002,4,55,0.63,0,46.879999999999995,2023,122,Carolina League,Low-A,802991-2023-122
2023,699393,Pedro Ramírez,player,15,Pedro Ramírez,Pedro,Ramírez,Pedro,P Ramírez,521,MB,Myrtle Beach Pelicans,Pelicans,CAR,122,2B,Second Base,2B,19,414,143,175,1,5,0.307,30,5,9,67,1576,3.807,0.118,0.171,0.019,0.69,0.138,6,3,49,733,142,289,15,20,111,12,0,43,39,104,84,53,19,3,8,71,49,0,94,0.266,354,0.358,0.404,0.762,7,17,0.708,0.29200000000000004,9,54,1.32,0,44.25,2023,122,Carolina League,Low-A,699393-2023-122
2023,682662,Rafael Morel,player,18,Rafael Morel,Rafael,Morel,Rafael,R Morel,521,MB,Myrtle Beach Pelicans,Pelicans,CAR,122,RF,Outfielder,SS,21,391,119,156,0,1,0.346,17,6,5,53,1512,3.867,0.128,0.24000000000000002,0.018000000000000002,0.532,0.093,10,1,41,593,150,241,17,12,83,10,0,33,45,94,70,63,10,0,7,94,50,0,88,0.263,334,0.368,0.356,0.724,9,16,0.64,0.36,5,30,1.1900000000000002,0,47.71,2023,122,Carolina League,Low-A,682662-2023-122
2023,691497,Lizandro Rodriguez,player,18,Lizandro Rodriguez,Lizandro,Rodriguez,Lizandro,L Rodriguez,3705,COL,Columbia Fireflies,Fireflies,CAR,122,2B,Second Base,SS,20,486,148,212,0,2,0.29700000000000004,29,9,8,56,1895,3.8989999999999996,0.101,0.222,0.014,0.454,0.113,6,1,74,877,221,320,28,11,107,18,1,43,38,118,113,64,17,5,7,108,49,0,100,0.23500000000000001,426,0.325,0.347,0.6719999999999999,11,18,0.621,0.379,8,44,0.9500000000000001,0,60.86,2023,122,Carolina League,Low-A,691497-2023-122
2023,694222,Ambioris Tavarez,player,18,Ambioris Tavarez,Ambioris,Tavarez,Ambioris,A Tavarez,478,AUG,Augusta GreenJackets,GreenJackets,CAR,122,SS,Shortstop,SS,19,480,140,142,0,1,0.388,31,19,5,33,1846,3.8459999999999996,0.092,0.40800000000000003,0.015,0.224,0.12000000000000001,6,0,46,874,389,221,13,13,59,19,0,38,33,108,72,61,19,5,7,196,44,0,90,0.21600000000000003,416,0.319,0.33699999999999997,0.656,20,21,0.512,0.48800000000000004,5,34,0.8200000000000001,0,59.43,2023,122,Carolina League,Low-A,694222-2023-122
2023,686404,Wuilfredo Antunez,player,21,Wuilfredo Antunez,Wuilfredo,Antunez,Wuilfredo,W Antunez,481,LYN,Lynchburg Hillcats,Hillcats,CAR,122,RF,Outfielder,CF,21,384,142,185,0,3,0.33099999999999996,30,4,4,60,1466,3.8179999999999996,0.10200000000000001,0.188,0.016,0.542,0.14500000000000002,4,0,63,786,192,269,31,16,66,18,2,39,34,89,110,47,17,7,6,72,39,1,93,0.275,338,0.354,0.42000000000000004,0.774,6,11,0.647,0.353,4,39,0.6,0,56.33,2023,122,Carolina League,Low-A,686404-2023-122
2023,698945,Anderson De Los Santos,player,21,Anderson De Los Santos,Anderson,De Los Santos,Anderson,A De Los Santos,548,DEL,Delmarva Shorebirds,Shorebirds,CAR,122,3B,Third Base,SS,19,419,128,196,0,5,0.29300000000000004,28,3,12,53,1567,3.74,0.07400000000000001,0.24800000000000003,0.014,0.29800000000000004,0.111,8,1,61,778,204,279,32,17,83,15,0,39,32,104,110,42,20,2,6,104,31,0,86,0.228,378,0.28800000000000003,0.33899999999999997,0.627,10,10,0.5,0.5,12,47,0.75,2,63,2023,122,Carolina League,Low-A,698945-2023-122
2023,691252,Jhon Diaz,player,21,Jhon Diaz,Jhon,Diaz,Jhon,J Diaz,233,CHS,Charleston RiverDogs,RiverDogs,CAR,122,RF,Outfielder,CF,20,392,129,160,3,4,0.314,31,3,6,54,1455,3.7119999999999997,0.10700000000000001,0.26,0.015,0.41200000000000003,0.14400000000000002,2,0,49,687,227,245,17,10,89,19,0,26,35,99,76,48,19,6,6,102,42,0,80,0.23500000000000001,340,0.321,0.379,0.7,10,14,0.583,0.41700000000000004,6,45,1.1700000000000002,0,56.67,2023,122,Carolina League,Low-A,691252-2023-122
2023,695744,Ian Moller,player,21,Ian Moller,Ian,Moller,Ian,I Moller,485,DE,Down East Wood Ducks,Wood Ducks,CAR,122,C,Catcher,C,20,394,96,147,0,2,0.267,20,3,6,37,1615,4.099,0.16,0.28400000000000003,0.015,0.5630000000000001,0.10400000000000001,4,0,50,594,172,216,25,10,69,12,0,25,25,95,85,40,12,2,6,112,63,0,62,0.19,326,0.325,0.29400000000000004,0.619,1,8,0.889,0.111,6,34,0.81,0,54.33,2023,122,Carolina League,Low-A,695744-2023-122
2023,699144,Luis Ravelo,player,21,Luis Ravelo,Luis,Ravelo,Luis,L Ravelo,414,SAL,Salem Red Sox,Red Sox,CAR,122,SS,Shortstop,SS,19,444,116,209,0,6,0.3,21,4,5,48,1652,3.721,0.115,0.28400000000000003,0.014,0.405,0.08600000000000001,6,1,45,797,281,263,25,23,87,11,0,38,34,108,93,48,15,0,6,126,51,0,83,0.21700000000000003,383,0.311,0.303,0.614,6,6,0.5,0.5,5,47,0.9400000000000001,0,63.83,2023,122,Carolina League,Low-A,699144-2023-122
2023,699130,Jadher Areinamo,player,26,Jadher Areinamo,Jadher,Areinamo,Jadher,J Areinamo,249,CAR,Carolina Mudcats,Mudcats,CAR,122,2B,Second Base,2B,19,420,161,179,0,5,0.33899999999999997,31,2,16,77,1502,3.5759999999999996,0.04,0.12400000000000001,0.01,0.327,0.101,4,1,87,812,137,349,16,21,104,19,1,64,37,103,124,52,26,1,4,52,17,0,121,0.306,396,0.33299999999999996,0.40700000000000003,0.74,5,16,0.762,0.23800000000000002,16,52,0.8400000000000001,0,99,2023,122,Carolina League,Low-A,699130-2023-122
2023,694227,Danyer Cueva,player,26,Danyer Cueva,Danyer,Cueva,Danyer,D Cueva,485,DE,Down East Wood Ducks,Wood Ducks,CAR,122,SS,Shortstop,SS,19,411,121,169,0,5,0.33599999999999997,23,5,7,45,1423,3.4619999999999997,0.051000000000000004,0.33299999999999996,0.01,0.15300000000000002,0.092,10,0,48,867,335,248,5,15,94,17,0,35,34,101,68,45,15,4,4,137,21,0,86,0.226,380,0.273,0.318,0.591,4,9,0.692,0.308,7,44,1.3800000000000001,0,95,2023,122,Carolina League,Low-A,694227-2023-122
2023,694183,Cristian Hernández,player,26,Cristian Hernández,Cristian,Hernández,Cristian,C Hernández,521,MB,Myrtle Beach Pelicans,Pelicans,CAR,122,SS,Shortstop,SS,19,431,116,178,0,2,0.309,19,5,9,50,1699,3.9419999999999997,0.09,0.274,0.009,0.33099999999999996,0.07800000000000001,7,0,57,876,304,269,15,11,100,8,0,36,42,106,83,46,12,3,4,118,39,0,86,0.223,385,0.302,0.301,0.603,5,27,0.8440000000000001,0.15600000000000003,9,40,1.2,0,96.25,2023,122,Carolina League,Low-A,694183-2023-122
2023,805763,Drake Logan,player,26,Drake Logan,Drake,Logan,Drake,D Logan,487,KAN,Kannapolis Cannon Ballers,Cannon Ballers,CAR,122,RF,Outfielder,3B,22,370,87,153,0,1,0.40900000000000003,13,8,1,30,1533,4.143,0.13,0.43500000000000005,0.011,0.29800000000000004,0.07,4,1,28,635,262,153,6,6,48,10,0,22,33,98,40,44,8,1,4,161,48,0,65,0.20800000000000002,313,0.327,0.278,0.605,2,11,0.8460000000000001,0.15400000000000003,1,25,1.2,0,78.25,2023,122,Carolina League,Low-A,805763-2023-122
2023,692453,Roismar Quintana,player,26,Roismar Quintana,Roismar,Quintana,Roismar,R Quintana,436,FBG,Fredericksburg Nationals,Nationals,CAR,122,1B,First Base,OF,20,373,111,189,0,4,0.359,18,4,12,54,1502,4.026999999999999,0.118,0.279,0.011,0.42300000000000004,0.09,5,0,35,729,242,221,14,6,84,18,0,34,30,92,55,38,11,3,4,104,44,0,82,0.255,321,0.349,0.346,0.695,0,0,,,12,41,1.53,0,80.25,2023,122,Carolina League,Low-A,692453-2023-122
2023,684976,Johnathon Thomas,player,26,Johnathon Thomas,Johnathon,Thomas,Johnathon,J Thomas,436,FBG,Fredericksburg Nationals,Nationals,CAR,122,RF,Outfielder,OF,23,385,96,137,2,2,0.303,15,23,2,37,1456,3.782,0.091,0.24200000000000002,0.01,0.376,0.07100000000000001,8,2,41,696,206,234,32,7,81,13,2,20,38,96,80,61,11,0,4,93,35,0,73,0.226,323,0.34199999999999997,0.29700000000000004,0.639,12,65,0.8440000000000001,0.15600000000000003,2,30,1.01,0,80.75,2023,122,Carolina League,Low-A,684976-2023-122
2023,691405,Juan Benjamin,player,32,Juan Benjamin,Juan,Benjamin,Juan,J Benjamin,481,LYN,Lynchburg Hillcats,Hillcats,CAR,122,2B,Second Base,SS,20,413,124,152,1,2,0.34099999999999997,20,3,4,63,1548,3.748,0.119,0.196,0.007,0.605,0.07500000000000001,6,1,56,708,179,280,15,13,99,11,1,37,48,98,84,53,16,1,3,81,49,0,97,0.271,358,0.362,0.346,0.708,10,24,0.706,0.29400000000000004,4,44,1.1800000000000002,0,119.33,2023,122,Carolina League,Low-A,691405-2023-122
2023,694182,Armando Cruz,player,32,Armando Cruz,Armando,Cruz,Armando,A Cruz,436,FBG,Fredericksburg Nationals,Nationals,CAR,122,SS,Shortstop,SS,19,372,83,211,4,2,0.228,13,4,7,61,1311,3.524,0.083,0.18,0.008,0.463,0.06,6,3,57,670,179,270,37,17,96,8,2,35,18,90,111,44,9,1,3,67,31,0,63,0.19,331,0.266,0.251,0.517,7,7,0.5,0.5,7,33,0.8600000000000001,0,110.33,2023,122,Carolina League,Low-A,694182-2023-122
2023,678706,Reivaj Garcia,player,32,Reivaj Garcia,Reivaj,Garcia,Reivaj,R Garcia,521,MB,Myrtle Beach Pelicans,Pelicans,CAR,122,2B,Second Base,SS,21,415,148,132,1,6,0.366,27,1,3,48,1548,3.73,0.09899999999999999,0.171,0.007,0.5770000000000001,0.098,13,1,48,784,147,302,5,14,123,11,0,55,46,92,67,72,21,3,3,71,41,0,112,0.306,366,0.372,0.404,0.776,8,21,0.724,0.276,3,41,1.84,0,122,2023,122,Carolina League,Low-A,678706-2023-122
2023,694187,Daniel Vazquez,player,32,Daniel Vazquez,Daniel,Vazquez,Daniel,D Vazquez,3705,COL,Columbia Fireflies,Fireflies,CAR,122,SS,Shortstop,SS,19,471,115,179,4,2,0.29500000000000004,19,3,4,54,1787,3.794,0.132,0.227,0.006,0.5790000000000001,0.065,5,0,78,833,259,299,23,15,94,20,1,35,33,113,116,57,15,1,3,107,62,1,89,0.223,400,0.32999999999999996,0.28800000000000003,0.618,10,32,0.762,0.23800000000000002,4,43,0.81,0,133.33,2023,122,Carolina League,Low-A,694187-2023-122
2023,677356,Carter Young,player,32,Carter Young,Carter,Young,Carter,C Young,548,DEL,Delmarva Shorebirds,Shorebirds,CAR,122,SS,Shortstop,SS,22,388,108,145,0,3,0.328,19,1,1,43,1530,3.943,0.116,0.268,0.008,0.43300000000000005,0.083,5,0,62,741,206,238,21,14,61,11,0,39,29,85,97,53,13,3,3,104,45,0,80,0.23600000000000002,339,0.325,0.319,0.644,2,7,0.778,0.222,1,30,0.63,0,113,2023,122,Carolina League,Low-A,677356-2023-122
2023,683539,Cristopher Barete,player,37,Cristopher Barete,Cristopher,Barete,Cristopher,C Barete,233,CHS,Charleston RiverDogs,RiverDogs,CAR,122,LF,Outfielder,CF,21,370,105,137,5,2,0.345,16,2,4,39,1371,3.705,0.084,0.257,0.005,0.326,0.067,7,0,40,702,247,242,13,8,98,9,1,28,45,103,61,46,12,2,2,95,31,0,83,0.252,330,0.318,0.318,0.636,8,25,0.758,0.24200000000000002,4,33,1.61,0,165,2023,122,Carolina League,Low-A,683539-2023-122
2023,680519,Mario Camilletti,player,37,Mario Camilletti,Mario,Camilletti,Mario,M Camilletti,487,KAN,Kannapolis Cannon Ballers,Cannon Ballers,CAR,122,2B,Second Base,2B,24,434,127,95,0,4,0.354,25,4,4,43,1891,4.356999999999999,0.194,0.161,0.005,1.2,0.08600000000000001,9,1,60,675,110,273,10,7,98,16,0,48,34,97,77,64,23,0,2,70,84,1,98,0.28900000000000003,339,0.43200000000000005,0.375,0.807,1,0,0,1,4,60,1.27,3,169.5,2023,122,Carolina League,Low-A,680519-2023-122
2023,699126,Gregory Barrios,player,39,Gregory Barrios,Gregory,Barrios,Gregory,G Barrios,249,CAR,Carolina Mudcats,Mudcats,CAR,122,SS,Shortstop,SS,19,445,124,227,0,4,0.266,24,7,1,65,1469,3.3009999999999997,0.054000000000000006,0.135,0.002,0.4,0.07100000000000001,10,0,82,764,137,354,52,23,102,11,0,47,37,106,157,52,20,3,1,60,24,0,95,0.232,410,0.28300000000000003,0.302,0.585,8,32,0.8,0.2,1,37,0.65,0,410,2023,122,Carolina League,Low-A,699126-2023-122
2023,686956,Adam Crampton,player,39,Adam Crampton,Adam,Crampton,Adam,A Crampton,548,DEL,Delmarva Shorebirds,Shorebirds,CAR,122,SS,Shortstop,SS,22,411,94,163,1,2,0.27,17,6,7,52,1594,3.8779999999999997,0.08,0.255,0.002,0.314,0.06,5,0,67,772,203,265,23,18,85,7,0,43,22,111,108,49,13,3,1,105,33,0,72,0.196,367,0.272,0.256,0.528,7,17,0.708,0.29200000000000004,7,25,0.7899999999999999,2,367,2023,122,Carolina League,Low-A,686956-2023-122
2023,802415,Chandler Simpson,player,41,Chandler Simpson,Chandler,Simpson,Chandler,C Simpson,233,CHS,Charleston RiverDogs,RiverDogs,CAR,122,CF,Outfielder,LF,22,397,118,106,3,0,0.317,13,2,1,35,1415,3.564,0.096,0.088,0,1.086,0.048,9,1,68,558,59,322,16,23,114,6,0,41,54,91,107,66,9,4,0,35,38,0,101,0.28500000000000003,354,0.358,0.33299999999999996,0.691,12,81,0.8710000000000001,0.129,1,24,1.07,0,,2023,122,Carolina League,Low-A,802415-2023-122
2023,696100,Hunter Goodman,player,1,Hunter Goodman,Hunter,Goodman,Hunter,H Goodman,538,HFD,Hartford Yard Goats,Yard Goats,EAS,113,LF,Outfielder,C,23,400,182,149,0,5,0.252,49,6,7,49,1595,3.987,0.10300000000000001,0.24500000000000002,0.063,0.41800000000000004,0.28400000000000003,8,1,62,703,206,255,27,10,73,28,0,42,13,91,99,53,24,0,25,98,41,1,83,0.23900000000000002,348,0.325,0.523,0.8480000000000001,0,0,,,7,78,0.74,0,13.92,2023,113,Eastern League,Double-A,696100-2023-113
2023,695257,Billy Cook,player,2,Billy Cook,William,Cook,Billy,B Cook,418,BOW,Bowie Baysox,Baysox,EAS,113,RF,Outfielder,CF,24,501,204,193,1,5,0.29000000000000004,42,6,3,66,1900,3.792,0.084,0.25,0.048,0.33599999999999997,0.20600000000000002,5,3,81,934,270,328,41,25,69,32,0,42,38,120,147,64,16,2,24,125,42,0,112,0.251,447,0.32,0.456,0.776,3,30,0.909,0.091,3,81,0.47000000000000003,0,18.62,2023,113,Eastern League,Double-A,695257-2023-113
2023,678926,Carlos De La Cruz,player,2,Carlos De La Cruz,Carlos,De La Cruz,Carlos,C De La Cruz,522,REA,Reading Fightin Phils,Fightin Phils,EAS,113,1B,First Base,OF,23,582,231,225,0,5,0.327,50,14,14,70,2194,3.77,0.093,0.275,0.041,0.33799999999999997,0.194,6,1,63,1103,392,354,14,21,124,32,0,58,42,129,98,80,25,1,24,160,54,1,132,0.259,509,0.344,0.454,0.7979999999999999,0,3,1,0,14,67,1.27,0,21.21,2023,113,Eastern League,Double-A,678926-2023-113
2023,686554,Oliver Dunn,player,4,Oliver Dunn,Oliver,Dunn,Oliver,O Dunn,522,REA,Reading Fightin Phils,Fightin Phils,EAS,113,2B,Second Base,3B,25,505,211,183,0,1,0.357,52,5,3,52,2058,4.075,0.162,0.275,0.042,0.59,0.23500000000000001,1,0,50,804,246,279,16,13,87,23,0,53,37,119,79,65,27,4,21,139,82,1,113,0.271,417,0.396,0.506,0.902,5,16,0.762,0.23800000000000002,3,78,1.1,0,19.86,2023,113,Eastern League,Double-A,686554-2023-113
2023,671913,Damiano Palmegiani,player,5,Damiano Palmegiani,Damiano,Palmegiani,Damiano,D Palmegiani,463,NH,New Hampshire Fisher Cats,Fisher Cats,EAS,113,3B,Third Base,3B,23,461,182,217,0,4,0.312,45,6,12,69,1877,4.072,0.126,0.271,0.041,0.464,0.21400000000000002,4,0,64,790,232,272,21,13,76,29,0,47,22,108,98,57,25,1,19,125,58,0,98,0.24900000000000003,393,0.351,0.463,0.8140000000000001,0,6,1,0,12,71,0.7799999999999999,0,20.68,2023,113,Eastern League,Double-A,671913-2023-113
2023,683770,Will Robertson,player,5,Will Robertson,Jonathan,Robertson,Will,W Robertson,463,NH,New Hampshire Fisher Cats,Fisher Cats,EAS,113,LF,Outfielder,LF,25,412,177,171,0,5,0.29200000000000004,47,4,6,48,1585,3.847,0.097,0.265,0.046,0.367,0.24200000000000002,3,0,60,814,254,259,29,12,69,36,0,35,18,103,101,60,25,3,19,109,40,0,89,0.24500000000000002,363,0.323,0.48800000000000004,0.811,3,9,0.75,0.25,6,57,0.6799999999999999,0,19.1,2023,113,Eastern League,Double-A,683770-2023-113
2023,677570,Aaron Bracho,player,7,Aaron Bracho,Aaron,Bracho,Aaron,A Bracho,402,AKR,Akron RubberDucks,RubberDucks,EAS,113,2B,Second Base,SS,22,424,162,200,0,3,0.28200000000000003,34,5,5,54,1791,4.223999999999999,0.116,0.229,0.042,0.505,0.196,4,0,84,808,195,273,26,15,58,28,1,38,23,104,125,50,14,2,18,97,49,0,90,0.24500000000000002,367,0.33999999999999997,0.441,0.7809999999999999,2,3,0.6,0.4,5,59,0.46,0,20.39,2023,113,Eastern League,Double-A,677570-2023-113
2023,672361,Agustin Ruiz,player,7,Agustin Ruiz,Agustin,Ruiz,Agustin,A Ruiz,505,BNG,Binghamton Rumble Ponies,Rumble Ponies,EAS,113,RF,Outfielder,RF,23,423,146,181,0,6,0.257,34,12,2,42,1676,3.9619999999999997,0.097,0.317,0.043000000000000003,0.306,0.198,2,1,71,879,293,236,20,11,60,36,0,24,14,105,102,47,14,2,18,134,41,3,74,0.203,364,0.3,0.401,0.701,2,0,0,1,2,60,0.59,0,20.22,2023,113,Eastern League,Double-A,672361-2023-113
2023,685301,Matt Gorski,player,9,Matt Gorski,Matthew,Gorski,Matt,M Gorski,452,ALT,Altoona Curve,Curve,EAS,113,CF,Outfielder,1B,25,396,156,198,1,6,0.278,35,5,7,58,1464,3.697,0.068,0.255,0.043000000000000003,0.267,0.199,5,1,64,765,268,263,23,17,74,24,0,32,29,93,104,56,16,2,17,101,27,0,85,0.23800000000000002,357,0.29600000000000004,0.43700000000000006,0.733,4,19,0.8260000000000001,0.17400000000000002,7,54,0.71,0,21,2023,113,Eastern League,Double-A,685301-2023-113
2023,680693,Grant Lavigne,player,9,Grant Lavigne,Grant,Lavigne,Grant,G Lavigne,538,HFD,Hartford Yard Goats,Yard Goats,EAS,113,1B,First Base,1B,23,534,177,202,0,3,0.29100000000000004,39,9,7,49,2133,3.9939999999999998,0.14400000000000002,0.266,0.032,0.542,0.171,8,0,75,1003,339,306,13,10,107,30,1,42,28,125,98,53,19,3,17,142,77,3,101,0.227,445,0.35,0.398,0.748,2,4,0.6669999999999999,0.33299999999999996,7,51,1.09,0,26.18,2023,113,Eastern League,Double-A,680693-2023-113
2023,687981,John Rhodes,player,9,John Rhodes,John,Rhodes,John,J Rhodes,418,BOW,Bowie Baysox,Baysox,EAS,113,LF,Outfielder,OF,22,468,172,208,0,2,0.281,42,5,10,63,1840,3.9319999999999995,0.113,0.263,0.036,0.43100000000000005,0.194,4,2,69,844,245,287,18,19,88,33,0,32,28,108,106,60,22,3,17,123,53,1,93,0.228,408,0.323,0.42200000000000004,0.745,1,8,0.889,0.111,10,69,0.8300000000000001,0,24,2023,113,Eastern League,Double-A,687981-2023-113
2023,681159,Ethan Wilson,player,9,Ethan Wilson,Ethan,Wilson,Ethan,E Wilson,522,REA,Reading Fightin Phils,Fightin Phils,EAS,113,LF,Outfielder,OF,23,463,186,203,0,6,0.29400000000000004,44,6,9,66,1823,3.937,0.067,0.23800000000000002,0.037,0.28200000000000003,0.193,4,1,65,971,262,316,30,17,99,32,0,38,35,114,112,52,24,3,17,110,31,0,105,0.25,420,0.307,0.443,0.75,7,12,0.632,0.368,9,61,0.88,0,24.71,2023,113,Eastern League,Double-A,681159-2023-113
2023,691176,Jasson Domínguez,player,13,Jasson Domínguez,Jasson,Domínguez,Jasson,J Domínguez,1956,SOM,Somerset Patriots,Patriots,EAS,113,CF,Outfielder,RF,20,507,176,180,0,4,0.327,36,1,4,67,1995,3.9349999999999996,0.15200000000000002,0.256,0.03,0.592,0.16,12,0,61,934,261,299,23,8,99,22,1,44,41,109,92,83,19,2,15,130,77,2,108,0.254,425,0.367,0.41400000000000003,0.7809999999999999,7,37,0.8410000000000001,0.15900000000000003,4,66,1.08,0,28.330000000000002,2023,113,Eastern League,Double-A,691176-2023-113
2023,678837,Bladimir Restituyo,player,13,Bladimir Restituyo,Bladimir,Restituyo,Bladimir,B Restituyo,538,HFD,Hartford Yard Goats,Yard Goats,EAS,113,CF,Outfielder,SS,21,456,178,178,9,4,0.28800000000000003,36,5,5,66,1397,3.064,0.018000000000000002,0.189,0.033,0.093,0.15600000000000003,7,0,80,908,253,357,34,7,125,26,1,29,55,108,121,61,20,1,15,86,8,0,111,0.258,430,0.277,0.41400000000000003,0.691,6,17,0.739,0.261,5,55,1.03,0,28.67,2023,113,Eastern League,Double-A,678837-2023-113
2023,669360,Trei Cruz,player,15,Trei Cruz,Trei,Cruz,Trei,T Cruz,106,ERI,Erie SeaWolves,SeaWolves,EAS,113,CF,Outfielder,CF,24,538,168,175,0,1,0.265,39,2,6,54,2181,4.053999999999999,0.15100000000000002,0.23600000000000002,0.026000000000000002,0.638,0.15700000000000003,6,0,81,935,275,327,30,18,101,30,1,42,24,120,129,73,21,4,14,127,81,0,97,0.21400000000000002,453,0.33499999999999996,0.371,0.706,6,9,0.6,0.4,6,53,0.7799999999999999,1,32.36,2023,113,Eastern League,Double-A,669360-2023-113
2023,687724,Jake Holton,player,15,Jake Holton,Jake,Holton,Jake,J Holton,106,ERI,Erie SeaWolves,SeaWolves,EAS,113,1B,First Base,1B,25,463,152,186,0,2,0.264,29,14,10,49,1824,3.94,0.14700000000000002,0.14700000000000002,0.03,1,0.15600000000000003,3,0,65,681,140,313,13,22,120,22,0,49,22,111,100,60,13,2,14,68,68,0,93,0.24500000000000002,379,0.378,0.401,0.779,1,0,0,1,10,47,1.2,0,27.07,2023,113,Eastern League,Double-A,687724-2023-113
2023,666177,Carter Aldrete,player,17,Carter Aldrete,Carter,Aldrete,Carter,C Aldrete,3410,RIC,Richmond Flying Squirrels,Flying Squirrels,EAS,113,3B,Third Base,2B,25,409,143,182,1,4,0.275,34,1,9,60,1626,3.9759999999999995,0.07600000000000001,0.264,0.032,0.28700000000000003,0.161,4,0,50,809,245,269,26,19,91,27,0,31,25,104,95,47,21,0,13,108,31,0,83,0.223,372,0.28200000000000003,0.384,0.6659999999999999,1,2,0.6669999999999999,0.33299999999999996,9,51,0.96,0,28.62,2023,113,Eastern League,Double-A,666177-2023-113
2023,663979,Kyle Datres,player,17,Kyle Datres,Kyle,Datres,Kyle,K Datres,538,HFD,Hartford Yard Goats,Yard Goats,EAS,113,2B,Second Base,3B,27,380,132,125,0,2,0.308,25,10,8,44,1562,4.111,0.139,0.23700000000000002,0.034,0.589,0.168,5,2,45,646,201,227,11,7,85,19,0,39,21,89,63,53,10,2,13,90,53,2,79,0.251,315,0.374,0.41900000000000004,0.7929999999999999,3,24,0.889,0.111,8,50,1.35,0,24.23,2023,113,Eastern League,Double-A,663979-2023-113
2023,679821,Rowdey Jordan,player,17,Rowdey Jordan,William,Jordan,Rowdey,R Jordan,505,BNG,Binghamton Rumble Ponies,Rumble Ponies,EAS,113,2B,Second Base,OF,24,509,166,193,0,5,0.281,39,12,7,70,2057,4.041,0.128,0.228,0.026000000000000002,0.56,0.15900000000000003,1,3,85,889,228,316,25,13,95,26,1,41,30,119,123,67,23,3,13,116,65,0,98,0.23,427,0.344,0.389,0.733,5,30,0.8570000000000001,0.14300000000000002,7,63,0.77,0,32.849999999999994,2023,113,Eastern League,Double-A,679821-2023-113
2023,701162,Ben Malgeri,player,17,Ben Malgeri,Benjamin,Malgeri,Ben,B Malgeri,106,ERI,Erie SeaWolves,SeaWolves,EAS,113,CF,Outfielder,RF,23,389,142,160,0,1,0.313,34,4,0,35,1563,4.018,0.10300000000000001,0.303,0.033,0.33899999999999997,0.18,2,0,53,748,260,227,17,8,69,28,0,32,20,99,78,63,19,2,13,118,40,0,80,0.233,344,0.319,0.41300000000000003,0.732,6,15,0.714,0.28600000000000003,0,34,0.88,0,26.459999999999997,2023,113,Eastern League,Double-A,701162-2023-113
2023,700242,Trey Sweeney,player,17,Trey Sweeney,Trey,Sweeney,Trey,T Sweeney,1956,SOM,Somerset Patriots,Patriots,EAS,113,SS,Shortstop,SS,23,472,163,156,0,2,0.29400000000000004,35,8,4,48,1878,3.9789999999999996,0.138,0.191,0.028,0.722,0.15900000000000003,4,0,79,773,177,309,41,17,72,20,1,47,32,100,137,67,20,2,13,90,65,1,100,0.252,397,0.367,0.41100000000000003,0.778,7,20,0.741,0.259,4,49,0.53,0,30.54,2023,113,Eastern League,Double-A,700242-2023-113
2023,694377,Nick Yorke,player,17,Nick Yorke,Nicholas,Yorke,Nick,N Yorke,546,POR,Portland Sea Dogs,Sea Dogs,EAS,113,2B,Second Base,3B,21,506,193,190,0,4,0.33899999999999997,43,7,5,58,2075,4.101,0.101,0.24100000000000002,0.026000000000000002,0.41800000000000004,0.167,4,1,72,971,281,326,19,12,104,29,0,52,38,110,103,74,25,5,13,122,51,1,119,0.268,444,0.35,0.43500000000000005,0.7849999999999999,5,18,0.7829999999999999,0.21700000000000003,5,61,1.01,0,34.15,2023,113,Eastern League,Double-A,694377-2023-113
2023,676762,Frankie Tostado,player,23,Frankie Tostado,Francisco,Tostado,Frankie,F Tostado,547,HBG,Harrisburg Senators,Senators,EAS,113,1B,First Base,RF,25,419,145,195,0,2,0.261,29,2,10,74,1606,3.8329999999999997,0.07600000000000001,0.167,0.028999999999999998,0.457,0.14100000000000001,5,0,67,897,266,315,20,22,115,22,2,36,31,101,109,44,16,1,12,70,32,0,91,0.23800000000000002,383,0.29800000000000004,0.379,0.6769999999999999,1,2,0.6669999999999999,0.33299999999999996,10,69,1.06,0,31.919999999999998,2023,113,Eastern League,Double-A,676762-2023-113
2023,682657,Angel Martínez,player,24,Angel Martínez,Angel,Martínez,Angel,A Martínez,402,AKR,Akron RubberDucks,RubberDucks,EAS,113,2B,Second Base,LF,21,437,150,197,4,5,0.28200000000000003,30,8,8,86,1677,3.8379999999999996,0.085,0.19,0.025,0.446,0.14600000000000002,4,0,85,819,176,309,27,13,90,28,0,37,29,99,125,55,15,4,11,83,37,0,94,0.24500000000000002,383,0.321,0.392,0.713,3,10,0.769,0.231,8,60,0.72,0,34.82,2023,113,Eastern League,Double-A,682657-2023-113
2023,673990,Andy Thomas,player,24,Andy Thomas,Andrew,Thomas,Andy,A Thomas,3410,RIC,Richmond Flying Squirrels,Flying Squirrels,EAS,113,C,Catcher,C,25,448,137,165,2,6,0.279,28,3,7,54,1735,3.8729999999999998,0.125,0.23900000000000002,0.025,0.523,0.134,7,1,69,797,213,282,16,17,94,23,0,35,28,110,102,49,16,1,11,107,56,1,86,0.226,381,0.325,0.36,0.6849999999999999,1,5,0.8330000000000001,0.167,7,63,0.92,0,34.64,2023,113,Eastern League,Double-A,673990-2023-113
2023,682877,Juan Brito,player,26,Juan Brito,Juan,Brito,Juan,J Brito,402,AKR,Akron RubberDucks,RubberDucks,EAS,113,2B,Second Base,2B,21,374,140,120,1,6,0.31,32,4,4,55,1465,3.917,0.128,0.168,0.027,0.762,0.168,2,0,62,692,138,259,32,16,62,21,0,37,29,87,110,46,21,1,10,63,48,1,87,0.276,315,0.373,0.444,0.8170000000000001,7,3,0.3,0.7,4,60,0.56,0,31.5,2023,113,Eastern League,Double-A,682877-2023-113
2023,672692,Jose Peroza,player,26,Jose Peroza,Jose,Peroza,Jose,J Peroza,505,BNG,Binghamton Rumble Ponies,Rumble Ponies,EAS,113,3B,Third Base,3B,23,404,143,173,0,5,0.345,36,8,7,47,1623,4.0169999999999995,0.10400000000000001,0.307,0.025,0.33899999999999997,0.163,2,0,56,841,276,230,13,10,65,32,1,36,17,97,79,42,25,1,10,124,42,1,86,0.24600000000000002,349,0.33699999999999997,0.41000000000000003,0.747,1,4,0.8,0.2,7,50,0.8200000000000001,0,34.9,2023,113,Eastern League,Double-A,672692-2023-113
2023,671271,Jeisson Rosario,player,26,Jeisson Rosario,Jeisson,Rosario,Jeisson,J Rosario,1956,SOM,Somerset Patriots,Patriots,EAS,113,RF,Outfielder,OF,23,429,122,155,1,5,0.307,27,1,8,42,1811,4.221,0.182,0.29600000000000004,0.023,0.614,0.137,4,1,56,770,278,223,14,9,69,19,0,32,24,106,79,50,17,0,10,127,78,0,75,0.21800000000000003,344,0.36,0.355,0.715,5,11,0.688,0.313,8,47,0.8700000000000001,0,34.4,2023,113,Eastern League,Double-A,671271-2023-113
2023,690984,Petey Halpin,player,29,Petey Halpin,Peter,Halpin,Petey,P Halpin,402,AKR,Akron RubberDucks,RubberDucks,EAS,113,CF,Outfielder,CF,21,510,168,189,1,8,0.311,36,2,5,53,2006,3.933,0.092,0.24700000000000003,0.018000000000000002,0.373,0.128,4,0,83,999,262,335,15,23,104,31,0,43,36,113,121,55,23,4,9,126,47,0,110,0.24300000000000002,452,0.312,0.372,0.6839999999999999,2,12,0.8570000000000001,0.14300000000000002,5,38,0.8600000000000001,0,50.220000000000006,2023,113,Eastern League,Double-A,690984-2023-113
2023,689651,Phillip Sikes,player,29,Phillip Sikes,Phillip,Sikes,Phillip,P Sikes,546,POR,Portland Sea Dogs,Sea Dogs,EAS,113,CF,Outfielder,OF,24,476,138,204,0,8,0.29200000000000004,30,10,2,45,1978,4.154999999999999,0.092,0.307,0.019,0.301,0.12300000000000001,9,0,86,990,282,276,30,17,56,21,1,39,26,111,133,69,18,3,9,146,44,0,87,0.21000000000000002,414,0.29600000000000004,0.33299999999999996,0.629,7,39,0.8480000000000001,0.15200000000000002,2,43,0.42000000000000004,0,46,2023,113,Eastern League,Double-A,689651-2023-113
2023,687019,Andrés Alvarez,player,31,Andrés Alvarez,Andrés,Alvarez,Andrés,A Alvarez,452,ALT,Altoona Curve,Curve,EAS,113,SS,Shortstop,SS,26,380,117,175,1,5,0.273,27,5,10,50,1471,3.8709999999999996,0.079,0.258,0.021,0.306,0.13,6,1,60,712,219,247,22,7,85,24,0,21,28,96,89,43,18,1,8,98,30,0,73,0.21500000000000002,339,0.28500000000000003,0.345,0.63,3,4,0.5710000000000001,0.42900000000000005,10,35,0.96,0,42.379999999999995,2023,113,Eastern League,Double-A,687019-2023-113
2023,670208,Matt Fraizer,player,31,Matt Fraizer,Matthew,Fraizer,Matt,M Fraizer,452,ALT,Altoona Curve,Curve,EAS,113,RF,Outfielder,CF,25,486,156,201,1,0,0.314,27,5,5,59,1944,4,0.088,0.21400000000000002,0.016,0.41300000000000003,0.10500000000000001,7,0,74,925,205,334,25,19,106,31,1,46,32,121,118,67,16,3,8,104,43,1,110,0.252,437,0.326,0.357,0.6829999999999999,3,21,0.8750000000000001,0.125,5,50,0.9,0,54.620000000000005,2023,113,Eastern League,Double-A,670208-2023-113
2023,690987,Robert Hassell III,player,31,Robert Hassell III,Robert,Hassell,Robert,R Hassell III,547,HBG,Harrisburg Senators,Senators,EAS,113,CF,Outfielder,CF,21,476,134,194,2,3,0.33099999999999996,24,5,9,50,1940,4.0760000000000005,0.109,0.319,0.017,0.34199999999999997,0.09899999999999999,5,0,38,840,250,267,4,22,110,11,0,47,35,106,64,54,15,1,8,152,52,0,93,0.225,414,0.316,0.324,0.64,5,13,0.722,0.278,9,37,1.72,0,51.75,2023,113,Eastern League,Double-A,690987-2023-113
2023,676024,Donta' Williams,player,31,Donta' Williams,Donta',Williams,Donta',D Williams,418,BOW,Bowie Baysox,Baysox,EAS,113,CF,Outfielder,OF,24,408,108,184,1,3,0.265,26,11,7,52,1710,4.191,0.14,0.28200000000000003,0.02,0.496,0.128,3,0,48,803,253,224,11,17,83,20,0,24,21,103,76,50,17,1,8,115,57,1,65,0.194,335,0.328,0.322,0.65,11,23,0.6759999999999999,0.324,7,44,1.09,1,41.879999999999995,2023,113,Eastern League,Double-A,676024-2023-113
2023,672642,Steward Berroa,player,35,Steward Berroa,Steward,Berroa,Steward,S Berroa,463,NH,New Hampshire Fisher Cats,Fisher Cats,EAS,113,CF,Outfielder,RF,24,396,134,131,9,4,0.377,30,2,2,41,1627,4.109,0.14400000000000002,0.268,0.018000000000000002,0.538,0.14200000000000002,3,0,37,681,190,231,12,12,82,23,2,30,33,103,61,64,21,2,7,106,57,0,88,0.272,324,0.38,0.41400000000000003,0.7939999999999999,10,43,0.811,0.189,2,35,1.34,0,46.290000000000006,2023,113,Eastern League,Double-A,672642-2023-113
2023,805367,Chase Meidroth,player,35,Chase Meidroth,Chase,Meidroth,Chase,C Meidroth,546,POR,Portland Sea Dogs,Sea Dogs,EAS,113,3B,Third Base,2B,21,396,122,116,0,1,0.315,24,11,9,48,1688,4.263,0.14900000000000002,0.197,0.018000000000000002,0.756,0.12000000000000001,5,1,45,614,104,248,12,8,100,22,0,33,28,91,65,59,16,1,7,78,59,0,83,0.255,325,0.386,0.375,0.761,1,9,0.9,0.1,9,43,1.54,0,46.43,2023,113,Eastern League,Double-A,805367-2023-113
2023,681468,Corey Rosier,player,35,Corey Rosier,Corey,Rosier,Corey,C Rosier,546,POR,Portland Sea Dogs,Sea Dogs,EAS,113,RF,Outfielder,RF,23,400,157,158,2,3,0.354,35,4,4,52,1482,3.705,0.083,0.21500000000000002,0.018000000000000002,0.384,0.15400000000000003,5,1,47,711,166,277,29,12,87,17,0,41,44,104,88,64,22,6,7,86,33,0,102,0.28500000000000003,358,0.349,0.43900000000000006,0.7879999999999999,7,49,0.8750000000000001,0.125,4,39,0.99,0,51.14,2023,113,Eastern League,Double-A,681468-2023-113
2023,657010,Madison Stokes,player,35,Madison Stokes,Madison,Stokes,Madison,M Stokes,522,REA,Reading Fightin Phils,Fightin Phils,EAS,113,SS,Shortstop,SS,27,431,123,144,3,1,0.3,30,5,6,40,1677,3.8909999999999996,0.14800000000000002,0.276,0.016,0.538,0.128,3,0,56,743,206,243,22,13,75,21,1,28,27,102,91,54,21,2,7,119,64,1,77,0.21500000000000002,358,0.34099999999999997,0.344,0.6849999999999999,2,6,0.75,0.25,6,31,0.8200000000000001,0,51.14,2023,113,Eastern League,Double-A,657010-2023-113
2023,686793,J.T. Arruda,player,39,J.T. Arruda,Jordan,Arruda,J.T.,J Arruda,547,HBG,Harrisburg Senators,Senators,EAS,113,2B,Second Base,SS,25,458,123,178,2,2,0.311,23,4,6,52,1901,4.151,0.162,0.258,0.013000000000000001,0.627,0.101,4,0,58,771,224,262,13,19,87,9,0,45,31,114,90,49,14,3,6,118,74,1,85,0.226,376,0.357,0.327,0.6839999999999999,8,31,0.7949999999999999,0.20500000000000002,6,39,0.97,0,62.67,2023,113,Eastern League,Double-A,686793-2023-113
2023,701634,Connor Kokx,player,40,Connor Kokx,Connor,Kokx,Connor,C Kokx,402,AKR,Akron RubberDucks,RubberDucks,EAS,113,LF,Outfielder,OF,23,390,101,160,1,3,0.3,21,14,9,46,1515,3.885,0.12100000000000001,0.226,0.008,0.534,0.083,2,0,55,667,161,241,20,17,75,11,2,33,28,104,92,52,18,0,3,88,47,0,74,0.228,325,0.347,0.311,0.658,5,29,0.8530000000000001,0.14700000000000002,9,22,0.8200000000000001,0,108.33,2023,113,Eastern League,Double-A,701634-2023-113
2023,696281,Wyatt Young,player,41,Wyatt Young,Wyatt,Young,Wyatt,W Young,505,BNG,Binghamton Rumble Ponies,Rumble Ponies,EAS,113,SS,Shortstop,SS,23,377,83,106,1,2,0.271,11,1,4,32,1530,4.058,0.138,0.21500000000000002,0.005,0.642,0.05,2,0,64,626,116,243,24,13,75,5,0,34,28,90,101,46,8,1,2,81,52,1,67,0.20900000000000002,321,0.319,0.259,0.5780000000000001,3,15,0.8330000000000001,0.167,4,20,0.74,0,160.5,2023,113,Eastern League,Double-A,696281-2023-113
2023,683616,Rodolfo Nolasco,player,1,Rodolfo Nolasco,Rodolfo,Nolasco,Rodolfo,R Nolasco,3390,BRD,Bradenton Marauders,Marauders,FSL,123,LF,Outfielder,OF,21,444,158,222,0,6,0.29500000000000004,41,8,10,55,1741,3.921,0.16,0.34199999999999997,0.045,0.467,0.226,2,0,32,702,286,213,17,13,74,24,0,33,20,102,62,59,21,0,20,152,71,0,77,0.21400000000000002,359,0.351,0.44,0.7909999999999999,3,11,0.7859999999999999,0.21400000000000002,10,72,1.1900000000000002,0,17.95,2023,123,Florida State League,Low-A,683616-2023-123
2023,691858,Jared Serna,player,2,Jared Serna,Jared,Serna,Jared,J Serna,587,TAM,Tampa Tarpons,Tarpons,FSL,123,2B,Second Base,SS,21,443,193,148,0,1,0.306,41,2,14,58,1670,3.77,0.09,0.169,0.043000000000000003,0.533,0.2,5,1,48,835,205,326,30,21,114,26,2,42,43,95,99,72,21,1,19,75,40,1,113,0.28300000000000003,400,0.35,0.48300000000000004,0.8330000000000001,6,19,0.76,0.24000000000000002,14,71,1.1500000000000001,0,21.05,2023,123,Florida State League,Low-A,691858-2023-123
2023,683079,Omar Martinez,player,3,Omar Martinez,Omar,Martinez,Omar,O Martinez,587,TAM,Tampa Tarpons,Tarpons,FSL,123,C,Catcher,C,21,444,165,185,0,3,0.305,35,3,8,64,1750,3.941,0.15100000000000002,0.24800000000000003,0.041,0.609,0.194,2,0,44,775,221,264,17,24,86,21,0,46,26,105,85,66,16,1,18,110,67,0,93,0.251,371,0.367,0.445,0.812,1,8,0.889,0.111,8,71,1.01,0,20.610000000000003,2023,123,Florida State League,Low-A,683079-2023-123
2023,699302,Héctor Rodríguez,player,4,Héctor Rodríguez,Héctor,Rodríguez,Héctor,H Rodríguez,450,DBT,Daytona Tortugas,Tortugas,FSL,123,CF,Outfielder,LF,19,444,209,163,0,0,0.33499999999999996,48,7,4,57,1533,3.453,0.061,0.189,0.036,0.321,0.21700000000000003,7,0,52,950,261,326,25,23,106,36,0,53,31,101,100,85,23,9,16,84,27,0,120,0.29300000000000004,410,0.347,0.51,0.8570000000000001,5,18,0.7829999999999999,0.21700000000000003,4,56,1.06,0,25.62,2023,123,Florida State League,Low-A,699302-2023-123
2023,702906,Wilfredo Lara,player,5,Wilfredo Lara,Wilfredo,Lara,Wilfredo,W Lara,507,SLU,St. Lucie Mets,Mets,FSL,123,3B,Third Base,3B,19,409,159,184,0,2,0.315,35,5,5,42,1486,3.633,0.12200000000000001,0.21800000000000003,0.034,0.562,0.188,6,0,55,704,202,265,28,22,66,29,0,41,23,99,105,54,18,3,14,89,50,0,93,0.264,352,0.362,0.452,0.8140000000000001,6,17,0.739,0.261,5,49,0.63,0,25.14,2023,123,Florida State League,Low-A,702906-2023-123
2023,686438,Rubel Cespedes,player,6,Rubel Cespedes,Rubel,Cespedes,Rubel,R Cespedes,509,FTM,Fort Myers Mighty Mussels,Mighty Mussels,FSL,123,1B,First Base,3B,22,476,167,244,0,5,0.273,41,1,8,60,1834,3.8529999999999998,0.10500000000000001,0.21200000000000002,0.027,0.495,0.164,7,0,61,880,239,324,23,25,117,26,0,48,24,115,109,62,26,2,13,101,50,1,98,0.233,420,0.313,0.398,0.711,1,3,0.75,0.25,8,74,1.07,0,32.309999999999995,2023,123,Florida State League,Low-A,686438-2023-123
2023,682627,Jose De La Cruz,player,7,Jose De La Cruz,Jose,De La Cruz,Jose,J De La Cruz,570,LAK,Lakeland Flying Tigers,Flying Tigers,FSL,123,RF,Outfielder,OF,21,381,129,161,0,5,0.33799999999999997,26,5,7,44,1498,3.9319999999999995,0.12100000000000001,0.315,0.031,0.383,0.15400000000000003,5,0,34,734,300,210,16,18,63,20,0,34,25,89,68,53,14,0,12,120,46,1,79,0.24300000000000002,325,0.34099999999999997,0.397,0.738,3,2,0.4,0.6,7,51,0.93,0,27.08,2023,123,Florida State League,Low-A,682627-2023-123
2023,694184,Cristian Santana,player,7,Cristian Santana,Cristian,Santana,Cristian,C Santana,570,LAK,Lakeland Flying Tigers,Flying Tigers,FSL,123,3B,Third Base,SS,19,419,96,182,0,6,0.194,24,14,3,38,1854,4.425,0.21700000000000003,0.277,0.028999999999999998,0.7839999999999999,0.15600000000000003,3,0,67,714,227,198,42,11,30,16,1,24,7,97,120,68,12,0,12,116,91,0,48,0.15600000000000003,308,0.365,0.312,0.6769999999999999,5,6,0.545,0.455,3,42,0.25,0,25.67,2023,123,Florida State League,Low-A,694184-2023-123
2023,694185,Danny De Andrade,player,9,Danny De Andrade,Danny,De Andrade,Danny,D De Andrade,509,FTM,Fort Myers Mighty Mussels,Mighty Mussels,FSL,123,SS,Shortstop,SS,19,475,156,199,0,9,0.29400000000000004,35,14,8,71,1847,3.888,0.12200000000000001,0.21700000000000003,0.023,0.5630000000000001,0.15200000000000002,3,0,65,803,181,300,25,33,81,22,0,47,27,105,123,72,21,3,11,103,58,0,96,0.24400000000000002,394,0.354,0.396,0.75,4,20,0.8330000000000001,0.167,8,67,0.6599999999999999,0,35.82,2023,123,Florida State League,Low-A,694185-2023-123
2023,691627,Ricardo Olivar,player,10,Ricardo Olivar,Ricardo,Olivar,Ricardo,R Olivar,509,FTM,Fort Myers Mighty Mussels,Mighty Mussels,FSL,123,C,Catcher,C,21,449,168,176,0,2,0.354,40,16,10,61,1799,4.007,0.131,0.20700000000000002,0.022,0.634,0.167,3,1,58,773,184,281,7,17,93,25,0,52,29,100,82,75,28,2,10,93,59,2,106,0.28500000000000003,372,0.403,0.452,0.8550000000000001,1,12,0.923,0.07700000000000001,10,58,1.1300000000000001,0,37.2,2023,123,Florida State League,Low-A,691627-2023-123
2023,701398,Sal Stewart,player,10,Sal Stewart,Sal,Stewart,Sal,S Stewart,450,DBT,Daytona Tortugas,Tortugas,FSL,123,3B,Third Base,1B,19,387,134,155,0,3,0.3,29,2,11,48,1623,4.193999999999999,0.171,0.15200000000000002,0.026000000000000002,1.119,0.15500000000000003,4,1,41,698,149,260,11,17,106,13,3,46,23,88,69,55,19,0,10,59,66,0,85,0.269,316,0.395,0.42400000000000004,0.8190000000000001,4,10,0.714,0.28600000000000003,11,60,1.54,0,31.6,2023,123,Florida State League,Low-A,701398-2023-123
2023,699115,Carlos Jorge,player,12,Carlos Jorge,Carlos,Jorge,Carlos,C Jorge,450,DBT,Daytona Tortugas,Tortugas,FSL,123,2B,Second Base,SS,19,356,144,94,0,3,0.356,29,7,3,41,1380,3.8759999999999994,0.132,0.197,0.025,0.6709999999999999,0.188,3,1,45,644,180,231,24,7,67,18,0,38,32,86,76,70,11,9,9,70,47,0,88,0.29500000000000004,298,0.4,0.48300000000000004,0.883,7,31,0.8160000000000001,0.184,3,36,0.88,1,33.11,2023,123,Florida State League,Low-A,699115-2023-123
2023,691927,Enmanuel Terrero,player,13,Enmanuel Terrero,Enmanuel,Terrero,Enmanuel,E Terrero,3390,BRD,Bradenton Marauders,Marauders,FSL,123,LF,Outfielder,CF,20,361,126,145,0,2,0.354,22,4,2,45,1358,3.762,0.13,0.258,0.022,0.505,0.14300000000000002,2,0,27,606,184,217,13,15,80,12,1,30,39,80,55,53,8,6,8,93,47,0,82,0.266,308,0.368,0.40900000000000003,0.777,9,21,0.7,0.3,2,36,1.45,0,38.5,2023,123,Florida State League,Low-A,691927-2023-123
2023,695491,Joshua Báez,player,14,Joshua Báez,Joshua,Báez,Joshua,J Báez,279,PMB,Palm Beach Cardinals,Cardinals,FSL,123,RF,Outfielder,RF,20,358,114,172,0,3,0.33699999999999997,31,12,8,48,1451,4.053,0.126,0.34099999999999997,0.02,0.369,0.164,1,1,45,677,248,179,20,10,39,16,0,31,18,91,75,54,20,4,7,122,45,1,65,0.21800000000000003,298,0.34099999999999997,0.383,0.724,2,30,0.9380000000000001,0.063,8,36,0.52,0,42.57,2023,123,Florida State League,Low-A,695491-2023-123
2023,800231,Won-Bin Cho,player,14,Won-Bin Cho,Won-Bin,Cho,Won-Bin,W Cho,279,PMB,Palm Beach Cardinals,Cardinals,FSL,123,RF,Outfielder,OF,19,452,147,179,0,6,0.34099999999999997,26,4,4,55,1741,3.8519999999999994,0.14200000000000002,0.21700000000000003,0.015,0.653,0.119,6,0,47,732,194,286,13,23,101,9,0,48,45,105,83,64,14,5,7,98,64,0,102,0.27,378,0.376,0.389,0.765,11,32,0.744,0.256,4,52,1.22,0,54,2023,123,Florida State League,Low-A,800231-2023-123
2023,692371,Lizandro Espinoza,player,14,Lizandro Espinoza,Lizandro,Espinoza,Lizandro,L Espinoza,279,PMB,Palm Beach Cardinals,Cardinals,FSL,123,SS,Shortstop,SS,20,413,104,232,5,4,0.23600000000000002,23,6,5,63,1462,3.54,0.094,0.257,0.017,0.368,0.10600000000000001,5,2,57,727,228,262,44,26,69,15,0,34,17,107,127,41,15,1,7,106,39,0,66,0.184,359,0.272,0.29000000000000004,0.562,7,13,0.65,0.35,5,47,0.54,0,51.290000000000006,2023,123,Florida State League,Low-A,692371-2023-123
2023,693808,Daury Arias,player,17,Daury Arias,Daury,Arias,Daury,D Arias,587,TAM,Tampa Tarpons,Tarpons,FSL,123,CF,Outfielder,CF,21,418,113,170,0,0,0.27,22,5,9,54,1577,3.773,0.139,0.20600000000000002,0.014,0.6739999999999999,0.101,3,1,38,795,243,269,16,24,114,15,2,36,24,103,78,52,14,2,6,86,58,0,77,0.21700000000000003,355,0.33499999999999996,0.318,0.653,1,11,0.917,0.083,9,38,1.46,0,59.17,2023,123,Florida State League,Low-A,693808-2023-123
2023,694202,Manuel Beltre,player,17,Manuel Beltre,Manuel,Beltre,Manuel,M Beltre,424,DUN,Dunedin Blue Jays,Blue Jays,FSL,123,SS,Shortstop,SS,19,431,125,201,0,3,0.28,28,11,10,77,1580,3.666,0.111,0.193,0.014,0.5780000000000001,0.109,13,0,48,727,196,288,28,36,91,12,0,43,30,98,112,67,22,0,6,83,48,0,85,0.231,368,0.33499999999999996,0.33999999999999997,0.6749999999999999,2,12,0.8570000000000001,0.14300000000000002,10,50,0.81,1,61.33,2023,123,Florida State League,Low-A,694202-2023-123
2023,702253,Cam Collier,player,17,Cam Collier,Cameron,Collier,Cam,C Collier,450,DBT,Daytona Tortugas,Tortugas,FSL,123,3B,Third Base,3B,18,461,139,207,0,6,0.317,29,8,10,68,1806,3.9179999999999997,0.12400000000000001,0.23,0.013000000000000001,0.538,0.11,5,1,35,823,216,290,20,21,118,12,1,45,38,111,76,40,21,2,6,106,57,0,96,0.24600000000000002,390,0.349,0.356,0.705,1,5,0.8330000000000001,0.167,10,68,1.55,0,65,2023,123,Florida State League,Low-A,702253-2023-123
2023,694200,Ariel Almonte,player,20,Ariel Almonte,Ariel,Almonte,Ariel,A Almonte,450,DBT,Daytona Tortugas,Tortugas,FSL,123,RF,Outfielder,OF,19,383,100,199,0,2,0.317,21,4,10,37,1572,4.103999999999999,0.11,0.347,0.013000000000000001,0.316,0.096,1,0,37,729,266,204,19,8,72,14,4,30,20,97,64,35,15,1,5,133,42,0,68,0.203,335,0.29800000000000004,0.29900000000000004,0.597,0,4,1,0,10,33,1.1300000000000001,0,67,2023,123,Florida State League,Low-A,694200-2023-123
2023,691588,Ian Lewis Jr.,player,20,Ian Lewis Jr.,Ian,Lewis,Ian,I Lewis Jr.,479,JUP,Jupiter Hammerheads,Hammerheads,FSL,123,2B,Second Base,SS,20,477,141,166,3,2,0.28,30,5,5,59,1799,3.771,0.092,0.20500000000000002,0.01,0.449,0.109,11,0,53,931,286,330,21,24,137,16,0,45,34,115,98,70,19,6,5,98,44,0,95,0.225,423,0.304,0.33299999999999996,0.637,10,33,0.767,0.233,5,44,1.4,0,84.6,2023,123,Florida State League,Low-A,691588-2023-123
2023,689355,Brett Roberts,player,20,Brett Roberts,Brett,Roberts,Brett,B Roberts,479,JUP,Jupiter Hammerheads,Hammerheads,FSL,123,RF,Outfielder,SS,22,373,133,136,1,4,0.33499999999999996,25,2,10,57,1335,3.5789999999999997,0.059000000000000004,0.20600000000000002,0.013000000000000001,0.28600000000000003,0.113,2,1,48,672,166,272,28,25,77,14,1,38,41,91,101,58,16,4,5,77,22,0,94,0.273,344,0.317,0.387,0.704,2,20,0.909,0.091,10,45,0.76,0,68.8,2023,123,Florida State League,Low-A,689355-2023-123
2023,702283,Tucker Toman,player,20,Tucker Toman,Kendall,Toman,Tucker,T Toman,424,DUN,Dunedin Blue Jays,Blue Jays,FSL,123,3B,Third Base,SS,19,503,134,221,0,3,0.28900000000000003,32,9,10,62,2018,4.012,0.125,0.268,0.01,0.467,0.10500000000000001,4,1,55,892,290,296,16,24,112,17,0,36,36,114,95,59,24,3,5,135,63,0,89,0.20800000000000002,428,0.32,0.313,0.633,1,7,0.8750000000000001,0.125,10,51,1.1800000000000002,0,85.6,2023,123,Florida State League,Low-A,702283-2023-123
2023,700931,Seth Stephenson,player,24,Seth Stephenson,Seth,Stephenson,Seth,S Stephenson,570,LAK,Lakeland Flying Tigers,Flying Tigers,FSL,123,CF,Outfielder,OF,22,437,147,166,4,4,0.351,29,24,2,61,1594,3.648,0.085,0.20400000000000001,0.009,0.41600000000000004,0.12200000000000001,10,0,54,737,182,287,25,16,90,12,2,34,54,99,95,84,17,8,4,89,37,0,102,0.277,368,0.376,0.399,0.775,13,62,0.8270000000000001,0.17300000000000001,2,36,0.9500000000000001,0,92,2023,123,Florida State League,Low-A,700931-2023-123
2023,691601,Brenny Escanio,player,25,Brenny Escanio,Brenny,Escanio,Brenny,B Escanio,587,TAM,Tampa Tarpons,Tarpons,FSL,123,SS,Shortstop,SS,20,476,118,170,0,7,0.304,18,2,4,64,1946,4.088,0.14300000000000002,0.25,0.006,0.5710000000000001,0.07300000000000001,4,0,66,879,246,286,20,29,82,10,0,44,35,108,115,57,10,5,3,119,68,0,89,0.224,398,0.33499999999999996,0.29600000000000004,0.631,6,21,0.778,0.222,4,36,0.71,1,132.67,2023,123,Florida State League,Low-A,691601-2023-123
2023,694193,Victor Acosta,player,26,Victor Acosta,Victor,Acosta,Victor,V Acosta,450,DBT,Daytona Tortugas,Tortugas,FSL,123,SS,Shortstop,SS,19,411,123,157,2,0,0.327,27,21,4,61,1509,3.6719999999999997,0.1,0.20700000000000002,0.005,0.48200000000000004,0.10400000000000001,5,0,48,754,186,264,20,17,92,14,2,41,30,100,85,41,20,5,2,85,41,1,87,0.251,347,0.364,0.354,0.718,2,12,0.8570000000000001,0.14300000000000002,4,31,1.08,0,173.5,2023,123,Florida State League,Low-A,694193-2023-123
2023,683152,Michael Curialle,player,26,Michael Curialle,Michael,Curialle,Michael,M Curialle,279,PMB,Palm Beach Cardinals,Cardinals,FSL,123,3B,Third Base,SS,22,457,151,198,0,5,0.382,35,21,6,65,1811,3.963,0.112,0.23600000000000002,0.004,0.47200000000000003,0.116,9,0,39,829,232,277,14,24,93,12,2,49,44,110,77,66,28,5,2,108,51,0,107,0.28200000000000003,380,0.392,0.397,0.7889999999999999,7,10,0.588,0.41200000000000003,6,57,1.21,0,190,2023,123,Florida State League,Low-A,683152-2023-123
2023,696291,Jordan McCants,player,26,Jordan McCants,Jordan,McCants,Jordan,J McCants,479,JUP,Jupiter Hammerheads,Hammerheads,FSL,123,3B,Third Base,SS,21,483,122,147,3,4,0.316,18,2,1,44,1906,3.9459999999999997,0.09899999999999999,0.271,0.004,0.366,0.061,4,0,42,896,267,302,9,29,126,8,0,40,48,111,80,66,12,4,2,131,48,0,96,0.225,426,0.304,0.28600000000000003,0.59,4,36,0.9,0.1,1,35,1.58,0,213,2023,123,Florida State League,Low-A,696291-2023-123
2023,701437,Jaden Rudd,player,26,Jaden Rudd,Jaden,Rudd,Jaden,J Rudd,424,DUN,Dunedin Blue Jays,Blue Jays,FSL,123,CF,Outfielder,OF,20,426,91,146,2,2,0.29200000000000004,18,22,2,52,1777,4.171,0.167,0.256,0.005,0.651,0.07600000000000001,3,0,42,675,183,223,19,15,81,11,0,32,23,105,76,45,13,3,2,109,71,0,66,0.201,328,0.376,0.277,0.653,4,21,0.8400000000000001,0.16,2,36,1.07,1,164,2023,123,Florida State League,Low-A,701437-2023-123
2023,692944,Kevin Villavicencio,player,26,Kevin Villavicencio,Kevin,Villavicencio,Kevin,K Villavicencio,507,SLU,St. Lucie Mets,Mets,FSL,123,2B,Second Base,SS,19,380,107,188,0,2,0.29000000000000004,16,4,16,62,1353,3.561,0.063,0.17600000000000002,0.005,0.358,0.066,5,1,51,708,166,285,25,15,110,5,2,45,32,102,91,43,11,3,2,67,24,0,84,0.24000000000000002,350,0.29500000000000004,0.306,0.601,7,23,0.767,0.233,16,35,1.21,0,175,2023,123,Florida State League,Low-A,692944-2023-123
2023,702708,Emaarion Boyd,player,31,Emaarion Boyd,Emaarion,Boyd,Emaarion,E Boyd,566,CLR,Clearwater Threshers,Threshers,FSL,123,LF,Outfielder,LF,19,403,111,137,1,2,0.313,14,22,13,52,1417,3.5159999999999996,0.08700000000000001,0.14900000000000002,0.002,0.583,0.061,9,1,32,675,138,286,11,20,133,10,2,36,42,91,63,68,8,5,1,60,35,0,90,0.262,343,0.366,0.324,0.69,18,56,0.757,0.24300000000000002,13,36,2.11,0,343,2023,123,Florida State League,Low-A,702708-2023-123
2023,691913,Jesus Castillo,player,31,Jesus Castillo,Jesus,Castillo,Jesus,J Castillo,3390,BRD,Bradenton Marauders,Marauders,FSL,123,1B,First Base,SS,19,506,96,177,2,6,0.27,12,13,6,45,2016,3.984,0.202,0.188,0.002,1.074,0.042,4,1,56,733,182,296,20,27,113,6,0,37,37,118,103,60,9,2,1,95,102,0,80,0.20900000000000002,383,0.387,0.251,0.638,9,39,0.8130000000000001,0.188,6,41,1.1,0,383,2023,123,Florida State League,Low-A,691913-2023-123
2023,701010,Roque Salinas,player,31,Roque Salinas,Roque,Salinas,Roque,R Salinas,424,DUN,Dunedin Blue Jays,Blue Jays,FSL,123,RF,Outfielder,OF,20,417,123,201,0,3,0.29500000000000004,19,11,10,67,1372,3.29,0.05,0.125,0.002,0.404,0.063,8,0,49,830,155,333,20,39,126,11,1,46,41,104,108,54,15,3,1,52,21,0,99,0.259,382,0.314,0.322,0.636,1,5,0.8330000000000001,0.167,10,49,1.1700000000000002,0,382,2023,123,Florida State League,Low-A,701010-2023-123
2023,691594,Javier Sanoja,player,31,Javier Sanoja,Javier,Sanoja,Javier,J Sanoja,479,JUP,Jupiter Hammerheads,Hammerheads,FSL,123,CF,Outfielder,3B,20,434,160,172,1,2,0.33099999999999996,27,0,10,65,1557,3.588,0.07100000000000001,0.07400000000000001,0.002,0.969,0.093,7,1,59,773,89,371,30,29,130,9,0,52,62,102,118,51,18,8,1,32,31,2,123,0.308,400,0.356,0.4,0.756,16,31,0.6599999999999999,0.33999999999999997,10,57,1.1,0,400,2023,123,Florida State League,Low-A,691594-2023-123
2023,666915,Bobby Dalbec,player,1,Bobby Dalbec,Robert,Dalbec,Bobby,B Dalbec,533,WOR,Worcester Red Sox,Red Sox,INT,117,3B,Third Base,1B,28,493,230,189,0,3,0.364,50,13,7,53,2102,4.263999999999999,0.13,0.34299999999999997,0.067,0.379,0.28800000000000003,5,2,52,883,377,247,20,10,54,38,1,35,37,114,82,82,14,3,33,169,64,0,111,0.269,413,0.381,0.557,0.9380000000000001,2,18,0.9,0.1,7,79,0.6599999999999999,0,12.52,2023,117,International League,Triple-A,666915-2023-117
2023,642215,Weston Wilson,player,2,Weston Wilson,Weston,Wilson,Weston,W Wilson,1410,LHV,Lehigh Valley IronPigs,IronPigs,INT,117,SS,Shortstop,3B,28,544,237,209,2,4,0.307,53,3,13,70,2299,4.226,0.138,0.268,0.057,0.514,0.257,7,1,58,970,291,320,23,21,99,42,1,46,30,125,102,90,19,3,31,146,75,2,119,0.259,460,0.363,0.515,0.8780000000000001,6,32,0.8420000000000001,0.15800000000000003,13,86,0.97,0,14.84,2023,117,International League,Triple-A,642215-2023-117
2023,664332,Moisés Gómez,player,3,Moisés Gómez,Moises,Gomez,Moisés,M Gómez,235,MEM,Memphis Redbirds,Redbirds,INT,117,RF,Outfielder,OF,24,567,235,282,0,6,0.28700000000000003,53,8,7,85,2179,3.843,0.06899999999999999,0.317,0.053000000000000005,0.21700000000000003,0.226,2,0,100,1203,433,340,28,24,69,33,0,60,26,131,152,77,20,3,30,180,39,1,119,0.232,514,0.29300000000000004,0.457,0.75,1,5,0.8330000000000001,0.167,7,79,0.45,0,17.130000000000003,2023,117,International League,Triple-A,664332-2023-117
2023,656484,Tristan Gray,player,3,Tristan Gray,Tristan,Gray,Tristan,T Gray,234,DUR,Durham Bulls,Bulls,INT,117,SS,Shortstop,SS,27,525,227,228,1,2,0.29200000000000004,56,7,6,64,2037,3.88,0.088,0.316,0.057,0.277,0.25,4,0,72,1104,414,305,35,19,69,35,0,52,23,132,126,71,25,1,30,166,46,0,110,0.23500000000000001,468,0.312,0.48500000000000004,0.7969999999999999,3,2,0.4,0.6,6,98,0.55,1,15.6,2023,117,International League,Triple-A,656484-2023-117
2023,664314,Estevan Florial,player,5,Estevan Florial,Estevan,Florial,Estevan,E Florial,531,SWB,Scranton/Wilkes-Barre RailRiders,RailRiders,INT,117,CF,Outfielder,LF,25,482,231,160,0,6,0.362,55,1,6,46,1995,4.139,0.137,0.29900000000000004,0.058,0.458,0.281,4,0,49,917,326,271,17,16,73,40,0,46,30,101,82,83,23,4,28,144,66,2,116,0.28400000000000003,409,0.38,0.5650000000000001,0.9450000000000001,10,25,0.714,0.28600000000000003,6,79,0.89,0,14.61,2023,117,International League,Triple-A,664314-2023-117
2023,678877,Jhonkensy Noel,player,6,Jhonkensy Noel,Jhonkensy,Noel,Jhonkensy,J Noel,445,COL,Columbus Clippers,Clippers,INT,117,LF,Outfielder,RF,21,585,218,279,0,3,0.24900000000000003,50,14,10,83,2325,3.9739999999999998,0.084,0.24800000000000003,0.046,0.33799999999999997,0.2,6,2,63,1193,365,377,38,35,127,30,0,44,40,138,136,81,23,0,27,145,49,0,114,0.22,519,0.303,0.42000000000000004,0.723,3,1,0.25,0.75,10,85,0.93,0,19.22,2023,117,International League,Triple-A,678877-2023-117
2023,666464,Jerar Encarnacion,player,7,Jerar Encarnacion,Jerar,Encarnacion,Jerar,J Encarnacion,564,JAX,Jacksonville Jumbo Shrimp,Jumbo Shrimp,INT,117,RF,Outfielder,RF,25,516,196,263,0,2,0.348,44,2,11,48,2181,4.226999999999999,0.15100000000000002,0.388,0.05,0.39,0.224,3,1,33,971,404,236,5,21,78,33,0,41,25,122,59,63,17,1,26,200,78,1,99,0.228,434,0.347,0.452,0.7989999999999999,2,6,0.75,0.25,11,76,1.32,0,16.69,2023,117,International League,Triple-A,666464-2023-117
2023,666018,Jonathan Aranda,player,8,Jonathan Aranda,Jonathan,Aranda,Jonathan,J Aranda,234,DUR,Durham Bulls,Bulls,INT,117,2B,Second Base,1B,25,434,219,122,0,3,0.387,48,10,4,36,1928,4.442,0.14700000000000002,0.2,0.058,0.736,0.275,3,1,44,760,163,273,19,18,71,32,0,53,36,95,81,82,23,0,25,87,64,2,121,0.33899999999999997,357,0.449,0.613,1.062,2,2,0.5,0.5,4,81,0.88,0,14.28,2023,117,International League,Triple-A,666018-2023-117
2023,665953,Andrés Chaparro,player,8,Andrés Chaparro,Andrés,Chaparro,Andrés,A Chaparro,531,SWB,Scranton/Wilkes-Barre RailRiders,RailRiders,INT,117,3B,Third Base,1B,24,601,232,248,0,8,0.277,51,5,14,89,2348,3.907,0.10800000000000001,0.21800000000000003,0.042,0.496,0.197,7,1,90,1124,319,400,53,23,105,27,0,66,36,137,166,82,24,2,25,131,65,2,129,0.24700000000000003,523,0.33099999999999996,0.444,0.775,0,4,1,0,14,89,0.63,0,20.919999999999998,2023,117,International League,Triple-A,665953-2023-117
2023,680814,Peyton Burdick,player,10,Peyton Burdick,Edmund,Burdick,Peyton,P Burdick,564,JAX,Jacksonville Jumbo Shrimp,Jumbo Shrimp,INT,117,RF,Outfielder,CF,26,492,188,215,0,3,0.311,46,12,6,53,1989,4.043,0.116,0.366,0.049,0.317,0.229,1,0,63,985,373,243,15,15,58,32,0,41,19,114,93,63,20,2,24,180,57,0,92,0.21900000000000003,420,0.327,0.448,0.775,2,12,0.8570000000000001,0.14300000000000002,6,74,0.62,0,17.5,2023,117,International League,Triple-A,680814-2023-117
2023,663905,Travis Blankenhorn,player,11,Travis Blankenhorn,Travis,Blankenhorn,Travis,T Blankenhorn,534,ROC,Rochester Red Wings,Red Wings,INT,117,1B,First Base,RF,26,455,203,193,0,1,0.307,52,10,8,71,1784,3.921,0.112,0.24200000000000002,0.051000000000000004,0.464,0.254,3,1,44,850,244,284,14,28,95,27,0,45,31,108,86,67,27,2,23,110,51,1,103,0.262,393,0.36,0.517,0.8770000000000001,2,0,0,1,8,75,1.1,0,17.09,2023,117,International League,Triple-A,663905-2023-117
2023,623507,Josh Lester,player,11,Josh Lester,Joshua,Lester,Josh,J Lester,568,NOR,Norfolk Tides,Tides,INT,117,3B,Third Base,1B,28,470,205,213,0,4,0.302,46,2,6,72,1745,3.713,0.066,0.26,0.049,0.254,0.21800000000000003,5,1,71,921,288,314,24,17,91,29,0,50,32,110,112,62,21,2,23,122,31,2,111,0.257,432,0.307,0.47500000000000003,0.7819999999999999,0,2,1,0,6,87,0.81,1,18.779999999999998,2023,117,International League,Triple-A,623507-2023-117
2023,669234,Justyn-Henry Malloy,player,11,Justyn-Henry Malloy,Justyn-Henry,Malloy,Justyn-Henry,J Malloy,512,TOL,Toledo Mud Hens,Mud Hens,INT,117,3B,Third Base,RF,23,611,231,202,0,4,0.354,49,10,17,71,2654,4.343999999999999,0.18,0.24900000000000003,0.038,0.724,0.197,5,0,72,991,281,339,25,24,83,32,0,57,46,135,121,89,25,1,23,152,110,1,135,0.277,487,0.41700000000000004,0.47400000000000003,0.891,1,5,0.8330000000000001,0.167,17,83,0.69,0,21.17,2023,117,International League,Triple-A,669234-2023-117
2023,677595,Ronny Mauricio,player,11,Ronny Mauricio,Ronny,Mauricio,Ronny,R Mauricio,552,SYR,Syracuse Mets,Mets,INT,117,2B,Second Base,SS,22,532,248,229,0,1,0.323,56,6,9,91,1934,3.635,0.066,0.182,0.043000000000000003,0.361,0.21400000000000002,3,1,62,974,231,394,22,24,143,22,1,68,52,116,108,76,30,3,23,97,35,3,143,0.29200000000000004,490,0.346,0.506,0.8520000000000001,7,24,0.774,0.226,9,71,1.32,0,21.3,2023,117,International League,Triple-A,677595-2023-117
2023,666632,Yonathan Perlaza,player,11,Yonathan Perlaza,Yonathan,Perlaza,Yonathan,Y Perlaza,451,IOW,Iowa Cubs,Cubs,INT,117,LF,Outfielder,2B,24,543,246,191,0,2,0.33599999999999997,66,4,6,67,2101,3.8689999999999998,0.14,0.21900000000000003,0.042,0.639,0.24900000000000003,4,2,55,998,321,344,23,30,105,28,1,64,38,121,108,100,40,3,23,119,76,0,131,0.28400000000000003,461,0.389,0.534,0.923,5,13,0.722,0.278,6,85,0.97,0,20.04,2023,117,International League,Triple-A,666632-2023-117
2023,665180,Ruben Cardenas,player,16,Ruben Cardenas,Ruben,Cardenas,Ruben,R Cardenas,234,DUR,Durham Bulls,Bulls,INT,117,RF,Outfielder,OF,25,550,226,244,0,5,0.33799999999999997,51,7,10,82,2161,3.929,0.113,0.264,0.04,0.42800000000000005,0.20600000000000002,2,0,67,1054,324,336,37,24,80,36,1,59,32,132,128,82,26,3,22,145,62,0,128,0.269,476,0.358,0.47500000000000003,0.8330000000000001,12,8,0.4,0.6,10,82,0.63,0,21.64,2023,117,International League,Triple-A,665180-2023-117
2023,670223,Matt Mervis,player,16,Matt Mervis,Matthew,Mervis,Matt,M Mervis,451,IOW,Iowa Cubs,Cubs,INT,117,1B,First Base,1B,25,441,193,179,0,5,0.327,46,7,4,59,1789,4.0569999999999995,0.15200000000000002,0.227,0.05,0.6699999999999999,0.251,1,0,49,844,268,267,30,19,67,35,0,42,25,100,98,77,23,1,22,100,67,2,102,0.28200000000000003,362,0.399,0.533,0.932,1,2,0.6669999999999999,0.33299999999999996,4,78,0.6799999999999999,0,16.459999999999997,2023,117,International League,Triple-A,670223-2023-117
2023,608703,Matt Reynolds,player,16,Matt Reynolds,Matthew,Reynolds,Matt,M Reynolds,416,LOU,Louisville Bats,Bats,INT,117,2B,Second Base,3B,32,515,228,241,0,8,0.33199999999999996,63,3,14,73,2083,4.045,0.117,0.274,0.043000000000000003,0.42600000000000005,0.24800000000000003,3,1,62,875,251,311,20,23,88,38,1,50,29,115,105,76,38,3,22,141,60,1,118,0.266,444,0.351,0.514,0.8650000000000001,0,8,1,0,14,90,0.8400000000000001,0,20.18,2023,117,International League,Triple-A,608703-2023-117
2023,670237,Jake Slaughter,player,16,Jake Slaughter,Jacob,Slaughter,Jake,J Slaughter,451,IOW,Iowa Cubs,Cubs,INT,117,3B,Third Base,SS,26,432,179,172,0,4,0.29100000000000004,44,11,7,55,1674,3.8749999999999996,0.10600000000000001,0.275,0.051000000000000004,0.387,0.24000000000000002,1,1,41,773,259,256,13,20,92,27,1,40,22,104,74,59,21,1,22,119,46,0,90,0.24300000000000002,371,0.33999999999999997,0.48200000000000004,0.8220000000000001,6,16,0.727,0.273,7,77,1.24,0,16.86,2023,117,International League,Triple-A,670237-2023-117
2023,657562,Patrick Dorrian,player,20,Patrick Dorrian,Patrick,Dorrian,Patrick,P Dorrian,556,NAS,Nashville Sounds,Sounds,INT,117,2B,Second Base,2B,27,407,170,205,0,2,0.301,40,6,7,54,1642,4.034,0.084,0.312,0.052000000000000005,0.268,0.227,0,1,36,815,314,240,11,23,83,22,0,41,24,100,70,55,18,1,21,127,34,0,87,0.23800000000000002,365,0.312,0.466,0.778,3,4,0.5710000000000001,0.42900000000000005,7,65,1.1900000000000002,0,17.38,2023,117,International League,Triple-A,657562-2023-117
2023,670224,Kameron Misner,player,20,Kameron Misner,Kameron,Misner,Kameron,K Misner,234,DUR,Durham Bulls,Bulls,INT,117,CF,Outfielder,CF,25,519,193,204,1,4,0.33899999999999997,51,2,4,58,2280,4.393,0.17500000000000002,0.358,0.04,0.48900000000000005,0.233,2,1,55,940,367,240,17,14,59,33,2,43,17,130,86,85,25,5,21,186,91,0,95,0.226,421,0.363,0.458,0.8210000000000001,6,21,0.778,0.222,4,58,0.69,0,20.05,2023,117,International League,Triple-A,670224-2023-117
2023,681393,Connor Norby,player,20,Connor Norby,Connor,Norby,Connor,C Norby,568,NOR,Norfolk Tides,Tides,INT,117,2B,Second Base,1B,23,633,273,242,0,5,0.347,64,6,15,105,2397,3.7870000000000004,0.09,0.21600000000000003,0.033,0.41600000000000004,0.193,7,0,87,1202,293,433,17,36,129,40,0,81,43,138,140,104,40,3,21,137,57,1,164,0.29000000000000004,565,0.359,0.48300000000000004,0.8420000000000001,4,10,0.714,0.28600000000000003,15,92,0.92,0,26.9,2023,117,International League,Triple-A,681393-2023-117
2023,642197,Jamie Westbrook,player,20,Jamie Westbrook,Jamie,Westbrook,Jamie,J Westbrook,531,SWB,Scranton/Wilkes-Barre RailRiders,RailRiders,INT,117,2B,Second Base,2B,28,496,204,201,0,2,0.322,41,7,11,65,1913,3.8569999999999998,0.135,0.163,0.042,0.8270000000000001,0.202,15,0,43,866,201,332,30,19,119,25,0,54,42,117,92,70,20,0,21,81,67,0,121,0.29400000000000004,411,0.4,0.496,0.896,4,6,0.6,0.4,11,65,1.29,9,19.57,2023,117,International League,Triple-A,642197-2023-117
2023,622682,Victor Reyes,player,24,Victor Reyes,Victor,Reyes,Victor,V Reyes,494,CLT,Charlotte Knights,Knights,INT,117,RF,Outfielder,CF,28,546,232,226,0,4,0.33099999999999996,50,4,16,80,2118,3.8789999999999996,0.066,0.227,0.037,0.29000000000000004,0.183,7,1,66,1115,286,382,15,15,146,35,1,61,43,128,96,75,28,2,20,124,36,0,140,0.279,502,0.32999999999999996,0.462,0.7919999999999999,1,3,0.75,0.25,16,83,1.52,0,25.1,2023,117,International League,Triple-A,622682-2023-117
2023,678009,Parker Meadows,player,25,Parker Meadows,Parker,Meadows,Parker,P Meadows,512,TOL,Toledo Mud Hens,Mud Hens,INT,117,CF,Outfielder,CF,23,517,213,183,1,8,0.305,53,2,3,51,2110,4.081,0.11,0.23800000000000002,0.037,0.463,0.21800000000000003,4,0,68,965,237,335,30,36,86,29,3,55,28,113,134,78,27,7,19,123,57,0,115,0.256,449,0.33699999999999997,0.47400000000000003,0.811,2,19,0.905,0.095,3,65,0.64,0,23.630000000000003,2023,117,International League,Triple-A,678009-2023-117
2023,691026,Masyn Winn,player,26,Masyn Winn,Masyn,Winn,Masyn,M Winn,235,MEM,Memphis Redbirds,Redbirds,INT,117,SS,Shortstop,SS,21,498,211,206,0,2,0.318,40,7,8,69,1893,3.8009999999999997,0.088,0.167,0.036,0.53,0.187,5,0,78,831,154,364,26,31,101,24,3,56,45,105,135,99,15,7,18,83,44,0,128,0.28800000000000003,445,0.359,0.47400000000000003,0.8330000000000001,2,17,0.895,0.10500000000000001,8,61,0.75,0,24.72,2023,117,International League,Triple-A,691026-2023-117
2023,650331,Lewin Díaz,player,27,Lewin Díaz,Lewin,Díaz,Lewin,L Díaz,568,NOR,Norfolk Tides,Tides,INT,117,1B,First Base,1B,26,483,183,192,0,5,0.306,38,4,9,65,2076,4.298,0.12400000000000001,0.197,0.034999999999999996,0.632,0.17400000000000002,5,1,77,915,212,324,31,25,80,31,0,56,24,118,133,64,21,0,17,95,60,1,111,0.268,414,0.362,0.442,0.804,0,2,1,0,9,64,0.6,0,24.35,2023,117,International League,Triple-A,650331-2023-117
2023,666152,David Hamilton,player,27,David Hamilton,David,Hamilton,David,D Hamilton,533,WOR,Worcester Red Sox,Red Sox,INT,117,SS,Shortstop,3B,25,469,172,156,1,2,0.29700000000000004,37,2,0,42,1891,4.032,0.15100000000000002,0.232,0.036,0.651,0.191,3,1,67,769,171,287,29,23,71,25,0,43,29,103,119,74,16,4,17,109,71,0,97,0.24700000000000003,393,0.363,0.43800000000000006,0.801,14,57,0.803,0.197,0,54,0.6,0,23.12,2023,117,International League,Triple-A,666152-2023-117
2023,680881,Niko Hulsizer,player,27,Niko Hulsizer,Niko,Hulsizer,Niko,N Hulsizer,234,DUR,Durham Bulls,Bulls,INT,117,LF,Outfielder,OF,26,473,158,218,0,4,0.29600000000000004,40,7,4,59,1980,4.186,0.14800000000000002,0.32999999999999996,0.036,0.449,0.191,8,1,59,836,340,240,22,13,63,24,0,36,23,119,94,73,22,1,17,156,70,1,83,0.21200000000000002,392,0.33799999999999997,0.403,0.741,6,7,0.538,0.462,4,63,0.6699999999999999,0,23.06,2023,117,International League,Triple-A,680881-2023-117
2023,700932,Kyle Manzardo,player,27,Kyle Manzardo,Kyle,Manzardo,Kyle,K Manzardo,445,COL,Columbus Clippers,Clippers,INT,117,1B,First Base,1B,22,405,163,169,0,6,0.261,45,2,4,53,1650,4.074,0.133,0.195,0.042,0.6839999999999999,0.233,2,0,83,675,140,270,13,28,63,25,0,47,11,94,124,49,27,1,17,79,54,0,83,0.24200000000000002,343,0.34299999999999997,0.47500000000000003,0.8180000000000001,1,1,0.5,0.5,4,54,0.51,0,20.18,2023,117,International League,Triple-A,700932-2023-117
2023,594953,Daniel Palka,player,27,Daniel Palka,Daniel,Palka,Daniel,D Palka,552,SYR,Syracuse Mets,Mets,INT,117,1B,First Base,LF,31,412,156,212,0,0,0.275,33,2,10,72,1621,3.9339999999999997,0.092,0.233,0.041,0.396,0.183,7,0,38,757,253,275,31,21,97,17,0,45,26,102,90,55,15,1,17,96,38,1,88,0.23700000000000002,371,0.311,0.42000000000000004,0.731,2,3,0.6,0.4,10,60,1.08,1,21.82,2023,117,International League,Triple-A,594953-2023-117
2023,609280,Miguel Andujar,player,32,Miguel Andujar,Miguel,Andujar,Miguel,M Andujar,484,IND,Indianapolis Indians,Indians,INT,117,1B,First Base,DH,28,465,222,174,0,3,0.358,48,1,7,80,1725,3.71,0.101,0.118,0.034,0.8550000000000001,0.198,5,1,69,788,157,362,37,21,95,23,1,63,53,103,127,63,30,2,16,55,47,3,140,0.33799999999999997,414,0.404,0.536,0.9400000000000001,3,5,0.625,0.375,7,86,0.75,0,25.88,2023,117,International League,Triple-A,609280-2023-117
2023,663662,Daz Cameron,player,32,Daz Cameron,Dazmon,Cameron,Daz,D Cameron,568,NOR,Norfolk Tides,Tides,INT,117,CF,Outfielder,RF,26,446,174,195,1,9,0.307,39,8,4,73,1728,3.8739999999999997,0.096,0.21300000000000002,0.036,0.453,0.184,5,1,62,773,192,300,25,29,81,16,2,55,30,110,116,62,23,0,16,95,43,0,103,0.268,385,0.346,0.452,0.7979999999999999,6,23,0.7929999999999999,0.20700000000000002,4,67,0.7,0,24.06,2023,117,International League,Triple-A,663662-2023-117
2023,641470,Zack Collins,player,32,Zack Collins,Zachary,Collins,Zack,Z Collins,445,COL,Columbus Clippers,Clippers,INT,117,DH,Designated Hitter,C,28,495,182,205,0,4,0.359,45,2,7,50,2103,4.248,0.14100000000000001,0.321,0.032,0.44,0.184,2,0,58,891,313,264,12,22,67,28,0,56,21,116,92,66,29,0,16,159,70,1,105,0.251,419,0.358,0.43400000000000005,0.7919999999999999,1,4,0.8,0.2,7,76,0.73,0,26.19,2023,117,International League,Triple-A,641470-2023-117
2023,694355,Tyler Gentry,player,32,Tyler Gentry,Tyler,Gentry,Tyler,T Gentry,541,OMA,Omaha Storm Chasers,Storm Chasers,INT,117,RF,Outfielder,OF,24,572,200,235,1,5,0.309,46,10,8,70,2452,4.287,0.14200000000000002,0.222,0.028,0.638,0.168,5,0,61,934,246,354,31,25,117,28,1,47,44,129,117,69,28,2,16,127,81,0,120,0.253,475,0.37,0.42100000000000004,0.7909999999999999,3,14,0.8240000000000001,0.17600000000000002,8,71,1,0,29.69,2023,117,International League,Triple-A,694355-2023-117
2023,669699,Braden Shewmake,player,32,Braden Shewmake,Braden,Shewmake,Braden,B Shewmake,431,GWN,Gwinnett Stripers,Stripers,INT,117,2B,Second Base,SS,25,526,193,272,0,6,0.264,47,7,12,91,1866,3.548,0.07400000000000001,0.198,0.03,0.375,0.17300000000000001,0,1,72,1065,307,376,33,30,130,28,1,53,29,122,135,79,28,3,16,104,39,0,111,0.234,474,0.29800000000000004,0.40700000000000003,0.705,1,27,0.964,0.036,12,69,0.96,0,29.62,2023,117,International League,Triple-A,669699-2023-117
2023,664057,Andrew Stevenson,player,32,Andrew Stevenson,Andrew,Stevenson,Andrew,A Stevenson,1960,STP,St. Paul Saints,Saints,INT,117,CF,Outfielder,CF,29,470,217,147,1,0,0.383,46,11,2,58,1727,3.674,0.089,0.20600000000000002,0.034,0.43300000000000005,0.20400000000000001,7,0,52,807,214,320,16,27,93,22,1,61,48,106,95,91,23,7,16,97,42,0,132,0.317,416,0.394,0.522,0.916,5,44,0.898,0.10200000000000001,2,57,0.98,0,26,2023,117,International League,Triple-A,664057-2023-117
2023,676070,Jacob Amaya,player,38,Jacob Amaya,Jacob,Amaya,Jacob,J Amaya,564,JAX,Jacksonville Jumbo Shrimp,Jumbo Shrimp,INT,117,SS,Shortstop,SS,24,566,197,221,0,9,0.28800000000000003,43,3,18,85,2206,3.8979999999999997,0.12400000000000001,0.187,0.027,0.6599999999999999,0.15500000000000003,5,0,71,888,166,387,18,30,146,27,0,54,41,128,119,85,26,2,15,106,70,0,122,0.252,484,0.345,0.40700000000000003,0.752,2,6,0.75,0.25,18,65,1.23,0,32.27,2023,117,International League,Triple-A,676070-2023-117
2023,666126,Carlos Cortes,player,38,Carlos Cortes,Carlos,Cortes,Carlos,C Cortes,552,SYR,Syracuse Mets,Mets,INT,117,LF,Outfielder,RF,26,442,158,198,0,5,0.274,38,3,9,65,1833,4.146999999999999,0.14700000000000002,0.201,0.034,0.73,0.187,4,0,56,769,194,285,23,27,90,29,0,36,24,118,106,63,22,1,15,89,65,0,89,0.24100000000000002,369,0.355,0.42800000000000005,0.7829999999999999,2,3,0.6,0.4,9,54,0.8500000000000001,0,24.6,2023,117,International League,Triple-A,666126-2023-117
2023,605361,Nick Martini,player,38,Nick Martini,Nicholas,Martini,Nick,N Martini,416,LOU,Louisville Bats,Bats,INT,117,LF,Outfielder,RF,33,417,166,175,0,3,0.325,38,9,5,46,1711,4.103,0.14400000000000002,0.20900000000000002,0.036,0.69,0.20600000000000002,5,1,50,684,159,261,19,24,73,25,0,47,23,93,93,64,20,3,15,87,60,0,95,0.275,345,0.393,0.48100000000000004,0.8740000000000001,1,0,0,1,5,65,0.7799999999999999,0,23,2023,117,International League,Triple-A,605361-2023-117
2023,675986,Canaan Smith-Njigba,player,38,Canaan Smith-Njigba,Canaan,Smith-Njigba,Canaan,C Smith-Njigba,484,IND,Indianapolis Indians,Indians,INT,117,LF,Outfielder,CF,24,445,184,176,0,2,0.364,44,1,10,62,1865,4.191,0.119,0.265,0.034,0.449,0.193,1,0,35,797,248,273,7,15,107,31,0,44,34,105,57,57,28,1,15,118,53,2,109,0.28,389,0.366,0.47300000000000003,0.8390000000000001,5,21,0.808,0.192,10,74,1.8800000000000001,0,25.93,2023,117,International League,Triple-A,675986-2023-117
2023,660620,Jonathan Araúz,player,42,Jonathan Araúz,Jonathan,Araúz,Jonathan,J Araúz,552,SYR,Syracuse Mets,Mets,INT,117,SS,Shortstop,2B,24,415,146,163,0,6,0.276,31,2,6,65,1739,4.1899999999999995,0.133,0.21700000000000003,0.034,0.611,0.17600000000000002,1,1,55,727,176,268,26,24,79,19,0,39,26,100,105,59,14,3,14,90,55,0,84,0.23900000000000002,352,0.33999999999999997,0.41500000000000004,0.755,0,2,1,0,6,53,0.75,0,25.14,2023,117,International League,Triple-A,660620-2023-117
2023,623520,David Bote,player,42,David Bote,David,Bote,David,D Bote,451,IOW,Iowa Cubs,Cubs,INT,117,SS,Shortstop,3B,30,425,164,185,1,4,0.311,43,7,16,65,1639,3.8559999999999994,0.125,0.226,0.033,0.552,0.197,3,0,48,764,229,269,16,23,89,22,1,43,27,99,87,61,29,0,14,96,53,0,93,0.258,360,0.361,0.456,0.8170000000000001,1,7,0.8750000000000001,0.125,16,61,1.02,0,25.71,2023,117,International League,Triple-A,623520-2023-117
2023,693304,Nick Gonzales,player,42,Nick Gonzales,Nicholas,Gonzales,Nick,N Gonzales,484,IND,Indianapolis Indians,Indians,INT,117,2B,Second Base,3B,24,443,191,147,0,4,0.369,49,9,5,52,1730,3.905,0.12000000000000001,0.266,0.032,0.449,0.225,4,1,53,879,275,263,13,15,76,28,0,49,29,99,81,75,27,8,14,118,53,1,106,0.281,377,0.379,0.507,0.886,3,4,0.5710000000000001,0.42900000000000005,5,49,0.9400000000000001,0,26.93,2023,117,International League,Triple-A,693304-2023-117
2023,689288,Matt Koperniak,player,42,Matt Koperniak,Matthew,Koperniak,Matt,M Koperniak,235,MEM,Memphis Redbirds,Redbirds,INT,117,LF,Outfielder,LF,25,422,160,152,0,4,0.29300000000000004,28,3,4,68,1675,3.969,0.10400000000000001,0.14500000000000002,0.033,0.721,0.15600000000000003,4,2,46,772,157,314,14,33,119,18,0,43,41,96,93,56,12,2,14,61,44,0,102,0.275,371,0.353,0.43100000000000005,0.7839999999999999,1,9,0.9,0.1,4,67,1.28,0,26.5,2023,117,International League,Triple-A,689288-2023-117
2023,687588,Micah Pries,player,42,Micah Pries,Micah,Pries,Micah,M Pries,445,COL,Columbus Clippers,Clippers,INT,117,1B,First Base,1B,25,464,170,209,0,4,0.272,45,12,8,70,1859,4.006,0.101,0.21800000000000003,0.03,0.465,0.192,4,0,64,913,240,304,16,25,106,21,0,50,22,115,105,64,27,4,14,101,47,0,93,0.232,401,0.328,0.42400000000000004,0.752,4,3,0.42900000000000005,0.5710000000000001,8,43,1.01,0,28.64,2023,117,International League,Triple-A,687588-2023-117
2023,687823,Aaron Shackelford,player,42,Aaron Shackelford,Aaron,Shackelford,Aaron,A Shackelford,484,IND,Indianapolis Indians,Indians,INT,117,1B,First Base,SS,26,425,144,202,0,3,0.29400000000000004,34,8,6,51,1684,3.9619999999999997,0.139,0.28900000000000003,0.033,0.48000000000000004,0.183,1,0,48,783,264,235,35,17,56,22,0,33,24,113,100,53,17,3,14,123,59,1,79,0.223,355,0.344,0.406,0.75,1,8,0.889,0.111,6,52,0.56,0,25.36,2023,117,International League,Triple-A,687823-2023-117
2023,664068,Scott Kingery,player,48,Scott Kingery,Scott,Kingery,Scott,S Kingery,1410,LHV,Lehigh Valley IronPigs,IronPigs,INT,117,SS,Shortstop,SS,29,466,162,211,5,5,0.328,34,3,3,56,1846,3.961,0.10300000000000001,0.29000000000000004,0.028,0.356,0.15600000000000003,3,0,65,908,290,280,27,16,73,29,0,33,37,117,108,68,18,3,13,135,48,0,99,0.24400000000000002,405,0.325,0.4,0.725,1,24,0.96,0.04,3,47,0.6799999999999999,0,31.150000000000002,2023,117,International League,Triple-A,664068-2023-117
2023,670148,Nate Mondou,player,48,Nate Mondou,Nathan,Mondou,Nate,N Mondou,494,CLT,Charlotte Knights,Knights,INT,117,1B,First Base,2B,28,465,169,148,1,4,0.316,37,2,2,54,1931,4.153,0.14800000000000002,0.191,0.028,0.775,0.165,3,1,71,831,194,305,25,28,76,28,2,54,21,116,124,60,23,1,13,89,69,0,105,0.27,389,0.379,0.43400000000000005,0.8130000000000001,5,7,0.583,0.41700000000000004,2,61,0.61,0,29.919999999999998,2023,117,International League,Triple-A,670148-2023-117
2023,682515,Logan Porter,player,48,Logan Porter,Logan,Porter,Logan,L Porter,541,OMA,Omaha Storm Chasers,Storm Chasers,INT,117,C,Catcher,C,27,448,143,175,0,5,0.29100000000000004,29,4,12,56,1812,4.045,0.134,0.252,0.028999999999999998,0.531,0.14500000000000002,3,1,60,760,218,271,16,23,84,21,0,48,19,110,99,52,16,0,13,113,60,0,88,0.232,379,0.33899999999999997,0.377,0.716,1,1,0.5,0.5,12,48,0.8500000000000001,0,29.150000000000002,2023,117,International League,Triple-A,682515-2023-117
2023,578570,Juniel Querecuto,player,48,Juniel Querecuto,Juniel,Querecuto,Juniel,J Querecuto,235,MEM,Memphis Redbirds,Redbirds,INT,117,2B,Second Base,3B,30,440,163,210,3,2,0.33099999999999996,30,5,6,60,1710,3.8859999999999997,0.091,0.23,0.03,0.396,0.14900000000000002,3,0,73,891,217,294,20,23,73,27,0,50,28,106,116,53,15,2,13,101,40,0,105,0.269,390,0.34299999999999997,0.41800000000000004,0.761,1,12,0.923,0.07700000000000001,6,57,0.63,0,30,2023,117,International League,Triple-A,578570-2023-117
2023,642020,Chuckie Robinson,player,48,Chuckie Robinson,Charles,Robinson,Chuckie,C Robinson,416,LOU,Louisville Bats,Bats,INT,117,C,Catcher,C,28,413,166,196,0,4,0.33199999999999996,31,8,12,58,1510,3.6559999999999997,0.07700000000000001,0.186,0.031,0.41600000000000004,0.16,9,1,39,844,251,296,12,20,118,23,0,40,44,101,71,57,16,2,13,77,32,2,107,0.29000000000000004,369,0.356,0.45,0.806,2,7,0.778,0.222,12,74,1.6600000000000001,0,28.38,2023,117,International League,Triple-A,642020-2023-117
2023,682177,Daniel Schneemann,player,48,Daniel Schneemann,Daniel,Schneemann,Daniel,D Schneemann,445,COL,Columbus Clippers,Clippers,INT,117,3B,Third Base,CF,26,484,183,200,1,2,0.321,44,3,8,76,1877,3.8779999999999997,0.12200000000000001,0.20700000000000002,0.027,0.59,0.169,4,0,51,859,241,322,13,26,120,18,0,55,39,114,90,67,30,1,13,100,59,0,112,0.267,419,0.36,0.43700000000000006,0.7969999999999999,3,17,0.8500000000000001,0.15000000000000002,8,60,1.33,0,32.230000000000004,2023,117,International League,Triple-A,682177-2023-117
2023,672463,Rafael Lantigua,player,54,Rafael Lantigua,Rafael,Lantigua,Rafael,R Lantigua,422,BUF,Buffalo Bisons,Bisons,INT,117,LF,Outfielder,2B,25,578,218,214,1,9,0.366,52,5,11,72,2274,3.9339999999999997,0.17,0.185,0.021,0.916,0.163,8,1,63,968,251,368,15,16,132,25,1,85,31,129,94,101,40,0,12,107,98,0,142,0.305,465,0.42500000000000004,0.46900000000000003,0.894,9,28,0.757,0.24300000000000002,11,85,1.4,0,38.75,2023,117,International League,Triple-A,672463-2023-117
2023,670113,Jim Haley,player,55,Jim Haley,James,Haley,Jim,J Haley,1410,LHV,Lehigh Valley IronPigs,IronPigs,INT,117,1B,First Base,3B,28,410,150,178,2,3,0.309,32,6,6,57,1583,3.8609999999999998,0.083,0.229,0.027,0.362,0.15900000000000003,7,0,50,791,223,275,26,13,94,20,0,40,32,108,89,62,17,4,11,94,34,0,92,0.253,364,0.324,0.41200000000000003,0.736,1,18,0.9470000000000001,0.053000000000000005,6,58,1.06,1,33.09,2023,117,International League,Triple-A,670113-2023-117
2023,686531,Andre Lipcius,player,55,Andre Lipcius,Andre,Lipcius,Andre,A Lipcius,512,TOL,Toledo Mud Hens,Mud Hens,INT,117,1B,First Base,2B,25,419,151,192,0,5,0.311,29,2,10,61,1803,4.303,0.12400000000000001,0.17700000000000002,0.026000000000000002,0.703,0.14700000000000002,2,0,66,840,194,291,19,25,83,23,0,43,32,97,110,53,16,2,11,74,52,0,98,0.272,360,0.363,0.41900000000000004,0.7819999999999999,1,1,0.5,0.5,10,58,0.75,0,32.730000000000004,2023,117,International League,Triple-A,686531-2023-117
2023,664901,Danny Mendick,player,55,Danny Mendick,Daniel,Mendick,Danny,D Mendick,552,SYR,Syracuse Mets,Mets,INT,117,3B,Third Base,SS,29,425,158,148,0,0,0.311,30,6,12,52,1599,3.762,0.10800000000000001,0.14100000000000001,0.026000000000000002,0.767,0.14200000000000002,8,2,59,694,130,313,24,25,100,18,1,43,43,91,108,62,18,1,11,60,46,0,105,0.28200000000000003,373,0.369,0.42400000000000004,0.7929999999999999,2,14,0.8750000000000001,0.125,12,57,0.93,0,33.91,2023,117,International League,Triple-A,664901-2023-117
2023,687462,Spencer Horwitz,player,58,Spencer Horwitz,Spencer,Horwitz,Spencer,S Horwitz,422,BUF,Buffalo Bisons,Bisons,INT,117,1B,First Base,1B,25,484,194,194,0,6,0.386,41,8,11,94,1932,3.9919999999999995,0.161,0.14900000000000002,0.021,1.083,0.15800000000000003,4,1,66,853,163,326,15,23,90,27,0,59,46,107,104,61,30,1,10,72,78,3,132,0.33699999999999997,392,0.45,0.495,0.9450000000000001,2,9,0.8180000000000001,0.182,11,72,0.8700000000000001,0,39.2,2023,117,International League,Triple-A,687462-2023-117
2023,672279,Michael Siani,player,59,Michael Siani,Michael,Siani,Michael,M Siani,235,MEM,Memphis Redbirds,Redbirds,INT,117,CF,Outfielder,CF,23,493,143,188,3,4,0.29300000000000004,29,1,4,50,2059,4.176,0.15400000000000003,0.23700000000000002,0.018000000000000002,0.65,0.12200000000000001,5,0,51,823,227,299,29,24,102,17,0,41,35,118,104,69,17,3,9,117,76,1,93,0.227,409,0.347,0.35,0.697,4,23,0.8520000000000001,0.14800000000000002,4,48,0.98,0,45.44,2023,117,International League,Triple-A,672279-2023-117
2023,687093,Vaughn Grissom,player,60,Vaughn Grissom,Vaughn,Grissom,Vaughn,V Grissom,431,GWN,Gwinnett Stripers,Stripers,INT,117,SS,Shortstop,2B,22,468,199,160,0,4,0.376,48,8,8,65,1746,3.731,0.12000000000000001,0.14100000000000001,0.017,0.8480000000000001,0.171,8,0,61,821,178,335,13,29,101,24,1,65,41,102,103,74,36,4,8,66,56,1,131,0.32999999999999996,397,0.41900000000000004,0.501,0.92,2,13,0.8670000000000001,0.133,8,61,0.98,3,49.620000000000005,2023,117,International League,Triple-A,687093-2023-117
2023,680700,Richie Palacios,player,60,Richie Palacios,Richard,Palacios,Richie,R Palacios,235,MEM,Memphis Redbirds,Redbirds,INT,117,CF,Outfielder,2B,26,464,141,166,2,7,0.276,31,8,6,70,1872,4.034,0.15700000000000003,0.131,0.017,1.197,0.126,4,0,54,843,161,322,11,36,127,14,3,48,29,96,101,76,23,0,8,61,73,0,94,0.251,374,0.379,0.377,0.756,6,9,0.6,0.4,6,59,1.26,0,46.75,2023,117,International League,Triple-A,680700-2023-117
2023,570560,Yolmer Sánchez,player,60,Yolmer Sánchez,Yolmer,Sánchez,Yolmer,Y Sánchez,431,GWN,Gwinnett Stripers,Stripers,INT,117,3B,Third Base,3B,31,481,132,177,1,9,0.29800000000000004,25,5,1,67,2057,4.277,0.185,0.22,0.017,0.8400000000000001,0.114,4,1,71,837,214,281,17,29,75,20,3,47,19,117,117,55,15,2,8,106,89,0,89,0.23600000000000002,377,0.381,0.35,0.731,3,4,0.5710000000000001,0.42900000000000005,1,62,0.64,0,47.120000000000005,2023,117,International League,Triple-A,570560-2023-117
2023,669392,Samad Taylor,player,60,Samad Taylor,Samad,Taylor,Samad,S Taylor,541,OMA,Omaha Storm Chasers,Storm Chasers,INT,117,2B,Second Base,LF,24,414,156,135,0,7,0.373,35,6,10,42,1736,4.193,0.15900000000000003,0.20500000000000002,0.019,0.776,0.164,1,0,48,682,175,257,18,20,70,18,1,44,38,89,86,65,23,4,8,85,66,0,101,0.301,335,0.41800000000000004,0.466,0.884,10,43,0.811,0.189,10,55,0.81,0,41.879999999999995,2023,117,International League,Triple-A,669392-2023-117
2023,647351,Abraham Toro,player,60,Abraham Toro,Abraham,Toro,Abraham,A Toro,556,NAS,Nashville Sounds,Sounds,INT,117,3B,Third Base,1B,26,414,168,195,0,6,0.33999999999999997,46,2,7,69,1710,4.13,0.118,0.17600000000000002,0.019,0.6709999999999999,0.17900000000000002,5,1,66,707,154,290,15,23,82,20,1,53,30,96,104,53,36,2,8,73,49,0,104,0.29100000000000004,357,0.374,0.47100000000000003,0.8450000000000001,2,8,0.8,0.2,7,58,0.7899999999999999,0,44.620000000000005,2023,117,International League,Triple-A,647351-2023-117
2023,657088,Forrest Wall,player,60,Forrest Wall,Forrest,Wall,Forrest,F Wall,431,GWN,Gwinnett Stripers,Stripers,INT,117,CF,Outfielder,LF,27,411,151,163,0,3,0.351,30,2,4,47,1730,4.2090000000000005,0.127,0.21900000000000003,0.019,0.5780000000000001,0.14700000000000002,5,0,45,669,137,267,12,21,90,9,1,46,43,90,78,62,16,6,8,90,52,0,99,0.28,354,0.372,0.42700000000000005,0.7989999999999999,8,52,0.8670000000000001,0.133,4,43,1.1500000000000001,0,44.25,2023,117,International League,Triple-A,657088-2023-117
2023,669364,Xavier Edwards,player,66,Xavier Edwards,Xavier,Edwards,Xavier,X Edwards,564,JAX,Jacksonville Jumbo Shrimp,Jumbo Shrimp,INT,117,2B,Second Base,2B,23,433,169,125,4,5,0.364,23,2,7,75,1475,3.4059999999999997,0.12000000000000001,0.06899999999999999,0.016,1.7329999999999999,0.10500000000000001,7,0,53,680,75,349,25,32,109,17,0,61,52,93,110,80,14,2,7,30,52,1,130,0.351,370,0.42900000000000005,0.457,0.886,4,32,0.889,0.111,7,47,0.99,0,52.86,2023,117,International League,Triple-A,669364-2023-117
2023,664670,Alejo Lopez,player,66,Alejo Lopez,Jesus,Lopez,Alejo,A Lopez,416,LOU,Louisville Bats,Bats,INT,117,2B,Second Base,2B,27,558,191,224,0,3,0.33399999999999996,39,8,18,92,2198,3.9389999999999996,0.14200000000000002,0.136,0.013000000000000001,1.039,0.118,7,1,64,1012,181,393,20,33,140,31,1,67,37,125,117,76,30,2,7,76,79,1,136,0.29200000000000004,466,0.401,0.41000000000000003,0.811,4,18,0.8180000000000001,0.182,18,43,1.2,2,66.57,2023,117,International League,Triple-A,664670-2023-117
2023,665922,Símon Muzziotti,player,66,Símon Muzziotti,Símon,Muzziotti,Símon,S Muzziotti,1410,LHV,Lehigh Valley IronPigs,IronPigs,INT,117,LF,Outfielder,CF,24,524,191,232,1,3,0.34299999999999997,33,2,12,83,1955,3.731,0.08600000000000001,0.15500000000000003,0.013000000000000001,0.556,0.10800000000000001,8,1,68,991,178,396,15,27,146,14,1,78,47,124,110,67,22,4,7,81,45,2,140,0.29600000000000004,473,0.358,0.404,0.762,12,26,0.6839999999999999,0.316,12,61,1.33,0,67.57,2023,117,International League,Triple-A,665922-2023-117
2023,677587,Brayan Rocchio,player,66,Brayan Rocchio,Brayan,Rocchio,Brayan,B Rocchio,445,COL,Columbus Clippers,Clippers,INT,117,SS,Shortstop,SS,22,537,197,205,0,3,0.312,46,6,9,70,2052,3.8209999999999997,0.112,0.12300000000000001,0.013000000000000001,0.909,0.14100000000000001,5,1,78,951,204,405,26,34,136,24,0,64,43,116,138,81,33,6,7,66,60,0,131,0.28,468,0.367,0.42100000000000004,0.7879999999999999,7,25,0.7809999999999999,0.21900000000000003,9,65,0.99,0,66.86,2023,117,International League,Triple-A,677587-2023-117
2023,686765,Nick Sogard,player,66,Nick Sogard,Nicholas,Sogard,Nick,N Sogard,533,WOR,Worcester Red Sox,Red Sox,INT,117,3B,Third Base,3B,25,460,153,169,1,2,0.316,31,3,5,62,1848,4.0169999999999995,0.137,0.17200000000000001,0.015,0.7969999999999999,0.125,5,0,57,701,126,315,24,31,99,19,0,50,35,112,112,74,20,4,7,79,63,1,104,0.266,391,0.37,0.391,0.761,7,17,0.708,0.29200000000000004,5,47,0.88,0,55.86,2023,117,International League,Triple-A,686765-2023-117
2023,677954,Jordan Groshans,player,71,Jordan Groshans,Jordan,Groshans,Jordan,J Groshans,564,JAX,Jacksonville Jumbo Shrimp,Jumbo Shrimp,INT,117,3B,Third Base,SS,23,528,152,230,0,1,0.29200000000000004,27,1,10,68,2055,3.8919999999999995,0.125,0.17400000000000002,0.011,0.717,0.08700000000000001,3,1,64,897,186,369,20,30,143,17,2,58,35,125,114,60,20,1,6,92,66,1,112,0.24300000000000002,460,0.33899999999999997,0.32999999999999996,0.6689999999999999,0,0,,,10,60,1.25,0,76.66999999999999,2023,117,International League,Triple-A,677954-2023-117
2023,671088,Tanner Morris,player,71,Tanner Morris,Tanner,Morris,Tanner,T Morris,422,BUF,Buffalo Bisons,Bisons,INT,117,2B,Second Base,SS,25,411,136,194,0,2,0.35,27,2,8,52,1649,4.012,0.14800000000000002,0.197,0.015,0.753,0.113,5,1,42,665,126,266,7,24,96,16,0,51,30,96,73,48,21,0,6,81,61,1,97,0.281,345,0.39,0.394,0.7839999999999999,1,1,0.5,0.5,8,50,1.32,1,57.5,2023,117,International League,Triple-A,671088-2023-117
2023,668723,Ryan Vilade,player,71,Ryan Vilade,Ryan,Vilade,Ryan,R Vilade,484,IND,Indianapolis Indians,Indians,INT,117,CF,Outfielder,RF,24,511,168,235,0,1,0.367,33,6,16,81,2008,3.9299999999999997,0.125,0.24900000000000003,0.012,0.504,0.111,4,0,49,924,235,314,18,31,97,17,0,51,51,122,98,64,23,4,6,127,64,0,119,0.27,440,0.37,0.382,0.752,4,7,0.636,0.364,16,56,0.99,0,73.33,2023,117,International League,Triple-A,668723-2023-117
2023,570481,Erik González,player,74,Erik González,Erik,González,Erik,E González,494,CLT,Charlotte Knights,Knights,INT,117,SS,Shortstop,2B,31,493,163,217,3,2,0.34099999999999997,28,3,17,71,1715,3.4789999999999996,0.065,0.21100000000000002,0.01,0.308,0.088,7,1,54,943,268,354,15,13,149,19,1,47,56,131,82,47,21,2,5,104,32,0,123,0.272,453,0.322,0.36,0.6819999999999999,4,3,0.42900000000000005,0.5710000000000001,17,59,1.82,0,90.6,2023,117,International League,Triple-A,570481-2023-117
2023,663968,Jake Mangum,player,74,Jake Mangum,Jake,Mangum,Jake,J Mangum,564,JAX,Jacksonville Jumbo Shrimp,Jumbo Shrimp,INT,117,CF,Outfielder,CF,27,515,201,181,0,5,0.356,42,9,4,75,1776,3.449,0.054000000000000006,0.17700000000000002,0.01,0.308,0.127,9,0,54,1058,240,387,17,39,136,19,0,68,54,119,110,62,29,8,5,91,28,0,141,0.29800000000000004,473,0.346,0.42500000000000004,0.771,6,16,0.727,0.273,4,52,1.24,0,94.6,2023,117,International League,Triple-A,663968-2023-117
2023,678545,Osleivis Basabe,player,76,Osleivis Basabe,Osleivis,Basabe,Osleivis,O Basabe,234,DUR,Durham Bulls,Bulls,INT,117,SS,Shortstop,SS,22,426,164,171,1,5,0.344,35,4,11,82,1533,3.5989999999999998,0.07300000000000001,0.15500000000000003,0.009,0.47000000000000003,0.13,6,2,43,770,175,325,19,23,126,12,1,51,50,94,85,45,24,7,4,66,31,0,114,0.29600000000000004,385,0.351,0.42600000000000005,0.777,6,16,0.727,0.273,11,58,1.48,0,96.25,2023,117,International League,Triple-A,678545-2023-117
2023,671117,Darren Baker,player,77,Darren Baker,Darren,Baker,Darren,Da Baker,534,ROC,Rochester Red Wings,Red Wings,INT,117,2B,Second Base,2B,24,448,137,169,4,1,0.329,17,1,5,50,1737,3.877,0.08700000000000001,0.17,0.007,0.513,0.067,4,1,39,734,128,332,8,33,142,7,0,49,54,99,80,49,10,4,3,76,39,0,110,0.273,403,0.33799999999999997,0.33999999999999997,0.6779999999999999,5,19,0.7919999999999999,0.20800000000000002,5,41,1.78,0,134.33,2023,117,International League,Triple-A,671117-2023-117
2023,686490,Cam Eden,player,77,Cam Eden,Cameron,Eden,Cam,C Eden,422,BUF,Buffalo Bisons,Bisons,INT,117,CF,Outfielder,CF,25,460,131,263,1,4,0.35,23,16,16,77,1819,3.9539999999999997,0.098,0.24800000000000003,0.007,0.395,0.07600000000000001,7,0,37,841,235,284,12,24,110,10,0,46,45,131,73,74,19,1,3,114,45,0,101,0.257,393,0.354,0.33299999999999996,0.6869999999999999,4,53,0.93,0.07,16,48,1.51,1,131,2023,117,International League,Triple-A,686490-2023-117
2023,621006,Richie Martin Jr.,player,77,Richie Martin Jr.,Richard,Martin,Richie,R Martin Jr.,534,ROC,Rochester Red Wings,Red Wings,INT,117,SS,Shortstop,SS,28,425,113,188,2,2,0.29300000000000004,27,12,5,51,1774,4.1739999999999995,0.115,0.24200000000000002,0.007,0.47600000000000003,0.097,7,1,48,789,204,261,22,23,90,8,0,36,34,113,93,55,22,2,3,103,49,0,78,0.21700000000000003,360,0.329,0.314,0.643,6,29,0.8290000000000001,0.171,5,36,0.97,0,120,2023,117,International League,Triple-A,621006-2023-117
2023,670298,Kramer Robertson,player,77,Kramer Robertson,Kramer,Robertson,Kramer,K Robertson,235,MEM,Memphis Redbirds,Redbirds,INT,117,3B,Third Base,2B,28,510,107,201,1,3,0.276,17,16,14,68,2172,4.259,0.15900000000000003,0.225,0.006,0.704,0.056,6,0,58,809,220,298,22,13,121,12,1,40,31,121,93,73,14,0,3,115,81,0,84,0.20500000000000002,409,0.356,0.262,0.618,4,23,0.8520000000000001,0.14800000000000002,14,37,1.3,0,136.33,2023,117,International League,Triple-A,670298-2023-117
2023,691503,Yolbert Sanchez,player,77,Yolbert Sanchez,Yolbert,Sanchez,Yolbert,Y Sanchez,494,CLT,Charlotte Knights,Knights,INT,117,3B,Third Base,SS,26,445,135,150,2,5,0.321,18,4,12,61,1622,3.645,0.063,0.169,0.007,0.373,0.062,6,0,64,813,161,338,9,33,122,16,0,59,35,108,106,47,14,1,3,75,28,0,110,0.271,406,0.321,0.33299999999999996,0.654,6,6,0.5,0.5,12,40,1.1500000000000001,0,135.33,2023,117,International League,Triple-A,691503-2023-117
2023,693850,Kala'i Rosario,player,1,Kala'i Rosario,Kala'i,Rosario,Kala'i,K Rosario,492,CR,Cedar Rapids Kernels,Kernels,MID,118,RF,Outfielder,OF,20,530,208,241,0,4,0.33599999999999997,51,6,13,79,2173,4.1,0.14200000000000002,0.29600000000000004,0.04,0.47800000000000004,0.21600000000000003,1,2,65,847,289,292,20,12,83,36,0,39,37,118,97,71,27,3,21,157,75,1,112,0.252,445,0.364,0.467,0.8310000000000001,2,2,0.5,0.5,13,94,0.8600000000000001,0,21.19,2023,118,Midwest League,High-A,693850-2023-118
2023,676002,Juan Carlos Negret,player,2,Juan Carlos Negret,Juan,Negret,Juan Carlos,J Negret,565,QC,Quad Cities River Bandits,River Bandits,MID,118,RF,Outfielder,CF,24,464,158,212,0,2,0.251,35,14,9,61,1820,3.9219999999999997,0.093,0.269,0.041,0.344,0.18,5,1,59,944,351,282,48,11,79,27,1,30,27,111,118,55,16,0,19,125,43,0,85,0.21000000000000002,405,0.306,0.39,0.696,1,3,0.75,0.25,9,70,0.6699999999999999,0,21.32,2023,118,Midwest League,High-A,676002-2023-118
2023,805346,Ben Ross,player,2,Ben Ross,Benjamin,Ross,Ben,B Ross,492,CR,Cedar Rapids Kernels,Kernels,MID,118,3B,Third Base,SS,22,457,182,176,0,6,0.28400000000000003,46,6,2,67,1757,3.8449999999999998,0.098,0.254,0.042,0.388,0.21500000000000002,6,1,80,825,244,290,33,13,68,25,0,41,30,103,126,61,25,2,19,116,45,0,96,0.24000000000000002,400,0.322,0.455,0.777,3,7,0.7,0.3,2,71,0.54,0,21.05,2023,118,Midwest League,High-A,805346-2023-118
2023,680918,Brady Allen,player,4,Brady Allen,Brady,Allen,Brady,B Allen,582,WM,West Michigan Whitecaps,Whitecaps,MID,118,RF,Outfielder,RF,23,503,202,193,0,5,0.322,51,8,11,68,2006,3.988,0.12300000000000001,0.24500000000000002,0.036,0.504,0.21000000000000002,5,0,61,912,260,310,20,11,106,38,0,36,38,119,92,72,30,3,18,123,62,1,112,0.262,428,0.362,0.47200000000000003,0.8340000000000001,1,5,0.8330000000000001,0.167,11,65,1.1500000000000001,0,23.779999999999998,2023,118,Midwest League,High-A,680918-2023-118
2023,702140,Ruben Ibarra,player,4,Ruben Ibarra,Ruben,Ibarra,Ruben,R Ibarra,459,DAY,Dayton Dragons,Dragons,MID,118,1B,First Base,1B,24,402,150,160,0,4,0.276,32,11,8,44,1557,3.8729999999999998,0.117,0.24400000000000002,0.045,0.48000000000000004,0.203,8,0,46,742,238,246,19,12,88,26,0,22,33,98,77,45,13,1,18,98,47,1,81,0.23800000000000002,340,0.346,0.441,0.7869999999999999,0,1,1,0,8,63,1.1400000000000001,0,18.89,2023,118,Midwest League,High-A,702140-2023-118
2023,680756,Mat Nelson,player,4,Mat Nelson,Matheu,Nelson,Mat,M Nelson,459,DAY,Dayton Dragons,Dragons,MID,118,C,Catcher,C,24,364,132,165,1,2,0.26,27,9,4,32,1418,3.8959999999999995,0.10700000000000001,0.277,0.049,0.386,0.201,6,0,47,687,226,215,23,11,65,23,0,28,18,89,81,50,9,0,18,101,39,0,69,0.22,313,0.322,0.42200000000000004,0.744,0,6,1,0,4,42,0.8,0,17.39,2023,118,Midwest League,High-A,680756-2023-118
2023,687210,Nathan Martorella,player,7,Nathan Martorella,Nathan,Martorella,Nathan,N Martorella,584,FW,Fort Wayne TinCaps,TinCaps,MID,118,1B,First Base,1B,22,483,179,172,0,9,0.28600000000000003,43,3,6,60,1843,3.8159999999999994,0.15100000000000002,0.18,0.033,0.8390000000000001,0.191,5,0,67,751,186,320,27,13,110,31,0,39,33,112,107,71,26,1,16,87,73,0,103,0.259,398,0.371,0.45,0.8210000000000001,3,5,0.625,0.375,6,73,1.03,0,24.88,2023,118,Midwest League,High-A,687210-2023-118
2023,691181,Emmanuel Rodriguez,player,7,Emmanuel Rodriguez,Emmanuel,Rodriguez,Emmanuel,E Rodriguez,492,CR,Cedar Rapids Kernels,Kernels,MID,118,CF,Outfielder,CF,20,455,164,142,0,4,0.33199999999999996,38,5,3,56,1953,4.292,0.202,0.29500000000000004,0.034999999999999996,0.6869999999999999,0.223,6,1,47,716,218,224,16,10,66,26,0,32,27,99,73,87,13,9,16,134,92,0,85,0.24000000000000002,354,0.4,0.463,0.8630000000000001,5,20,0.8,0.2,3,55,0.9,0,22.12,2023,118,Midwest League,High-A,691181-2023-118
2023,665989,Shervyen Newton,player,9,Shervyen Newton,Shervyen,Newton,Shervyen,S Newton,565,QC,Quad Cities River Bandits,River Bandits,MID,118,1B,First Base,SS,24,366,140,192,2,1,0.29800000000000004,35,2,7,50,1488,4.066,0.101,0.325,0.041,0.311,0.21000000000000002,2,0,36,705,249,208,12,14,74,24,0,33,15,96,62,47,17,3,15,119,37,1,72,0.222,324,0.305,0.43200000000000005,0.737,1,3,0.75,0.25,7,47,1.1900000000000002,0,21.6,2023,118,Midwest League,High-A,665989-2023-118
2023,687221,Dalton Rushing,player,9,Dalton Rushing,Dalton,Rushing,Dalton,D Rushing,456,GL,Great Lakes Loons,Loons,MID,118,C,Catcher,C,22,381,131,131,0,3,0.276,34,16,3,56,1533,4.023999999999999,0.189,0.24400000000000002,0.039,0.774,0.224,3,0,46,590,153,200,16,6,66,21,0,30,15,89,68,55,18,1,15,93,72,0,66,0.228,290,0.404,0.452,0.8560000000000001,0,1,1,0,3,53,0.97,0,19.330000000000002,2023,118,Midwest League,High-A,687221-2023-118
2023,690988,Austin Hendrick,player,11,Austin Hendrick,Austin,Hendrick,Austin,A Hendrick,459,DAY,Dayton Dragons,Dragons,MID,118,RF,Outfielder,OF,22,516,156,204,0,6,0.29800000000000004,32,7,2,52,1925,3.731,0.07400000000000001,0.359,0.027,0.20500000000000002,0.131,5,0,71,1021,416,286,38,26,56,36,0,39,20,125,135,55,17,1,14,185,38,0,95,0.20400000000000001,465,0.271,0.33499999999999996,0.606,5,19,0.7919999999999999,0.20800000000000002,2,47,0.41000000000000003,0,33.21,2023,118,Midwest League,High-A,690988-2023-118
2023,690291,Jace Jung,player,11,Jace Jung,Jace,Jung,Jace,J Jung,582,WM,West Michigan Whitecaps,Whitecaps,MID,118,2B,Second Base,3B,22,366,141,138,0,2,0.303,34,5,7,45,1484,4.055,0.15300000000000002,0.227,0.038,0.6749999999999999,0.21100000000000002,0,0,52,671,178,222,22,10,61,25,1,34,17,81,84,46,18,2,14,83,56,3,77,0.254,303,0.377,0.465,0.8420000000000001,1,5,0.8330000000000001,0.167,7,43,0.73,0,21.64,2023,118,Midwest League,High-A,690291-2023-118
2023,695490,Edwin Arroyo,player,13,Edwin Arroyo,Edwin,Arroyo,Edwin,E Arroyo,459,DAY,Dayton Dragons,Dragons,MID,118,SS,Shortstop,2B,19,534,203,168,1,4,0.29700000000000004,49,5,0,57,1923,3.601,0.09,0.21000000000000002,0.024,0.42900000000000005,0.17900000000000002,3,1,87,993,261,368,20,26,117,35,0,62,21,119,133,72,26,10,13,112,48,1,118,0.24800000000000003,475,0.321,0.42700000000000005,0.748,7,28,0.8,0.2,0,55,0.88,1,36.54,2023,118,Midwest League,High-A,695490-2023-118
2023,674976,Griffin Lockwood-Powell,player,13,Griffin Lockwood-Powell,Griffin,Lockwood-Powell,Griffin,G Lockwood-Powell,456,GL,Great Lakes Loons,Loons,MID,118,1B,First Base,C,25,395,141,177,0,5,0.281,37,7,6,51,1720,4.353999999999999,0.15200000000000002,0.22,0.033,0.69,0.198,4,0,61,629,142,241,24,12,67,21,0,40,16,98,97,53,23,1,13,87,60,0,77,0.23800000000000002,323,0.365,0.43700000000000006,0.802,1,1,0.5,0.5,6,54,0.69,0,24.85,2023,118,Midwest League,High-A,674976-2023-118
2023,805300,Jakob Marsee,player,13,Jakob Marsee,Jakob,Marsee,Jakob,J Marsee,584,FW,Fort Wayne TinCaps,TinCaps,MID,118,CF,Outfielder,CF,22,499,170,148,0,2,0.313,32,10,7,57,2037,4.082,0.17400000000000002,0.164,0.026000000000000002,1.061,0.15200000000000002,3,1,76,800,123,320,34,14,87,36,2,40,31,113,124,91,16,3,13,82,87,1,109,0.273,400,0.41300000000000003,0.42500000000000004,0.8380000000000001,9,41,0.8200000000000001,0.18,7,41,0.7,0,30.77,2023,118,Midwest League,High-A,805300-2023-118
2023,679788,Jack Rogers,player,13,Jack Rogers,Jack,Rogers,Jack,J Rogers,459,DAY,Dayton Dragons,Dragons,MID,118,LF,Outfielder,LF,24,421,169,167,0,1,0.383,42,8,7,51,1650,3.9189999999999996,0.10500000000000001,0.33699999999999997,0.031,0.31,0.201,8,1,35,785,252,227,9,10,78,25,0,45,25,107,54,49,23,6,13,142,44,0,95,0.258,368,0.349,0.459,0.808,9,11,0.55,0.45,7,63,1.44,0,28.310000000000002,2023,118,Midwest League,High-A,679788-2023-118
2023,682634,Kevin Alcántara,player,17,Kevin Alcántara,Kevin,Alcantara,Kevin,K Alcántara,550,SB,South Bend Cubs,Cubs,MID,118,CF,Outfielder,DH,20,408,173,164,0,4,0.353,40,2,5,47,1516,3.7159999999999997,0.07600000000000001,0.23800000000000002,0.028999999999999998,0.32,0.181,4,1,54,803,247,278,9,10,99,23,0,42,41,95,73,65,25,3,12,97,31,0,106,0.28600000000000003,371,0.34099999999999997,0.466,0.807,4,15,0.7889999999999999,0.21100000000000002,5,66,1.36,0,30.919999999999998,2023,118,Midwest League,High-A,682634-2023-118
2023,699625,Jimmy Crooks,player,17,Jimmy Crooks,James,Crooks,Jimmy,J Crooks,443,PEO,Peoria Chiefs,Chiefs,MID,118,C,Catcher,C,21,477,179,191,2,4,0.329,42,6,12,60,1746,3.66,0.109,0.21200000000000002,0.025,0.515,0.162,4,2,55,762,217,318,11,16,124,28,0,47,37,114,82,71,29,1,12,101,52,3,112,0.271,413,0.358,0.43300000000000005,0.7909999999999999,1,2,0.6669999999999999,0.33299999999999996,12,73,1.51,0,34.42,2023,118,Midwest League,High-A,699625-2023-118
2023,688457,Gavin Cross,player,17,Gavin Cross,Gavin,Cross,Gavin,G Cross,565,QC,Quad Cities River Bandits,River Bandits,MID,118,CF,Outfielder,OF,22,407,136,180,0,3,0.262,36,7,5,51,1625,3.993,0.10300000000000001,0.278,0.028999999999999998,0.372,0.17700000000000002,3,0,52,759,241,245,28,9,83,22,0,27,24,94,89,49,21,3,12,113,42,2,73,0.20600000000000002,355,0.3,0.383,0.6829999999999999,3,23,0.885,0.115,5,58,0.93,0,29.58,2023,118,Midwest League,High-A,688457-2023-118
2023,691789,Izaac Pacheco,player,17,Izaac Pacheco,Izaac,Pacheco,Izaac,I Pacheco,582,WM,West Michigan Whitecaps,Whitecaps,MID,118,3B,Third Base,SS,20,508,160,228,0,5,0.29200000000000004,37,1,10,65,2081,4.096,0.093,0.315,0.024,0.29400000000000004,0.14100000000000001,3,0,80,1011,325,300,24,27,73,32,0,39,25,119,131,54,22,3,12,160,47,0,96,0.21100000000000002,455,0.28300000000000003,0.352,0.635,2,5,0.714,0.28600000000000003,10,50,0.56,0,37.92,2023,118,Midwest League,High-A,691789-2023-118
2023,678577,Junior Perez,player,17,Junior Perez,Junior,Perez,Junior,J Perez,499,LAN,Lansing Lugnuts,Lugnuts,MID,118,CF,Outfielder,CF,21,493,170,191,3,2,0.33199999999999996,41,3,5,48,2035,4.127999999999999,0.10300000000000001,0.304,0.024,0.33999999999999997,0.15400000000000003,7,0,55,892,291,289,35,21,75,26,0,40,37,117,111,67,27,2,12,150,51,0,103,0.23700000000000002,434,0.32,0.392,0.712,9,41,0.8200000000000001,0.18,5,45,0.6799999999999999,0,36.17,2023,118,Midwest League,High-A,678577-2023-118
2023,682679,Dayan Frias,player,22,Dayan Frias,Dayan,Frias,Dayan,D Frias,437,LC,Lake County Captains,Captains,MID,118,3B,Third Base,3B,21,397,144,157,1,5,0.309,32,2,6,50,1513,3.8109999999999995,0.128,0.20900000000000002,0.028,0.614,0.166,2,2,56,703,178,261,17,18,82,27,1,38,22,100,91,43,19,2,11,83,51,1,88,0.26,338,0.356,0.42600000000000005,0.7819999999999999,3,8,0.727,0.273,6,49,0.9,0,30.73,2023,118,Midwest League,High-A,682679-2023-118
2023,669336,Joe Gray Jr.,player,22,Joe Gray Jr.,Joseph,Gray Jr.,Joe,J Gray Jr.,572,WIS,Wisconsin Timber Rattlers,Timber Rattlers,MID,118,CF,Outfielder,OF,23,440,152,197,0,4,0.306,29,7,10,65,1720,3.909,0.061,0.23600000000000002,0.025,0.26,0.129,4,1,71,886,272,302,35,20,76,22,2,45,31,101,126,50,17,1,11,104,27,1,100,0.24900000000000003,402,0.305,0.378,0.6829999999999999,8,16,0.6669999999999999,0.33299999999999996,10,57,0.6,0,36.54,2023,118,Midwest League,High-A,669336-2023-118
2023,695600,Carter Jensen,player,22,Carter Jensen,Carter,Jensen,Carter,C Jensen,565,QC,Quad Cities River Bandits,River Bandits,MID,118,C,Catcher,C,19,497,145,190,0,5,0.267,35,1,7,62,2058,4.141,0.185,0.24100000000000002,0.022,0.767,0.15300000000000002,4,0,68,772,197,284,22,23,87,20,0,47,17,116,113,61,20,4,11,120,92,1,84,0.21100000000000002,399,0.356,0.363,0.719,1,11,0.917,0.083,7,45,0.77,0,36.27,2023,118,Midwest League,High-A,695600-2023-118
2023,701618,Damon Keith,player,22,Damon Keith,Damon,Keith,Damon,D Keith,456,GL,Great Lakes Loons,Loons,MID,118,RF,Outfielder,RF,23,439,145,207,0,2,0.33299999999999996,33,4,9,49,1716,3.909,0.1,0.33299999999999996,0.025,0.301,0.14400000000000002,7,1,42,752,258,245,28,8,78,23,1,33,32,106,78,56,21,1,11,146,44,0,89,0.229,389,0.312,0.373,0.6849999999999999,3,4,0.5710000000000001,0.42900000000000005,9,55,1,0,35.36,2023,118,Midwest League,High-A,701618-2023-118
2023,691024,Cayden Wallace,player,26,Cayden Wallace,Cayden,Wallace,Cayden,C Wallace,565,QC,Quad Cities River Bandits,River Bandits,MID,118,3B,Third Base,3B,21,428,162,185,0,4,0.319,38,6,12,61,1623,3.792,0.098,0.22,0.023,0.447,0.17,8,1,54,792,214,286,17,14,103,20,0,45,33,97,85,56,22,6,10,94,42,1,98,0.261,376,0.34099999999999997,0.43100000000000005,0.772,6,15,0.714,0.28600000000000003,12,64,1.21,0,37.6,2023,118,Midwest League,High-A,691024-2023-118
2023,690976,Alex Freeland,player,27,Alex Freeland,Alexander,Freeland,Alex,A Freeland,456,GL,Great Lakes Loons,Loons,MID,118,SS,Shortstop,2B,21,461,142,188,0,4,0.33199999999999996,28,5,5,62,1898,4.116999999999999,0.13,0.28400000000000003,0.02,0.458,0.12200000000000001,2,0,59,835,273,265,25,8,79,20,0,40,34,106,92,58,17,2,9,131,60,2,94,0.24000000000000002,392,0.345,0.362,0.707,8,31,0.7949999999999999,0.20500000000000002,5,57,0.8600000000000001,0,43.56,2023,118,Midwest League,High-A,690976-2023-118
2023,681142,Justice Thompson,player,27,Justice Thompson,Justice,Thompson,Justice,J Thompson,459,DAY,Dayton Dragons,Dragons,MID,118,CF,Outfielder,OF,22,394,138,153,0,1,0.352,32,4,3,38,1611,4.089,0.12200000000000001,0.29900000000000004,0.023,0.40700000000000003,0.15900000000000003,6,0,46,725,252,222,18,10,64,23,0,37,24,104,74,54,19,4,9,118,48,1,84,0.24800000000000003,339,0.347,0.40700000000000003,0.754,3,11,0.7859999999999999,0.21400000000000002,3,42,0.8600000000000001,2,37.67,2023,118,Midwest League,High-A,681142-2023-118
2023,672613,Eliezer Alfonzo,player,29,Eliezer Alfonzo,Eliezer,Alfonzo,Eliezer,E Alfonzo,582,WM,West Michigan Whitecaps,Whitecaps,MID,118,C,Catcher,C,23,395,132,194,2,3,0.266,22,5,11,82,1429,3.618,0.07100000000000001,0.07100000000000001,0.02,1,0.10700000000000001,1,0,77,712,89,333,26,23,113,16,1,37,40,94,126,50,14,0,8,28,28,0,94,0.264,356,0.324,0.371,0.695,0,0,,,11,42,0.9,1,44.5,2023,118,Midwest League,High-A,672613-2023-118
2023,682997,Tyler Callihan,player,29,Tyler Callihan,Tyler,Callihan,Tyler,T Callihan,459,DAY,Dayton Dragons,Dragons,MID,118,2B,Second Base,LF,23,447,149,169,4,0,0.3,34,7,2,59,1616,3.6149999999999998,0.083,0.233,0.018000000000000002,0.356,0.138,4,0,67,875,235,299,36,9,93,19,0,41,34,109,112,44,21,5,8,104,37,1,94,0.23600000000000002,399,0.312,0.373,0.6849999999999999,4,25,0.8620000000000001,0.138,2,47,0.8300000000000001,0,49.879999999999995,2023,118,Midwest League,High-A,682997-2023-118
2023,695780,Jake Fox,player,29,Jake Fox,Jacob,Fox,Jake,J Fox,437,LC,Lake County Captains,Captains,MID,118,CF,Outfielder,OF,20,453,160,163,0,4,0.322,36,1,3,48,1751,3.8649999999999998,0.09899999999999999,0.227,0.018000000000000002,0.43700000000000006,0.14200000000000002,4,0,81,805,172,303,28,21,70,25,1,40,37,101,130,61,23,5,8,103,45,0,103,0.256,402,0.32999999999999996,0.398,0.728,5,9,0.643,0.357,3,53,0.54,1,50.25,2023,118,Midwest League,High-A,695780-2023-118
2023,695653,Noah Miller,player,29,Noah Miller,Noah,Miller,Noah,N Miller,492,CR,Cedar Rapids Kernels,Kernels,MID,118,SS,Shortstop,SS,20,526,157,182,1,4,0.271,33,1,9,66,2050,3.897,0.11,0.20500000000000002,0.015,0.537,0.117,9,0,90,901,214,359,17,16,133,23,0,54,26,120,123,71,20,5,8,108,58,0,103,0.223,462,0.309,0.33999999999999997,0.649,3,12,0.8,0.2,9,60,1.08,0,57.75,2023,118,Midwest League,High-A,695653-2023-118
2023,691001,Robert Moore,player,29,Robert Moore,Robert,Moore,Robert,R Moore,572,WIS,Wisconsin Timber Rattlers,Timber Rattlers,MID,118,2B,Second Base,2B,21,563,177,209,2,5,0.28,44,11,6,82,2152,3.8219999999999996,0.098,0.192,0.014,0.509,0.129,7,1,86,1044,240,389,47,15,127,29,0,46,39,123,148,68,33,3,8,108,55,1,114,0.233,490,0.321,0.361,0.6819999999999999,13,26,0.6669999999999999,0.33299999999999996,6,62,0.8600000000000001,0,61.25,2023,118,Midwest League,High-A,691001-2023-118
2023,804588,Bubba Alleyne,player,34,Bubba Alleyne,Christopher,Alleyne,Bubba,B Alleyne,456,GL,Great Lakes Loons,Loons,MID,118,LF,Outfielder,OF,24,402,115,185,1,4,0.255,26,7,8,57,1555,3.868,0.082,0.256,0.017,0.32,0.12300000000000001,2,0,61,742,241,259,36,14,77,12,1,29,29,103,111,47,15,4,7,103,33,2,71,0.199,357,0.277,0.322,0.599,8,24,0.75,0.25,8,38,0.69,0,51,2023,118,Midwest League,High-A,804588-2023-118
2023,683494,Euribiel Angeles,player,34,Euribiel Angeles,Euribiel,Angeles,Euribiel,E Angeles,499,LAN,Lansing Lugnuts,Lugnuts,MID,118,2B,Second Base,3B,21,415,155,171,2,3,0.3,29,2,7,66,1292,3.113,0.027,0.135,0.017,0.196,0.118,4,0,60,716,123,346,27,14,137,22,2,39,45,110,101,40,18,4,7,56,11,0,108,0.272,397,0.29300000000000004,0.39,0.6829999999999999,3,21,0.8750000000000001,0.125,7,50,1.36,0,56.71,2023,118,Midwest League,High-A,683494-2023-118
2023,684222,Jorge Burgos,player,34,Jorge Burgos,Jorge,Burgos,Jorge,J Burgos,437,LC,Lake County Captains,Captains,MID,118,RF,Outfielder,CF,20,370,115,160,0,2,0.29900000000000004,23,3,6,40,1466,3.9619999999999997,0.114,0.227,0.019,0.5,0.118,1,1,44,655,147,241,23,13,84,13,1,27,36,94,80,40,15,1,7,84,42,0,77,0.23800000000000002,323,0.32999999999999996,0.356,0.6859999999999999,3,0,0,1,6,46,1.05,0,46.14,2023,118,Midwest League,High-A,684222-2023-118
2023,702472,Austin Callahan,player,34,Austin Callahan,Austin,Callahan,Austin,A Callahan,459,DAY,Dayton Dragons,Dragons,MID,118,3B,Third Base,3B,22,403,156,160,0,3,0.352,45,4,3,50,1472,3.653,0.079,0.28800000000000003,0.017,0.276,0.17300000000000001,3,0,63,790,264,251,19,9,67,22,0,43,28,97,91,48,34,4,7,116,32,0,93,0.255,364,0.32,0.42900000000000005,0.749,1,3,0.75,0.25,3,50,0.74,0,52,2023,118,Midwest League,High-A,702472-2023-118
2023,690903,Lucas Dunn,player,34,Lucas Dunn,Lucas,Dunn,Lucas,L Dunn,584,FW,Fort Wayne TinCaps,TinCaps,MID,118,2B,Second Base,2B,24,479,136,193,1,4,0.304,27,13,11,50,1896,3.9579999999999997,0.117,0.255,0.015,0.459,0.109,3,0,60,862,264,288,25,12,99,25,0,40,27,119,97,61,17,3,7,122,56,1,92,0.227,405,0.33699999999999997,0.33599999999999997,0.6729999999999999,7,19,0.731,0.269,11,51,1.02,0,57.86,2023,118,Midwest League,High-A,690903-2023-118
2023,672861,Carlos Luis,player,34,Carlos Luis,Carlos,Luis,Carlos,C Luis,584,FW,Fort Wayne TinCaps,TinCaps,MID,118,DH,Designated Hitter,SS,23,358,114,140,0,5,0.28400000000000003,22,3,10,44,1362,3.804,0.064,0.20900000000000002,0.02,0.307,0.11,2,0,37,737,165,257,19,13,110,22,0,28,28,91,69,31,15,0,7,75,23,0,78,0.23900000000000002,327,0.29100000000000004,0.349,0.64,0,0,,,10,53,1.59,0,46.71,2023,118,Midwest League,High-A,672861-2023-118
2023,687152,Darrien Miller,player,34,Darrien Miller,Darrien,Miller,Darrien,D Miller,572,WIS,Wisconsin Timber Rattlers,Timber Rattlers,MID,118,C,Catcher,C,22,372,115,135,0,3,0.275,28,10,4,45,1511,4.061999999999999,0.116,0.20400000000000001,0.019,0.5660000000000001,0.136,4,0,64,598,131,243,24,8,75,18,0,32,22,89,96,45,20,1,7,76,43,1,72,0.228,316,0.33599999999999997,0.364,0.7,1,4,0.8,0.2,4,47,0.7799999999999999,0,45.14,2023,118,Midwest League,High-A,687152-2023-118
2023,691740,Daniel Susac,player,34,Daniel Susac,Daniel,Susac,Daniel,D Susac,499,LAN,Lansing Lugnuts,Lugnuts,MID,118,C,Catcher,C,22,410,160,150,0,2,0.381,30,3,7,43,1538,3.751,0.095,0.21500000000000002,0.017,0.443,0.134,7,1,34,726,164,280,9,17,109,26,0,37,48,99,60,47,18,5,7,88,39,2,111,0.303,366,0.373,0.43700000000000006,0.81,0,8,1,0,7,54,1.82,0,52.290000000000006,2023,118,Midwest League,High-A,691740-2023-118
2023,694976,Osvaldo Tovalin,player,34,Osvaldo Tovalin,Osvaldo,Tovalin,Osvaldo,O Tovalin,443,PEO,Peoria Chiefs,Chiefs,MID,118,3B,Third Base,3B,23,466,154,202,0,3,0.276,34,13,9,71,1637,3.513,0.041,0.17,0.015,0.24100000000000002,0.118,13,1,56,842,168,355,34,13,149,18,0,49,36,117,103,50,24,3,7,79,19,1,103,0.23900000000000002,431,0.29000000000000004,0.357,0.647,3,8,0.727,0.273,9,62,1.45,0,61.57,2023,118,Midwest League,High-A,694976-2023-118
2023,805891,Taylor Young,player,34,Taylor Young,Taylor,Young,Taylor,T Young,456,GL,Great Lakes Loons,Loons,MID,118,2B,Second Base,2B,24,545,161,214,0,6,0.309,33,13,9,66,2320,4.257,0.15000000000000002,0.20600000000000002,0.013000000000000001,0.732,0.117,7,1,89,777,149,337,25,14,100,26,0,38,45,124,128,76,21,5,7,112,82,1,109,0.24600000000000002,443,0.375,0.363,0.738,5,56,0.918,0.082,9,55,0.7799999999999999,1,63.290000000000006,2023,118,Midwest League,High-A,805891-2023-118
2023,691558,Yeiner Fernandez,player,44,Yeiner Fernandez,Yeiner,Fernandez,Yeiner,Y Fernandez,456,GL,Great Lakes Loons,Loons,MID,118,C,Catcher,C,20,433,140,169,0,6,0.303,23,7,14,74,1681,3.8819999999999997,0.109,0.129,0.014,0.8390000000000001,0.10200000000000001,5,1,60,762,163,323,27,15,119,16,0,40,46,99,102,47,14,3,6,56,47,0,102,0.273,373,0.36,0.375,0.735,2,4,0.6669999999999999,0.33299999999999996,14,50,1.1700000000000002,0,62.17,2023,118,Midwest League,High-A,691558-2023-118
2023,691788,Joe Mack,player,44,Joe Mack,Joseph,Mack,Joe,J Mack,554,BEL,Beloit Sky Carp,Sky Carp,MID,118,C,Catcher,C,20,503,129,161,1,3,0.28,19,8,12,67,1900,3.777,0.083,0.23500000000000001,0.012,0.356,0.06899999999999999,5,0,64,915,260,335,23,13,137,21,1,38,38,120,100,46,13,0,6,118,42,0,98,0.21800000000000003,449,0.29500000000000004,0.28700000000000003,0.582,0,0,,,12,36,1.37,0,74.83,2023,118,Midwest League,High-A,691788-2023-118
2023,682818,Yohendrick Piñango,player,44,Yohendrick Piñango,Yohendrick,Pinango,Yohendrick,Y Piñango,550,SB,South Bend Cubs,Cubs,MID,118,LF,Outfielder,LF,21,439,137,162,0,5,0.28500000000000003,26,2,7,47,1674,3.8129999999999997,0.091,0.164,0.014,0.556,0.10200000000000001,1,0,78,862,184,325,35,17,98,22,1,37,37,104,130,46,18,2,6,72,40,2,97,0.24700000000000003,392,0.317,0.349,0.6659999999999999,6,15,0.714,0.28600000000000003,7,45,0.75,0,65.33,2023,118,Midwest League,High-A,682818-2023-118
2023,701817,River Town,player,44,River Town,Josiah,Town,River,R Town,565,QC,Quad Cities River Bandits,River Bandits,MID,118,LF,Outfielder,OF,23,357,110,132,0,3,0.309,16,12,12,48,1342,3.759,0.115,0.15400000000000003,0.017,0.745,0.096,2,1,54,519,86,249,12,15,87,11,0,40,30,84,81,44,9,1,6,55,41,0,81,0.269,301,0.375,0.365,0.74,4,20,0.8330000000000001,0.167,12,38,1.07,0,50.17,2023,118,Midwest League,High-A,701817-2023-118
2023,805834,Javi Vaz,player,44,Javi Vaz,Javier,Vaz,Javi,J Vaz,565,QC,Quad Cities River Bandits,River Bandits,MID,118,2B,Second Base,OF,22,388,130,109,1,2,0.28300000000000003,24,3,3,48,1572,4.052,0.126,0.082,0.015,1.531,0.12000000000000001,7,2,79,553,49,304,25,14,96,26,0,37,27,86,118,49,14,4,6,32,49,0,90,0.27,333,0.367,0.39,0.757,2,26,0.929,0.07100000000000001,3,39,0.81,0,55.5,2023,118,Midwest League,High-A,805834-2023-118
2023,691449,Roberto Campos,player,49,Roberto Campos,Roberto,Campos,Roberto,R Campos,582,WM,West Michigan Whitecaps,Whitecaps,MID,118,CF,Outfielder,RF,20,371,134,159,0,3,0.32,32,1,10,56,1329,3.582,0.07500000000000001,0.21800000000000003,0.013000000000000001,0.346,0.139,2,0,55,667,186,261,16,11,92,17,1,36,33,88,82,34,22,5,5,81,28,0,87,0.257,339,0.313,0.395,0.708,2,4,0.6669999999999999,0.33299999999999996,10,53,1.12,0,67.8,2023,118,Midwest League,High-A,691449-2023-118
2023,691268,Yiddi Cappe,player,49,Yiddi Cappe,Yiddi,Cappe,Yiddi,Y Cappe,554,BEL,Beloit Sky Carp,Sky Carp,MID,118,2B,Second Base,SS,20,536,157,243,0,5,0.263,33,4,9,77,1806,3.3689999999999998,0.034,0.19,0.009,0.17600000000000002,0.088,12,0,91,1009,261,412,49,21,139,21,2,47,42,123,161,53,26,2,5,102,18,0,112,0.22,509,0.25,0.308,0.558,9,18,0.6669999999999999,0.33299999999999996,9,53,0.8600000000000001,0,101.8,2023,118,Midwest League,High-A,691268-2023-118
2023,802407,Joe Lampe,player,49,Joe Lampe,Joseph,Lampe,Joe,J Lampe,437,LC,Lake County Captains,Captains,MID,118,CF,Outfielder,OF,22,459,130,195,0,5,0.28700000000000003,25,8,6,67,1749,3.8099999999999996,0.118,0.194,0.011,0.607,0.097,4,1,64,823,177,308,32,16,104,15,2,38,37,111,112,42,17,3,5,89,54,0,92,0.23500000000000001,392,0.33599999999999997,0.33199999999999996,0.6679999999999999,1,21,0.9550000000000001,0.045,6,50,0.93,0,78.4,2023,118,Midwest League,High-A,802407-2023-118
2023,690902,Ben Metzinger,player,49,Ben Metzinger,Benjamin,Metzinger,Ben,B Metzinger,572,WIS,Wisconsin Timber Rattlers,Timber Rattlers,MID,118,3B,Third Base,3B,24,375,102,153,0,0,0.345,20,2,6,35,1587,4.232,0.14700000000000002,0.317,0.013000000000000001,0.462,0.094,1,0,35,622,185,199,23,12,57,19,0,27,26,94,70,43,15,0,5,119,55,0,72,0.226,318,0.344,0.321,0.6649999999999999,0,1,1,0,6,45,0.81,0,63.6,2023,118,Midwest League,High-A,690902-2023-118
2023,681868,Ezequiel Pagan,player,49,Ezequiel Pagan,Ezequiel,Pagan,Ezequiel,E Pagan,550,SB,South Bend Cubs,Cubs,MID,118,RF,Outfielder,OF,22,429,152,140,0,3,0.351,27,10,8,56,1644,3.8319999999999994,0.091,0.15400000000000003,0.012,0.591,0.10400000000000001,4,1,67,797,153,313,19,11,103,22,2,51,38,97,97,57,20,2,5,66,39,1,113,0.301,376,0.379,0.404,0.7829999999999999,10,12,0.545,0.455,8,37,1.06,1,75.2,2023,118,Midwest League,High-A,681868-2023-118
2023,695370,Thomas Francisco,player,54,Thomas Francisco,Thomas,Francisco,Thomas,T Francisco,443,PEO,Peoria Chiefs,Chiefs,MID,118,1B,First Base,1B,24,389,116,174,0,6,0.265,25,3,4,65,1379,3.545,0.062,0.162,0.01,0.381,0.096,3,1,74,710,158,298,32,15,95,21,1,29,31,105,121,32,20,1,4,63,24,0,82,0.231,355,0.281,0.327,0.608,4,3,0.42900000000000005,0.5710000000000001,4,40,0.7899999999999999,1,88.75,2023,118,Midwest League,High-A,695370-2023-118
2023,691191,Jose Salas,player,54,Jose Salas,Jose,Salas,Jose,J Salas,492,CR,Cedar Rapids Kernels,Kernels,MID,118,2B,Second Base,2B,20,372,90,158,2,4,0.252,18,8,6,47,1318,3.543,0.07300000000000001,0.261,0.011,0.278,0.082,2,0,59,650,179,240,26,8,84,17,1,25,20,93,93,36,13,1,4,97,27,0,63,0.19,331,0.265,0.272,0.537,9,22,0.71,0.29000000000000004,6,33,0.9,0,82.75,2023,118,Midwest League,High-A,691191-2023-118
2023,682618,Misael Urbina,player,54,Misael Urbina,Misael,Urbina,Misael,M Urbina,492,CR,Cedar Rapids Kernels,Kernels,MID,118,LF,Outfielder,OF,21,412,100,187,0,2,0.24600000000000002,25,6,8,45,1673,4.061,0.119,0.265,0.01,0.45,0.101,3,0,60,711,182,248,35,8,81,17,0,27,20,102,103,45,18,3,4,109,49,0,64,0.18,355,0.28900000000000003,0.28200000000000003,0.5710000000000001,3,6,0.6669999999999999,0.33299999999999996,8,40,0.7899999999999999,0,88.75,2023,118,Midwest League,High-A,682618-2023-118
2023,679751,Danny Bautista Jr.,player,57,Danny Bautista Jr.,Daniel,Bautista,Danny,D Bautista Jr.,499,LAN,Lansing Lugnuts,Lugnuts,MID,118,1B,First Base,OF,22,475,148,198,2,7,0.29400000000000004,22,8,12,93,1654,3.4819999999999998,0.046,0.101,0.006,0.458,0.06899999999999999,4,1,89,812,125,396,40,19,130,23,1,43,51,118,148,50,17,2,3,48,22,0,118,0.271,435,0.314,0.33999999999999997,0.654,11,22,0.6669999999999999,0.33299999999999996,12,46,0.88,1,145,2023,118,Midwest League,High-A,679751-2023-118
2023,681433,Noah Cardenas,player,57,Noah Cardenas,Noah,Cardenas,Noah,N Cardenas,492,CR,Cedar Rapids Kernels,Kernels,MID,118,C,Catcher,C,23,378,118,148,0,3,0.349,27,11,6,57,1574,4.163999999999999,0.14600000000000002,0.20400000000000001,0.008,0.714,0.11,6,0,37,599,120,235,27,11,76,31,0,26,27,90,75,44,23,1,3,77,55,0,84,0.272,309,0.397,0.382,0.779,5,9,0.643,0.357,6,38,1.01,0,103,2023,118,Midwest League,High-A,681433-2023-118
2023,701675,Nathan Church,player,57,Nathan Church,Nathan,Church,Nathan,N Church,443,PEO,Peoria Chiefs,Chiefs,MID,118,LF,Outfielder,CF,22,518,164,174,1,1,0.316,29,15,5,65,1882,3.633,0.089,0.116,0.006,0.767,0.081,7,0,73,820,143,397,45,23,129,20,0,52,55,119,141,65,24,2,3,60,46,3,127,0.279,455,0.364,0.36,0.724,12,21,0.636,0.364,5,44,0.91,0,151.67,2023,118,Midwest League,High-A,701675-2023-118
2023,692405,Jeremy Rivas,player,57,Jeremy Rivas,Jeremy,Rivas,Jeremy,J Rivas,443,PEO,Peoria Chiefs,Chiefs,MID,118,SS,Shortstop,SS,20,453,110,180,2,5,0.268,21,4,5,57,1778,3.925,0.09899999999999999,0.223,0.007,0.446,0.068,6,2,80,834,210,303,25,15,100,18,0,38,27,115,120,45,18,0,3,101,45,0,83,0.20900000000000002,397,0.29300000000000004,0.277,0.5700000000000001,5,22,0.8150000000000001,0.185,5,39,0.8300000000000001,0,132.33,2023,118,Midwest League,High-A,692405-2023-118
2023,691949,Jake Vogel,player,57,Jake Vogel,Jacob,Vogel,Jake,J Vogel,456,GL,Great Lakes Loons,Loons,MID,118,CF,Outfielder,OF,21,421,120,152,0,7,0.318,26,9,3,56,1620,3.848,0.083,0.259,0.007,0.321,0.089,6,0,70,750,215,267,30,10,70,20,1,33,33,113,110,49,22,1,3,109,35,0,87,0.23600000000000002,369,0.312,0.325,0.637,2,28,0.933,0.067,3,39,0.64,1,123,2023,118,Midwest League,High-A,691949-2023-118
2023,678648,Herard Gonzalez,player,62,Herard Gonzalez,Herard,Gonzalez,Herard,H Gonzalez,565,QC,Quad Cities River Bandits,River Bandits,MID,118,2B,Second Base,SS,22,376,93,161,5,4,0.28400000000000003,19,1,7,49,1463,3.8909999999999996,0.109,0.24500000000000002,0.003,0.446,0.07700000000000001,4,0,57,626,161,242,18,14,85,13,1,32,22,94,89,28,14,4,1,92,41,0,68,0.20900000000000002,325,0.29600000000000004,0.28600000000000003,0.582,5,7,0.583,0.41700000000000004,7,29,0.96,0,325,2023,118,Midwest League,High-A,678648-2023-118
2023,687783,Matthew Wood,player,62,Matthew Wood,Matthew,Wood,Matthew,M Wood,572,WIS,Wisconsin Timber Rattlers,Timber Rattlers,MID,118,C,Catcher,C,22,361,87,128,0,3,0.28600000000000003,10,5,3,39,1407,3.8979999999999997,0.13,0.14700000000000002,0.003,0.887,0.042,0,0,68,579,89,256,16,15,83,9,1,37,27,83,99,28,8,1,1,53,47,1,74,0.24200000000000002,306,0.349,0.28400000000000003,0.633,1,2,0.6669999999999999,0.33299999999999996,3,43,0.8400000000000001,0,306,2023,118,Midwest League,High-A,687783-2023-118
2023,702112,Hogan Windish,player,1,Hogan Windish,Hogan,Windish,Hogan,H Windish,403,EVE,Everett AquaSox,AquaSox,NWL,126,1B,First Base,1B,24,452,195,203,0,3,0.361,43,9,7,51,1796,3.973,0.12200000000000001,0.308,0.049,0.396,0.23600000000000002,5,0,38,814,293,249,8,17,82,37,1,38,28,105,63,64,17,4,22,139,55,0,104,0.27,385,0.372,0.506,0.8780000000000001,1,10,0.909,0.091,7,84,1.3,0,17.5,2023,126,Northwest League,High-A,702112-2023-126
2023,683103,Cade Doughty,player,2,Cade Doughty,Cade,Doughty,Cade,C Doughty,435,VAN,Vancouver Canadians,Canadians,NWL,126,3B,Third Base,2B,22,424,172,189,0,3,0.346,37,11,4,57,1630,3.844,0.083,0.29700000000000004,0.042,0.278,0.195,5,1,55,871,299,252,16,12,70,25,0,42,32,102,83,61,19,0,18,126,35,0,99,0.264,375,0.34199999999999997,0.459,0.801,2,4,0.6669999999999999,0.33299999999999996,4,68,0.8400000000000001,0,20.830000000000002,2023,126,Northwest League,High-A,683103-2023-126
2023,692348,Aeverson Arteaga,player,3,Aeverson Arteaga,Aeverson,Arteaga,Aeverson,A Arteaga,461,EUG,Eugene Emeralds,Emeralds,NWL,126,SS,Shortstop,SS,20,546,202,244,0,6,0.28300000000000003,49,7,11,69,1935,3.544,0.07300000000000001,0.24200000000000002,0.031,0.303,0.17400000000000002,6,2,87,1020,299,367,35,26,103,28,3,51,34,126,148,66,29,3,17,132,40,0,116,0.23500000000000001,493,0.29900000000000004,0.41000000000000003,0.709,2,8,0.8,0.2,11,73,0.7,0,29,2023,126,Northwest League,High-A,692348-2023-126
2023,678681,Luis Toribio,player,3,Luis Toribio,Luis,Toribio,Luis,L Toribio,461,EUG,Eugene Emeralds,Emeralds,NWL,126,3B,Third Base,SS,22,412,153,146,1,2,0.28600000000000003,36,1,12,53,1667,4.046,0.131,0.272,0.041,0.48200000000000004,0.201,3,0,44,728,239,245,14,7,98,24,3,37,18,102,65,50,18,1,17,112,54,1,82,0.232,354,0.33299999999999996,0.43200000000000005,0.765,0,1,1,0,12,61,1.51,0,20.82,2023,126,Northwest League,High-A,678681-2023-126
2023,695670,Harry Ford,player,5,Harry Ford,Harrison,Ford,Harry,H Ford,403,EVE,Everett AquaSox,AquaSox,NWL,126,C,Catcher,C,20,563,191,216,0,2,0.307,43,14,9,64,2400,4.263,0.183,0.194,0.027,0.9450000000000001,0.17300000000000001,4,1,75,935,248,337,21,23,104,25,0,56,33,118,119,89,24,4,15,109,103,1,114,0.257,444,0.41000000000000003,0.43000000000000005,0.8400000000000001,8,24,0.75,0.25,9,67,0.8700000000000001,0,29.6,2023,126,Northwest League,High-A,695670-2023-126
2023,687529,Grant McCray,player,6,Grant McCray,Grant,McCray,Grant,G McCray,461,EUG,Eugene Emeralds,Emeralds,NWL,126,CF,Outfielder,CF,22,584,206,210,1,5,0.357,46,12,1,55,2342,4.01,0.12300000000000001,0.29300000000000004,0.024,0.42100000000000004,0.162,5,0,74,1012,352,329,19,10,100,30,0,55,41,127,103,101,26,6,14,171,72,0,126,0.255,494,0.36,0.41700000000000004,0.777,10,52,0.8390000000000001,0.161,1,66,0.97,0,35.290000000000006,2023,126,Northwest League,High-A,687529-2023-126
2023,684855,Jared Dupere,player,7,Jared Dupere,Jared,Dupere,Jared,J Dupere,461,EUG,Eugene Emeralds,Emeralds,NWL,126,LF,Outfielder,OF,24,392,151,172,1,2,0.387,36,6,0,50,1427,3.64,0.07400000000000001,0.38,0.031,0.195,0.181,4,0,35,781,319,207,14,12,59,17,0,44,26,93,61,48,20,4,12,149,29,0,87,0.24600000000000002,353,0.313,0.42800000000000005,0.741,2,11,0.8460000000000001,0.15400000000000003,0,42,0.97,1,29.419999999999998,2023,126,Northwest League,High-A,684855-2023-126
2023,683447,Gabriel Martinez,player,7,Gabriel Martinez,Gabriel,Martinez,Gabriel,G Martinez,435,VAN,Vancouver Canadians,Canadians,NWL,126,LF,Outfielder,CF,20,448,153,186,0,3,0.267,28,4,18,78,1639,3.658,0.06899999999999999,0.165,0.027,0.41900000000000004,0.132,7,0,67,884,220,338,33,20,119,16,0,41,42,109,120,58,14,2,12,74,31,0,99,0.24200000000000002,409,0.3,0.374,0.6739999999999999,2,2,0.5,0.5,18,49,0.99,1,34.08,2023,126,Northwest League,High-A,683447-2023-126
2023,668756,Ben Ramirez,player,7,Ben Ramirez,Ben,Ramirez,Ben,B Ramirez,403,EVE,Everett AquaSox,AquaSox,NWL,126,3B,Third Base,SS,24,534,182,225,2,5,0.33199999999999996,39,6,5,71,2034,3.8089999999999997,0.092,0.268,0.022,0.34299999999999997,0.133,8,0,67,965,286,336,22,19,109,24,3,65,27,123,108,67,27,0,12,143,49,0,119,0.252,472,0.327,0.386,0.713,2,6,0.75,0.25,5,65,1.01,0,39.33,2023,126,Northwest League,High-A,668756-2023-126
2023,696521,Garrett Spain,player,7,Garrett Spain,Garrett,Spain,Garrett,G Spain,435,VAN,Vancouver Canadians,Canadians,NWL,126,RF,Outfielder,RF,22,366,144,171,0,1,0.308,39,5,1,41,1430,3.907,0.096,0.273,0.033,0.35,0.203,0,3,52,728,229,226,23,15,58,19,1,34,24,91,90,44,24,3,12,100,35,0,78,0.24000000000000002,325,0.322,0.443,0.765,5,6,0.545,0.455,1,52,0.64,0,27.08,2023,126,Northwest League,High-A,696521-2023-126
2023,684715,Nic Kent,player,11,Nic Kent,Nicholas,Kent,Nic,N Kent,486,SPO,Spokane Indians,Indians,NWL,126,2B,Second Base,SS,23,456,170,202,4,9,0.304,37,9,9,69,1643,3.603,0.09,0.15100000000000002,0.024,0.594,0.15500000000000003,4,0,77,802,180,337,26,21,103,16,0,44,49,112,124,59,24,2,11,69,41,0,109,0.277,393,0.352,0.43300000000000005,0.7849999999999999,5,9,0.643,0.357,9,62,0.8300000000000001,0,35.730000000000004,2023,126,Northwest League,High-A,684715-2023-126
2023,695603,Benny Montgomery,player,12,Benny Montgomery,Benjamin,Montgomery,Benny,B Montgomery,486,SPO,Spokane Indians,Indians,NWL,126,CF,Outfielder,OF,20,497,162,216,0,2,0.33899999999999997,30,5,12,73,1962,3.948,0.10500000000000001,0.272,0.02,0.385,0.119,11,0,42,858,268,305,7,11,135,16,0,35,59,109,60,62,18,2,10,135,52,0,110,0.251,438,0.33599999999999997,0.37,0.706,5,18,0.7829999999999999,0.21700000000000003,12,51,2.25,0,43.8,2023,126,Northwest League,High-A,695603-2023-126
2023,691269,Adrian Placencia,player,13,Adrian Placencia,Adrian,Placencia,Adrian,A Placencia,460,TRI,Tri-City Dust Devils,Dust Devils,NWL,126,2B,Second Base,SS,20,480,131,146,3,3,0.303,26,2,3,40,1944,4.05,0.171,0.277,0.019,0.617,0.118,3,2,61,828,312,263,20,14,83,12,1,39,33,109,95,59,15,2,9,133,82,0,85,0.21800000000000003,390,0.354,0.33599999999999997,0.69,11,24,0.6859999999999999,0.314,3,46,0.8700000000000001,0,43.33,2023,126,Northwest League,High-A,691269-2023-126
2023,672018,Dasan Brown,player,14,Dasan Brown,Dasan,Brown,Dasan,Da Brown,435,VAN,Vancouver Canadians,Canadians,NWL,126,CF,Outfielder,CF,21,463,127,205,1,3,0.28600000000000003,22,13,5,62,1782,3.8489999999999998,0.089,0.251,0.015,0.353,0.097,9,1,76,769,208,291,25,8,94,18,1,37,32,107,109,59,12,3,7,116,41,0,88,0.21800000000000003,403,0.309,0.315,0.624,11,26,0.703,0.29700000000000004,5,39,0.8600000000000001,2,57.57,2023,126,Northwest League,High-A,672018-2023-126
2023,682648,Juan Guerrero,player,15,Juan Guerrero,Juan,Guerrero,Juan,J Guerrero,486,SPO,Spokane Indians,Indians,NWL,126,LF,Outfielder,SS,21,488,165,213,1,6,0.28800000000000003,34,8,9,74,1810,3.709,0.066,0.14300000000000002,0.012,0.457,0.118,8,1,78,921,189,378,38,21,128,13,1,43,56,112,137,62,22,6,6,70,32,0,113,0.256,441,0.314,0.374,0.688,7,14,0.6669999999999999,0.33299999999999996,9,59,0.93,0,73.5,2023,126,Northwest League,High-A,682648-2023-126
2023,690956,Werner Blakely,player,16,Werner Blakely,Werner,Blakely,Werner,W Blakely,460,TRI,Tri-City Dust Devils,Dust Devils,NWL,126,3B,Third Base,OF,21,374,107,145,0,2,0.35,25,5,2,27,1600,4.2780000000000005,0.118,0.366,0.013000000000000001,0.321,0.118,4,0,36,657,209,188,22,9,52,10,3,36,20,92,67,45,17,3,5,137,44,0,69,0.21400000000000002,323,0.316,0.33099999999999996,0.647,1,22,0.9570000000000001,0.043000000000000003,2,28,0.7799999999999999,0,64.6,2023,126,Northwest League,High-A,690956-2023-126
2023,679741,Wilderd Patiño,player,16,Wilderd Patiño,Wilderd,Patiño,Wilderd,W Patiño,419,HIL,Hillsboro Hops,Hops,NWL,126,CF,Outfielder,CF,21,449,129,135,0,0,0.375,19,22,0,36,1674,3.728,0.1,0.281,0.011,0.357,0.079,6,1,36,799,256,256,10,8,103,11,0,33,55,99,54,73,13,1,5,126,45,1,99,0.259,382,0.37,0.33799999999999997,0.708,10,47,0.8250000000000001,0.17500000000000002,0,33,1.91,0,76.4,2023,126,Northwest League,High-A,679741-2023-126
2023,688460,Josh Kasevich,player,18,Josh Kasevich,Joshua,Kasevich,Josh,J Kasevich,435,VAN,Vancouver Canadians,Canadians,NWL,126,SS,Shortstop,SS,22,383,122,148,0,5,0.31,19,6,11,73,1410,3.681,0.09899999999999999,0.10700000000000001,0.01,0.927,0.081,4,0,67,580,80,298,14,16,106,6,0,38,51,94,97,46,15,0,4,41,38,0,95,0.28400000000000003,334,0.363,0.365,0.728,2,11,0.8460000000000001,0.15400000000000003,11,50,1.09,0,83.5,2023,126,Northwest League,High-A,688460-2023-126
2023,677610,D'Shawn Knowles,player,18,D'Shawn Knowles,D'Shawn,Knowles,D'Shawn,D Knowles,460,TRI,Tri-City Dust Devils,Dust Devils,NWL,126,CF,Outfielder,OF,22,423,135,136,5,2,0.34099999999999997,29,3,2,43,1639,3.8749999999999996,0.09,0.258,0.009,0.349,0.109,6,0,54,785,228,273,8,11,106,10,0,35,49,107,73,46,21,4,4,109,38,0,94,0.251,375,0.323,0.36,0.6829999999999999,8,18,0.692,0.308,2,35,1.45,0,93.75,2023,126,Northwest League,High-A,677610-2023-126
2023,682643,Alexander Ramirez,player,18,Alexander Ramirez,Alexander,Ramirez,Alexander,A Ramirez,460,TRI,Tri-City Dust Devils,Dust Devils,NWL,126,RF,Outfielder,OF,20,466,151,181,3,3,0.395,32,8,2,55,1736,3.725,0.049,0.365,0.009,0.135,0.10500000000000001,3,0,45,950,353,265,14,13,87,11,1,47,47,114,72,53,23,5,4,170,23,0,106,0.24700000000000003,429,0.29600000000000004,0.352,0.648,7,23,0.767,0.233,2,44,1.21,0,107.25,2023,126,Northwest League,High-A,682643-2023-126
2023,680396,Joe Stewart,player,18,Joe Stewart,Joseph,Stewart,Joe,J Stewart,460,TRI,Tri-City Dust Devils,Dust Devils,NWL,126,LF,Outfielder,OF,25,518,154,197,0,2,0.33099999999999996,26,8,5,44,1975,3.8129999999999997,0.07100000000000001,0.259,0.008,0.276,0.083,9,1,55,937,268,339,22,19,128,8,1,40,66,119,96,57,17,5,4,134,37,0,115,0.24400000000000002,471,0.309,0.327,0.636,8,42,0.8400000000000001,0.16,5,38,1.33,0,117.75,2023,126,Northwest League,High-A,680396-2023-126
2023,691186,Arol Vera,player,22,Arol Vera,Arol,Vera,Arol,A Vera,460,TRI,Tri-City Dust Devils,Dust Devils,NWL,126,SS,Shortstop,SS,20,491,130,209,7,8,0.311,21,4,10,69,1823,3.713,0.06899999999999999,0.261,0.006,0.266,0.066,5,0,68,1010,294,325,15,12,129,8,2,49,42,116,95,54,16,2,3,128,34,0,101,0.231,438,0.28700000000000003,0.29700000000000004,0.584,5,10,0.6669999999999999,0.33299999999999996,10,60,1.36,0,146,2023,126,Northwest League,High-A,691186-2023-126
2023,663550,Trey Cabbage,player,1,Trey Cabbage,Trey,Cabbage,Trey,T Cabbage,561,SL,Salt Lake Bees,Bees,PCL,112,1B,First Base,3B,26,474,249,206,2,3,0.394,58,6,6,75,1792,3.781,0.095,0.3,0.063,0.317,0.28900000000000003,1,0,45,953,334,281,14,18,76,35,0,57,36,107,77,83,25,3,30,142,45,1,128,0.306,418,0.379,0.596,0.975,3,32,0.914,0.08600000000000001,6,89,0.99,0,13.93,2023,112,Pacific Coast League,Triple-A,663550-2023-112
2023,676595,Jake Scheiner,player,1,Jake Scheiner,Jake,Scheiner,Jake,J Scheiner,529,TAC,Tacoma Rainiers,Rainiers,PCL,112,3B,Third Base,3B,27,553,234,208,0,5,0.28600000000000003,55,7,12,58,2319,4.193,0.14600000000000002,0.24200000000000002,0.054000000000000006,0.604,0.257,4,0,62,938,297,331,20,24,109,34,0,45,37,124,106,91,22,3,30,134,81,2,116,0.252,460,0.369,0.509,0.8780000000000001,2,5,0.714,0.28600000000000003,12,105,1.03,0,15.33,2023,112,Pacific Coast League,Triple-A,676595-2023-112
2023,673995,Davis Wendzel,player,1,Davis Wendzel,Davis,Wendzel,Davis,D Wendzel,102,RR,Round Rock Express,Express,PCL,112,SS,Shortstop,3B,26,547,216,254,1,3,0.259,49,13,7,65,2215,4.049,0.14100000000000001,0.23600000000000002,0.055,0.597,0.24100000000000002,4,0,70,918,255,328,45,28,78,36,1,44,26,124,143,84,19,0,30,129,77,0,107,0.23600000000000002,453,0.361,0.47700000000000004,0.8380000000000001,3,3,0.5,0.5,7,74,0.55,0,15.1,2023,112,Pacific Coast League,Triple-A,673995-2023-112
2023,683737,Michael Busch,player,4,Michael Busch,Michael,Busch,Michael,M Busch,238,OKC,Oklahoma City Dodgers,Dodgers,PCL,112,3B,Third Base,1B,25,469,241,171,0,3,0.356,57,11,4,73,1862,3.9699999999999998,0.139,0.188,0.058,0.739,0.29500000000000004,1,0,63,802,164,305,12,23,81,37,1,54,34,98,98,85,26,4,27,88,65,1,126,0.323,390,0.43100000000000005,0.618,1.049,0,4,1,0,4,90,0.8300000000000001,0,14.44,2023,112,Pacific Coast League,Triple-A,683737-2023-112
2023,676113,Zach DeLoach,player,5,Zach DeLoach,Zachary,DeLoach,Zach,Z DeLoach,529,TAC,Tacoma Rainiers,Rainiers,PCL,112,RF,Outfielder,RF,24,623,254,273,0,5,0.38,55,7,5,90,2441,3.9179999999999997,0.133,0.278,0.037,0.48000000000000004,0.195,3,1,87,1108,370,360,8,29,85,35,0,76,40,138,124,90,30,2,23,173,83,1,151,0.28600000000000003,528,0.387,0.48100000000000004,0.8680000000000001,3,8,0.727,0.273,5,88,0.69,0,22.959999999999997,2023,112,Pacific Coast League,Triple-A,676113-2023-112
2023,660758,Sandro Fabian,player,5,Sandro Fabian,Sandro,Fabian,Sandro,S Fabian,102,RR,Round Rock Express,Express,PCL,112,RF,Outfielder,RF,25,483,232,224,0,5,0.29700000000000004,55,8,15,95,1758,3.64,0.048,0.15100000000000002,0.048,0.315,0.234,10,1,56,1002,214,376,46,27,119,25,1,58,44,117,129,67,29,3,23,73,23,0,128,0.28800000000000003,444,0.33099999999999996,0.523,0.8540000000000001,2,6,0.75,0.25,15,78,0.92,3,19.3,2023,112,Pacific Coast League,Triple-A,660758-2023-112
2023,642137,Cody Thomas,player,5,Cody Thomas,Cody,Thomas,Cody,C Thomas,400,LV,Las Vegas Aviators,Aviators,PCL,112,RF,Outfielder,CF,28,477,241,191,0,5,0.33799999999999997,58,6,7,70,1836,3.8489999999999998,0.07800000000000001,0.203,0.048,0.381,0.261,2,1,50,917,219,337,21,19,118,38,1,51,39,107,90,67,27,8,23,97,37,0,129,0.301,429,0.361,0.562,0.923,0,5,1,0,7,109,1.31,0,18.650000000000002,2023,112,Pacific Coast League,Triple-A,642137-2023-112
2023,670092,Trenton Brooks,player,8,Trenton Brooks,Trenton,Brooks,Trenton,T Brooks,105,SAC,Sacramento River Cats,River Cats,PCL,112,1B,First Base,LF,27,523,222,194,3,5,0.301,54,7,11,87,2037,3.8949999999999996,0.14900000000000002,0.14700000000000002,0.042,1.013,0.23,3,0,78,937,197,361,25,23,112,36,0,53,34,118,126,95,31,1,22,77,78,0,123,0.28600000000000003,430,0.4,0.516,0.916,0,7,1,0,11,90,0.89,0,19.54,2023,112,Pacific Coast League,Triple-A,670092-2023-112
2023,688760,Blaine Crim,player,8,Blaine Crim,Linton,Crim,Blaine,B Crim,102,RR,Round Rock Express,Express,PCL,112,1B,First Base,1B,26,582,250,236,0,7,0.325,58,10,18,89,2260,3.883,0.12200000000000001,0.184,0.038,0.6639999999999999,0.21700000000000003,8,1,77,994,223,394,27,28,119,26,0,76,41,133,132,89,31,5,22,107,71,2,143,0.28900000000000003,494,0.385,0.506,0.891,0,1,1,0,18,85,0.9,0,22.459999999999997,2023,112,Pacific Coast League,Triple-A,688760-2023-112
2023,663796,Coco Montes,player,8,Coco Montes,Robert,Montes,Coco,C Montes,342,ABQ,Albuquerque Isotopes,Isotopes,PCL,112,2B,Second Base,2B,26,507,240,189,0,6,0.4,53,6,14,90,1964,3.8739999999999997,0.116,0.256,0.043000000000000003,0.454,0.234,8,1,59,951,260,312,10,26,79,29,0,66,43,107,95,96,26,5,22,130,59,0,138,0.317,436,0.4,0.55,0.9500000000000001,6,11,0.647,0.353,14,89,0.8300000000000001,0,19.82,2023,112,Pacific Coast League,Triple-A,663796-2023-112
2023,694175,Pedro León,player,11,Pedro León,Pedro,León,Pedro,P León,5434,SUG,Sugar Land Space Cowboys,Space Cowboys,PCL,112,CF,Outfielder,RF,25,564,210,250,4,3,0.318,47,11,13,73,2278,4.039000000000001,0.112,0.28400000000000003,0.037,0.394,0.19,9,1,52,1100,358,330,26,21,113,30,1,38,49,128,99,74,23,3,21,160,63,0,118,0.24400000000000002,483,0.34299999999999997,0.43500000000000005,0.778,7,21,0.75,0.25,13,72,1.1400000000000001,0,23,2023,112,Pacific Coast League,Triple-A,694175-2023-112
2023,669899,Ryan Ward,player,11,Ryan Ward,Ryan,Ward,Ryan,R Ward,238,OKC,Oklahoma City Dodgers,Dodgers,PCL,112,LF,Outfielder,LF,25,615,228,310,0,3,0.28900000000000003,54,5,17,100,2395,3.8939999999999997,0.111,0.255,0.034,0.43300000000000005,0.19,5,2,80,1215,370,384,12,25,141,37,0,59,30,139,117,87,27,6,21,157,68,1,126,0.234,538,0.324,0.42400000000000004,0.748,5,12,0.706,0.29400000000000004,17,95,1.21,1,25.62,2023,112,Pacific Coast League,Triple-A,669899-2023-112
2023,666149,Tyler Fitzgerald,player,13,Tyler Fitzgerald,Tyler,Fitzgerald,Tyler,T Fitzgerald,105,SAC,Sacramento River Cats,River Cats,PCL,112,SS,Shortstop,2B,25,466,207,191,2,2,0.346,44,2,3,71,1787,3.8349999999999995,0.097,0.23800000000000002,0.043000000000000003,0.405,0.21200000000000002,3,1,78,907,269,308,16,18,77,21,0,49,49,102,112,72,20,4,20,111,45,1,119,0.28700000000000003,415,0.358,0.499,0.8570000000000001,3,29,0.906,0.094,3,69,0.69,0,20.75,2023,112,Pacific Coast League,Triple-A,666149-2023-112
2023,676939,Jimmy Herron,player,14,Jimmy Herron,James,Herron,Jimmy,J Herron,342,ABQ,Albuquerque Isotopes,Isotopes,PCL,112,LF,Outfielder,LF,26,539,227,193,0,5,0.34199999999999997,50,9,7,64,2069,3.8389999999999995,0.128,0.191,0.034999999999999996,0.6699999999999999,0.202,15,1,73,914,197,358,25,25,100,30,0,58,47,128,123,106,27,4,19,103,69,1,135,0.29600000000000004,456,0.395,0.498,0.893,5,33,0.8680000000000001,0.132,7,83,0.81,0,24,2023,112,Pacific Coast League,Triple-A,676939-2023-112
2023,676625,Rylan Bannon,player,15,Rylan Bannon,Rylan,Bannon,Rylan,R Bannon,5434,SUG,Sugar Land Space Cowboys,Space Cowboys,PCL,112,3B,Third Base,3B,27,408,151,173,0,6,0.269,32,3,9,53,1668,4.088,0.15400000000000003,0.221,0.044,0.7,0.20800000000000002,7,0,47,660,178,252,19,17,88,20,0,34,27,95,83,62,12,2,18,90,63,0,81,0.24100000000000002,336,0.36,0.449,0.809,9,12,0.5710000000000001,0.42900000000000005,9,56,1.06,0,18.67,2023,112,Pacific Coast League,Triple-A,676625-2023-112
2023,679822,Justin Foscue,player,15,Justin Foscue,Justin,Foscue,Justin,J Foscue,102,RR,Round Rock Express,Express,PCL,112,2B,Second Base,2B,24,563,216,236,0,2,0.279,53,14,10,84,2130,3.7830000000000004,0.15100000000000002,0.12400000000000001,0.032,1.214,0.201,8,0,87,862,153,394,39,23,122,26,0,60,37,122,149,94,31,4,18,70,85,0,123,0.266,462,0.394,0.468,0.8620000000000001,7,14,0.6669999999999999,0.33299999999999996,10,84,0.8200000000000001,0,25.67,2023,112,Pacific Coast League,Triple-A,679822-2023-112
2023,609274,Elier Hernandez,player,15,Elier Hernandez,Elier,Hernandez,Elier,E Hernandez,102,RR,Round Rock Express,Express,PCL,112,RF,Outfielder,RF,28,612,265,221,0,3,0.356,59,5,13,93,2412,3.941,0.082,0.20600000000000002,0.028999999999999998,0.397,0.181,6,0,85,1222,331,431,25,32,124,37,1,83,44,137,142,98,36,5,18,126,50,0,165,0.29800000000000004,554,0.359,0.47800000000000004,0.8370000000000001,6,9,0.6,0.4,13,99,0.8700000000000001,0,30.779999999999998,2023,112,Pacific Coast League,Triple-A,609274-2023-112
2023,642220,Jantzen Witte,player,18,Jantzen Witte,Jantzen,Witte,Jantzen,J Witte,4904,ELP,El Paso Chihuahuas,Chihuahuas,PCL,112,3B,Third Base,3B,33,439,180,209,1,4,0.305,45,4,11,56,1744,3.973,0.089,0.24800000000000003,0.039,0.358,0.20700000000000002,4,0,63,808,215,287,20,24,81,27,0,45,27,106,107,62,26,2,17,109,39,0,99,0.253,391,0.324,0.46,0.7839999999999999,5,7,0.583,0.41700000000000004,11,80,0.76,0,23,2023,112,Pacific Coast League,Triple-A,642220-2023-112
2023,656695,J.J. Matijevic,player,19,J.J. Matijevic,Joseph,Matijevic,J.J.,J Matijevic,5434,SUG,Sugar Land Space Cowboys,Space Cowboys,PCL,112,1B,First Base,1B,27,495,192,193,0,3,0.3,48,3,12,71,1977,3.9939999999999998,0.109,0.24600000000000002,0.032,0.443,0.198,2,2,73,895,243,316,5,26,106,28,0,57,21,118,104,66,26,6,16,122,54,0,106,0.24400000000000002,435,0.329,0.441,0.77,1,8,0.889,0.111,12,76,1.02,0,27.19,2023,112,Pacific Coast League,Triple-A,656695-2023-112
2023,677941,Jordyn Adams,player,20,Jordyn Adams,Jordyn,Adams,Jordyn,J Adams,561,SL,Salt Lake Bees,Bees,PCL,112,CF,Outfielder,CF,23,480,193,187,2,6,0.352,46,4,5,55,1826,3.804,0.11,0.277,0.031,0.398,0.198,6,1,53,836,275,290,15,24,87,27,0,48,36,109,92,74,25,6,15,133,53,0,111,0.267,415,0.351,0.465,0.8160000000000001,5,44,0.898,0.10200000000000001,5,67,0.9500000000000001,0,27.67,2023,112,Pacific Coast League,Triple-A,677941-2023-112
2023,676632,Bligh Madris,player,20,Bligh Madris,Bligh,Madris,Bligh,B Madris,5434,SUG,Sugar Land Space Cowboys,Space Cowboys,PCL,112,RF,Outfielder,OF,27,456,156,184,2,6,0.29100000000000004,31,2,3,60,1879,4.1209999999999996,0.14700000000000002,0.252,0.033,0.583,0.17700000000000002,5,2,68,825,232,271,12,19,83,22,0,40,27,100,99,61,10,6,15,115,67,2,89,0.23500000000000001,378,0.349,0.41300000000000003,0.762,6,12,0.6669999999999999,0.33299999999999996,3,53,0.8400000000000001,1,25.2,2023,112,Pacific Coast League,Triple-A,676632-2023-112
2023,668845,Aaron Schunk,player,22,Aaron Schunk,Aaron,Schunk,Aaron,A Schunk,342,ABQ,Albuquerque Isotopes,Isotopes,PCL,112,3B,Third Base,SS,25,508,211,245,0,5,0.364,44,1,12,81,1857,3.6559999999999997,0.08700000000000001,0.24000000000000002,0.028,0.361,0.17,5,0,57,1037,295,341,25,32,94,21,1,74,37,116,114,71,24,6,14,122,44,2,133,0.29000000000000004,458,0.35,0.461,0.811,7,12,0.632,0.368,12,77,0.8200000000000001,0,32.71,2023,112,Pacific Coast League,Triple-A,668845-2023-112
2023,678489,Jorge Barrosa,player,23,Jorge Barrosa,Jorge,Barrosa,Jorge,J Barrosa,2310,RNO,Reno Aces,Aces,PCL,112,CF,Outfielder,CF,22,502,188,215,4,3,0.313,41,3,9,77,2053,4.09,0.15900000000000003,0.163,0.026000000000000002,0.976,0.182,3,0,67,856,192,337,21,23,113,23,1,52,37,120,111,91,20,8,13,82,80,0,113,0.274,412,0.394,0.456,0.8500000000000001,7,15,0.6819999999999999,0.318,9,65,1.02,0,31.69,2023,112,Pacific Coast League,Triple-A,678489-2023-112
2023,621005,Tim Lopes,player,23,Tim Lopes,Timothy,Lopes,Tim,T Lopes,4904,ELP,El Paso Chihuahuas,Chihuahuas,PCL,112,2B,Second Base,2B,29,550,200,229,0,1,0.356,38,2,16,73,2211,4.02,0.131,0.224,0.024,0.585,0.139,5,1,55,1000,289,353,11,41,112,32,1,61,40,121,107,88,23,2,13,123,72,0,134,0.28200000000000003,475,0.378,0.42100000000000004,0.7989999999999999,8,42,0.8400000000000001,0.16,16,56,1.05,0,36.54,2023,112,Pacific Coast League,Triple-A,621005-2023-112
2023,656821,Kevin Padlo,player,23,Kevin Padlo,Kevin,Padlo,Kevin,K Padlo,561,SL,Salt Lake Bees,Bees,PCL,112,3B,Third Base,3B,26,406,150,147,0,4,0.327,37,2,5,45,1586,3.9059999999999997,0.165,0.24100000000000002,0.032,0.6839999999999999,0.189,1,1,56,650,191,239,23,16,57,19,0,46,22,92,95,61,24,0,13,98,67,1,87,0.261,333,0.384,0.45,0.8340000000000001,4,9,0.692,0.308,5,50,0.6,0,25.62,2023,112,Pacific Coast League,Triple-A,656821-2023-112
2023,676946,Matthew Batten,player,26,Matthew Batten,Matthew,Batten,Matthew,M Batten,4904,ELP,El Paso Chihuahuas,Chihuahuas,PCL,112,SS,Shortstop,2B,28,413,141,168,0,2,0.29100000000000004,33,3,4,51,1689,4.09,0.133,0.24000000000000002,0.028999999999999998,0.556,0.164,3,0,45,649,141,256,26,23,79,16,1,40,26,86,94,71,20,1,12,99,55,0,83,0.23500000000000001,353,0.34099999999999997,0.399,0.74,4,27,0.8710000000000001,0.129,4,50,0.8400000000000001,0,29.419999999999998,2023,112,Pacific Coast League,Triple-A,676946-2023-112
2023,670128,Taylor Kohlwey,player,26,Taylor Kohlwey,Taylor,Kohlwey,Taylor,T Kohlwey,4904,ELP,El Paso Chihuahuas,Chihuahuas,PCL,112,LF,Outfielder,LF,28,518,187,208,0,5,0.316,43,8,10,70,2190,4.228,0.14500000000000002,0.166,0.023,0.8720000000000001,0.161,8,1,65,881,137,347,20,26,118,26,1,59,32,124,111,71,29,2,12,86,75,1,118,0.276,428,0.39,0.43700000000000006,0.8270000000000001,5,15,0.75,0.25,10,73,1.06,2,35.67,2023,112,Pacific Coast League,Triple-A,670128-2023-112
2023,682183,Drew Avans,player,28,Drew Avans,Drew,Avans,Drew,D Avans,238,OKC,Oklahoma City Dodgers,Dodgers,PCL,112,CF,Outfielder,LF,27,596,193,243,1,5,0.319,40,5,8,65,2369,3.9749999999999996,0.129,0.221,0.018000000000000002,0.583,0.126,4,0,83,1016,235,382,15,26,129,26,1,58,44,129,124,95,27,2,11,132,77,0,129,0.254,508,0.355,0.38,0.735,8,23,0.742,0.258,8,58,1.04,0,46.18,2023,112,Pacific Coast League,Triple-A,682183-2023-112
2023,595943,Phillip Evans,player,28,Phillip Evans,Phillip,Evans,Phillip,P Evans,2310,RNO,Reno Aces,Aces,PCL,112,3B,Third Base,3B,30,590,211,237,0,9,0.344,37,8,18,116,2217,3.758,0.15600000000000003,0.127,0.019,1.2269999999999999,0.127,2,0,58,887,170,415,33,37,137,22,1,69,58,128,128,107,24,2,11,75,92,4,150,0.312,481,0.42400000000000004,0.43900000000000006,0.8630000000000001,2,2,0.5,0.5,18,88,1.07,0,43.730000000000004,2023,112,Pacific Coast League,Triple-A,595943-2023-112
2023,680474,Max Schuemann,player,30,Max Schuemann,Maxwell,Schuemann,Max,M Schuemann,400,LV,Las Vegas Aviators,Aviators,PCL,112,CF,Outfielder,LF,26,433,150,154,3,4,0.34099999999999997,31,14,7,49,1763,4.072,0.14300000000000002,0.201,0.021,0.713,0.15100000000000002,7,0,51,684,166,270,10,23,89,20,0,43,34,103,84,88,18,4,9,87,62,1,97,0.277,350,0.402,0.42900000000000005,0.8310000000000001,9,20,0.69,0.31,7,43,1.06,0,38.89,2023,112,Pacific Coast League,Triple-A,680474-2023-112
2023,669450,Cooper Hummel,player,31,Cooper Hummel,Cooper,Hummel,Cooper,C Hummel,529,TAC,Tacoma Rainiers,Rainiers,PCL,112,1B,First Base,LF,28,455,158,175,0,1,0.348,41,9,5,51,1854,4.075,0.18,0.233,0.018000000000000002,0.774,0.17400000000000002,0,0,55,758,218,258,15,19,74,16,0,51,28,104,89,71,27,6,8,106,82,0,95,0.262,363,0.40900000000000003,0.43500000000000005,0.8440000000000001,6,26,0.8130000000000001,0.188,5,47,0.8300000000000001,0,45.379999999999995,2023,112,Pacific Coast League,Triple-A,669450-2023-112
2023,680716,Jonathan Ornelas,player,31,Jonathan Ornelas,Jonathan,Ornelas,Jonathan,J Ornelas,102,RR,Round Rock Express,Express,PCL,112,SS,Shortstop,SS,23,517,156,205,1,2,0.33199999999999996,28,6,10,58,2146,4.151,0.14300000000000002,0.234,0.015,0.612,0.10600000000000001,2,1,45,795,205,316,19,11,131,14,1,45,50,114,75,78,18,2,8,121,74,0,110,0.253,434,0.368,0.359,0.727,1,15,0.9380000000000001,0.063,10,52,1.75,0,54.25,2023,112,Pacific Coast League,Triple-A,680716-2023-112
2023,667663,Hunter Stovall,player,31,Hunter Stovall,Hunter,Stovall,Hunter,H Stovall,342,ABQ,Albuquerque Isotopes,Isotopes,PCL,112,2B,Second Base,2B,26,432,157,169,2,3,0.311,30,3,17,69,1542,3.569,0.09,0.14400000000000002,0.019,0.629,0.13,11,1,61,732,160,328,20,28,112,17,0,49,41,106,109,72,18,4,8,62,39,0,107,0.278,385,0.347,0.40800000000000003,0.755,6,15,0.714,0.28600000000000003,17,51,1.03,0,48.120000000000005,2023,112,Pacific Coast League,Triple-A,667663-2023-112
2023,671083,Buddy Kennedy,player,34,Buddy Kennedy,Clifton,Kennedy,Buddy,B Kennedy,400,LV,Las Vegas Aviators,Aviators,PCL,112,1B,First Base,1B,24,463,170,164,0,4,0.377,37,9,12,74,1793,3.8729999999999998,0.164,0.17500000000000002,0.011,0.9380000000000001,0.14700000000000002,5,0,58,670,118,297,13,33,78,16,1,63,35,101,104,82,24,8,5,81,76,2,115,0.307,374,0.43200000000000005,0.455,0.887,3,3,0.5,0.5,12,50,0.75,0,74.8,2023,112,Pacific Coast League,Triple-A,671083-2023-112
2023,683021,Michael Stefanic,player,34,Michael Stefanic,Michael,Stefanic,Michael,M Stefanic,561,SL,Salt Lake Bees,Bees,PCL,112,2B,Second Base,2B,27,455,178,135,1,2,0.388,27,11,12,72,1710,3.758,0.132,0.07300000000000001,0.011,1.818,0.10200000000000001,4,2,68,673,45,351,18,26,100,11,0,77,51,99,112,67,20,2,5,33,60,0,139,0.365,381,0.463,0.467,0.93,7,8,0.533,0.467,12,62,0.89,0,76.2,2023,112,Pacific Coast League,Triple-A,683021-2023-112
2023,660634,Yonny Hernández,player,36,Yonny Hernández,Yonny,Hernández,Yonny,Y Hernández,238,OKC,Oklahoma City Dodgers,Dodgers,PCL,112,SS,Shortstop,SS,25,407,110,158,2,4,0.32,19,4,9,55,1624,3.9899999999999998,0.184,0.199,0.01,0.926,0.09,2,0,39,652,136,247,6,30,91,14,1,38,28,93,75,72,13,2,4,81,75,1,81,0.252,322,0.395,0.34199999999999997,0.737,12,17,0.586,0.41400000000000003,9,34,1.21,0,80.5,2023,112,Pacific Coast League,Triple-A,660634-2023-112
2023,660636,Diego Castillo,player,37,Diego Castillo,Diego,Castillo,Diego,D Castillo,2310,RNO,Reno Aces,Aces,PCL,112,LF,Outfielder,SS,25,556,186,229,1,4,0.37,37,0,13,89,2400,4.316999999999999,0.17400000000000002,0.14200000000000002,0.005,1.228,0.097,5,0,63,840,152,380,19,22,134,21,0,71,49,124,104,94,33,1,3,79,97,1,142,0.313,454,0.43100000000000005,0.41000000000000003,0.8410000000000001,10,13,0.5650000000000001,0.43500000000000005,13,72,1.29,0,151.33,2023,112,Pacific Coast League,Triple-A,660636-2023-112
2023,687749,Jase Bowen,player,1,Jase Bowen,Jase,Bowen,Jase,J Bowen,477,GBO,Greensboro Grasshoppers,Grasshoppers,SAL,116,CF,Outfielder,RF,22,493,204,202,3,4,0.302,42,16,3,69,1782,3.6149999999999998,0.07100000000000001,0.24500000000000002,0.047,0.28900000000000003,0.21100000000000002,6,0,69,901,269,321,27,25,88,25,3,51,33,110,121,80,15,4,23,121,35,0,112,0.257,435,0.33299999999999996,0.46900000000000003,0.802,5,24,0.8280000000000001,0.17200000000000001,3,88,0.73,0,18.91,2023,116,South Atlantic League,High-A,687749-2023-116
2023,681679,Stanley Consuegra,player,1,Stanley Consuegra,Stanley,Consuegra,Stanley,S Consuegra,453,BRK,Brooklyn Cyclones,Cyclones,SAL,116,RF,Outfielder,OF,22,394,175,184,0,3,0.262,42,4,6,45,1413,3.586,0.07400000000000001,0.277,0.058,0.266,0.257,11,0,35,737,239,252,37,10,87,24,0,35,24,93,82,52,15,4,23,109,29,0,83,0.232,358,0.29400000000000004,0.48900000000000005,0.7829999999999999,2,6,0.75,0.25,6,63,1.06,0,15.56,2023,116,South Atlantic League,High-A,681679-2023-116
2023,700246,Carson Williams,player,1,Carson Williams,Carson,Williams,Carson,C Williams,2498,BG,Bowling Green Hot Rods,Hot Rods,SAL,116,SS,Shortstop,SS,20,462,203,187,0,1,0.34099999999999997,48,7,7,52,1870,4.048,0.115,0.318,0.05,0.361,0.252,5,1,50,826,262,255,17,19,67,33,0,42,27,105,86,69,18,7,23,147,53,0,102,0.254,401,0.351,0.506,0.8570000000000001,9,17,0.654,0.346,7,77,0.7799999999999999,0,17.439999999999998,2023,116,South Atlantic League,High-A,700246-2023-116
2023,691775,Ryan Clifford,player,4,Ryan Clifford,Ryan,Clifford,Ryan,R Clifford,453,BRK,Brooklyn Cyclones,Cyclones,SAL,116,1B,First Base,1B,19,390,161,154,0,7,0.28600000000000003,37,13,5,50,1624,4.163999999999999,0.1,0.29000000000000004,0.056,0.345,0.24500000000000002,4,1,47,735,208,225,23,12,63,31,0,22,27,90,82,48,15,0,22,113,39,0,80,0.24200000000000002,331,0.33799999999999997,0.48600000000000004,0.8240000000000001,1,2,0.6669999999999999,0.33299999999999996,5,66,0.77,0,15.04,2023,116,South Atlantic League,High-A,691775-2023-116
2023,687554,DJ Gladney,player,5,DJ Gladney,Damon,Gladney,DJ,D Gladney,580,WS,Winston-Salem Dash,Dash,SAL,116,LF,Outfielder,OF,21,409,174,191,0,2,0.29800000000000004,41,8,8,56,1501,3.67,0.066,0.279,0.046,0.23700000000000002,0.232,14,3,54,881,312,254,12,14,85,25,0,35,29,96,80,59,16,6,19,114,27,0,89,0.24300000000000002,366,0.308,0.47500000000000003,0.7829999999999999,2,12,0.8570000000000001,0.14300000000000002,8,63,1.06,6,19.259999999999998,2023,116,South Atlantic League,High-A,687554-2023-116
2023,689200,Jacob Melton,player,6,Jacob Melton,Jacob,Melton,Jacob,J Melton,573,ASH,Asheville Tourists,Tourists,SAL,116,CF,Outfielder,LF,22,394,156,135,0,0,0.272,35,1,8,43,1489,3.779,0.12200000000000001,0.21100000000000002,0.046,0.5780000000000001,0.20900000000000002,8,1,52,737,183,261,30,11,84,26,1,24,33,86,93,73,16,1,18,83,48,0,84,0.24400000000000002,344,0.33799999999999997,0.453,0.7909999999999999,7,41,0.8540000000000001,0.14600000000000002,8,42,0.9,1,19.110000000000003,2023,116,South Atlantic League,High-A,689200-2023-116
2023,678010,Nick Schnell,player,7,Nick Schnell,Nicholas,Schnell,Nick,N Schnell,2498,BG,Bowling Green Hot Rods,Hot Rods,SAL,116,RF,Outfielder,RF,23,391,149,159,1,8,0.311,37,0,2,38,1578,4.0360000000000005,0.11,0.345,0.041,0.319,0.21200000000000002,2,0,50,833,338,213,9,18,59,25,1,32,19,103,77,66,18,3,16,135,43,0,77,0.227,339,0.308,0.44,0.748,1,4,0.8,0.2,2,55,0.77,0,21.19,2023,116,South Atlantic League,High-A,678010-2023-116
2023,691938,Willy Vasquez,player,7,Willy Vasquez,Willy,Vasquez,Willy,W Vasquez,2498,BG,Bowling Green Hot Rods,Hot Rods,SAL,116,3B,Third Base,3B,21,472,165,209,1,3,0.275,31,2,10,65,1741,3.689,0.097,0.231,0.034,0.42200000000000004,0.16,6,0,45,862,272,315,29,16,127,22,0,36,40,114,90,53,11,4,16,109,46,0,98,0.233,420,0.31,0.393,0.703,9,17,0.654,0.346,10,62,1.41,0,26.25,2023,116,South Atlantic League,High-A,691938-2023-116
2023,677342,Brock Jones,player,9,Brock Jones,Brock,Jones,Brock,B Jones,2498,BG,Bowling Green Hot Rods,Hot Rods,SAL,116,CF,Outfielder,OF,22,372,131,160,0,3,0.268,33,3,7,53,1475,3.965,0.129,0.33099999999999996,0.04,0.39,0.21100000000000002,1,0,53,694,278,198,21,8,52,20,1,22,21,85,82,49,14,4,15,123,48,0,64,0.201,318,0.309,0.41200000000000003,0.721,7,10,0.588,0.41200000000000003,7,49,0.63,0,21.2,2023,116,South Atlantic League,High-A,677342-2023-116
2023,678534,Rixon Wingrove,player,9,Rixon Wingrove,Rixon,Wingrove,Rixon,R Wingrove,427,JS,Jersey Shore BlueClaws,BlueClaws,SAL,116,1B,First Base,1B,23,418,159,178,0,2,0.326,37,9,8,44,1620,3.8759999999999994,0.098,0.29400000000000004,0.036,0.33299999999999996,0.189,4,2,30,835,336,245,14,11,100,24,1,30,35,101,55,47,20,2,15,123,41,0,90,0.24600000000000002,366,0.33499999999999996,0.43400000000000005,0.769,3,6,0.6669999999999999,0.33299999999999996,8,63,1.82,0,24.4,2023,116,South Atlantic League,High-A,678534-2023-116
2023,686948,Drake Baldwin,player,11,Drake Baldwin,Drake,Baldwin,Drake,D Baldwin,432,ROM,Rome Braves,Braves,SAL,116,C,Catcher,C,22,405,156,159,0,1,0.307,40,8,7,51,1599,3.948,0.15100000000000002,0.20700000000000002,0.034999999999999996,0.726,0.20600000000000002,2,0,55,705,187,252,15,7,88,27,0,36,24,92,77,57,25,1,14,84,61,1,87,0.26,335,0.385,0.466,0.8510000000000001,0,0,,,7,54,1.1400000000000001,0,23.93,2023,116,South Atlantic League,High-A,686948-2023-116
2023,681333,Dru Baker,player,12,Dru Baker,Dru,Baker,Dru,Dr Baker,2498,BG,Bowling Green Hot Rods,Hot Rods,SAL,116,RF,Outfielder,CF,23,377,160,104,1,1,0.382,29,9,4,40,1433,3.8009999999999997,0.10600000000000001,0.228,0.034,0.465,0.184,10,0,35,639,169,242,21,7,79,21,0,31,48,90,63,58,11,5,13,86,40,0,100,0.307,326,0.396,0.491,0.887,3,38,0.927,0.07300000000000001,4,39,1.25,0,25.08,2023,116,South Atlantic League,High-A,681333-2023-116
2023,681488,Logan Cerny,player,12,Logan Cerny,Logan,Cerny,Logan,L Cerny,573,ASH,Asheville Tourists,Tourists,SAL,116,CF,Outfielder,OF,23,360,122,118,0,3,0.317,24,5,5,34,1451,4.031000000000001,0.08600000000000001,0.356,0.036,0.24200000000000002,0.15900000000000003,5,1,51,645,238,196,20,9,45,16,0,23,32,84,80,50,10,1,13,128,31,0,71,0.221,321,0.29700000000000004,0.38,0.6769999999999999,4,20,0.8330000000000001,0.167,5,42,0.56,0,24.69,2023,116,South Atlantic League,High-A,681488-2023-116
2023,682987,Spencer Jones,player,12,Spencer Jones,Spencer,Jones,Spencer,S Jones,537,HV,Hudson Valley Renegades,Renegades,SAL,116,CF,Outfielder,CF,22,459,185,158,0,2,0.363,45,2,5,48,1853,4.037,0.092,0.29000000000000004,0.028,0.316,0.182,6,1,47,869,255,280,7,15,101,20,0,59,31,100,69,62,28,4,13,133,42,0,110,0.268,411,0.33699999999999997,0.45,0.7869999999999999,9,35,0.7949999999999999,0.20500000000000002,5,56,1.46,2,31.62,2023,116,South Atlantic League,High-A,682987-2023-116
2023,700845,Adam Zebrowski,player,12,Adam Zebrowski,Adam,Zebrowski,Adam,A Zebrowski,432,ROM,Rome Braves,Braves,SAL,116,C,Catcher,C,22,381,124,183,0,1,0.271,30,6,8,47,1571,4.122999999999999,0.115,0.312,0.034,0.37,0.17300000000000001,5,0,40,696,251,212,19,6,80,22,1,29,15,95,65,33,16,1,13,119,44,0,67,0.203,330,0.307,0.376,0.6829999999999999,0,1,1,0,8,38,1.23,0,25.38,2023,116,South Atlantic League,High-A,700845-2023-116
2023,683227,Cody Freeman,player,16,Cody Freeman,Cody,Freeman,Cody,C Freeman,448,HIC,Hickory Crawdads,Crawdads,SAL,116,C,Catcher,3B,22,388,140,163,0,5,0.259,32,5,7,59,1496,3.8559999999999994,0.08,0.18,0.031,0.443,0.167,6,3,58,695,152,282,21,19,102,20,0,33,29,94,98,52,18,2,12,70,31,0,82,0.23600000000000002,347,0.304,0.403,0.707,1,6,0.8570000000000001,0.14300000000000002,7,55,1.04,0,28.919999999999998,2023,116,South Atlantic League,High-A,683227-2023-116
2023,682796,Eddinson Paulino,player,16,Eddinson Paulino,Eddinson,Paulino,Eddinson,E Paulino,428,GVL,Greenville Drive,Drive,SAL,116,SS,Shortstop,3B,20,500,185,198,0,4,0.317,44,6,6,63,1961,3.9219999999999997,0.1,0.226,0.024,0.442,0.164,2,1,62,882,267,331,23,14,119,30,1,46,36,115,99,68,28,4,12,113,50,0,113,0.257,440,0.33799999999999997,0.42000000000000004,0.758,8,26,0.765,0.23500000000000001,6,58,1.2,0,36.67,2023,116,South Atlantic League,High-A,682796-2023-116
2023,690474,Tommy Sacco Jr.,player,16,Tommy Sacco Jr.,Thomas,Sacco,Tommy,T Sacco Jr.,573,ASH,Asheville Tourists,Tourists,SAL,116,SS,Shortstop,SS,24,418,132,172,0,2,0.28200000000000003,29,4,7,46,1736,4.153,0.15800000000000003,0.24400000000000002,0.028999999999999998,0.647,0.15600000000000003,4,0,59,696,190,246,27,14,68,29,1,23,25,104,100,49,16,1,12,102,66,0,78,0.225,346,0.354,0.382,0.736,8,16,0.6669999999999999,0.33299999999999996,7,47,0.6799999999999999,0,28.830000000000002,2023,116,South Atlantic League,High-A,690474-2023-116
2023,691185,Maximo Acosta,player,19,Maximo Acosta,Maximo,Acosta,Maximo,M Acosta,448,HIC,Hickory Crawdads,Crawdads,SAL,116,SS,Shortstop,SS,20,473,168,179,2,5,0.311,33,2,9,68,1692,3.577,0.07,0.21100000000000002,0.023,0.32999999999999996,0.13,10,0,65,871,224,338,19,25,117,20,0,54,38,110,109,69,21,1,11,100,33,0,112,0.26,431,0.312,0.39,0.702,8,26,0.765,0.23500000000000001,9,60,1.07,0,39.18,2023,116,South Atlantic League,High-A,691185-2023-116
2023,680874,Tim Borden II,player,19,Tim Borden II,Timothy,Borden,Tim,T Borden II,573,ASH,Asheville Tourists,Tourists,SAL,116,3B,Third Base,SS,23,412,141,163,0,2,0.377,29,22,8,37,1543,3.745,0.058,0.359,0.027,0.162,0.14300000000000002,5,0,42,742,279,218,11,8,68,25,0,35,29,100,61,45,17,1,11,148,24,0,89,0.24500000000000002,364,0.328,0.387,0.715,3,7,0.7,0.3,8,49,1.11,0,33.09,2023,116,South Atlantic League,High-A,680874-2023-116
2023,682793,Bryan Gonzalez,player,19,Bryan Gonzalez,Bryan,Gonzalez,Bryan,B Gonzalez,428,GVL,Greenville Drive,Drive,SAL,116,RF,Outfielder,OF,21,448,165,187,0,1,0.369,33,4,8,61,1625,3.6270000000000002,0.07800000000000001,0.33299999999999996,0.025,0.23500000000000001,0.15200000000000002,9,2,35,850,374,260,26,9,87,25,0,35,43,110,70,68,15,7,11,149,35,1,103,0.252,408,0.317,0.404,0.721,8,15,0.652,0.348,8,56,1.24,0,37.09,2023,116,South Atlantic League,High-A,682793-2023-116
2023,683493,William Lugo,player,19,William Lugo,William,Lugo,William,W Lugo,453,BRK,Brooklyn Cyclones,Cyclones,SAL,116,3B,Third Base,SS,21,437,148,195,0,6,0.279,32,7,5,72,1700,3.8899999999999997,0.092,0.21100000000000002,0.025,0.43500000000000005,0.14800000000000002,3,0,71,823,242,298,40,13,83,22,0,41,28,106,124,41,18,3,11,92,40,0,91,0.23700000000000002,384,0.316,0.385,0.701,4,7,0.636,0.364,5,53,0.6699999999999999,0,34.91,2023,116,South Atlantic League,High-A,683493-2023-116
2023,691006,Kevin Parada,player,19,Kevin Parada,Kevin,Parada,Kevin,K Parada,453,BRK,Brooklyn Cyclones,Cyclones,SAL,116,C,Catcher,C,21,382,152,151,0,2,0.33599999999999997,36,10,5,50,1394,3.649,0.079,0.251,0.028999999999999998,0.313,0.182,5,1,58,749,257,246,32,9,57,18,1,44,27,87,99,44,21,4,11,96,30,0,90,0.265,340,0.33999999999999997,0.447,0.7869999999999999,2,1,0.33299999999999996,0.6669999999999999,5,42,0.58,0,30.91,2023,116,South Atlantic League,High-A,691006-2023-116
2023,691442,Wilfred Veras,player,19,Wilfred Veras,Wilfred,Veras,Wilfred,W Veras,580,WS,Winston-Salem Dash,Dash,SAL,116,RF,Outfielder,OF,20,402,163,198,0,6,0.346,37,4,10,54,1419,3.53,0.05,0.251,0.027,0.198,0.161,4,1,42,849,284,277,7,10,115,29,0,36,38,92,59,52,25,1,11,101,20,2,103,0.277,372,0.316,0.43800000000000006,0.754,7,18,0.72,0.28,10,63,1.95,0,33.82,2023,116,South Atlantic League,High-A,691442-2023-116
2023,703070,Loidel Chapelli,player,25,Loidel Chapelli,Loidel,Chapelli,Loidel,L Chapelli,580,WS,Winston-Salem Dash,Dash,SAL,116,2B,Second Base,OF,21,466,162,188,0,4,0.32999999999999996,36,7,1,56,1875,4.023999999999999,0.131,0.24700000000000003,0.021,0.53,0.15700000000000003,1,1,78,843,250,283,18,20,67,25,1,49,25,106,116,73,20,6,10,115,61,0,100,0.254,394,0.361,0.41100000000000003,0.772,6,26,0.8130000000000001,0.188,1,57,0.58,0,39.4,2023,116,South Atlantic League,High-A,703070-2023-116
2023,701496,Ben Cowles,player,25,Ben Cowles,Benjamin,Cowles,Ben,B Cowles,537,HV,Hudson Valley Renegades,Renegades,SAL,116,2B,Second Base,3B,23,444,147,170,0,7,0.34099999999999997,30,8,9,61,1728,3.8919999999999995,0.12400000000000001,0.275,0.023,0.451,0.139,6,1,72,765,227,259,12,12,68,25,0,47,23,106,96,62,18,2,10,122,55,0,95,0.254,374,0.356,0.393,0.749,4,23,0.8520000000000001,0.14800000000000002,9,41,0.71,0,37.4,2023,116,South Atlantic League,High-A,701496-2023-116
2023,686863,Daniel Mateo,player,25,Daniel Mateo,Daniel,Mateo,Daniel,D Mateo,448,HIC,Hickory Crawdads,Crawdads,SAL,116,CF,Outfielder,CF,21,452,176,178,1,6,0.312,35,3,11,60,1490,3.296,0.02,0.226,0.022,0.088,0.14800000000000002,9,0,51,936,309,338,29,15,131,15,0,49,48,110,95,51,16,9,10,102,9,0,112,0.259,433,0.275,0.406,0.6809999999999999,13,30,0.698,0.302,11,56,1.3800000000000001,0,43.3,2023,116,South Atlantic League,High-A,686863-2023-116
2023,694484,Max Wagner,player,25,Max Wagner,Maxwell,Wagner,Max,M Wagner,488,ABD,Aberdeen IronBirds,IronBirds,SAL,116,3B,Third Base,3B,21,360,120,109,0,3,0.29700000000000004,27,7,4,28,1419,3.9419999999999997,0.14200000000000002,0.25,0.028,0.5670000000000001,0.167,5,0,43,595,194,212,23,7,69,16,1,24,29,80,73,60,14,3,10,90,51,0,70,0.234,299,0.356,0.401,0.757,5,26,0.8390000000000001,0.161,4,36,0.9500000000000001,0,29.9,2023,116,South Atlantic League,High-A,694484-2023-116
2023,687637,Dylan Beavers,player,29,Dylan Beavers,Dylan,Beavers,Dylan,D Beavers,488,ABD,Aberdeen IronBirds,IronBirds,SAL,116,RF,Outfielder,RF,21,369,144,172,0,7,0.33799999999999997,38,1,3,52,1516,4.108,0.136,0.228,0.024,0.595,0.19,1,1,56,640,128,234,15,13,65,18,5,47,15,85,84,46,26,3,9,84,50,2,85,0.273,311,0.369,0.463,0.8320000000000001,6,22,0.7859999999999999,0.21400000000000002,3,48,0.77,0,34.56,2023,116,South Atlantic League,High-A,687637-2023-116
2023,682011,Tyler Miller,player,29,Tyler Miller,Christopher,Miller,Tyler,T Miller,428,GVL,Greenville Drive,Drive,SAL,116,1B,First Base,1B,23,371,143,165,0,4,0.328,33,3,5,54,1344,3.623,0.067,0.24300000000000002,0.024,0.278,0.15900000000000003,8,0,59,799,258,253,16,9,80,20,2,32,35,91,84,50,21,3,9,90,25,1,89,0.263,339,0.315,0.42200000000000004,0.737,6,19,0.76,0.24000000000000002,5,51,0.9500000000000001,0,37.67,2023,116,South Atlantic League,High-A,682011-2023-116
2023,687248,Keshawn Ogans,player,29,Keshawn Ogans,Keshawn,Ogans,Keshawn,K Ogans,432,ROM,Rome Braves,Braves,SAL,116,3B,Third Base,SS,21,454,154,173,1,5,0.316,32,14,8,56,1777,3.9139999999999997,0.101,0.192,0.02,0.529,0.131,5,1,73,837,216,307,31,20,80,31,0,37,35,113,124,43,22,1,9,87,46,0,103,0.265,388,0.36,0.397,0.757,8,10,0.556,0.444,8,67,0.65,0,43.11,2023,116,South Atlantic League,High-A,687248-2023-116
2023,683610,Leandro Pineda,player,29,Leandro Pineda,Leandro,Pineda,Leandro,L Pineda,427,JS,Jersey Shore BlueClaws,BlueClaws,SAL,116,RF,Outfielder,OF,21,431,143,186,0,5,0.307,32,8,5,48,1692,3.9259999999999997,0.111,0.23700000000000002,0.021,0.47100000000000003,0.14300000000000002,3,0,59,794,243,273,15,11,98,23,0,31,36,107,85,52,20,3,9,102,48,2,90,0.24300000000000002,370,0.33899999999999997,0.386,0.725,2,6,0.75,0.25,5,67,1.1500000000000001,0,41.11,2023,116,South Atlantic League,High-A,683610-2023-116
2023,687545,Blake Robertson,player,29,Blake Robertson,Blake,Robertson,Blake,B Robertson,2498,BG,Bowling Green Hot Rods,Hot Rods,SAL,116,1B,First Base,1B,22,365,134,168,0,0,0.373,25,6,9,48,1578,4.3229999999999995,0.118,0.26,0.025,0.453,0.14600000000000002,0,1,35,727,219,221,7,7,84,22,0,37,29,98,49,57,13,3,9,95,43,0,88,0.278,316,0.375,0.42400000000000004,0.7989999999999999,1,1,0.5,0.5,9,42,1.71,0,35.11,2023,116,South Atlantic League,High-A,687545-2023-116
2023,686445,Sammy Siani,player,29,Sammy Siani,Samuel,Siani,Sammy,S Siani,477,GBO,Greensboro Grasshoppers,Grasshoppers,SAL,116,RF,Outfielder,CF,22,398,123,131,3,2,0.33699999999999997,26,4,3,49,1519,3.8169999999999997,0.128,0.317,0.023,0.405,0.133,6,0,34,711,253,217,6,11,88,17,1,42,18,99,51,56,16,1,9,126,51,0,78,0.231,338,0.33699999999999997,0.364,0.701,8,16,0.6669999999999999,0.33299999999999996,3,48,1.73,0,37.56,2023,116,South Atlantic League,High-A,686445-2023-116
2023,683061,Alexander Vargas,player,29,Alexander Vargas,Alexander,Vargas,Alexander,A Vargas,537,HV,Hudson Valley Renegades,Renegades,SAL,116,SS,Shortstop,SS,21,447,143,183,0,4,0.259,33,1,4,45,1581,3.537,0.054000000000000006,0.26,0.02,0.20700000000000002,0.136,8,1,90,914,271,306,39,13,78,16,0,46,24,103,142,56,18,6,9,116,24,0,86,0.20600000000000002,418,0.24800000000000003,0.34199999999999997,0.59,6,16,0.727,0.273,4,53,0.55,0,46.44,2023,116,South Atlantic League,High-A,683061-2023-116
2023,804668,Rafael Flores Jr.,player,36,Rafael Flores Jr.,Rafael,Flores,Rafael,R Flores Jr.,537,HV,Hudson Valley Renegades,Renegades,SAL,116,1B,First Base,C,22,434,140,170,0,1,0.34099999999999997,24,2,10,44,1793,4.131,0.113,0.24900000000000003,0.018000000000000002,0.454,0.10700000000000001,10,0,53,754,222,275,17,7,99,14,0,60,25,105,77,49,15,1,8,108,49,1,99,0.259,382,0.346,0.366,0.712,1,3,0.75,0.25,10,41,1.29,0,47.75,2023,116,South Atlantic League,High-A,804668-2023-116
2023,687206,Tres Gonzalez,player,36,Tres Gonzalez,Eduardo,Gonzalez,Tres,T Gonzalez,477,GBO,Greensboro Grasshoppers,Grasshoppers,SAL,116,CF,Outfielder,OF,22,449,147,125,7,4,0.349,26,7,3,47,1836,4.089,0.14500000000000002,0.187,0.018000000000000002,0.774,0.115,8,0,45,695,135,293,8,15,120,13,0,49,43,94,68,73,18,0,8,84,65,0,105,0.28700000000000003,366,0.4,0.402,0.802,8,22,0.733,0.267,3,46,1.76,0,45.75,2023,116,South Atlantic League,High-A,687206-2023-116
2023,700361,Shawn Goosenberg,player,36,Shawn Goosenberg,Shawn,Goosenberg,Shawn,S Goosenberg,580,WS,Winston-Salem Dash,Dash,SAL,116,1B,First Base,SS,23,421,140,158,0,4,0.325,27,9,5,66,1696,4.029,0.114,0.21600000000000003,0.019,0.527,0.128,4,0,65,773,184,273,32,15,67,15,0,42,37,101,112,60,16,3,8,91,48,0,94,0.261,360,0.359,0.389,0.748,6,32,0.8420000000000001,0.15800000000000003,5,47,0.6,0,45,2023,116,South Atlantic League,High-A,700361-2023-116
2023,695770,Wes Kath,player,36,Wes Kath,Weston,Kath,Wes,W Kath,580,WS,Winston-Salem Dash,Dash,SAL,116,3B,Third Base,3B,20,389,108,200,0,2,0.34099999999999997,23,3,5,30,1544,3.969,0.095,0.43200000000000005,0.021,0.22,0.118,5,0,40,838,404,181,9,8,57,14,0,31,22,95,57,44,13,2,8,168,37,0,67,0.193,347,0.275,0.311,0.586,0,7,1,0,5,31,1,0,43.379999999999995,2023,116,South Atlantic League,High-A,695770-2023-116
2023,686984,Marcus Lee Sang,player,36,Marcus Lee Sang,Marcus,Lee Sang,Marcus,M Lee Sang,427,JS,Jersey Shore BlueClaws,BlueClaws,SAL,116,CF,Outfielder,CF,22,436,157,159,0,3,0.387,35,5,4,48,1823,4.181,0.133,0.29800000000000004,0.018000000000000002,0.446,0.15700000000000003,2,0,48,847,270,243,7,11,78,25,0,50,24,99,66,68,20,7,8,130,58,0,99,0.268,370,0.372,0.42400000000000004,0.7959999999999999,9,20,0.69,0.31,4,53,1.1800000000000002,0,46.25,2023,116,South Atlantic League,High-A,686984-2023-116
2023,682187,Nick Ward,player,36,Nick Ward,Nick,Ward,Nick,N Ward,427,JS,Jersey Shore BlueClaws,BlueClaws,SAL,116,3B,Third Base,2B,27,392,118,112,2,5,0.33199999999999996,16,13,1,40,1594,4.066,0.138,0.20400000000000001,0.02,0.6749999999999999,0.101,3,0,60,630,120,245,13,11,75,14,0,48,24,94,84,70,8,0,8,80,54,1,86,0.27,318,0.392,0.371,0.763,3,22,0.88,0.12000000000000001,1,50,0.89,0,39.75,2023,116,South Atlantic League,High-A,682187-2023-116
2023,805373,Nacho Alvarez Jr.,player,42,Nacho Alvarez Jr.,Ignacio,Alvarez,Nacho,N Alvarez Jr.,432,ROM,Rome Braves,Braves,SAL,116,SS,Shortstop,SS,20,501,164,186,0,3,0.34099999999999997,31,13,11,70,2032,4.056,0.132,0.17400000000000002,0.014,0.759,0.10700000000000001,2,0,70,873,161,335,25,10,111,18,0,60,41,116,105,62,24,0,7,87,66,1,119,0.28400000000000003,419,0.395,0.391,0.7859999999999999,5,16,0.762,0.23800000000000002,11,66,1.06,0,59.86,2023,116,South Atlantic League,High-A,805373-2023-116
2023,682707,Jeremy De La Rosa,player,42,Jeremy De La Rosa,Jeremy,De La Rosa,Jeremy,J De La Rosa,426,WIL,Wilmington Blue Rocks,Blue Rocks,SAL,116,RF,Outfielder,CF,21,383,122,156,0,2,0.363,25,2,5,49,1542,4.026,0.10700000000000001,0.33699999999999997,0.018000000000000002,0.318,0.12100000000000001,4,1,29,768,300,211,10,8,83,20,4,28,29,93,47,44,16,2,7,129,41,0,81,0.24000000000000002,338,0.324,0.361,0.6849999999999999,7,13,0.65,0.35,5,42,1.77,0,48.290000000000006,2023,116,South Atlantic League,High-A,682707-2023-116
2023,684519,Omar De Los Santos,player,42,Omar De Los Santos,Omar,De Los Santos,Omar,O De Los Santos,453,BRK,Brooklyn Cyclones,Cyclones,SAL,116,LF,Outfielder,OF,23,400,114,185,1,3,0.314,23,8,3,46,1558,3.8949999999999996,0.05,0.36,0.018000000000000002,0.139,0.10300000000000001,6,2,55,842,352,228,20,8,69,10,0,35,31,98,83,47,15,1,7,144,20,0,76,0.20700000000000002,368,0.261,0.31,0.5710000000000001,13,37,0.74,0.26,3,38,0.8300000000000001,0,52.57,2023,116,South Atlantic League,High-A,684519-2023-116
2023,691267,Alex Ramírez,player,42,Alex Ramírez,Alexander,Ramírez,Alex,A Ramírez,453,BRK,Brooklyn Cyclones,Cyclones,SAL,116,CF,Outfielder,OF,20,521,145,205,0,3,0.277,29,4,13,76,2075,3.983,0.10700000000000001,0.21900000000000003,0.013000000000000001,0.491,0.096,7,1,82,945,252,346,27,22,114,19,0,44,38,120,131,66,21,1,7,114,56,0,101,0.221,457,0.31,0.317,0.627,6,21,0.778,0.222,13,53,0.8700000000000001,1,65.29,2023,116,South Atlantic League,High-A,691267-2023-116
2023,688403,Michael Sandle,player,42,Michael Sandle,Michael,Sandle,Michael,M Sandle,573,ASH,Asheville Tourists,Tourists,SAL,116,LF,Outfielder,OF,24,357,103,165,0,2,0.264,24,4,4,49,1370,3.8379999999999996,0.084,0.269,0.02,0.313,0.118,3,0,54,671,213,227,21,15,72,15,0,22,28,91,90,37,17,0,7,96,30,0,65,0.202,321,0.277,0.321,0.598,5,15,0.75,0.25,4,26,0.8,0,45.86,2023,116,South Atlantic League,High-A,688403-2023-116
2023,686982,Jared McKenzie,player,47,Jared McKenzie,Jared,McKenzie,Jared,J McKenzie,426,WIL,Wilmington Blue Rocks,Blue Rocks,SAL,116,LF,Outfielder,OF,22,420,121,181,0,4,0.28500000000000003,27,9,5,56,1524,3.629,0.06899999999999999,0.276,0.014,0.25,0.10800000000000001,3,0,60,836,280,266,12,18,96,23,1,33,23,105,90,39,19,2,6,116,29,0,80,0.21200000000000002,378,0.281,0.32,0.601,6,6,0.5,0.5,5,35,1.07,0,63,2023,116,South Atlantic League,High-A,686982-2023-116
2023,808206,Geisel Cepeda,player,48,Geisel Cepeda,Geisel,Cepeda,Geisel,G Cepeda,448,HIC,Hickory Crawdads,Crawdads,SAL,116,LF,Outfielder,OF,25,397,122,157,0,1,0.29200000000000004,16,7,12,65,1504,3.7880000000000003,0.08600000000000001,0.10800000000000001,0.013000000000000001,0.7909999999999999,0.07600000000000001,7,0,46,622,109,313,13,24,135,7,0,48,40,97,83,42,10,1,5,43,34,0,95,0.268,355,0.34299999999999997,0.344,0.6869999999999999,7,8,0.533,0.467,12,41,1.6300000000000001,0,71,2023,116,South Atlantic League,High-A,808206-2023-116
2023,682722,Isaac De León,player,48,Isaac De León,Isaac,De Leon,Isaac,I De León,488,ABD,Aberdeen IronBirds,IronBirds,SAL,116,3B,Third Base,SS,21,393,101,170,4,2,0.304,22,8,6,43,1604,4.081,0.12200000000000001,0.316,0.013000000000000001,0.387,0.10300000000000001,6,2,38,658,228,213,9,6,93,9,0,24,34,102,53,41,15,2,5,124,48,0,67,0.202,331,0.316,0.305,0.621,3,9,0.75,0.25,6,30,1.75,0,66.2,2023,116,South Atlantic League,High-A,682722-2023-116
2023,681132,Max Ferguson,player,48,Max Ferguson,Max,Ferguson,Max,M Ferguson,428,GVL,Greenville Drive,Drive,SAL,116,2B,Second Base,2B,23,366,107,124,0,0,0.33299999999999996,23,1,3,31,1506,4.114999999999999,0.15600000000000003,0.279,0.014,0.559,0.114,3,0,35,598,185,206,16,8,75,24,0,30,18,86,59,52,16,2,5,102,57,0,72,0.234,308,0.355,0.347,0.702,4,28,0.8750000000000001,0.125,3,33,1.27,0,61.6,2023,116,South Atlantic League,High-A,681132-2023-116
2023,687201,Kevin Kilpatrick Jr.,player,48,Kevin Kilpatrick Jr.,Kevin,Kilpatrick,Kevin,K Kilpatrick Jr.,432,ROM,Rome Braves,Braves,SAL,116,CF,Outfielder,OF,22,551,156,201,1,4,0.308,33,9,6,60,2184,3.964,0.12300000000000001,0.254,0.009,0.48600000000000004,0.10700000000000001,3,1,88,977,267,334,24,14,102,15,1,57,33,120,126,75,21,7,5,140,68,0,106,0.226,469,0.33299999999999996,0.33299999999999996,0.6659999999999999,5,32,0.8650000000000001,0.135,6,30,0.81,0,93.8,2023,116,South Atlantic League,High-A,687201-2023-116
2023,702250,Jared Carr,player,52,Jared Carr,Jared,Carr,Jared,J Carr,427,JS,Jersey Shore BlueClaws,BlueClaws,SAL,116,CF,Outfielder,OF,24,380,110,162,1,3,0.319,22,3,3,47,1483,3.903,0.118,0.258,0.011,0.459,0.101,7,1,40,685,197,234,13,16,88,18,0,32,27,102,69,50,15,3,4,98,45,0,77,0.23500000000000001,328,0.32999999999999996,0.33499999999999996,0.6649999999999999,5,23,0.8210000000000001,0.17900000000000002,3,37,1.28,0,82,2023,116,South Atlantic League,High-A,702250-2023-116
2023,694478,Michael Turner,player,52,Michael Turner,Michael,Turner,Michael,M Turner,580,WS,Winston-Salem Dash,Dash,SAL,116,C,Catcher,C,24,377,134,132,0,5,0.364,31,4,4,57,1708,4.531000000000001,0.17,0.15400000000000003,0.011,1.103,0.132,3,0,40,656,108,251,7,16,94,11,0,58,25,92,63,43,26,1,4,58,64,0,94,0.309,304,0.43000000000000005,0.441,0.8710000000000001,2,0,0,1,4,41,1.49,0,76,2023,116,South Atlantic League,High-A,694478-2023-116
2023,684852,Geraldo Quintero,player,54,Geraldo Quintero,Geraldo,Quintero,Geraldo,G Quintero,432,ROM,Rome Braves,Braves,SAL,116,2B,Second Base,SS,21,472,132,207,1,1,0.313,19,4,9,62,1852,3.924,0.117,0.186,0.006,0.625,0.07400000000000001,9,0,71,902,208,320,15,21,111,13,0,47,42,112,107,54,11,5,3,88,55,0,102,0.251,406,0.345,0.325,0.6699999999999999,13,29,0.69,0.31,9,41,1.04,5,135.33,2023,116,South Atlantic League,High-A,684852-2023-116
2023,695930,Frederick Bencosme,player,55,Frederick Bencosme,Frederick,Bencosme,Frederick,F Bencosme,488,ABD,Aberdeen IronBirds,IronBirds,SAL,116,SS,Shortstop,IF,20,476,132,179,2,2,0.28800000000000003,23,3,3,63,1741,3.658,0.116,0.14100000000000001,0.004,0.8210000000000001,0.07200000000000001,8,0,64,780,151,351,27,25,133,14,1,43,44,114,116,60,18,3,2,67,55,0,102,0.24600000000000002,414,0.33799999999999997,0.319,0.657,6,28,0.8240000000000001,0.17600000000000002,3,49,1.1500000000000001,0,207,2023,116,South Atlantic League,High-A,695930-2023-116
2023,678854,Viandel Pena,player,56,Viandel Pena,Viandel,Pena,Viandel,V Pena,426,WIL,Wilmington Blue Rocks,Blue Rocks,SAL,116,2B,Second Base,2B,22,419,95,148,3,2,0.28800000000000003,18,1,4,52,1657,3.9549999999999996,0.16,0.21000000000000002,0,0.761,0.058,3,0,55,688,169,263,17,17,99,14,2,34,25,101,89,52,16,2,0,88,67,0,75,0.21700000000000003,346,0.344,0.275,0.619,7,18,0.72,0.28,4,35,1.11,0,,2023,116,South Atlantic League,High-A,678854-2023-116
2023,682265,Wes Clarke,player,1,Wes Clarke,David,Clarke,Wes,W Clarke,5015,BLX,Biloxi Shuckers,Shuckers,SOU,111,1B,First Base,1B,23,503,198,192,0,4,0.306,50,12,7,49,2097,4.169,0.17700000000000002,0.29200000000000004,0.052000000000000005,0.605,0.256,6,0,61,903,310,255,24,17,57,40,0,43,13,118,102,68,24,0,26,147,89,0,96,0.24100000000000002,398,0.392,0.497,0.889,1,6,0.8570000000000001,0.14300000000000002,7,80,0.56,0,15.31,2023,111,Southern League,Double-A,682265-2023-111
2023,677943,Will Banfield,player,2,Will Banfield,William,Banfield,Will,W Banfield,4124,PNS,Pensacola Blue Wahoos,Blue Wahoos,SOU,111,C,Catcher,C,23,495,216,206,1,5,0.29900000000000004,50,6,13,70,1825,3.6870000000000003,0.051000000000000004,0.24600000000000002,0.046,0.20500000000000002,0.21400000000000002,11,1,77,985,296,342,42,15,90,37,2,49,30,115,134,70,25,2,23,122,25,0,118,0.258,458,0.302,0.47200000000000003,0.774,0,3,1,0,13,76,0.6699999999999999,0,19.91,2023,111,Southern League,Double-A,677943-2023-111
2023,677956,Rece Hinds,player,2,Rece Hinds,Rece,Hinds,Rece,R Hinds,498,CHA,Chattanooga Lookouts,Lookouts,SOU,111,RF,Outfielder,RF,22,461,221,182,0,8,0.358,58,7,6,66,1774,3.848,0.07400000000000001,0.328,0.05,0.225,0.267,6,1,39,978,344,269,22,22,75,39,0,45,27,109,83,63,29,6,23,151,34,2,111,0.269,412,0.32999999999999996,0.536,0.8660000000000001,6,20,0.769,0.231,6,98,0.9,0,17.91,2023,111,Southern League,Double-A,677956-2023-111
2023,683357,Owen Caissie,player,4,Owen Caissie,Owen,Caissie,Owen,O Caissie,553,TNS,Tennessee Smokies,Smokies,SOU,111,RF,Outfielder,RF,20,528,228,203,1,5,0.40700000000000003,55,7,6,60,2212,4.189,0.14400000000000002,0.311,0.042,0.463,0.23,2,2,43,950,326,281,14,19,78,30,0,57,40,120,76,77,31,2,22,164,76,0,127,0.28900000000000003,439,0.398,0.519,0.917,9,7,0.43800000000000006,0.5630000000000001,6,84,1.03,0,19.959999999999997,2023,111,Southern League,Double-A,683357-2023-111
2023,694192,Jackson Chourio,player,4,Jackson Chourio,Jackson,Chourio,Jackson,J Chourio,5015,BLX,Biloxi Shuckers,Shuckers,SOU,111,CF,Outfielder,LF,19,559,238,214,0,4,0.311,48,4,8,81,2037,3.644,0.07300000000000001,0.184,0.039,0.398,0.186,7,2,85,1009,236,411,25,16,142,33,0,46,64,122,126,84,23,3,22,103,41,0,143,0.28,510,0.33599999999999997,0.467,0.803,9,43,0.8270000000000001,0.17300000000000001,8,89,1.1300000000000001,0,23.18,2023,111,Southern League,Double-A,694192-2023-111
2023,686677,Landon Stephens,player,6,Landon Stephens,Landon,Stephens,Landon,L Stephens,430,MIS,Mississippi Braves,Braves,SOU,111,RF,Outfielder,1B,25,404,147,155,0,2,0.275,37,8,2,44,1675,4.146,0.131,0.374,0.052000000000000005,0.351,0.232,5,1,52,806,356,192,19,8,45,25,1,32,10,103,79,46,16,0,21,151,53,0,68,0.199,341,0.319,0.43100000000000005,0.75,3,2,0.4,0.6,2,59,0.5700000000000001,0,16.24,2023,111,Southern League,Double-A,686677-2023-111
2023,687859,Troy Johnston,player,7,Troy Johnston,Troy,Johnston,Troy,T Johnston,4124,PNS,Pensacola Blue Wahoos,Blue Wahoos,SOU,111,1B,First Base,RF,26,374,178,134,1,3,0.319,45,12,4,43,1300,3.4759999999999995,0.112,0.171,0.048,0.656,0.271,2,0,61,648,154,254,23,13,64,25,0,38,30,83,97,71,23,4,18,64,42,2,93,0.29600000000000004,314,0.396,0.5670000000000001,0.963,1,16,0.9410000000000001,0.059000000000000004,4,83,0.6599999999999999,2,17.439999999999998,2023,111,Southern League,Double-A,687859-2023-111
2023,683748,Victor Mesa Jr.,player,7,Victor Mesa Jr.,Victor,Mesa,Victor,V Mesa Jr.,4124,PNS,Pensacola Blue Wahoos,Blue Wahoos,SOU,111,CF,Outfielder,RF,21,533,199,197,1,2,0.28700000000000003,44,6,3,67,1919,3.6,0.07700000000000001,0.229,0.034,0.33599999999999997,0.17,3,2,79,1048,314,364,24,26,118,29,0,45,43,123,129,73,24,2,18,122,41,0,117,0.24200000000000002,483,0.308,0.41200000000000003,0.72,3,16,0.8420000000000001,0.15800000000000003,3,76,0.91,0,26.830000000000002,2023,111,Southern League,Double-A,683748-2023-111
2023,679563,José Rodríguez,player,7,José Rodríguez,José,Rodriguez,José,J Rodríguez,247,BIR,Birmingham Barons,Barons,SOU,111,2B,Second Base,SS,22,404,172,167,0,3,0.305,35,1,8,50,1442,3.569,0.045,0.23500000000000001,0.045,0.189,0.186,4,0,57,814,233,290,20,20,92,27,0,44,30,87,97,63,17,0,18,95,18,0,101,0.264,382,0.29700000000000004,0.45,0.747,6,28,0.8240000000000001,0.17600000000000002,8,54,0.9500000000000001,0,21.22,2023,111,Southern League,Double-A,679563-2023-111
2023,686989,James Free,player,10,James Free,James,Free,James,J Free,498,CHA,Chattanooga Lookouts,Lookouts,SOU,111,DH,Designated Hitter,C,25,489,192,217,0,3,0.311,43,4,9,60,1931,3.949,0.125,0.2,0.034999999999999996,0.622,0.188,4,0,73,974,249,326,24,14,102,30,2,55,26,117,111,57,24,2,17,98,61,2,113,0.268,421,0.364,0.456,0.8200000000000001,1,1,0.5,0.5,9,69,0.92,0,24.759999999999998,2023,111,Southern League,Double-A,686989-2023-111
2023,680846,Pablo Aliendo,player,11,Pablo Aliendo,Pablo,Aliendo,Pablo,P Aliendo,553,TNS,Tennessee Smokies,Smokies,SOU,111,C,Catcher,C,22,375,147,174,2,2,0.301,40,9,11,49,1432,3.8189999999999995,0.109,0.304,0.043000000000000003,0.36,0.227,1,2,44,714,258,211,14,13,66,25,1,31,17,91,71,49,23,1,16,114,41,0,74,0.231,321,0.33199999999999996,0.458,0.7899999999999999,0,5,1,0,11,61,0.93,0,20.06,2023,111,Southern League,Double-A,680846-2023-111
2023,685298,Cade Bunnell,player,11,Cade Bunnell,Cade,Bunnell,Cade,C Bunnell,430,MIS,Mississippi Braves,Braves,SOU,111,3B,Third Base,2B,26,467,147,211,0,2,0.311,34,4,5,44,1997,4.276000000000001,0.133,0.383,0.034,0.346,0.168,4,0,48,865,382,222,14,18,62,28,0,36,16,113,80,46,17,1,16,179,62,0,80,0.201,399,0.313,0.368,0.6809999999999999,2,7,0.778,0.222,5,50,0.7799999999999999,0,24.939999999999998,2023,111,Southern League,Double-A,685298-2023-111
2023,702333,Haydn McGeary,player,11,Haydn McGeary,Haydn,McGeary,Haydn,H McGeary,553,TNS,Tennessee Smokies,Smokies,SOU,111,1B,First Base,C,23,442,157,176,0,4,0.311,32,10,7,54,1762,3.9859999999999998,0.15200000000000002,0.23800000000000002,0.036,0.638,0.18,5,1,50,746,210,260,15,19,84,26,2,37,27,104,84,56,15,1,16,105,67,1,92,0.255,361,0.382,0.43500000000000005,0.8170000000000001,3,4,0.5710000000000001,0.42900000000000005,7,75,1,0,22.56,2023,111,Southern League,Double-A,702333-2023-111
2023,681357,Cody Morissette,player,11,Cody Morissette,Cody,Morissette,Cody,C Morissette,4124,PNS,Pensacola Blue Wahoos,Blue Wahoos,SOU,111,2B,Second Base,SS,23,434,156,190,2,6,0.26,35,4,5,57,1713,3.947,0.07100000000000001,0.24900000000000003,0.037,0.28700000000000003,0.17600000000000002,8,0,78,846,223,291,28,16,82,24,0,42,21,105,122,58,17,2,16,108,31,0,87,0.223,391,0.28200000000000003,0.399,0.6809999999999999,2,3,0.6,0.4,5,52,0.6699999999999999,0,24.439999999999998,2023,111,Southern League,Double-A,681357-2023-111
2023,681230,BJ Murray,player,11,BJ Murray,Bertram,Murray,BJ,B Murray,553,TNS,Tennessee Smokies,Smokies,SOU,111,3B,Third Base,3B,23,542,209,212,0,2,0.33299999999999996,54,6,14,75,2179,4.02,0.15100000000000002,0.23800000000000002,0.03,0.636,0.199,4,1,84,945,247,325,29,12,81,37,1,47,34,124,125,71,34,4,16,129,82,0,119,0.263,452,0.382,0.462,0.8440000000000001,3,14,0.8240000000000001,0.17600000000000002,14,74,0.65,0,28.25,2023,111,Southern League,Double-A,681230-2023-111
2023,691620,Jeferson Quero,player,11,Jeferson Quero,Jeferson,Quero,Jeferson,J Quero,5015,BLX,Biloxi Shuckers,Shuckers,SOU,111,C,Catcher,C,20,381,148,160,0,4,0.281,28,3,9,49,1364,3.58,0.1,0.17800000000000002,0.042,0.559,0.17900000000000002,2,0,67,763,190,272,29,11,77,25,0,37,26,90,107,47,12,0,16,68,38,0,88,0.262,336,0.33899999999999997,0.44,0.779,0,5,1,0,9,49,0.72,0,21,2023,111,Southern League,Double-A,691620-2023-111
2023,683341,David Calabrese,player,17,David Calabrese,David,Calabrese,David,D Calabrese,559,RCT,Rocket City Trash Pandas,Trash Pandas,SOU,111,CF,Outfielder,OF,20,535,158,213,1,0,0.265,36,6,3,56,2172,4.06,0.131,0.307,0.028,0.42700000000000005,0.15100000000000002,3,0,74,928,327,295,31,21,80,18,0,50,21,122,126,63,18,3,15,164,70,0,89,0.194,458,0.309,0.345,0.654,9,14,0.609,0.391,3,48,0.63,0,30.53,2023,111,Southern League,Double-A,683341-2023-111
2023,675966,Jesse Franklin V,player,17,Jesse Franklin V,Jesse,Franklin,Jesse,J Franklin V,430,MIS,Mississippi Braves,Braves,SOU,111,LF,Outfielder,OF,24,387,143,158,0,3,0.29900000000000004,33,11,6,42,1520,3.928,0.083,0.29700000000000004,0.039,0.278,0.188,4,1,48,763,265,229,18,10,74,29,1,31,18,94,76,55,17,1,15,115,32,0,79,0.232,341,0.315,0.41900000000000004,0.734,4,21,0.8400000000000001,0.16,6,46,0.97,0,22.73,2023,111,Southern League,Double-A,675966-2023-111
2023,680518,Zavier Warren,player,17,Zavier Warren,Zavier,Warren,Zavier,Z Warren,5015,BLX,Biloxi Shuckers,Shuckers,SOU,111,1B,First Base,1B,24,429,153,205,0,4,0.264,32,3,13,72,1613,3.7600000000000002,0.10500000000000001,0.2,0.034999999999999996,0.523,0.17,4,0,69,734,181,295,33,16,88,24,0,39,26,105,118,57,15,2,15,86,45,0,89,0.23600000000000002,377,0.319,0.406,0.725,3,6,0.6669999999999999,0.33299999999999996,13,63,0.75,0,25.130000000000003,2023,111,Southern League,Double-A,680518-2023-111
2023,672012,Tyler Black,player,20,Tyler Black,Tyler,Black,Tyler,T Black,5015,BLX,Biloxi Shuckers,Shuckers,SOU,111,3B,Third Base,DH,22,385,158,116,0,2,0.32,38,13,4,36,1621,4.21,0.15800000000000003,0.2,0.036,0.7919999999999999,0.24000000000000002,7,0,51,719,167,233,19,16,63,27,1,29,27,84,86,70,16,8,14,77,61,2,84,0.273,308,0.41100000000000003,0.513,0.924,9,47,0.8390000000000001,0.161,4,48,0.73,1,22,2023,111,Southern League,Double-A,672012-2023-111
2023,671155,Ivan Johnson,player,20,Ivan Johnson,Vincent,Johnson,Ivan,I Johnson,498,CHA,Chattanooga Lookouts,Lookouts,SOU,111,2B,Second Base,2B,24,386,138,157,1,5,0.275,34,11,5,45,1459,3.7800000000000002,0.091,0.267,0.036,0.33999999999999997,0.189,5,1,55,764,277,237,11,16,80,19,1,33,22,93,82,57,19,1,14,103,35,0,75,0.225,334,0.314,0.41300000000000003,0.727,2,20,0.909,0.091,5,55,0.98,0,23.86,2023,111,Southern League,Double-A,671155-2023-111
2023,687331,Quincy McAfee,player,20,Quincy McAfee,Quincy,McAfee,Quincy,Q McAfee,498,CHA,Chattanooga Lookouts,Lookouts,SOU,111,LF,Outfielder,SS,25,385,144,154,3,3,0.27,36,16,6,50,1485,3.8569999999999998,0.119,0.197,0.036,0.605,0.21500000000000002,2,0,47,743,168,247,33,21,70,14,0,37,25,97,101,63,18,4,14,76,46,0,76,0.24000000000000002,317,0.361,0.454,0.8150000000000001,4,10,0.714,0.28600000000000003,6,54,0.69,0,22.64,2023,111,Southern League,Double-A,687331-2023-111
2023,677347,Kyren Paris,player,20,Kyren Paris,Kyren,Paris,Kyren,K Paris,559,RCT,Rocket City Trash Pandas,Trash Pandas,SOU,111,SS,Shortstop,2B,21,514,173,182,0,2,0.365,38,7,4,62,2071,4.029,0.171,0.29400000000000004,0.027,0.583,0.161,9,0,48,934,347,266,25,9,78,18,2,51,35,113,82,79,23,1,14,151,88,0,106,0.255,415,0.393,0.41700000000000004,0.81,5,44,0.898,0.10200000000000001,4,45,0.9500000000000001,2,29.64,2023,111,Southern League,Double-A,677347-2023-111
2023,687272,Tucker Flint,player,24,Tucker Flint,Tucker,Flint,Tucker,T Flint,559,RCT,Rocket City Trash Pandas,Trash Pandas,SOU,111,RF,Outfielder,OF,22,519,171,220,0,1,0.326,40,18,6,64,2224,4.285,0.129,0.29100000000000004,0.025,0.444,0.162,2,1,35,977,298,283,15,13,119,23,0,45,33,123,63,64,23,4,13,151,67,1,101,0.233,433,0.358,0.395,0.753,4,4,0.5,0.5,6,63,1.8900000000000001,0,33.309999999999995,2023,111,Southern League,Double-A,687272-2023-111
2023,681715,Heriberto Hernández,player,24,Heriberto Hernández,Heriberto,Hernandez,Heriberto,H Hernández,421,MTG,Montgomery Biscuits,Biscuits,SOU,111,RF,Outfielder,LF,23,478,160,171,4,4,0.34099999999999997,34,5,7,42,1963,4.106999999999999,0.15900000000000003,0.28,0.027,0.5670000000000001,0.162,10,0,52,798,269,263,17,7,89,27,0,27,43,118,76,64,18,3,13,134,76,0,97,0.24900000000000003,389,0.376,0.41100000000000003,0.7869999999999999,2,7,0.778,0.222,7,60,1.1700000000000002,0,29.919999999999998,2023,111,Southern League,Double-A,681715-2023-111
2023,687020,Mason Auer,player,26,Mason Auer,Mason,Auer,Mason,M Auer,421,MTG,Montgomery Biscuits,Biscuits,SOU,111,CF,Outfielder,OF,22,511,158,232,0,1,0.315,36,7,1,61,2019,3.9509999999999996,0.096,0.36,0.022,0.266,0.14300000000000002,3,0,67,995,405,271,35,10,66,26,0,35,32,124,112,59,18,7,11,184,49,1,93,0.20500000000000002,454,0.29200000000000004,0.348,0.64,11,47,0.81,0.19,1,51,0.59,0,41.27,2023,111,Southern League,Double-A,687020-2023-111
2023,686555,Isaac Collins,player,27,Isaac Collins,Isaac,Collins,Isaac,I Collins,5015,BLX,Biloxi Shuckers,Shuckers,SOU,111,LF,Outfielder,LF,25,376,125,121,1,4,0.29700000000000004,25,6,4,43,1539,4.093,0.199,0.14600000000000002,0.027,1.364,0.162,3,0,61,556,105,240,15,8,78,22,0,24,32,93,84,67,13,2,10,55,75,0,78,0.269,290,0.42400000000000004,0.43100000000000005,0.8550000000000001,9,29,0.763,0.23700000000000002,4,44,0.93,0,29,2023,111,Southern League,Double-A,686555-2023-111
2023,682927,Ronny Simon,player,27,Ronny Simon,Ronny,Simon,Ronny,R Simon,421,MTG,Montgomery Biscuits,Biscuits,SOU,111,2B,Second Base,2B,23,416,142,160,1,5,0.28700000000000003,31,4,5,54,1634,3.928,0.10300000000000001,0.21600000000000003,0.024,0.47800000000000004,0.15200000000000002,6,1,57,778,186,279,26,10,99,19,1,26,41,96,93,63,17,4,10,90,43,0,87,0.24000000000000002,363,0.323,0.391,0.714,10,26,0.722,0.278,5,44,1.06,0,36.3,2023,111,Southern League,Double-A,682927-2023-111
2023,673461,Yoelqui Céspedes,player,29,Yoelqui Céspedes,Yoelqui,Céspedes,Yoelqui,Y Céspedes,247,BIR,Birmingham Barons,Barons,SOU,111,CF,Outfielder,OF,25,456,128,198,2,2,0.29900000000000004,25,14,4,59,1694,3.715,0.09899999999999999,0.29600000000000004,0.02,0.33299999999999996,0.112,3,0,55,923,321,262,31,12,80,15,0,32,37,110,98,52,15,1,9,135,45,1,84,0.21400000000000002,393,0.315,0.326,0.641,5,15,0.75,0.25,4,31,0.8200000000000001,0,43.67,2023,111,Southern League,Double-A,673461-2023-111
2023,685127,Alex McGarry,player,29,Alex McGarry,Alexander,McGarry,Alex,A McGarry,498,CHA,Chattanooga Lookouts,Lookouts,SOU,111,1B,First Base,1B,25,416,160,194,0,5,0.365,33,2,10,58,1567,3.7670000000000003,0.091,0.257,0.022,0.355,0.15100000000000002,1,3,46,829,277,269,21,14,84,24,0,51,29,98,81,50,19,5,9,107,38,1,104,0.28,371,0.346,0.43100000000000005,0.777,6,14,0.7,0.3,10,60,1.04,0,41.220000000000006,2023,111,Southern League,Double-A,685127-2023-111
2023,672635,Luis Mieses,player,29,Luis Mieses,Luis,Mieses,Luis,L Mieses,247,BIR,Birmingham Barons,Barons,SOU,111,RF,Outfielder,OF,23,485,163,209,0,8,0.28800000000000003,36,2,15,80,1674,3.4519999999999995,0.028999999999999998,0.233,0.019,0.12400000000000001,0.12000000000000001,7,1,83,1059,294,353,28,20,114,16,0,56,36,115,131,43,26,1,9,113,14,1,108,0.23600000000000002,458,0.257,0.356,0.613,0,1,1,0,15,48,0.8700000000000001,3,50.89,2023,111,Southern League,Double-A,672635-2023-111
2023,680672,Luke Waddell,player,32,Luke Waddell,Luke,Waddell,Luke,L Waddell,430,MIS,Mississippi Braves,Braves,SOU,111,SS,Shortstop,SS,24,446,150,163,0,6,0.319,25,3,9,67,1763,3.953,0.14600000000000002,0.128,0.018000000000000002,1.1400000000000001,0.113,6,1,85,798,129,321,21,14,93,18,1,46,43,101,120,57,16,1,8,57,65,0,108,0.29000000000000004,372,0.395,0.403,0.7979999999999999,9,26,0.743,0.257,9,64,0.7799999999999999,0,46.5,2023,111,Southern League,Double-A,680672-2023-111
2023,672701,José Devers,player,33,José Devers,José,Devers,José,J Devers,4124,PNS,Pensacola Blue Wahoos,Blue Wahoos,SOU,111,2B,Second Base,SS,23,420,157,178,2,1,0.315,34,8,3,65,1575,3.75,0.08600000000000001,0.14800000000000002,0.017,0.581,0.14500000000000002,3,0,74,824,179,314,26,18,93,18,2,44,39,96,118,61,21,6,7,62,36,0,103,0.276,373,0.352,0.42100000000000004,0.773,2,5,0.714,0.28600000000000003,3,46,0.7899999999999999,0,53.290000000000006,2023,111,Southern League,Double-A,672701-2023-111
2023,671976,Tristan Peters,player,33,Tristan Peters,Tristan,Peters,Tristan,T Peters,421,MTG,Montgomery Biscuits,Biscuits,SOU,111,LF,Outfielder,CF,23,415,153,133,0,2,0.318,34,8,7,46,1691,4.075,0.101,0.15900000000000003,0.017,0.636,0.14600000000000002,2,1,66,773,175,299,28,12,93,29,0,40,31,93,106,65,22,5,7,66,42,0,100,0.275,363,0.361,0.42100000000000004,0.7819999999999999,5,14,0.737,0.263,7,46,0.88,0,51.86,2023,111,Southern League,Double-A,671976-2023-111
2023,669326,Bryce Teodosio,player,33,Bryce Teodosio,Bryce,Teodosio,Bryce,B Teodosio,559,RCT,Rocket City Trash Pandas,Trash Pandas,SOU,111,CF,Outfielder,LF,24,419,116,200,1,3,0.318,23,11,1,48,1564,3.733,0.08600000000000001,0.33699999999999997,0.017,0.255,0.10300000000000001,6,0,46,844,328,231,27,10,70,13,2,32,31,118,83,53,15,1,7,141,36,0,78,0.21200000000000002,368,0.29900000000000004,0.315,0.614,8,16,0.6669999999999999,0.33299999999999996,1,39,0.8400000000000001,0,52.57,2023,111,Southern League,Double-A,669326-2023-111
2023,703920,Alsander Womack,player,33,Alsander Womack,Alsander,Womack,Alsander,A Womack,247,BIR,Birmingham Barons,Barons,SOU,111,2B,Second Base,2B,24,447,131,153,0,3,0.29600000000000004,19,8,14,54,1764,3.9459999999999997,0.125,0.15400000000000003,0.016,0.812,0.08700000000000001,9,0,54,706,129,314,13,22,127,10,0,44,44,99,89,43,12,0,7,69,56,0,98,0.258,380,0.362,0.345,0.707,4,7,0.636,0.364,14,46,1.43,0,54.290000000000006,2023,111,Southern League,Double-A,703920-2023-111
2023,668965,Freddy Zamora,player,33,Freddy Zamora,Freddy,Zamora,Freddy,F Zamora,5015,BLX,Biloxi Shuckers,Shuckers,SOU,111,SS,Shortstop,SS,24,437,136,159,0,2,0.314,25,5,7,55,1732,3.963,0.12100000000000001,0.20400000000000001,0.016,0.596,0.10600000000000001,3,1,58,700,168,290,24,6,106,21,0,46,29,108,88,64,17,1,7,89,53,0,96,0.255,377,0.352,0.361,0.713,3,17,0.8500000000000001,0.15000000000000002,7,51,1.2,0,53.86,2023,111,Southern League,Double-A,668965-2023-111
2023,696140,Ethan Murray,player,38,Ethan Murray,Ethan,Murray,Ethan,E Murray,5015,BLX,Biloxi Shuckers,Shuckers,SOU,111,SS,Shortstop,SS,23,413,130,182,2,2,0.33099999999999996,25,4,12,47,1625,3.9349999999999996,0.128,0.225,0.015,0.5700000000000001,0.114,7,0,59,739,206,262,19,6,88,19,0,38,33,104,84,52,16,3,6,93,53,0,90,0.256,351,0.359,0.37,0.729,5,10,0.6669999999999999,0.33299999999999996,12,48,1.05,1,58.5,2023,111,Southern League,Double-A,696140-2023-111
2023,700337,Edgar Quero,player,38,Edgar Quero,Edgar,Quero,Edgar,E Quero,247,BIR,Birmingham Barons,Barons,SOU,111,C,Catcher,C,20,455,129,170,0,8,0.29900000000000004,23,7,11,61,1888,4.149,0.15800000000000003,0.167,0.013000000000000001,0.9470000000000001,0.095,3,1,57,732,141,300,17,16,116,11,0,49,34,101,90,52,17,0,6,76,72,0,94,0.255,368,0.38,0.351,0.731,2,1,0.33299999999999996,0.6669999999999999,11,57,1.29,0,61.33,2023,111,Southern League,Double-A,700337-2023-111
2023,665940,Moisés Castillo,player,40,Moisés Castillo,Moisés,Castillo,Moisés,M Castillo,247,BIR,Birmingham Barons,Barons,SOU,111,SS,Shortstop,SS,23,424,115,165,0,2,0.269,21,6,12,63,1737,4.0969999999999995,0.101,0.17900000000000002,0.012,0.5660000000000001,0.083,6,0,63,758,149,299,23,20,108,12,0,38,34,106,106,45,16,0,5,76,43,0,84,0.225,373,0.314,0.308,0.622,2,3,0.6,0.4,12,39,1.02,0,74.6,2023,111,Southern League,Double-A,665940-2023-111
2023,650506,Jose Gomez,player,40,Jose Gomez,Jose,Gomez,Jose,J Gomez,559,RCT,Rocket City Trash Pandas,Trash Pandas,SOU,111,3B,Third Base,3B,26,378,115,172,5,4,0.319,19,4,10,62,1447,3.828,0.079,0.228,0.013000000000000001,0.349,0.093,7,1,53,691,219,258,18,13,90,10,0,34,40,102,84,45,12,2,5,86,30,0,84,0.251,335,0.316,0.34299999999999997,0.659,2,12,0.8570000000000001,0.14300000000000002,10,34,1.07,0,67,2023,111,Southern League,Double-A,650506-2023-111
2023,683083,Nasim Nuñez,player,40,Nasim Nuñez,Nasim,Nuñez,Nasim,N Nuñez,4124,PNS,Pensacola Blue Wahoos,Blue Wahoos,SOU,111,SS,Shortstop,2B,22,585,140,202,2,4,0.275,18,2,6,81,2344,4.007,0.14900000000000002,0.183,0.009,0.8130000000000001,0.061,10,0,93,1019,237,389,17,20,149,10,1,52,47,125,130,84,11,2,5,107,87,0,110,0.224,490,0.34099999999999997,0.28600000000000003,0.627,7,52,0.881,0.119,6,43,1.1500000000000001,0,98,2023,111,Southern League,Double-A,683083-2023-111
2023,681581,Andy Weber,player,40,Andy Weber,Andy,Weber,Andy,A Weber,553,TNS,Tennessee Smokies,Smokies,SOU,111,2B,Second Base,2B,25,433,124,202,0,4,0.29500000000000004,25,7,9,49,1649,3.808,0.115,0.20800000000000002,0.012,0.556,0.097,5,0,83,773,199,286,16,14,85,13,0,47,28,106,113,62,19,1,5,90,50,0,88,0.23700000000000002,372,0.33499999999999996,0.33299999999999996,0.6679999999999999,1,4,0.8,0.2,9,35,0.75,0,74.4,2023,111,Southern League,Double-A,681581-2023-111
2023,695462,Cal Conley,player,44,Cal Conley,Calvin,Conley,Cal,C Conley,430,MIS,Mississippi Braves,Braves,SOU,111,SS,Shortstop,SS,23,599,153,208,2,1,0.28500000000000003,27,8,7,68,2269,3.7880000000000003,0.088,0.222,0.005,0.398,0.067,8,1,75,1132,300,405,27,21,165,19,1,47,50,135,123,67,21,3,3,133,53,2,117,0.21900000000000003,535,0.29800000000000004,0.28600000000000003,0.584,13,32,0.711,0.28900000000000003,7,24,1.34,0,178.33,2023,111,Southern League,Double-A,695462-2023-111
2023,677578,Carlos Rodríguez,player,45,Carlos Rodríguez,Carlos,Rodríguez,Carlos,C Rodríguez,5015,BLX,Biloxi Shuckers,Shuckers,SOU,111,RF,Outfielder,RF,22,436,144,191,1,1,0.32999999999999996,25,2,5,86,1577,3.617,0.092,0.115,0.002,0.8,0.07700000000000001,7,0,65,774,116,344,12,27,126,24,0,41,49,115,104,51,21,3,1,50,40,1,114,0.29100000000000004,392,0.359,0.367,0.726,8,14,0.636,0.364,5,43,1.21,0,392,2023,111,Southern League,Double-A,677578-2023-111
2023,687470,Chandler Redmond,player,1,Chandler Redmond,Chandler,Redmond,Chandler,C Redmond,440,SPR,Springfield Cardinals,Cardinals,TEX,109,1B,First Base,2B,26,550,228,221,0,5,0.327,50,9,8,73,2267,4.121999999999999,0.14500000000000002,0.304,0.056,0.47900000000000004,0.24700000000000003,3,0,40,1038,436,291,14,16,105,24,1,68,23,132,70,88,19,0,31,167,80,2,116,0.256,453,0.375,0.503,0.8780000000000001,2,3,0.6,0.4,8,92,1.5,3,14.61,2023,109,Texas League,Double-A,687470-2023-109
2023,695336,Thomas Saggese,player,2,Thomas Saggese,Thomas,Saggese,Thomas,T Saggese,440,SPR,Springfield Cardinals,Cardinals,TEX,109,2B,Second Base,LF,21,567,274,211,1,9,0.379,60,11,5,77,2258,3.9819999999999998,0.08600000000000001,0.229,0.044,0.377,0.233,4,0,85,1081,277,377,21,21,92,41,1,75,41,126,127,92,29,6,25,130,49,1,158,0.318,497,0.385,0.551,0.936,2,11,0.8460000000000001,0.15400000000000003,5,107,0.72,0,19.88,2023,109,Texas League,Double-A,695336-2023-109
2023,670870,Yunior Severino,player,3,Yunior Severino,Yunior,Severino,Yunior,Y Severino,3898,WCH,Wichita Wind Surge,Wind Surge,TEX,109,3B,Third Base,1B,23,375,187,163,0,0,0.373,41,5,7,46,1535,4.093,0.096,0.312,0.064,0.308,0.272,4,0,28,762,288,217,7,13,73,22,0,47,27,84,48,56,15,2,24,117,36,0,96,0.28700000000000003,334,0.365,0.56,0.925,4,3,0.42900000000000005,0.5710000000000001,7,62,1.52,0,13.92,2023,109,Texas League,Double-A,670870-2023-109
2023,691021,A.J. Vukovich,player,3,A.J. Vukovich,Aaron,Vukovich,A.J.,A Vukovich,5368,AMA,Amarillo Sod Poodles,Sod Poodles,TEX,109,CF,Outfielder,OF,21,507,221,233,0,2,0.33099999999999996,48,3,12,56,1997,3.9389999999999996,0.091,0.28400000000000003,0.047,0.319,0.221,7,1,53,963,313,314,13,14,114,26,0,51,43,115,80,84,19,5,24,144,46,1,120,0.263,456,0.33299999999999996,0.48500000000000004,0.8180000000000001,9,20,0.69,0.31,12,96,1.43,0,19,2023,109,Texas League,Double-A,691021-2023-109
2023,593528,Jorge Bonifacio,player,5,Jorge Bonifacio,Jorge,Bonifacio,Jorge,J Bonifacio,1350,NWA,Northwest Arkansas Naturals,Naturals,TEX,109,RF,Outfielder,RF,30,508,210,227,0,9,0.29300000000000004,46,3,7,85,2095,4.123999999999999,0.12000000000000001,0.199,0.043000000000000003,0.604,0.21600000000000003,2,0,97,997,270,343,50,18,62,32,3,58,23,118,165,71,20,4,22,101,61,1,116,0.267,435,0.354,0.48300000000000004,0.8370000000000001,0,6,1,0,7,88,0.38,0,19.77,2023,109,Texas League,Double-A,593528-2023-109
2023,656462,Isiah Gilliam,player,5,Isiah Gilliam,Isiah,Gilliam,Isiah,I Gilliam,574,ARK,Arkansas Travelers,Travelers,TEX,109,DH,Designated Hitter,OF,26,422,184,163,0,3,0.391,40,5,9,59,1746,4.137,0.14700000000000002,0.322,0.052000000000000005,0.456,0.24100000000000002,2,2,39,832,309,219,11,6,64,28,1,44,26,98,56,70,17,1,22,136,62,1,99,0.281,352,0.393,0.523,0.916,5,22,0.8150000000000001,0.185,9,66,1.1400000000000001,0,16,2023,109,Texas League,Double-A,656462-2023-109
2023,694374,Tim Tawa,player,5,Tim Tawa,Timothy,Tawa,Tim,T Tawa,5368,AMA,Amarillo Sod Poodles,Sod Poodles,TEX,109,2B,Second Base,LF,24,497,200,188,0,6,0.3,44,2,7,58,1946,3.9149999999999996,0.111,0.24300000000000002,0.044,0.455,0.20500000000000002,7,0,68,946,296,319,20,17,103,27,2,58,24,116,105,76,21,1,22,121,55,0,111,0.256,434,0.33799999999999997,0.461,0.7989999999999999,7,11,0.611,0.389,7,75,0.98,0,19.73,2023,109,Texas League,Double-A,694374-2023-109
2023,677673,Imanol Vargas,player,5,Imanol Vargas,Imanol,Vargas,Imanol,I Vargas,260,TUL,Tulsa Drillers,Drillers,TEX,109,1B,First Base,OF,25,526,207,219,0,3,0.354,51,0,8,71,2232,4.243,0.14400000000000002,0.33099999999999996,0.042,0.43700000000000006,0.21300000000000002,6,0,46,1017,354,276,23,13,82,27,0,60,25,125,82,69,29,0,22,174,76,4,112,0.251,447,0.357,0.463,0.8200000000000001,0,0,,,8,90,1,0,20.32,2023,109,Texas League,Double-A,677673-2023-109
2023,685744,Kenedy Corona,player,9,Kenedy Corona,Kenedy,Corona,Kenedy,K Corona,482,CC,Corpus Christi Hooks,Hooks,TEX,109,CF,Outfielder,CF,23,491,195,188,1,3,0.29700000000000004,45,5,12,68,1881,3.8309999999999995,0.098,0.259,0.041,0.378,0.20500000000000002,5,0,65,942,306,311,32,14,94,26,2,45,33,111,111,63,21,4,20,127,48,1,106,0.24400000000000002,434,0.324,0.449,0.773,9,31,0.775,0.225,12,61,0.8500000000000001,0,21.7,2023,109,Texas League,Double-A,685744-2023-109
2023,691277,Deyvison De Los Santos,player,9,Deyvison De Los Santos,Deyvison,De Los Santos,Deyvison,D De Los Santos,5368,AMA,Amarillo Sod Poodles,Sod Poodles,TEX,109,3B,Third Base,1B,20,481,195,204,0,1,0.308,38,3,5,50,1794,3.73,0.052000000000000005,0.26,0.042,0.2,0.17700000000000002,6,0,52,1022,337,328,14,16,131,29,0,40,46,113,82,73,16,2,20,125,25,0,115,0.254,452,0.29700000000000004,0.43100000000000005,0.728,1,4,0.8,0.2,5,61,1.6,0,22.6,2023,109,Texas League,Double-A,691277-2023-109
2023,684576,Alex Isola,player,9,Alex Isola,Alexander,Isola,Alex,A Isola,3898,WCH,Wichita Wind Surge,Wind Surge,TEX,109,1B,First Base,C,24,465,196,187,0,1,0.325,42,6,10,57,1876,4.034,0.10800000000000001,0.21500000000000002,0.043000000000000003,0.5,0.201,2,1,56,791,176,309,38,16,85,26,1,62,25,110,110,66,22,0,20,100,50,2,114,0.279,408,0.366,0.48000000000000004,0.8460000000000001,2,5,0.714,0.28600000000000003,10,58,0.77,0,20.4,2023,109,Texas League,Double-A,684576-2023-109
2023,682616,Diego Cartaya,player,12,Diego Cartaya,Diego,Cartaya,Diego,D Cartaya,260,TUL,Tulsa Drillers,Drillers,TEX,109,C,Catcher,C,21,403,134,204,0,4,0.21600000000000003,29,8,9,58,1504,3.7319999999999998,0.092,0.29000000000000004,0.047,0.316,0.189,5,1,64,704,241,241,29,14,67,20,0,35,12,93,107,51,10,0,19,117,37,0,67,0.189,354,0.278,0.379,0.657,0,0,,,9,57,0.63,0,18.630000000000003,2023,109,Texas League,Double-A,682616-2023-109
2023,682947,Jose Ramos,player,12,Jose Ramos,Jose,Ramos,Jose,J Ramos,260,TUL,Tulsa Drillers,Drillers,TEX,109,CF,Outfielder,CF,22,485,170,186,2,6,0.308,32,7,9,63,1967,4.056,0.111,0.28900000000000003,0.039,0.386,0.168,3,0,63,938,305,284,11,22,88,18,0,51,31,113,96,55,13,0,19,140,54,0,100,0.24000000000000002,416,0.33299999999999996,0.40900000000000003,0.742,2,7,0.778,0.222,9,68,0.92,0,21.9,2023,109,Texas League,Double-A,682947-2023-109
2023,690443,Mike Antico,player,14,Mike Antico,Michael,Antico,Mike,M Antico,440,SPR,Springfield Cardinals,Cardinals,TEX,109,CF,Outfielder,OF,25,545,213,217,2,3,0.322,46,10,5,90,2059,3.778,0.09899999999999999,0.231,0.033,0.42900000000000005,0.183,2,1,65,1037,270,355,56,19,89,25,2,62,37,127,140,86,23,5,18,126,54,0,126,0.265,476,0.35,0.447,0.7969999999999999,8,52,0.8670000000000001,0.133,5,72,0.64,0,26.439999999999998,2023,109,Texas League,Double-A,690443-2023-109
2023,689750,Jacob Buchberger,player,14,Jacob Buchberger,Jacob,Buchberger,Jacob,J Buchberger,440,SPR,Springfield Cardinals,Cardinals,TEX,109,3B,Third Base,3B,25,447,165,229,0,1,0.276,32,5,9,63,1643,3.6759999999999997,0.098,0.226,0.04,0.43600000000000005,0.17600000000000002,3,0,60,753,209,297,27,22,93,20,1,36,38,117,109,67,12,2,18,101,44,2,95,0.23900000000000002,397,0.322,0.41600000000000004,0.738,5,13,0.722,0.278,9,49,0.8500000000000001,0,22.06,2023,109,Texas League,Double-A,689750-2023-109
2023,678689,Neyfy Castillo,player,16,Neyfy Castillo,Neyfy,Castillo,Neyfy,N Castillo,5368,AMA,Amarillo Sod Poodles,Sod Poodles,TEX,109,RF,Outfielder,SS,22,391,156,176,0,2,0.322,36,6,1,44,1549,3.9619999999999997,0.09,0.327,0.043000000000000003,0.273,0.21000000000000002,5,0,40,714,291,222,18,8,73,21,0,35,27,98,66,61,16,3,17,128,35,0,83,0.23900000000000002,348,0.317,0.448,0.765,6,19,0.76,0.24000000000000002,1,63,1.11,0,20.47,2023,109,Texas League,Double-A,678689-2023-109
2023,681134,Caleb Roberts,player,16,Caleb Roberts,Caleb,Roberts,Caleb,C Roberts,5368,AMA,Amarillo Sod Poodles,Sod Poodles,TEX,109,LF,Outfielder,OF,23,434,192,168,0,3,0.356,48,6,5,62,1748,4.028,0.134,0.263,0.039,0.509,0.24500000000000002,4,1,45,751,217,256,7,13,89,34,0,48,20,97,65,72,23,8,17,114,58,2,102,0.278,367,0.382,0.523,0.905,3,11,0.7859999999999999,0.21400000000000002,5,66,1.37,0,21.59,2023,109,Texas League,Double-A,681134-2023-109
2023,666783,Yusniel Díaz,player,18,Yusniel Díaz,Yusniel,Díaz,Yusniel,Y Díaz,260,TUL,Tulsa Drillers,Drillers,TEX,109,RF,Outfielder,CF,26,406,167,167,0,5,0.313,38,0,7,51,1730,4.261,0.138,0.192,0.039,0.718,0.20600000000000002,6,1,63,738,183,272,13,17,83,24,0,44,28,94,93,54,21,1,16,78,56,0,96,0.278,345,0.374,0.48400000000000004,0.8580000000000001,4,7,0.636,0.364,7,60,0.89,0,21.56,2023,109,Texas League,Double-A,666783-2023-109
2023,686780,Pedro Pagés,player,18,Pedro Pagés,Pedro,Pagés,Pedro,P Pagés,440,SPR,Springfield Cardinals,Cardinals,TEX,109,C,Catcher,C,24,497,188,219,0,6,0.305,41,8,18,83,2108,4.2410000000000005,0.119,0.193,0.032,0.615,0.17700000000000002,7,0,71,874,177,334,16,32,102,23,1,59,30,117,119,63,23,2,16,96,59,2,113,0.267,424,0.362,0.443,0.805,0,3,1,0,18,72,0.8600000000000001,0,26.5,2023,109,Texas League,Double-A,686780-2023-109
2023,672596,Robert Perez Jr.,player,18,Robert Perez Jr.,Robert,Perez Jr.,Robert,R Perez Jr.,574,ARK,Arkansas Travelers,Travelers,TEX,109,RF,Outfielder,LF,23,508,187,245,0,4,0.329,42,16,18,77,1868,3.677,0.07500000000000001,0.305,0.031,0.24500000000000002,0.17300000000000001,7,1,49,966,369,299,25,12,104,27,1,48,33,117,86,56,22,4,16,155,38,1,109,0.24200000000000002,450,0.321,0.41600000000000004,0.737,2,2,0.5,0.5,18,62,1.21,0,28.12,2023,109,Texas League,Double-A,672596-2023-109
2023,642134,Robbie Tenerowicz,player,18,Robbie Tenerowicz,Robert,Tenerowicz,Robbie,R Tenerowicz,574,ARK,Arkansas Travelers,Travelers,TEX,109,1B,First Base,1B,28,385,160,148,0,4,0.318,36,21,9,56,1565,4.0649999999999995,0.114,0.169,0.042,0.6769999999999999,0.21500000000000002,4,2,51,686,155,255,11,13,88,27,1,40,24,87,75,62,20,0,16,65,44,1,92,0.29100000000000004,316,0.40800000000000003,0.506,0.914,2,1,0.33299999999999996,0.6669999999999999,9,80,1.1700000000000002,0,19.75,2023,109,Texas League,Double-A,642134-2023-109
2023,641323,Luis Aviles Jr.,player,22,Luis Aviles Jr.,Luis,Aviles,Luis,L Aviles Jr.,482,CC,Corpus Christi Hooks,Hooks,TEX,109,SS,Shortstop,SS,28,408,155,156,3,2,0.301,34,6,7,51,1573,3.8549999999999995,0.07400000000000001,0.262,0.037,0.28,0.18,6,1,58,853,255,264,27,11,79,20,0,49,20,103,96,58,17,2,15,107,30,0,89,0.24300000000000002,366,0.309,0.42300000000000004,0.732,7,26,0.7879999999999999,0.21200000000000002,7,47,0.8200000000000001,1,24.4,2023,109,Texas League,Double-A,641323-2023-109
2023,691783,Jordan Lawlar,player,22,Jordan Lawlar,Jordan,Lawlar,Jordan,J Lawlar,5368,AMA,Amarillo Sod Poodles,Sod Poodles,TEX,109,SS,Shortstop,LF,20,410,166,145,0,2,0.31,41,11,2,61,1573,3.8369999999999997,0.115,0.21700000000000003,0.037,0.528,0.21100000000000002,4,1,59,703,192,263,21,21,70,20,0,44,28,89,101,77,23,3,15,89,47,0,92,0.263,350,0.366,0.47400000000000003,0.8400000000000001,4,33,0.892,0.10800000000000001,2,48,0.69,0,23.330000000000002,2023,109,Texas League,Double-A,691783-2023-109
2023,677060,Chad Stevens,player,22,Chad Stevens,Chad,Stevens,Chad,C Stevens,482,CC,Corpus Christi Hooks,Hooks,TEX,109,SS,Shortstop,2B,24,495,166,194,0,4,0.33299999999999996,39,12,6,46,1964,3.968,0.12300000000000001,0.356,0.03,0.347,0.17700000000000002,2,1,54,970,369,246,15,21,64,24,0,43,25,122,90,53,19,5,15,176,61,0,92,0.22,418,0.33299999999999996,0.397,0.73,7,23,0.767,0.233,6,60,0.71,0,27.87,2023,109,Texas League,Double-A,677060-2023-109
2023,670860,Lazaro Armenteros,player,25,Lazaro Armenteros,Lazaro,Armenteros,Lazaro,L Armenteros,237,MID,Midland RockHounds,RockHounds,TEX,109,DH,Designated Hitter,LF,24,405,153,174,0,3,0.366,38,10,3,47,1706,4.212,0.15300000000000002,0.328,0.034999999999999996,0.466,0.21500000000000002,4,0,40,679,277,200,8,10,60,28,1,32,21,96,58,63,19,5,14,133,62,0,82,0.24800000000000003,330,0.38,0.464,0.8440000000000001,7,10,0.588,0.41200000000000003,3,72,1.03,0,23.57,2023,109,Texas League,Double-A,670860-2023-109
2023,689070,Spencer Packard,player,25,Spencer Packard,Spencer,Packard,Spencer,S Packard,574,ARK,Arkansas Travelers,Travelers,TEX,109,LF,Outfielder,OF,25,550,209,184,0,5,0.329,43,11,10,68,2215,4.026999999999999,0.12400000000000001,0.15600000000000003,0.025,0.7909999999999999,0.15700000000000003,6,0,96,896,163,385,21,12,120,26,1,72,37,121,129,66,27,2,14,86,68,2,136,0.29200000000000004,466,0.391,0.448,0.8390000000000001,1,1,0.5,0.5,10,82,0.93,0,33.290000000000006,2023,109,Texas League,Double-A,689070-2023-109
2023,682729,Jonatan Clase,player,27,Jonatan Clase,Jonatan,Clase,Jonatan,J Clase,574,ARK,Arkansas Travelers,Travelers,TEX,109,CF,Outfielder,LF,21,489,164,181,0,5,0.29400000000000004,39,6,4,56,2032,4.154999999999999,0.131,0.28,0.027,0.467,0.17400000000000002,6,2,73,916,271,282,21,15,81,21,0,49,22,108,109,79,19,7,13,137,64,0,92,0.222,414,0.33099999999999996,0.396,0.727,11,62,0.8490000000000001,0.15100000000000002,4,51,0.74,0,31.85,2023,109,Texas League,Double-A,682729-2023-109
2023,669288,Daniel Johnson,player,27,Daniel Johnson,Daniel,Johnson,Daniel,D Johnson,510,SA,San Antonio Missions,Missions,TEX,109,CF,Outfielder,CF,27,412,157,170,0,7,0.29500000000000004,33,4,1,58,1557,3.779,0.097,0.187,0.032,0.519,0.17200000000000001,4,0,71,778,205,291,33,11,81,23,0,40,32,98,115,58,17,3,13,77,40,1,95,0.263,361,0.33699999999999997,0.43500000000000005,0.772,6,21,0.778,0.222,1,54,0.7,0,27.77,2023,109,Texas League,Double-A,669288-2023-109
2023,680577,DaShawn Keirsey Jr.,player,27,DaShawn Keirsey Jr.,DaShawn,Keirsey,DaShawn,D Keirsey Jr.,3898,WCH,Wichita Wind Surge,Wind Surge,TEX,109,CF,Outfielder,CF,26,397,176,134,0,2,0.377,35,3,4,50,1501,3.781,0.07800000000000001,0.234,0.033,0.33299999999999996,0.183,4,0,46,831,266,270,7,17,90,18,0,57,35,91,70,59,17,5,13,93,31,0,110,0.305,361,0.363,0.48800000000000004,0.8510000000000001,5,31,0.8610000000000001,0.139,4,48,1.29,0,27.77,2023,109,Texas League,Double-A,680577-2023-109
2023,680890,Jax Biggers,player,30,Jax Biggers,Jax,Biggers,Jax,J Biggers,540,FRI,Frisco RoughRiders,RoughRiders,TEX,109,2B,Second Base,2B,26,413,131,166,3,3,0.275,25,3,3,59,1678,4.063,0.136,0.23,0.028999999999999998,0.589,0.14900000000000002,2,0,76,698,167,259,27,10,67,18,1,38,22,101,113,53,10,3,12,95,56,0,79,0.227,348,0.33699999999999997,0.376,0.713,5,14,0.737,0.263,3,50,0.59,0,29,2023,109,Texas League,Double-A,680890-2023-109
2023,694497,Evan Carter,player,30,Evan Carter,Evan,Carter,Evan,E Carter,540,FRI,Frisco RoughRiders,RoughRiders,TEX,109,CF,Outfielder,CF,20,462,170,154,0,2,0.36,33,9,2,50,1883,4.0760000000000005,0.16,0.223,0.026000000000000002,0.718,0.167,2,1,50,754,202,276,26,16,77,21,0,52,34,97,92,68,15,6,12,103,74,2,107,0.28400000000000003,377,0.41100000000000003,0.451,0.8620000000000001,10,22,0.688,0.313,2,62,0.8400000000000001,0,31.419999999999998,2023,109,Texas League,Double-A,694497-2023-109
2023,669386,Trevor Hauver,player,30,Trevor Hauver,Trevor,Hauver,Trevor,T Hauver,540,FRI,Frisco RoughRiders,RoughRiders,TEX,109,RF,Outfielder,2B,24,471,168,212,1,4,0.361,39,3,11,58,2043,4.338,0.15100000000000002,0.28700000000000003,0.025,0.526,0.168,1,1,72,756,212,262,11,20,57,30,0,43,29,107,103,58,24,3,12,135,71,0,102,0.26,392,0.374,0.42900000000000005,0.803,2,1,0.33299999999999996,0.6669999999999999,11,59,0.55,0,32.67,2023,109,Texas League,Double-A,669386-2023-109
2023,678391,Jorbit Vivas,player,30,Jorbit Vivas,Jorbit,Vivas,Jorbit,J Vivas,260,TUL,Tulsa Drillers,Drillers,TEX,109,2B,Second Base,3B,22,491,176,167,0,6,0.29200000000000004,37,24,10,92,1755,3.574,0.11,0.10600000000000001,0.024,1.038,0.15600000000000003,10,0,78,852,165,358,30,20,117,17,0,61,35,109,128,82,23,2,12,52,54,0,113,0.28,404,0.391,0.43600000000000005,0.8270000000000001,4,21,0.8400000000000001,0.16,10,54,0.91,3,33.67,2023,109,Texas League,Double-A,678391-2023-109
2023,682210,Kody Hoese,player,34,Kody Hoese,Kody,Hoese,Kody,K Hoese,260,TUL,Tulsa Drillers,Drillers,TEX,109,3B,Third Base,3B,25,383,134,186,0,8,0.27,25,5,12,69,1391,3.6319999999999997,0.068,0.185,0.028999999999999998,0.366,0.14500000000000002,4,1,64,642,132,281,28,25,80,19,0,39,26,98,117,34,11,3,11,71,26,0,84,0.24400000000000002,344,0.3,0.39,0.69,0,1,1,0,12,36,0.6799999999999999,0,31.27,2023,109,Texas League,Double-A,682210-2023-109
2023,686797,Brooks Lee,player,34,Brooks Lee,Brooks,Lee,Brooks,B Lee,3898,WCH,Wichita Wind Surge,Wind Surge,TEX,109,SS,Shortstop,3B,22,399,166,116,0,5,0.325,42,2,8,40,1508,3.779,0.10300000000000001,0.15800000000000003,0.028,0.651,0.183,9,0,51,696,153,291,15,18,105,18,0,58,26,87,84,63,31,0,11,63,41,1,102,0.29200000000000004,349,0.365,0.47600000000000003,0.8410000000000001,4,6,0.6,0.4,8,61,1.25,2,31.73,2023,109,Texas League,Double-A,686797-2023-109
2023,678760,Eddys Leonard,player,34,Eddys Leonard,Eddys,Leonard,Eddys,E Leonard,260,TUL,Tulsa Drillers,Drillers,TEX,109,SS,Shortstop,SS,22,388,144,162,0,0,0.307,32,9,7,50,1448,3.7319999999999998,0.07500000000000001,0.21900000000000003,0.028,0.34099999999999997,0.15700000000000003,5,2,40,765,191,265,43,16,77,15,1,36,37,92,99,37,20,1,11,85,29,0,89,0.254,350,0.327,0.41100000000000003,0.738,3,3,0.5,0.5,7,44,0.7799999999999999,0,31.82,2023,109,Texas League,Double-A,678760-2023-109
2023,686475,Tyler Tolbert,player,37,Tyler Tolbert,Tyler,Tolbert,Tyler,T Tolbert,1350,NWA,Northwest Arkansas Naturals,Naturals,TEX,109,SS,Shortstop,SS,25,574,217,181,5,3,0.346,44,8,9,62,2043,3.5589999999999997,0.07,0.221,0.017,0.315,0.14300000000000002,12,0,77,976,303,399,17,12,150,31,0,59,53,126,106,95,24,10,10,127,40,0,143,0.276,518,0.33599999999999997,0.41900000000000004,0.755,8,50,0.8620000000000001,0.138,9,50,1.42,0,51.8,2023,109,Texas League,Double-A,686475-2023-109
2023,681123,Luca Tresh,player,37,Luca Tresh,Luca,Tresh,Luca,L Tresh,1350,NWA,Northwest Arkansas Naturals,Naturals,TEX,109,C,Catcher,C,23,380,121,187,0,3,0.259,23,0,8,61,1457,3.8339999999999996,0.113,0.189,0.026000000000000002,0.597,0.135,5,2,66,607,151,265,31,24,68,17,2,35,22,92,121,44,11,2,10,72,43,0,76,0.228,334,0.313,0.362,0.6749999999999999,1,1,0.5,0.5,8,48,0.56,0,33.4,2023,109,Texas League,Double-A,681123-2023-109
2023,679938,Yoyner Fajardo,player,39,Yoyner Fajardo,Yoyner,Fajardo,Yoyner,Y Fajardo,3898,WCH,Wichita Wind Surge,Wind Surge,TEX,109,LF,Outfielder,OF,24,527,209,166,1,3,0.354,40,4,3,67,1850,3.51,0.095,0.15900000000000003,0.017,0.595,0.14100000000000001,4,0,69,911,221,389,24,23,130,19,0,74,50,123,116,75,23,8,9,84,50,0,143,0.305,469,0.375,0.446,0.8210000000000001,13,50,0.7939999999999999,0.20600000000000002,3,53,1.12,0,52.11,2023,109,Texas League,Double-A,679938-2023-109
2023,660614,Arquímedes Gamboa,player,39,Arquímedes Gamboa,Arquímedes,Gamboa,Arquímedes,A Gamboa,440,SPR,Springfield Cardinals,Cardinals,TEX,109,SS,Shortstop,SS,25,545,164,196,0,3,0.327,32,5,4,70,2253,4.1339999999999995,0.163,0.25,0.017,0.654,0.12300000000000001,4,2,59,936,277,315,18,22,107,17,1,57,34,133,99,86,18,5,9,136,89,1,109,0.24300000000000002,448,0.372,0.366,0.738,4,25,0.8620000000000001,0.138,4,70,1.08,0,49.78,2023,109,Texas League,Double-A,660614-2023-109
2023,696160,Jake Rucker,player,39,Jake Rucker,Jacob,Rucker,Jake,J Rucker,3898,WCH,Wichita Wind Surge,Wind Surge,TEX,109,2B,Second Base,3B,23,476,160,188,2,5,0.324,34,7,7,62,1836,3.8569999999999998,0.088,0.258,0.019,0.34099999999999997,0.133,3,0,68,809,259,304,20,28,84,20,1,55,28,119,116,51,21,4,9,123,42,0,104,0.24800000000000003,420,0.323,0.381,0.704,11,10,0.47600000000000003,0.524,7,63,0.72,0,46.67,2023,109,Texas League,Double-A,696160-2023-109
2023,657089,Logan Warmoth,player,42,Logan Warmoth,Logan,Warmoth,Logan,L Warmoth,574,ARK,Arkansas Travelers,Travelers,TEX,109,3B,Third Base,SS,27,429,129,161,0,5,0.322,26,9,9,50,1678,3.9109999999999996,0.128,0.268,0.019,0.47800000000000004,0.119,3,1,73,767,245,250,22,10,59,22,0,41,23,107,105,54,17,1,8,115,55,1,86,0.23900000000000002,360,0.35,0.358,0.708,10,28,0.737,0.263,9,45,0.56,0,45,2023,109,Texas League,Double-A,657089-2023-109
2023,682668,Luisangel Acuña,player,43,Luisangel Acuña,Luisangel,Acuña,Luisangel,L Acuña,540,FRI,Frisco RoughRiders,RoughRiders,TEX,109,SS,Shortstop,SS,21,402,164,161,1,2,0.381,34,0,6,59,1439,3.58,0.092,0.189,0.017,0.48700000000000004,0.138,5,1,42,711,188,289,14,23,96,22,0,44,48,84,79,68,25,2,7,76,37,0,114,0.315,362,0.377,0.453,0.8300000000000001,5,42,0.894,0.10600000000000001,6,51,1.22,0,51.71,2023,109,Texas League,Double-A,682668-2023-109
2023,631222,Michael De La Cruz,player,43,Michael De La Cruz,Michael,De La Cruz,Michael,M De La Cruz,510,SA,San Antonio Missions,Missions,TEX,109,C,Catcher,C,30,408,131,168,0,8,0.29100000000000004,25,0,7,66,1592,3.9019999999999997,0.10500000000000001,0.164,0.017,0.642,0.113,8,1,64,725,136,296,23,21,97,18,0,41,32,100,108,49,17,1,7,67,43,0,91,0.256,355,0.32999999999999996,0.369,0.699,2,7,0.778,0.222,7,54,0.9,2,50.71,2023,109,Texas League,Double-A,631222-2023-109
2023,667749,Juan Fernandez,player,43,Juan Fernandez,Juan,Fernandez,Juan,J Fernandez,510,SA,San Antonio Missions,Missions,TEX,109,3B,Third Base,C,24,412,135,178,1,2,0.29000000000000004,26,9,13,72,1483,3.6,0.08700000000000001,0.136,0.017,0.643,0.11,12,0,65,757,184,311,22,12,117,17,0,52,26,102,99,49,19,0,7,56,36,0,95,0.261,364,0.34099999999999997,0.371,0.712,5,10,0.6669999999999999,0.33299999999999996,13,45,1.1800000000000002,0,52,2023,109,Texas League,Double-A,667749-2023-109
2023,682182,J.C. Correa,player,46,J.C. Correa,Jean,Correa,J.C.,J Correa,482,CC,Corpus Christi Hooks,Hooks,TEX,109,2B,Second Base,SS,24,398,121,143,0,7,0.265,20,1,5,50,1438,3.613,0.083,0.12100000000000001,0.015,0.688,0.092,2,0,63,727,110,316,21,24,120,11,1,44,32,100,108,50,13,1,6,48,33,0,88,0.24600000000000002,357,0.307,0.33899999999999997,0.646,2,7,0.778,0.222,5,46,1.11,0,59.5,2023,109,Texas League,Double-A,682182-2023-109
2023,702789,Austin Gauthier,player,46,Austin Gauthier,Austin,Gauthier,Austin,A Gauthier,260,TUL,Tulsa Drillers,Drillers,TEX,109,SS,Shortstop,SS,24,392,139,106,0,4,0.33199999999999996,29,3,7,45,1571,4.008,0.163,0.138,0.015,1.185,0.14,5,0,57,624,121,271,10,10,100,15,2,47,30,84,77,72,19,4,6,54,64,0,94,0.29300000000000004,321,0.41100000000000003,0.43300000000000005,0.8440000000000001,6,15,0.714,0.28600000000000003,7,34,1.3,0,53.5,2023,109,Texas League,Double-A,702789-2023-109
2023,685341,Ripken Reyes,player,46,Ripken Reyes,Ripken,Reyes,Ripken,R Reyes,510,SA,San Antonio Missions,Missions,TEX,109,2B,Second Base,SS,26,528,147,140,13,1,0.304,26,49,3,57,1957,3.706,0.10600000000000001,0.14800000000000002,0.011,0.718,0.10300000000000001,3,1,79,827,135,345,39,20,102,14,2,61,28,119,138,82,16,4,6,78,56,0,105,0.257,409,0.40800000000000003,0.359,0.767,7,30,0.811,0.189,3,49,0.74,0,68.16999999999999,2023,109,Texas League,Double-A,685341-2023-109
2023,686523,Peyton Wilson,player,46,Peyton Wilson,Peyton,Wilson,Peyton,P Wilson,1350,NWA,Northwest Arkansas Naturals,Naturals,TEX,109,2B,Second Base,2B,23,562,201,192,1,6,0.345,44,10,9,79,2145,3.8169999999999997,0.098,0.18,0.011,0.545,0.125,6,1,64,1040,252,395,17,21,153,27,0,59,54,128,102,70,33,5,6,101,55,0,140,0.28600000000000003,489,0.366,0.41100000000000003,0.777,7,19,0.731,0.269,9,65,1.5,1,81.5,2023,109,Texas League,Double-A,686523-2023-109
2023,660844,Leo Rivas,player,50,Leo Rivas,Leonardo,Rivas,Leo,L Rivas,574,ARK,Arkansas Travelers,Travelers,TEX,109,SS,Shortstop,3B,25,436,114,112,5,9,0.324,18,7,3,42,1923,4.4110000000000005,0.197,0.20400000000000001,0.011,0.966,0.091,6,0,52,693,151,254,9,18,91,9,0,50,25,106,79,71,11,2,5,89,86,0,84,0.255,329,0.41100000000000003,0.347,0.758,10,50,0.8330000000000001,0.167,3,47,1.1500000000000001,0,65.8,2023,109,Texas League,Double-A,660844-2023-109
2023,687005,Kellen Strahm,player,50,Kellen Strahm,Kellen,Strahm,Kellen,K Strahm,540,FRI,Frisco RoughRiders,RoughRiders,TEX,109,RF,Outfielder,RF,26,517,147,235,2,1,0.323,26,2,8,66,2086,4.035,0.14300000000000002,0.222,0.01,0.643,0.089,8,0,61,855,220,326,14,14,129,22,0,49,37,121,89,73,18,3,5,115,74,0,108,0.24700000000000003,438,0.357,0.33599999999999997,0.693,3,9,0.75,0.25,8,45,1.45,0,87.6,2023,109,Texas League,Double-A,687005-2023-109
2023,701648,Aaron Zavala,player,50,Aaron Zavala,Aaron,Zavala,Aaron,A Zavala,540,FRI,Frisco RoughRiders,RoughRiders,TEX,109,LF,Outfielder,OF,23,426,97,181,0,5,0.33499999999999996,21,8,4,46,1929,4.528,0.169,0.373,0.012,0.453,0.091,1,0,49,720,219,187,7,10,54,14,0,34,18,95,66,47,16,0,5,159,72,0,66,0.194,341,0.34299999999999997,0.28400000000000003,0.627,3,7,0.7,0.3,4,40,0.8200000000000001,0,68.2,2023,109,Texas League,Double-A,701648-2023-109
2023,676063,Shane McGuire,player,53,Shane McGuire,Shane,McGuire,Shane,S McGuire,237,MID,Midland RockHounds,RockHounds,TEX,109,C,Catcher,C,24,396,102,158,2,3,0.29300000000000004,18,6,7,65,1675,4.23,0.139,0.22,0.01,0.632,0.082,1,0,51,652,159,248,14,18,90,16,0,40,19,98,83,44,13,1,4,87,55,0,75,0.227,330,0.345,0.309,0.654,2,3,0.6,0.4,7,38,1.08,0,82.5,2023,109,Texas League,Double-A,676063-2023-109
2023,702331,Noah Mendlinger,player,53,Noah Mendlinger,Noah,Mendlinger,Noah,N Mendlinger,440,SPR,Springfield Cardinals,Cardinals,TEX,109,RF,Outfielder,3B,22,401,126,125,5,4,0.33099999999999996,21,16,4,58,1645,4.101999999999999,0.137,0.10700000000000001,0.01,1.279,0.093,7,1,44,657,77,287,10,22,115,11,0,47,38,95,76,61,16,1,4,43,55,0,96,0.29900000000000004,321,0.42200000000000004,0.393,0.8150000000000001,5,5,0.5,0.5,4,49,1.51,0,80.25,2023,109,Texas League,Double-A,702331-2023-109
2024,692044,Luis Suisbel,player,1,Luis Suisbel,Luis,Suisbel,Luis,L Suisbel,515,MOD,Modesto Nuts,Nuts,CAL,110,3B,Third Base,3B,21,552,207,246,0,14,0.352,42,14,6,74,2112,3.8259999999999996,0.089,0.261,0.027,0.33999999999999997,0.16,4,0,68,1149,345,345,32,19,95,25,1,62,43,119,119,76,23,4,15,144,49,1,131,0.276,475,0.351,0.43600000000000005,0.7869999999999999,0,4,1,0,6,90,0.8,0,31.67,2024,110,California League,Low-A,692044-2024-110
2024,677673,Imanol Vargas,player,2,Imanol Vargas,Imanol,Vargas,Imanol,I Vargas,401,IE,Inland Empire 66ers,66ers,CAL,110,1B,First Base,OF,26,472,189,206,0,4,0.356,47,2,4,55,1960,4.153,0.12300000000000001,0.261,0.03,0.47200000000000003,0.189,7,0,57,865,268,289,14,24,82,33,0,41,38,101,95,75,31,2,14,123,58,1,112,0.275,408,0.364,0.463,0.8270000000000001,1,1,0.5,0.5,4,72,0.8600000000000001,0,29.14,2024,110,California League,Low-A,677673-2024-110
2024,687918,Braylen Wimmer,player,2,Braylen Wimmer,Braylen,Wimmer,Braylen,B Wimmer,259,FRE,Fresno Grizzlies,Grizzlies,CAL,110,3B,Third Base,SS,23,529,200,205,2,7,0.33799999999999997,38,12,10,92,1842,3.4819999999999998,0.091,0.202,0.026000000000000002,0.449,0.15000000000000002,8,1,78,898,247,362,18,21,114,27,0,60,44,118,117,94,21,3,14,107,48,0,131,0.28500000000000003,460,0.362,0.43500000000000005,0.7969999999999999,5,34,0.8720000000000001,0.128,10,64,0.97,0,32.86,2024,110,California League,Low-A,687918-2024-110
2024,687982,Carson Jones,player,4,Carson Jones,Carson,Jones,Carson,C Jones,515,MOD,Modesto Nuts,Nuts,CAL,110,LF,Outfielder,OF,23,454,169,209,1,6,0.349,38,6,2,70,1652,3.639,0.09,0.313,0.028999999999999998,0.28900000000000003,0.17300000000000001,8,0,54,807,264,263,21,15,73,24,1,42,33,102,90,71,20,5,13,142,41,0,100,0.251,398,0.326,0.42500000000000004,0.751,5,37,0.881,0.119,2,68,0.81,2,30.62,2024,110,California League,Low-A,687982-2024-110
2024,813860,Charlie Pagliarini,player,4,Charlie Pagliarini,Charles,Pagliarini,Charlie,C Pagliarini,515,MOD,Modesto Nuts,Nuts,CAL,110,2B,Second Base,3B,23,450,159,199,0,2,0.394,46,13,5,36,1954,4.342,0.162,0.38,0.028999999999999998,0.42700000000000005,0.20700000000000002,2,0,38,709,269,193,8,12,51,30,0,39,15,105,58,76,30,3,13,171,73,0,84,0.232,362,0.378,0.43900000000000006,0.8170000000000001,1,6,0.8570000000000001,0.14300000000000002,5,59,0.88,0,27.85,2024,110,California League,Low-A,813860-2024-110
2024,703194,Randy De Jesus,player,6,Randy De Jesus,Randy,De Jesus,Randy,R De Jesus,401,IE,Inland Empire 66ers,66ers,CAL,110,RF,Outfielder,OF,19,427,174,187,0,2,0.381,41,11,9,59,1589,3.721,0.08,0.29300000000000004,0.028,0.272,0.182,6,0,40,854,332,256,15,12,84,26,1,45,33,100,67,62,25,4,12,125,34,0,105,0.277,379,0.352,0.459,0.811,5,3,0.375,0.625,9,60,1.25,1,31.58,2024,110,California League,Low-A,703194-2024-110
2024,692364,Cesar Quintas,player,6,Cesar Quintas,Cesar,Quintas,Cesar,C Quintas,476,SJ,San Jose Giants,Giants,CAL,110,RF,Outfielder,OF,21,440,147,242,0,5,0.27,33,16,17,69,1650,3.75,0.08600000000000001,0.21800000000000003,0.027,0.396,0.15700000000000003,10,0,52,827,221,290,24,20,107,32,0,33,22,101,96,55,18,3,12,96,38,0,87,0.228,381,0.32,0.386,0.706,1,3,0.75,0.25,17,57,1.11,0,31.75,2024,110,California League,Low-A,692364-2024-110
2024,815888,Leo De Vries,player,8,Leo De Vries,Leodalis,De Vries,Leo,L De Vries,103,LE,Lake Elsinore Storm,Storm,CAL,110,SS,Shortstop,SS,17,360,132,117,0,2,0.29100000000000004,36,9,1,42,1410,3.917,0.139,0.233,0.031,0.595,0.20400000000000001,4,0,62,609,170,217,17,13,54,25,0,29,17,75,92,63,22,3,11,84,50,0,71,0.23700000000000002,299,0.361,0.441,0.802,2,13,0.8670000000000001,0.133,1,38,0.59,0,27.18,2024,110,California League,Low-A,815888-2024-110
2024,802504,Myles Naylor,player,8,Myles Naylor,Myles-Jaxon,Naylor,Myles,M Naylor,524,STK,Stockton Ports,Ports,CAL,110,SS,Shortstop,3B,19,499,134,261,1,2,0.29500000000000004,30,1,12,60,1962,3.9319999999999995,0.15800000000000003,0.347,0.022,0.457,0.13,8,0,52,853,370,246,13,12,89,23,0,32,25,115,77,48,17,2,11,173,79,1,80,0.192,416,0.321,0.322,0.643,0,6,1,0,12,58,1.1600000000000001,0,37.82,2024,110,California League,Low-A,802504-2024-110
2024,694977,Nate Nankil,player,10,Nate Nankil,Nathan,Nankil,Nate,N Nankil,524,STK,Stockton Ports,Ports,CAL,110,RF,Outfielder,OF,21,359,137,154,0,2,0.33199999999999996,31,15,7,45,1454,4.05,0.12300000000000001,0.17800000000000002,0.028,0.688,0.17400000000000002,9,2,42,540,116,236,17,16,76,24,0,28,33,83,75,39,20,1,10,64,44,0,85,0.28500000000000003,298,0.401,0.46,0.8610000000000001,2,3,0.6,0.4,7,56,1.01,0,29.8,2024,110,California League,Low-A,694977-2024-110
2024,700321,Andy Perez,player,11,Andy Perez,Andy,Perez,Andy,A Perez,259,FRE,Fresno Grizzlies,Grizzlies,CAL,110,SS,Shortstop,SS,20,478,192,203,2,7,0.319,38,2,12,91,1591,3.328,0.05,0.134,0.019,0.375,0.14300000000000002,8,0,64,881,158,387,29,17,148,23,3,63,40,109,110,61,22,7,9,64,24,0,129,0.29200000000000004,442,0.326,0.43400000000000005,0.76,6,15,0.714,0.28600000000000003,12,64,1.35,1,49.11,2024,110,California League,Low-A,700321-2024-110
2024,806223,Aidan Smith,player,11,Aidan Smith,Aidan,Smith,Aidan,A Smith,515,MOD,Modesto Nuts,Nuts,CAL,110,RF,Outfielder,OF,19,358,139,155,0,2,0.371,36,8,4,47,1343,3.751,0.14500000000000002,0.24300000000000002,0.025,0.598,0.186,7,0,47,614,175,211,22,16,42,23,0,31,30,77,85,63,26,1,9,87,52,0,84,0.28400000000000003,296,0.402,0.47000000000000003,0.8720000000000001,5,28,0.8480000000000001,0.15200000000000002,4,42,0.49,0,32.89,2024,110,California League,Low-A,806223-2024-110
2024,698916,Rosman Verdugo,player,11,Rosman Verdugo,Rosman,Verdugo,Rosman,R Verdugo,103,LE,Lake Elsinore Storm,Storm,CAL,110,3B,Third Base,SS,19,372,127,179,0,3,0.33799999999999997,29,3,10,62,1475,3.965,0.14500000000000002,0.274,0.024,0.529,0.15700000000000003,7,0,48,610,201,213,25,10,52,22,1,33,22,81,83,57,18,2,9,102,54,0,78,0.25,312,0.363,0.40700000000000003,0.77,3,6,0.6669999999999999,0.33299999999999996,10,50,0.63,0,34.67,2024,110,California League,Low-A,698916-2024-110
2024,701682,Braedon Karpathios,player,14,Braedon Karpathios,Braedon,Karpathios,Braedon,B Karpathios,103,LE,Lake Elsinore Storm,Storm,CAL,110,RF,Outfielder,OF,21,534,165,244,0,6,0.355,39,4,12,56,2231,4.178,0.17800000000000002,0.272,0.015,0.655,0.133,4,1,62,864,298,290,5,13,102,30,0,43,35,119,80,79,29,2,8,145,95,0,108,0.252,429,0.388,0.385,0.773,3,5,0.625,0.375,12,57,1.28,0,53.620000000000005,2024,110,California League,Low-A,701682-2024-110
2024,691292,Angel Ortiz,player,14,Angel Ortiz,Angel,Ortiz,Angel,A Ortiz,516,VIS,Visalia Rawhide,Rawhide,CAL,110,RF,Outfielder,CF,21,376,154,189,1,3,0.357,35,8,3,62,1408,3.745,0.098,0.186,0.021,0.529,0.171,3,1,48,696,165,261,14,18,83,20,1,51,26,88,80,60,22,5,8,70,37,0,98,0.3,327,0.381,0.47100000000000003,0.8520000000000001,6,4,0.4,0.6,3,53,1.04,0,40.879999999999995,2024,110,California League,Low-A,691292-2024-110
2024,805931,Caleb Hobson,player,16,Caleb Hobson,Jamison,Hobson,Caleb,C Hobson,259,FRE,Fresno Grizzlies,Grizzlies,CAL,110,CF,Outfielder,OF,22,463,135,164,5,5,0.354,23,7,8,58,1868,4.035,0.14900000000000002,0.279,0.015,0.535,0.109,6,0,50,763,247,258,21,12,81,19,0,30,45,111,83,79,12,4,7,129,69,1,94,0.24900000000000003,377,0.371,0.358,0.729,6,46,0.885,0.115,8,37,0.98,0,53.86,2024,110,California League,Low-A,805931-2024-110
2024,800306,Jansel Luis,player,16,Jansel Luis,Jansel,Luis,Jansel,J Luis,516,VIS,Visalia Rawhide,Rawhide,CAL,110,SS,Shortstop,2B,19,523,195,182,1,0,0.33199999999999996,46,11,3,64,1863,3.562,0.07600000000000001,0.20800000000000002,0.013000000000000001,0.367,0.14900000000000002,9,0,70,970,263,363,20,16,132,17,0,59,49,109,106,73,29,10,7,109,40,1,125,0.265,471,0.33699999999999997,0.41400000000000003,0.751,10,20,0.6669999999999999,0.33299999999999996,3,50,1.25,0,67.29,2024,110,California League,Low-A,800306-2024-110
2024,806191,Tai Peete,player,16,Tai Peete,Tai,Peete,Tai,T Peete,515,MOD,Modesto Nuts,Nuts,CAL,110,SS,Shortstop,OF,18,528,191,237,0,5,0.391,42,0,5,76,2108,3.9919999999999995,0.10400000000000001,0.307,0.013000000000000001,0.33999999999999997,0.139,6,1,58,972,319,311,11,26,90,23,1,65,37,115,95,72,26,9,7,162,55,1,126,0.269,468,0.34299999999999997,0.40800000000000003,0.751,5,45,0.9,0.1,5,71,0.9500000000000001,0,66.86,2024,110,California League,Low-A,806191-2024-110
2024,703430,Anthony Scull,player,16,Anthony Scull,Anthony,Scull,Anthony,A Scull,401,IE,Inland Empire 66ers,66ers,CAL,110,CF,Outfielder,OF,20,543,178,219,1,6,0.323,35,23,10,87,1818,3.348,0.07200000000000001,0.199,0.013000000000000001,0.361,0.115,5,0,71,1005,301,370,35,22,118,25,2,47,50,117,128,72,23,5,7,108,39,0,124,0.263,471,0.345,0.378,0.723,7,24,0.774,0.226,10,56,0.92,3,67.29,2024,110,California League,Low-A,703430-2024-110
2024,702258,Druw Jones,player,20,Druw Jones,Andruw,Jones,Druw,D Jones,516,VIS,Visalia Rawhide,Rawhide,CAL,110,CF,Outfielder,OF,20,471,153,190,1,4,0.402,29,3,6,47,1974,4.191,0.18,0.28,0.013000000000000001,0.644,0.13,7,1,32,735,213,251,5,8,102,16,0,45,43,109,45,74,15,8,6,132,85,1,104,0.275,378,0.40900000000000003,0.405,0.8140000000000001,6,21,0.778,0.222,6,65,2.27,0,63,2024,110,California League,Low-A,702258-2024-110
2024,683887,Darlyn Montero,player,20,Darlyn Montero,Darlyn,Montero,Darlyn,D Montero,524,STK,Stockton Ports,Ports,CAL,110,1B,First Base,SS,22,401,128,210,1,2,0.34099999999999997,22,10,5,74,1517,3.7830000000000004,0.06,0.259,0.015,0.231,0.096,6,0,37,789,226,262,14,16,102,18,1,41,33,95,67,43,15,1,6,104,24,0,93,0.256,363,0.318,0.353,0.6709999999999999,0,9,1,0,5,29,1.52,1,60.5,2024,110,California League,Low-A,683887-2024-110
2024,683529,Milkar Perez,player,20,Milkar Perez,Milkar,Perez,Milkar,M Perez,515,MOD,Modesto Nuts,Nuts,CAL,110,1B,First Base,3B,22,399,141,188,0,2,0.356,32,3,4,46,1687,4.228,0.14,0.21100000000000002,0.015,0.6669999999999999,0.136,6,0,46,570,110,256,13,18,84,15,0,45,35,93,77,57,24,2,6,84,56,1,95,0.281,338,0.386,0.41700000000000004,0.803,0,2,1,0,4,41,1.09,0,56.33,2024,110,California League,Low-A,683529-2024-110
2024,700170,Felix Tena,player,20,Felix Tena,Felix,Tena,Felix,F Tena,259,FRE,Fresno Grizzlies,Grizzlies,CAL,110,RF,Outfielder,CF,20,458,155,218,1,1,0.314,33,15,9,74,1456,3.179,0.05,0.221,0.013000000000000001,0.228,0.12200000000000001,8,0,56,834,244,319,25,12,122,15,0,42,47,107,93,38,21,6,6,101,23,0,104,0.24900000000000003,418,0.311,0.371,0.6819999999999999,6,13,0.6839999999999999,0.316,9,64,1.31,0,69.66999999999999,2024,110,California League,Low-A,700170-2024-110
2024,703153,Samuel Munoz,player,24,Samuel Munoz,Samuel,Munoz,Samuel,S Munoz,526,RC,Rancho Cucamonga Quakes,Quakes,CAL,110,LF,Outfielder,1B,19,385,115,150,0,8,0.277,24,2,5,61,1454,3.777,0.101,0.20500000000000002,0.013000000000000001,0.494,0.113,5,1,72,689,158,265,11,18,87,11,1,41,24,90,101,41,15,4,5,79,39,0,77,0.229,336,0.306,0.34199999999999997,0.648,3,6,0.6669999999999999,0.33299999999999996,5,50,0.8600000000000001,0,67.2,2024,110,California League,Low-A,703153-2024-110
2024,699232,Anderdson Rojas,player,24,Anderdson Rojas,Anderdson,Rojas,Anderdson,A Rojas,516,VIS,Visalia Rawhide,Rawhide,CAL,110,2B,Second Base,2B,20,446,140,201,2,6,0.28600000000000003,27,6,11,82,1599,3.585,0.083,0.166,0.011,0.5,0.109,3,1,54,762,144,329,25,17,136,10,1,52,34,106,96,67,16,6,5,74,37,0,97,0.24600000000000002,395,0.315,0.354,0.6689999999999999,9,34,0.7909999999999999,0.20900000000000002,11,46,1.42,0,79,2024,110,California League,Low-A,699232-2024-110
2024,700341,Kenny Castillo,player,26,Kenny Castillo,Kenny,Castillo,Kenny,K Castillo,516,VIS,Visalia Rawhide,Rawhide,CAL,110,C,Catcher,C,20,382,130,182,1,8,0.362,25,6,7,68,1313,3.437,0.055,0.24300000000000002,0.01,0.226,0.095,5,1,59,770,261,262,13,15,78,12,1,55,29,88,87,36,21,0,4,93,21,0,97,0.28,346,0.325,0.376,0.701,0,2,1,0,7,55,0.9,0,86.5,2024,110,California League,Low-A,700341-2024-110
2024,694180,Wilman Diaz,player,26,Wilman Diaz,Wilman,Diaz,Wilman,W Diaz,526,RC,Rancho Cucamonga Quakes,Quakes,CAL,110,SS,Shortstop,SS,20,440,146,195,0,2,0.361,31,5,8,65,1631,3.7070000000000003,0.08,0.302,0.009,0.263,0.118,7,0,53,870,309,267,24,7,84,17,1,46,35,109,84,58,19,8,4,133,35,0,99,0.24900000000000003,398,0.316,0.367,0.6829999999999999,6,17,0.739,0.261,8,54,1,0,99.5,2024,110,California League,Low-A,694180-2024-110
2024,695457,Jason Hinchman,player,26,Jason Hinchman,Jason,Hinchman,Jason,J Hinchman,259,FRE,Fresno Grizzlies,Grizzlies,CAL,110,1B,First Base,1B,24,396,110,184,0,8,0.33199999999999996,25,6,9,38,1600,4.04,0.134,0.308,0.01,0.43400000000000005,0.109,5,2,44,686,217,215,17,8,72,12,0,37,25,101,69,48,18,3,4,122,53,1,74,0.225,329,0.33599999999999997,0.33399999999999996,0.6699999999999999,2,10,0.8330000000000001,0.167,9,49,1.04,0,82.25,2024,110,California League,Low-A,695457-2024-110
2024,805782,Ryan Lasko,player,26,Ryan Lasko,Ryan,Lasko,Ryan,R Lasko,524,STK,Stockton Ports,Ports,CAL,110,CF,Outfielder,OF,22,390,103,163,0,2,0.316,23,9,7,48,1590,4.077,0.15100000000000002,0.264,0.01,0.5730000000000001,0.097,5,2,43,687,245,219,10,12,82,16,0,31,25,82,65,48,19,0,4,103,59,0,72,0.225,320,0.359,0.322,0.6809999999999999,6,20,0.769,0.231,7,29,1.26,0,80,2024,110,California League,Low-A,805782-2024-110
2024,800194,Capri Ortiz,player,26,Capri Ortiz,Capri,Ortiz,Capri,C Ortiz,401,IE,Inland Empire 66ers,66ers,CAL,110,SS,Shortstop,3B,19,462,147,189,1,1,0.378,26,10,3,56,1660,3.593,0.10800000000000001,0.275,0.009,0.394,0.10200000000000001,5,4,38,829,299,275,25,15,91,22,2,36,46,113,78,57,15,7,4,127,50,1,106,0.265,400,0.36,0.368,0.728,8,22,0.733,0.267,3,46,1.1700000000000002,0,100,2024,110,California League,Low-A,800194-2024-110
2024,800185,Ruben Santana,player,26,Ruben Santana,Ruben,Santana,Ruben,R Santana,516,VIS,Visalia Rawhide,Rawhide,CAL,110,3B,Third Base,3B,19,454,117,183,0,5,0.303,20,6,8,53,1779,3.9189999999999996,0.13,0.267,0.009,0.48800000000000004,0.08600000000000001,8,1,43,804,260,268,15,14,112,14,0,40,30,106,72,48,11,5,4,121,59,2,84,0.21900000000000003,384,0.328,0.305,0.633,0,11,1,0,8,51,1.56,0,96,2024,110,California League,Low-A,800185-2024-110
2024,800198,Cristofer Torin,player,26,Cristofer Torin,Cristofer,Torin,Cristofer,C Torin,516,VIS,Visalia Rawhide,Rawhide,CAL,110,SS,Shortstop,SS,19,512,144,185,3,3,0.308,26,6,11,57,2186,4.2700000000000005,0.15800000000000003,0.164,0.008,0.964,0.088,7,1,74,794,130,341,38,25,97,15,0,54,38,108,137,78,19,3,4,84,81,1,107,0.255,419,0.381,0.344,0.725,5,15,0.75,0.25,11,50,0.71,0,104.75,2024,110,California League,Low-A,800198-2024-110
2024,801698,Ryan Wilson,player,33,Ryan Wilson,Ryan,Wilson,Ryan,R Wilson,103,LE,Lake Elsinore Storm,Storm,CAL,110,LF,Outfielder,OF,22,427,96,187,0,5,0.254,16,20,8,49,1601,3.749,0.14300000000000002,0.15200000000000002,0.005,0.9380000000000001,0.067,9,0,76,649,127,281,30,22,80,13,2,30,28,99,128,52,11,3,2,65,61,0,73,0.21400000000000002,341,0.361,0.28200000000000003,0.643,2,5,0.714,0.28600000000000003,8,43,0.63,0,170.5,2024,110,California League,Low-A,801698-2024-110
2024,806077,Kendall George,player,34,Kendall George,Kendall,George,Kendall,K George,526,RC,Rancho Cucamonga Quakes,Quakes,CAL,110,CF,Outfielder,OF,19,404,112,136,0,3,0.362,11,3,4,45,1612,3.9899999999999998,0.14100000000000001,0.20500000000000002,0.002,0.6869999999999999,0.05,8,1,56,670,188,261,14,16,80,11,0,33,51,86,86,75,6,4,1,83,57,0,95,0.279,341,0.384,0.328,0.712,12,36,0.75,0.25,4,31,0.93,0,341,2024,110,California League,Low-A,806077-2024-110
2024,699127,Luis Castillo,player,1,Luis Castillo,Luis,Castillo,Luis,L Castillo,249,CAR,Carolina Mudcats,Mudcats,CAR,122,LF,Outfielder,OF,20,462,154,220,0,5,0.24200000000000002,35,3,8,53,1968,4.26,0.126,0.255,0.039,0.492,0.182,2,1,48,725,169,283,29,15,109,24,0,34,24,115,92,65,16,1,18,118,58,1,82,0.20700000000000002,396,0.31,0.389,0.699,1,4,0.8,0.2,8,75,1.1800000000000002,0,22,2024,122,Carolina League,Low-A,699127-2024-122
2024,696513,Andy Garriola,player,1,Andy Garriola,Andrew,Garriola,Andy,A Garriola,521,MB,Myrtle Beach Pelicans,Pelicans,CAR,122,LF,Outfielder,OF,24,381,160,180,0,10,0.302,43,4,3,47,1571,4.122999999999999,0.092,0.312,0.047,0.29400000000000004,0.24100000000000002,8,0,52,821,288,223,21,14,56,17,0,48,15,90,87,49,24,1,18,119,35,1,80,0.24100000000000002,332,0.312,0.48200000000000004,0.7939999999999999,2,9,0.8180000000000001,0.182,3,72,0.64,0,18.439999999999998,2024,122,Carolina League,Low-A,696513-2024-122
2024,805810,Blake Mitchell,player,1,Blake Mitchell,Blake,Mitchell,Blake,B Mitchell,3705,COL,Columbia Fireflies,Fireflies,CAR,122,C,Catcher,C,19,466,166,144,0,3,0.326,37,6,2,49,1980,4.2490000000000006,0.17,0.305,0.039,0.556,0.201,1,0,50,842,250,239,19,20,60,29,2,36,23,106,89,64,16,3,18,142,79,2,90,0.23800000000000002,378,0.376,0.43900000000000006,0.8150000000000001,7,25,0.7809999999999999,0.21900000000000003,2,50,0.6699999999999999,0,21,2024,122,Carolina League,Low-A,805810-2024-122
2024,806210,Alfonsin Rosario,player,4,Alfonsin Rosario,Alfonsin,Rosario,Alfonsin,A Rosario,521,MB,Myrtle Beach Pelicans,Pelicans,CAR,122,CF,Outfielder,OF,20,456,162,212,0,4,0.321,38,13,4,42,1804,3.9559999999999995,0.12300000000000001,0.322,0.034999999999999996,0.381,0.193,4,0,50,863,362,240,25,15,62,19,0,40,29,109,90,61,18,4,16,147,56,0,88,0.23,383,0.344,0.42300000000000004,0.767,5,20,0.8,0.2,4,73,0.69,0,23.939999999999998,2024,122,Carolina League,Low-A,806210-2024-122
2024,800448,Echedry Vargas,player,5,Echedry Vargas,Echedry,Vargas,Echedry,E Vargas,485,DE,Down East Wood Ducks,Wood Ducks,CAR,122,SS,Shortstop,SS,19,422,178,148,1,2,0.323,40,6,1,42,1432,3.393,0.05,0.21100000000000002,0.033,0.23600000000000002,0.17900000000000002,9,1,59,815,247,306,30,23,86,20,0,51,37,97,112,65,24,2,14,89,21,0,108,0.276,392,0.321,0.454,0.775,9,29,0.763,0.23700000000000002,1,48,0.77,0,28,2024,122,Carolina League,Low-A,800448-2024-122
2024,700283,Derlin Figueroa,player,6,Derlin Figueroa,Derlin,Figueroa,Derlin,D Figueroa,3705,COL,Columbia Fireflies,Fireflies,CAR,122,1B,First Base,1B,20,492,157,215,2,5,0.263,32,3,2,75,1856,3.772,0.1,0.22,0.026000000000000002,0.454,0.14200000000000002,2,0,68,968,262,330,52,25,89,27,1,33,35,118,145,54,16,3,13,108,49,1,96,0.223,431,0.303,0.364,0.6669999999999999,7,15,0.6819999999999999,0.318,2,56,0.61,2,33.15,2024,122,Carolina League,Low-A,700283-2024-122
2024,701327,Elijah Green,player,6,Elijah Green,Elijah,Green,Elijah,E Green,436,FBG,Fredericksburg Nationals,Nationals,CAR,122,CF,Outfielder,OF,20,468,147,201,0,2,0.371,31,5,5,45,1854,3.9619999999999997,0.098,0.44,0.028,0.223,0.14700000000000002,11,0,43,886,421,210,14,14,53,21,0,38,27,106,71,74,14,4,13,206,46,0,86,0.20800000000000002,414,0.29300000000000004,0.355,0.648,3,39,0.929,0.07100000000000001,5,54,0.75,1,31.85,2024,122,Carolina League,Low-A,701327-2024-122
2024,815697,Arturo Disla,player,8,Arturo Disla,Arturo,Disla,Arturo,A Disla,485,DE,Down East Wood Ducks,Wood Ducks,CAR,122,1B,First Base,1B,23,359,140,118,0,0,0.324,28,7,9,37,1294,3.604,0.089,0.181,0.031,0.492,0.15600000000000003,9,2,45,657,196,255,25,9,86,17,0,38,35,87,79,35,17,0,11,65,32,0,90,0.281,320,0.359,0.43800000000000006,0.7969999999999999,1,2,0.6669999999999999,0.33299999999999996,9,50,1.09,0,29.09,2024,122,Carolina League,Low-A,815697-2024-122
2024,800051,Austin Charles,player,9,Austin Charles,Austin,Charles,Austin,A Charles,3705,COL,Columbia Fireflies,Fireflies,CAR,122,3B,Third Base,SS,20,481,158,195,2,6,0.33799999999999997,29,14,3,61,1780,3.701,0.10400000000000001,0.258,0.021,0.403,0.13,6,2,61,883,311,293,22,31,74,19,1,52,33,117,114,62,15,4,10,124,50,0,105,0.257,409,0.353,0.386,0.739,7,36,0.8370000000000001,0.163,3,64,0.65,0,40.9,2024,122,Carolina League,Low-A,800051-2024-122
2024,806441,Nehomar Ochoa Jr.,player,9,Nehomar Ochoa Jr.,Nehomar,Ochoa,Nehomar,N Ochoa Jr.,3712,FAY,Fayetteville Woodpeckers,Woodpeckers,CAR,122,RF,Outfielder,OF,18,394,123,179,0,2,0.301,26,11,1,41,1512,3.8379999999999996,0.096,0.29400000000000004,0.025,0.328,0.137,7,1,48,741,233,229,35,15,55,14,1,40,21,103,98,44,15,1,10,116,38,0,76,0.222,343,0.317,0.359,0.6759999999999999,5,17,0.773,0.227,1,44,0.56,0,34.3,2024,122,Carolina League,Low-A,806441-2024-122
2024,691179,Erick Peña,player,9,Erick Peña,Erick,Peña,Erick,E Peña,3705,COL,Columbia Fireflies,Fireflies,CAR,122,RF,Outfielder,CF,21,427,116,192,5,3,0.29000000000000004,29,4,1,51,1720,4.028,0.119,0.4,0.023,0.29800000000000004,0.14300000000000002,2,0,39,858,360,201,29,13,56,12,0,31,21,108,81,40,16,3,10,171,51,0,64,0.17600000000000002,364,0.28200000000000003,0.319,0.601,3,13,0.8130000000000001,0.188,1,43,0.69,0,36.4,2024,122,Carolina League,Low-A,691179-2024-122
2024,806252,Ralphy Velazquez,player,9,Ralphy Velazquez,Raffaele,Velazquez,Ralphy,R Velazquez,481,LYN,Lynchburg Hillcats,Hillcats,CAR,122,1B,First Base,1B,19,373,128,160,0,4,0.28500000000000003,32,4,7,40,1493,4.003,0.15000000000000002,0.201,0.027,0.747,0.17200000000000001,5,1,58,714,197,238,13,16,76,16,1,43,15,82,87,56,21,1,10,75,56,0,75,0.24300000000000002,309,0.362,0.41400000000000003,0.776,2,8,0.8,0.2,7,52,0.8700000000000001,0,30.9,2024,122,Carolina League,Low-A,806252-2024-122
2024,800406,Aron Estrada,player,13,Aron Estrada,Aron,Estrada,Aron,A Estrada,548,DEL,Delmarva Shorebirds,Shorebirds,CAR,122,2B,Second Base,2B,19,388,151,123,0,3,0.34199999999999997,29,8,2,53,1378,3.5519999999999996,0.07500000000000001,0.168,0.021,0.446,0.138,10,1,43,719,169,286,21,13,106,20,0,40,43,91,77,53,18,3,8,65,29,1,103,0.29600000000000004,348,0.361,0.43400000000000005,0.7949999999999999,8,31,0.7949999999999999,0.20500000000000002,2,43,1.3800000000000001,0,43.5,2024,122,Carolina League,Low-A,800406-2024-122
2024,699615,Brandon Pimentel,player,13,Brandon Pimentel,Brandon,Pimentel,Brandon,B Pimentel,436,FBG,Fredericksburg Nationals,Nationals,CAR,122,1B,First Base,OF,24,465,165,185,0,7,0.34199999999999997,32,16,9,60,1667,3.585,0.047,0.228,0.017,0.20800000000000002,0.119,11,1,46,1014,311,321,18,28,114,20,0,48,47,111,92,49,22,2,8,106,22,1,115,0.274,420,0.329,0.393,0.722,4,18,0.8180000000000001,0.182,9,85,1.24,0,52.5,2024,122,Carolina League,Low-A,699615-2024-122
2024,806983,Yophery Rodriguez,player,15,Yophery Rodriguez,Yophery,Rodriguez,Yophery,Y Rodriguez,249,CAR,Carolina Mudcats,Mudcats,CAR,122,CF,Outfielder,CF,18,484,161,197,0,3,0.326,36,2,8,57,1784,3.686,0.12200000000000001,0.23800000000000002,0.014,0.513,0.133,3,0,61,786,204,308,26,13,103,16,1,57,31,110,100,59,23,6,7,115,59,0,105,0.25,420,0.34299999999999997,0.383,0.726,5,7,0.583,0.41700000000000004,8,60,1.03,0,60,2024,122,Carolina League,Low-A,806983-2024-122
2024,683149,Julian Brock,player,16,Julian Brock,Julian,Brock,Julian,J Brock,485,DE,Down East Wood Ducks,Wood Ducks,CAR,122,C,Catcher,C,23,393,132,166,0,6,0.346,27,5,5,46,1553,3.9519999999999995,0.079,0.28200000000000003,0.015,0.279,0.12300000000000001,1,0,40,740,209,246,11,21,85,13,1,49,26,95,72,54,17,4,6,111,31,1,89,0.254,351,0.318,0.376,0.694,6,7,0.538,0.462,5,41,1.1800000000000002,0,58.5,2024,122,Carolina League,Low-A,683149-2024-122
2024,703198,Kenni Gomez,player,16,Kenni Gomez,Kenni,Gomez,Kenni,K Gomez,3712,FAY,Fayetteville Woodpeckers,Woodpeckers,CAR,122,CF,Outfielder,OF,19,367,136,156,0,2,0.33599999999999997,33,3,6,56,1331,3.6270000000000002,0.093,0.226,0.016,0.41000000000000003,0.14900000000000002,8,0,53,677,198,247,17,20,70,22,0,39,26,87,90,44,23,4,6,83,34,0,87,0.265,328,0.33799999999999997,0.41500000000000004,0.753,8,13,0.619,0.381,6,35,0.7799999999999999,0,54.67,2024,122,Carolina League,Low-A,703198-2024-122
2024,800377,Angel Mateo,player,16,Angel Mateo,Angel,Mateo,Angel,A Mateo,233,CHS,Charleston RiverDogs,RiverDogs,CAR,122,RF,Outfielder,OF,19,409,121,171,0,4,0.29700000000000004,30,10,3,45,1577,3.8559999999999994,0.10500000000000001,0.254,0.015,0.41300000000000003,0.119,6,0,47,776,244,252,35,16,75,17,1,38,23,101,98,46,24,0,6,104,43,0,79,0.224,352,0.323,0.344,0.6669999999999999,6,26,0.8130000000000001,0.188,3,40,0.77,0,58.67,2024,122,Carolina League,Low-A,800377-2024-122
2024,807511,Nelly Taylor,player,16,Nelly Taylor,Nelson,Taylor,Nelly,N Taylor,414,SAL,Salem Red Sox,Red Sox,CAR,122,CF,Outfielder,OF,21,434,132,173,0,3,0.3,33,2,4,55,1771,4.081,0.138,0.24400000000000002,0.014,0.5660000000000001,0.13,8,1,54,717,218,266,31,18,79,11,0,53,20,101,103,69,24,3,6,106,60,0,84,0.228,369,0.33599999999999997,0.358,0.694,9,31,0.775,0.225,4,46,0.77,0,61.5,2024,122,Carolina League,Low-A,807511-2024-122
2024,800256,Natanael Yuten,player,16,Natanael Yuten,Natanael,Yuten,Natanael,N Yuten,414,SAL,Salem Red Sox,Red Sox,CAR,122,RF,Outfielder,CF,19,418,144,196,0,4,0.316,33,5,3,41,1473,3.524,0.07200000000000001,0.251,0.014,0.28600000000000003,0.137,9,2,46,857,279,278,13,25,102,15,2,37,38,101,84,39,20,7,6,105,30,0,92,0.24300000000000002,379,0.304,0.38,0.6839999999999999,11,12,0.522,0.47800000000000004,3,50,1.21,0,63.17,2024,122,Carolina League,Low-A,800256-2024-122
2024,702995,Antonio Anderson,player,21,Antonio Anderson,Antonio,Anderson,Antonio,A Anderson,414,SAL,Salem Red Sox,Red Sox,CAR,122,3B,Third Base,SS,19,482,109,183,0,3,0.25,23,6,8,46,1887,3.9149999999999996,0.14300000000000002,0.253,0.01,0.5660000000000001,0.084,8,1,50,767,239,285,18,20,122,12,0,36,27,108,88,53,17,1,5,122,69,0,75,0.186,404,0.311,0.27,0.581,4,3,0.42900000000000005,0.5710000000000001,8,34,1.3900000000000001,0,80.8,2024,122,Carolina League,Low-A,702995-2024-122
2024,702693,Jaison Chourio,player,21,Jaison Chourio,Jaison,Chourio,Jaison,J Chourio,481,LYN,Lynchburg Hillcats,Hillcats,CAR,122,CF,Outfielder,OF,19,432,133,139,0,9,0.316,31,3,6,58,1856,4.296,0.199,0.16,0.012,1.246,0.129,6,1,48,676,129,274,9,19,108,15,0,45,30,98,76,69,24,2,5,69,86,1,90,0.269,334,0.41400000000000003,0.398,0.812,11,44,0.8,0.2,6,58,1.42,0,66.8,2024,122,Carolina League,Low-A,702693-2024-122
2024,694183,Cristian Hernández,player,21,Cristian Hernández,Cristian,Hernández,Cristian,C Hernández,521,MB,Myrtle Beach Pelicans,Pelicans,CAR,122,SS,Shortstop,SS,20,414,142,160,0,0,0.356,34,4,8,63,1575,3.804,0.14500000000000002,0.229,0.012,0.632,0.137,5,0,44,739,233,255,7,17,93,17,1,40,36,95,68,56,25,4,5,95,60,2,94,0.269,350,0.382,0.406,0.7879999999999999,5,37,0.881,0.119,8,50,1.37,0,70,2024,122,Carolina League,Low-A,694183-2024-122
2024,800440,Narciso Polanco,player,21,Narciso Polanco,Narciso,Polanco,Narciso,N Polanco,233,CHS,Charleston RiverDogs,RiverDogs,CAR,122,3B,Third Base,2B,19,415,119,137,2,3,0.29200000000000004,27,3,5,37,1715,4.133,0.12000000000000001,0.229,0.012,0.526,0.11,9,0,61,769,189,264,21,14,88,13,0,41,26,97,96,47,20,2,5,95,50,0,80,0.226,354,0.324,0.33599999999999997,0.6599999999999999,7,26,0.7879999999999999,0.21200000000000002,5,31,0.92,3,70.8,2024,122,Carolina League,Low-A,800440-2024-122
2024,703143,Cristhian Vaquero,player,21,Cristhian Vaquero,Cristhian,Vaquero,Cristhian,C Vaquero,436,FBG,Fredericksburg Nationals,Nationals,CAR,122,RF,Outfielder,OF,19,401,105,172,2,2,0.29500000000000004,25,11,4,41,1554,3.8749999999999996,0.097,0.34199999999999997,0.012,0.28500000000000003,0.112,5,0,44,797,310,214,33,13,58,14,0,29,23,103,90,51,16,4,5,137,39,0,66,0.19,347,0.29100000000000004,0.303,0.594,6,29,0.8290000000000001,0.171,4,32,0.64,0,69.4,2024,122,Carolina League,Low-A,703143-2024-122
2024,804645,Caden Connor,player,26,Caden Connor,Caden,Connor,Caden,C Connor,487,KAN,Kannapolis Cannon Ballers,Cannon Ballers,CAR,122,1B,First Base,OF,23,356,132,149,0,9,0.361,30,5,1,52,1322,3.713,0.118,0.171,0.011,0.689,0.133,0,1,44,601,113,248,12,17,83,16,0,34,42,78,73,51,24,2,4,61,42,0,92,0.307,300,0.39,0.44,0.8300000000000001,1,6,0.8570000000000001,0.14300000000000002,1,55,1.1400000000000001,0,75,2024,122,Carolina League,Low-A,804645-2024-122
2024,694065,Arxy Hernandez,player,26,Arxy Hernandez,Arxy,Hernandez,Arxy,A Hernandez,487,KAN,Kannapolis Cannon Ballers,Cannon Ballers,CAR,122,3B,Third Base,3B,20,457,141,239,0,7,0.316,30,10,8,70,1712,3.746,0.081,0.252,0.009,0.322,0.112,10,0,62,819,255,295,19,19,99,26,1,35,34,108,100,58,19,7,4,115,37,0,96,0.23800000000000002,403,0.313,0.35,0.6629999999999999,0,4,1,0,8,51,0.99,0,100.75,2024,122,Carolina League,Low-A,694065-2024-122
2024,691262,Reginald Preciado,player,26,Reginald Preciado,Reginald,Preciado,Reginald,R Preciado,521,MB,Myrtle Beach Pelicans,Pelicans,CAR,122,3B,Third Base,SS,21,380,109,140,3,1,0.321,19,3,7,41,1333,3.508,0.063,0.28700000000000003,0.011,0.22,0.083,5,1,45,727,225,244,18,19,82,10,0,43,27,89,82,46,13,2,4,109,24,0,80,0.229,349,0.28400000000000003,0.312,0.596,4,12,0.75,0.25,7,32,1,0,87.25,2024,122,Carolina League,Low-A,691262-2024-122
2024,805075,Erick Torres,player,26,Erick Torres,Erick,Torres,Erick,E Torres,3705,COL,Columbia Fireflies,Fireflies,CAR,122,CF,Outfielder,OF,19,514,131,138,5,3,0.273,18,10,10,41,1875,3.648,0.111,0.14,0.008,0.7919999999999999,0.062,7,3,80,836,163,375,31,31,129,8,1,58,37,115,142,70,13,1,4,72,57,0,104,0.23700000000000002,439,0.33599999999999997,0.29800000000000004,0.634,11,25,0.694,0.306,10,32,0.91,0,109.75,2024,122,Carolina League,Low-A,805075-2024-122
2024,800421,Marvin Alcantara,player,30,Marvin Alcantara,Marvin,Alcantara,Marvin,M Alcantara,414,SAL,Salem Red Sox,Red Sox,CAR,122,2B,Second Base,SS,19,456,130,221,0,1,0.321,16,4,6,67,1600,3.509,0.061,0.226,0.007,0.272,0.059000000000000004,7,0,57,766,195,321,18,29,112,9,0,55,41,108,104,60,10,3,3,103,28,0,105,0.24800000000000003,423,0.3,0.307,0.607,3,13,0.8130000000000001,0.188,6,47,1.08,0,141,2024,122,Carolina League,Low-A,800421-2024-122
2024,694206,Daniel Guilarte,player,30,Daniel Guilarte,Daniel,Guilarte,Daniel,D Guilarte,249,CAR,Carolina Mudcats,Mudcats,CAR,122,2B,Second Base,SS,20,468,131,196,0,3,0.33299999999999996,24,2,6,52,1906,4.073,0.135,0.24600000000000002,0.006,0.548,0.083,9,0,36,731,199,288,7,21,126,12,1,45,40,110,64,72,18,3,3,115,63,0,98,0.24500000000000002,400,0.348,0.328,0.6759999999999999,12,40,0.769,0.231,6,35,1.97,0,133.33,2024,122,Carolina League,Low-A,694206-2024-122
2024,691405,Juan Benjamin,player,32,Juan Benjamin,Juan,Benjamin,Juan,J Benjamin,481,LYN,Lynchburg Hillcats,Hillcats,CAR,122,3B,Third Base,SS,21,383,114,185,1,3,0.324,21,4,10,61,1392,3.634,0.07600000000000001,0.222,0.005,0.34099999999999997,0.07800000000000001,3,1,44,721,198,265,16,22,96,16,0,40,31,96,82,40,17,2,2,85,29,0,87,0.251,346,0.314,0.329,0.643,3,24,0.889,0.111,10,52,1.1700000000000002,0,173,2024,122,Carolina League,Low-A,691405-2024-122
2024,821009,Cesar Hernandez,player,32,Cesar Hernandez,Cesar,Hernandez,Cesar,C Hernandez,3712,FAY,Fayetteville Woodpeckers,Woodpeckers,CAR,122,CF,Outfielder,OF,21,382,102,163,0,5,0.29600000000000004,19,12,2,62,1319,3.453,0.079,0.223,0.005,0.353,0.07500000000000001,7,0,31,711,214,255,23,24,100,5,0,34,38,94,78,52,15,2,2,85,30,0,77,0.23,335,0.312,0.304,0.616,7,34,0.8290000000000001,0.171,2,34,1.28,0,167.5,2024,122,Carolina League,Low-A,821009-2024-122
2024,694387,Christian Knapczyk,player,32,Christian Knapczyk,Christian,Knapczyk,Christian,C Knapczyk,481,LYN,Lynchburg Hillcats,Hillcats,CAR,122,2B,Second Base,SS,22,399,112,132,1,6,0.307,21,16,2,45,1477,3.702,0.14,0.17500000000000002,0.005,0.8,0.1,2,0,63,652,126,257,20,20,74,12,0,38,30,92,103,56,12,7,2,70,56,0,80,0.25,320,0.382,0.35,0.732,8,18,0.692,0.308,2,41,0.72,0,160,2024,122,Carolina League,Low-A,694387-2024-122
2024,815299,Will Verdung,player,32,Will Verdung,Philip,Verdung,Will,W Verdung,478,AUG,Augusta GreenJackets,GreenJackets,CAR,122,1B,First Base,3B,21,437,100,154,0,3,0.278,18,8,11,39,1784,4.082,0.14600000000000002,0.20600000000000002,0.005,0.711,0.061,8,0,44,705,142,275,22,31,100,9,4,39,26,106,97,37,16,0,2,90,64,1,78,0.21500000000000002,362,0.34299999999999997,0.276,0.619,5,17,0.773,0.227,11,37,1.03,0,181,2024,122,Carolina League,Low-A,815299-2024-122
2024,800345,Juan Baez,player,36,Juan Baez,Juan,Baez,Juan,J Baez,249,CAR,Carolina Mudcats,Mudcats,CAR,122,3B,Third Base,IF,19,356,117,148,0,2,0.29700000000000004,23,5,11,68,1154,3.242,0.07,0.09,0.003,0.7809999999999999,0.09,10,1,46,610,114,294,23,27,110,12,0,52,24,81,96,47,18,4,1,32,25,0,88,0.272,324,0.33099999999999996,0.361,0.692,10,11,0.524,0.47600000000000003,11,40,1.1500000000000001,0,324,2024,122,Carolina League,Low-A,800345-2024-122
2024,694181,Carlos Colmenarez,player,36,Carlos Colmenarez,Carlos,Colmenarez,Carlos,C Colmenarez,233,CHS,Charleston RiverDogs,RiverDogs,CAR,122,2B,Second Base,SS,20,368,76,131,1,5,0.306,11,9,1,37,1531,4.159999999999999,0.14700000000000002,0.29300000000000004,0.003,0.5,0.054000000000000006,4,0,41,676,228,195,12,8,74,12,1,29,18,94,61,35,7,3,1,108,54,0,60,0.202,297,0.33699999999999997,0.256,0.593,8,15,0.652,0.348,1,42,1.21,2,297,2024,122,Carolina League,Low-A,694181-2024-122
2024,694070,Yhoswar Garcia,player,36,Yhoswar Garcia,Yhoswar,Garcia,Yhoswar,Y Garcia,249,CAR,Carolina Mudcats,Mudcats,CAR,122,LF,Outfielder,CF,22,394,121,160,4,5,0.353,15,4,3,70,1354,3.437,0.079,0.17300000000000001,0.003,0.456,0.054000000000000006,7,0,39,679,180,291,28,20,102,8,0,39,55,104,87,59,12,2,1,68,31,1,102,0.29100000000000004,350,0.351,0.346,0.697,13,65,0.8330000000000001,0.167,3,43,1.1700000000000002,0,350,2024,122,Carolina League,Low-A,694070-2024-122
2024,800357,Ricardo Gonzalez,player,36,Ricardo Gonzalez,Ricardo,Gonzalez,Ricardo,R Gonzalez,233,CHS,Charleston RiverDogs,RiverDogs,CAR,122,SS,Shortstop,SS,19,364,78,174,2,3,0.259,12,4,7,59,1370,3.7640000000000002,0.10700000000000001,0.20600000000000002,0.003,0.52,0.044,5,2,46,682,146,246,14,25,97,7,0,39,18,95,85,24,11,0,1,75,39,0,64,0.203,316,0.29600000000000004,0.24700000000000003,0.543,3,18,0.8570000000000001,0.14300000000000002,7,37,1.1400000000000001,0,316,2024,122,Carolina League,Low-A,800357-2024-122
2024,803142,Tommy Hawke,player,36,Tommy Hawke,William,Hawke,Tommy,T Hawke,481,LYN,Lynchburg Hillcats,Hillcats,CAR,122,LF,Outfielder,OF,21,391,112,125,1,4,0.33899999999999997,19,4,1,39,1590,4.066,0.15100000000000002,0.199,0.003,0.756,0.084,4,1,43,647,116,250,9,21,92,11,1,36,37,88,73,59,12,6,1,78,59,1,85,0.263,323,0.379,0.347,0.726,11,37,0.771,0.229,1,22,1.26,0,323,2024,122,Carolina League,Low-A,803142-2024-122
2024,805082,Ronny Hernandez,player,36,Ronny Hernandez,Ronny,Hernandez,Ronny,R Hernandez,487,KAN,Kannapolis Cannon Ballers,Cannon Ballers,CAR,122,C,Catcher,C,19,413,113,204,0,1,0.325,17,3,8,65,1542,3.734,0.15000000000000002,0.14300000000000002,0.002,1.051,0.055,8,0,59,731,162,287,18,15,101,18,0,57,19,96,92,47,16,0,1,59,62,0,94,0.272,345,0.387,0.328,0.715,0,0,,,8,46,1.1,2,345,2024,122,Carolina League,Low-A,805082-2024-122
2024,807747,Rikuu Nishida,player,36,Rikuu Nishida,Rikuu,Nishida,Rikuu,R Nishida,487,KAN,Kannapolis Cannon Ballers,Cannon Ballers,CAR,122,LF,Outfielder,RF,23,418,125,127,3,1,0.33799999999999997,19,7,3,52,1624,3.885,0.15800000000000003,0.12200000000000001,0.002,1.294,0.07600000000000001,12,0,44,673,104,294,6,26,118,8,0,38,53,90,76,84,13,5,1,51,66,1,99,0.29000000000000004,341,0.41400000000000003,0.367,0.7809999999999999,8,35,0.8140000000000001,0.186,3,36,1.55,0,341,2024,122,Carolina League,Low-A,807747-2024-122
2024,803745,Adrian Santana,player,43,Adrian Santana,Adrian,Santana,Adrian,A Santana,233,CHS,Charleston RiverDogs,RiverDogs,CAR,122,SS,Shortstop,SS,18,455,127,182,1,1,0.28900000000000003,24,2,9,59,1564,3.437,0.07500000000000001,0.15800000000000003,0,0.47200000000000003,0.065,7,0,76,815,167,347,16,29,126,5,1,46,48,103,121,55,21,3,0,72,34,0,100,0.24000000000000002,417,0.3,0.305,0.605,9,51,0.8500000000000001,0.15000000000000002,9,35,1.04,0,,2024,122,Carolina League,Low-A,803745-2024-122
2024,694808,Zach Kokoska,player,1,Zach Kokoska,Zachary,Kokoska,Zach,Z Kokoska,538,HFD,Hartford Yard Goats,Yard Goats,EAS,113,1B,First Base,OF,25,398,158,169,1,5,0.262,43,14,5,46,1632,4.101,0.088,0.307,0.05,0.28700000000000003,0.24500000000000002,2,1,53,864,274,227,23,17,60,25,1,36,12,104,93,57,22,1,20,122,35,2,74,0.21600000000000003,343,0.31,0.461,0.771,4,15,0.7889999999999999,0.21100000000000002,5,67,0.65,0,17.150000000000002,2024,113,Eastern League,Double-A,694808-2024-113
2024,669236,Jeremiah Jackson,player,2,Jeremiah Jackson,Jeremiah,Jackson,Jeremiah,J Jackson,505,BNG,Binghamton Rumble Ponies,Rumble Ponies,EAS,113,SS,Shortstop,2B,24,482,169,238,0,4,0.23500000000000001,38,2,17,82,1779,3.691,0.048,0.255,0.039,0.187,0.168,5,0,73,1040,338,334,28,16,124,31,0,38,24,121,117,49,19,0,19,123,23,0,93,0.20500000000000002,453,0.24500000000000002,0.373,0.618,2,11,0.8460000000000001,0.15400000000000003,17,61,1.06,0,23.84,2024,113,Eastern League,Double-A,669236-2024-113
2024,691775,Ryan Clifford,player,3,Ryan Clifford,Ryan,Clifford,Ryan,R Clifford,505,BNG,Binghamton Rumble Ponies,Rumble Ponies,EAS,113,1B,First Base,1B,20,405,152,151,0,3,0.29400000000000004,39,5,2,47,1752,4.326,0.15600000000000003,0.28900000000000003,0.044,0.538,0.225,3,1,49,686,219,219,23,8,62,26,0,34,17,98,80,53,21,0,18,117,63,3,77,0.231,333,0.359,0.456,0.8150000000000001,2,3,0.6,0.4,2,58,0.7799999999999999,1,18.5,2024,113,Eastern League,Double-A,691775-2024-113
2024,682983,Jud Fabian,player,3,Jud Fabian,Judson,Fabian,Jud,J Fabian,418,BOW,Bowie Baysox,Baysox,EAS,113,CF,Outfielder,OF,23,422,156,151,2,6,0.29600000000000004,35,7,4,47,1631,3.8649999999999998,0.109,0.29900000000000004,0.043000000000000003,0.365,0.199,5,1,69,733,253,243,19,10,61,29,2,34,19,98,98,53,16,1,18,126,46,0,84,0.233,361,0.326,0.43200000000000005,0.758,5,13,0.722,0.278,4,58,0.62,0,20.06,2024,113,Eastern League,Double-A,682983-2024-113
2024,680273,Chris Meyers,player,3,Chris Meyers,Christopher,Meyers,Chris,C Meyers,106,ERI,Erie SeaWolves,SeaWolves,EAS,113,1B,First Base,OF,25,503,190,217,0,2,0.321,41,13,6,58,1929,3.8349999999999995,0.091,0.258,0.036,0.354,0.17400000000000002,5,2,66,943,275,314,31,14,90,25,1,58,29,122,111,67,23,0,18,130,46,0,113,0.256,442,0.34199999999999997,0.43000000000000005,0.772,2,4,0.6669999999999999,0.33299999999999996,6,58,0.81,0,24.56,2024,113,Eastern League,Double-A,680273-2024-113
2024,669398,Gage Workman,player,3,Gage Workman,Gage,Workman,Gage,G Workman,106,ERI,Erie SeaWolves,SeaWolves,EAS,113,3B,Third Base,3B,24,556,230,181,0,3,0.371,53,3,4,59,2243,4.034,0.117,0.275,0.032,0.42500000000000004,0.197,11,4,72,1130,355,333,8,23,95,38,1,59,37,126,103,85,29,6,18,153,65,2,135,0.28,483,0.366,0.47600000000000003,0.8420000000000001,13,30,0.698,0.302,4,89,0.92,2,26.830000000000002,2024,113,Eastern League,Double-A,669398-2024-113
2024,682987,Spencer Jones,player,7,Spencer Jones,Spencer,Jones,Spencer,S Jones,1956,SOM,Somerset Patriots,Patriots,EAS,113,CF,Outfielder,CF,23,544,218,151,0,4,0.401,53,4,3,38,2271,4.175,0.09899999999999999,0.368,0.031,0.27,0.193,5,1,52,1062,434,286,4,16,89,25,0,66,34,122,72,73,30,6,17,200,54,2,125,0.259,482,0.33599999999999997,0.452,0.7879999999999999,9,25,0.735,0.265,3,78,1.24,0,28.35,2024,113,Eastern League,Double-A,682987-2024-113
2024,694212,Samuel Basallo,player,8,Samuel Basallo,Samuel,Basallo,Samuel,S Basallo,418,BOW,Bowie Baysox,Baysox,EAS,113,C,Catcher,C,19,446,185,179,1,4,0.329,38,2,9,75,1615,3.621,0.092,0.191,0.036,0.48200000000000004,0.17600000000000002,4,0,44,812,229,318,31,24,104,20,1,55,39,106,99,57,22,0,16,85,41,1,115,0.28900000000000003,398,0.355,0.465,0.8200000000000001,5,9,0.643,0.357,9,55,1.05,0,24.88,2024,113,Eastern League,Double-A,694212-2024-113
2024,678413,Alexfri Planez,player,8,Alexfri Planez,Alexfri,Planez,Alexfri,A Planez,402,AKR,Akron RubberDucks,RubberDucks,EAS,113,RF,Outfielder,OF,22,425,154,191,0,3,0.271,32,4,12,57,1489,3.504,0.038,0.28900000000000003,0.038,0.13,0.164,4,1,65,817,270,282,23,20,86,29,1,34,24,104,108,46,14,2,16,123,16,0,88,0.21900000000000003,402,0.254,0.383,0.637,1,3,0.75,0.25,12,48,0.8,0,25.12,2024,113,Eastern League,Double-A,678413-2024-113
2024,694930,Carson Taylor,player,8,Carson Taylor,Carson,Taylor,Carson,C Taylor,522,REA,Reading Fightin Phils,Fightin Phils,EAS,113,1B,First Base,1B,25,450,173,133,0,6,0.327,35,5,4,56,1803,4.007,0.14900000000000002,0.21300000000000002,0.036,0.698,0.188,2,0,53,764,197,282,15,24,87,24,0,50,29,109,92,53,16,3,16,96,67,1,103,0.277,372,0.389,0.465,0.8540000000000001,1,5,0.8330000000000001,0.167,4,75,0.9500000000000001,0,23.25,2024,113,Eastern League,Double-A,694930-2024-113
2024,696135,Kahlil Watson,player,8,Kahlil Watson,Kahlil,Watson,Kahlil,K Watson,402,AKR,Akron RubberDucks,RubberDucks,EAS,113,2B,Second Base,RF,21,407,146,165,0,3,0.28500000000000003,33,3,4,49,1616,3.9709999999999996,0.10300000000000001,0.307,0.039,0.33599999999999997,0.187,2,0,66,801,265,237,16,12,64,26,1,32,20,96,94,56,15,2,16,125,42,0,79,0.22,359,0.305,0.40700000000000003,0.712,9,15,0.625,0.375,4,41,0.6799999999999999,0,22.439999999999998,2024,113,Eastern League,Double-A,696135-2024-113
2024,701350,Roman Anthony,player,12,Roman Anthony,Roman,Anthony,Roman,R Anthony,546,POR,Portland Sea Dogs,Sea Dogs,EAS,113,CF,Outfielder,LF,20,376,158,113,0,2,0.33599999999999997,38,3,2,33,1535,4.082,0.128,0.255,0.04,0.5,0.22,4,0,43,602,153,229,11,12,76,25,0,30,32,84,66,60,20,3,15,96,48,2,87,0.269,323,0.367,0.48900000000000005,0.8560000000000001,5,16,0.762,0.23800000000000002,2,45,1.1500000000000001,0,21.53,2024,113,Eastern League,Double-A,701350-2024-113
2024,687637,Dylan Beavers,player,12,Dylan Beavers,Dylan,Beavers,Dylan,D Beavers,418,BOW,Bowie Baysox,Baysox,EAS,113,RF,Outfielder,RF,22,509,178,193,2,6,0.29000000000000004,39,3,4,65,2050,4.028,0.132,0.226,0.028999999999999998,0.583,0.17200000000000001,5,0,92,895,217,324,36,22,70,27,1,49,27,119,150,67,19,5,15,115,67,0,104,0.24100000000000002,431,0.34299999999999997,0.41300000000000003,0.756,3,31,0.912,0.088,4,50,0.47000000000000003,0,28.73,2024,113,Eastern League,Double-A,687637-2024-113
2024,685313,Elijah Dunham,player,12,Elijah Dunham,Elijah,Dunham,Elijah,E Dunham,1956,SOM,Somerset Patriots,Patriots,EAS,113,RF,Outfielder,OF,26,394,158,138,0,2,0.313,38,3,5,49,1497,3.799,0.10700000000000001,0.272,0.038,0.393,0.20700000000000002,0,1,56,695,240,242,19,17,64,20,1,47,18,99,92,49,19,4,15,107,42,0,86,0.24800000000000003,347,0.33199999999999996,0.455,0.7869999999999999,4,19,0.8260000000000001,0.17400000000000002,5,56,0.7,0,23.130000000000003,2024,113,Eastern League,Double-A,685313-2024-113
2024,691182,Adael Amador,player,15,Adael Amador,Adael,Amador,Adael,A Amador,538,HFD,Hartford Yard Goats,Yard Goats,EAS,113,2B,Second Base,2B,21,455,144,178,1,2,0.261,27,5,4,53,1794,3.943,0.136,0.193,0.031,0.705,0.14600000000000002,9,0,54,792,160,298,26,22,108,14,1,51,22,100,102,61,12,1,14,88,62,0,88,0.23,383,0.34299999999999997,0.376,0.719,11,35,0.761,0.23900000000000002,4,52,1.06,2,27.36,2024,113,Eastern League,Double-A,691182-2024-113
2024,660650,Dérmis Garcia,player,15,Dérmis Garcia,Dérmis,Garcia,Dérmis,D Garcia,547,HBG,Harrisburg Senators,Senators,EAS,113,1B,First Base,3B,26,424,124,207,0,2,0.231,27,4,8,53,1609,3.795,0.10400000000000001,0.3,0.033,0.346,0.15000000000000002,8,0,67,848,324,248,26,12,75,22,0,35,11,108,105,39,12,1,14,127,44,1,68,0.182,373,0.274,0.33199999999999996,0.606,1,2,0.6669999999999999,0.33299999999999996,8,38,0.71,1,26.64,2024,113,Eastern League,Double-A,660650-2024-113
2024,687724,Jake Holton,player,15,Jake Holton,Jake,Holton,Jake,J Holton,106,ERI,Erie SeaWolves,SeaWolves,EAS,113,1B,First Base,1B,26,410,161,180,0,4,0.33599999999999997,35,11,13,54,1639,3.9979999999999998,0.10700000000000001,0.222,0.034,0.48400000000000004,0.17900000000000002,10,0,46,672,159,264,15,13,92,21,0,47,30,96,74,62,21,0,14,91,44,0,98,0.279,351,0.373,0.459,0.8320000000000001,2,6,0.75,0.25,13,71,1.24,0,25.07,2024,113,Eastern League,Double-A,687724-2024-113
2024,686984,Marcus Lee Sang,player,18,Marcus Lee Sang,Marcus,Lee Sang,Marcus,M Lee Sang,522,REA,Reading Fightin Phils,Fightin Phils,EAS,113,CF,Outfielder,CF,23,425,153,163,1,5,0.28500000000000003,30,4,8,57,1717,4.04,0.07100000000000001,0.23500000000000001,0.031,0.3,0.15800000000000003,4,0,54,847,229,291,6,23,116,23,1,39,29,103,83,61,12,5,13,100,30,0,92,0.23900000000000002,385,0.29700000000000004,0.397,0.694,6,12,0.6669999999999999,0.33299999999999996,8,47,1.4,0,29.62,2024,113,Eastern League,Double-A,686984-2024-113
2024,691006,Kevin Parada,player,18,Kevin Parada,Kevin,Parada,Kevin,K Parada,505,BNG,Binghamton Rumble Ponies,Rumble Ponies,EAS,113,C,Catcher,C,22,454,143,201,0,3,0.306,31,8,6,53,1788,3.9379999999999997,0.09899999999999999,0.33699999999999997,0.028999999999999998,0.29400000000000004,0.14600000000000002,3,0,68,900,380,248,22,8,65,26,1,37,21,114,98,41,17,1,13,153,45,1,85,0.21400000000000002,398,0.304,0.359,0.6629999999999999,1,0,0,1,6,43,0.6599999999999999,0,30.62,2024,113,Eastern League,Double-A,691006-2024-113
2024,689651,Phillip Sikes,player,18,Phillip Sikes,Phillip,Sikes,Phillip,P Sikes,546,POR,Portland Sea Dogs,Sea Dogs,EAS,113,RF,Outfielder,OF,25,432,154,199,0,3,0.32,37,10,3,52,1654,3.8289999999999997,0.097,0.29200000000000004,0.03,0.33299999999999996,0.17,5,1,69,825,264,254,27,15,53,32,3,30,25,106,111,64,23,1,13,126,42,0,90,0.23900000000000002,377,0.329,0.40800000000000003,0.737,9,24,0.727,0.273,3,48,0.48000000000000004,0,29,2024,113,Eastern League,Double-A,689651-2024-113
2024,694514,Sterlin Thompson,player,18,Sterlin Thompson,Sterlin,Thompson,Sterlin,S Thompson,538,HFD,Hartford Yard Goats,Yard Goats,EAS,113,LF,Outfielder,RF,23,518,178,209,0,4,0.302,35,9,12,69,1930,3.726,0.083,0.23600000000000002,0.025,0.352,0.14100000000000001,6,2,57,981,271,344,18,29,127,22,0,54,37,119,104,62,18,4,13,122,43,0,113,0.24500000000000002,462,0.319,0.385,0.704,4,12,0.75,0.25,12,57,1.22,0,35.54,2024,113,Eastern League,Double-A,694514-2024-113
2024,690984,Petey Halpin,player,22,Petey Halpin,Peter,Halpin,Petey,P Halpin,402,AKR,Akron RubberDucks,RubberDucks,EAS,113,CF,Outfielder,CF,22,405,142,137,1,4,0.281,31,1,0,40,1622,4.005,0.10600000000000001,0.23500000000000001,0.03,0.453,0.166,2,3,69,824,218,266,25,21,68,19,0,48,16,90,115,54,15,4,12,95,43,0,83,0.233,356,0.314,0.399,0.713,7,12,0.632,0.368,0,45,0.59,0,29.67,2024,113,Eastern League,Double-A,690984-2024-113
2024,701678,Hao-Yu Lee,player,22,Hao-Yu Lee,Hao-Yu,Lee,Hao-Yu,H Lee,106,ERI,Erie SeaWolves,SeaWolves,EAS,113,2B,Second Base,2B,21,386,167,158,0,6,0.33699999999999997,36,5,10,55,1480,3.8339999999999996,0.085,0.17900000000000002,0.031,0.47800000000000004,0.19,5,1,61,673,169,279,10,13,93,28,0,41,33,87,84,55,19,5,12,69,33,0,102,0.29800000000000004,342,0.363,0.48800000000000004,0.8510000000000001,1,16,0.9410000000000001,0.059000000000000004,10,56,1.11,0,28.5,2024,113,Eastern League,Double-A,701678-2024-113
2024,701162,Ben Malgeri,player,22,Ben Malgeri,Benjamin,Malgeri,Ben,B Malgeri,106,ERI,Erie SeaWolves,SeaWolves,EAS,113,CF,Outfielder,RF,24,470,172,216,0,3,0.356,38,3,7,67,1902,4.047,0.091,0.315,0.026000000000000002,0.29100000000000004,0.15700000000000003,7,0,44,949,300,276,10,22,94,22,0,52,32,117,76,67,22,4,12,148,43,0,106,0.252,421,0.323,0.40900000000000003,0.732,4,20,0.8330000000000001,0.167,7,57,1.24,0,35.08,2024,113,Eastern League,Double-A,701162-2024-113
2024,678742,Rainer Nunez,player,22,Rainer Nunez,Rainer,Nunez,Rainer,R Nunez,463,NH,New Hampshire Fisher Cats,Fisher Cats,EAS,113,1B,First Base,1B,23,433,160,183,0,3,0.325,28,1,20,70,1721,3.9749999999999996,0.10200000000000001,0.201,0.028,0.506,0.14,8,0,39,880,239,301,13,23,120,19,0,43,44,105,75,40,14,2,12,87,44,0,106,0.275,385,0.349,0.41600000000000004,0.765,0,2,1,0,20,54,1.6,0,32.08,2024,113,Eastern League,Double-A,678742-2024-113
2024,678011,Anthony Seigler,player,22,Anthony Seigler,Anthony,Seigler,Anthony,A Seigler,1956,SOM,Somerset Patriots,Patriots,EAS,113,2B,Second Base,2B,25,433,145,176,1,2,0.264,36,2,11,51,1717,3.965,0.14800000000000002,0.17800000000000002,0.028,0.8310000000000001,0.165,3,0,85,714,147,290,13,21,86,20,0,47,18,118,119,61,24,0,12,77,64,0,85,0.234,364,0.35,0.398,0.748,3,29,0.906,0.094,11,49,0.72,0,30.330000000000002,2024,113,Eastern League,Double-A,678011-2024-113
2024,682674,Victor Bericoto,player,27,Victor Bericoto,Victor,Bericoto,Victor,V Bericoto,3410,RIC,Richmond Flying Squirrels,Flying Squirrels,EAS,113,1B,First Base,RF,22,479,171,219,0,2,0.327,33,2,15,70,1783,3.722,0.063,0.24000000000000002,0.023,0.261,0.12400000000000001,5,2,64,912,267,332,11,22,119,22,1,60,33,115,97,58,22,0,11,115,30,1,116,0.261,445,0.309,0.384,0.693,4,6,0.6,0.4,15,60,1.23,0,40.46,2024,113,Eastern League,Double-A,682674-2024-113
2024,691907,Tsung-Che Cheng,player,27,Tsung-Che Cheng,Tsung-Che,Cheng,Tsung-Che,T Cheng,452,ALT,Altoona Curve,Curve,EAS,113,SS,Shortstop,SS,22,500,144,153,10,3,0.273,30,4,3,53,1976,3.9519999999999995,0.12200000000000001,0.234,0.022,0.521,0.12300000000000001,3,0,65,922,247,318,40,19,102,18,0,43,31,126,124,64,19,0,11,117,61,0,92,0.21800000000000003,422,0.32,0.34099999999999997,0.6609999999999999,7,16,0.696,0.304,3,54,0.8200000000000001,0,38.36,2024,113,Eastern League,Double-A,691907-2024-113
2024,682775,Kervin Pichardo,player,27,Kervin Pichardo,Kervin,Pichardo,Kervin,K Pichardo,452,ALT,Altoona Curve,Curve,EAS,113,2B,Second Base,SS,22,459,157,194,4,0,0.33699999999999997,27,6,8,63,1727,3.7630000000000003,0.059000000000000004,0.279,0.024,0.21100000000000002,0.12100000000000001,5,1,47,876,282,297,31,15,98,26,2,43,35,118,93,57,14,2,11,128,27,0,106,0.252,421,0.306,0.373,0.6789999999999999,4,8,0.6669999999999999,0.33299999999999996,8,49,1.05,1,38.27,2024,113,Eastern League,Double-A,682775-2024-113
2024,691019,Kyle Teel,player,27,Kyle Teel,Kyle,Teel,Kyle,K Teel,546,POR,Portland Sea Dogs,Sea Dogs,EAS,113,C,Catcher,C,22,382,150,151,0,5,0.371,31,4,7,58,1477,3.8659999999999997,0.126,0.228,0.028999999999999998,0.552,0.163,2,0,51,685,178,243,15,16,64,27,0,42,28,84,82,65,20,0,11,87,48,0,97,0.29800000000000004,325,0.39,0.462,0.8520000000000001,5,9,0.643,0.357,7,60,0.7799999999999999,0,29.54,2024,113,Eastern League,Double-A,691019-2024-113
2024,687749,Jase Bowen,player,31,Jase Bowen,Jase,Bowen,Jase,J Bowen,452,ALT,Altoona Curve,Curve,EAS,113,CF,Outfielder,RF,23,450,149,201,3,5,0.29700000000000004,29,6,4,70,1624,3.609,0.064,0.23600000000000002,0.022,0.274,0.125,8,1,73,872,254,309,22,20,96,25,1,48,24,110,115,57,17,2,10,106,29,0,98,0.24100000000000002,407,0.29800000000000004,0.366,0.6639999999999999,8,22,0.733,0.267,4,43,0.8300000000000001,0,40.7,2024,113,Eastern League,Double-A,687749-2024-113
2024,675994,Devonte Brown,player,31,Devonte Brown,Devonte,Brown,Devonte,De Brown,463,NH,New Hampshire Fisher Cats,Fisher Cats,EAS,113,CF,Outfielder,OF,24,413,127,158,0,2,0.366,24,7,0,37,1710,4.14,0.131,0.358,0.024,0.365,0.131,1,1,37,657,211,204,22,15,49,19,0,38,24,101,74,53,12,2,10,148,54,0,81,0.231,350,0.344,0.363,0.707,2,15,0.882,0.118,0,43,0.6599999999999999,0,35,2024,113,Eastern League,Double-A,675994-2024-113
2024,690924,Braxton Fulford,player,31,Braxton Fulford,Braxton,Fulford,Braxton,B Fulford,538,HFD,Hartford Yard Goats,Yard Goats,EAS,113,C,Catcher,DH,25,379,133,155,0,4,0.306,33,13,6,42,1449,3.823,0.1,0.251,0.026000000000000002,0.4,0.17,5,0,57,678,203,232,23,6,68,18,0,40,20,92,86,47,21,2,10,95,38,0,78,0.24100000000000002,323,0.34099999999999997,0.41200000000000003,0.753,2,10,0.8330000000000001,0.167,6,46,0.7899999999999999,1,32.3,2024,113,Eastern League,Double-A,690924-2024-113
2024,672613,Eliezer Alfonzo,player,34,Eliezer Alfonzo,Eliezer,Alfonzo,Eliezer,E Alfonzo,106,ERI,Erie SeaWolves,SeaWolves,EAS,113,C,Catcher,C,24,396,134,190,0,4,0.256,23,4,13,72,1489,3.7600000000000002,0.058,0.07800000000000001,0.023,0.742,0.113,3,0,64,751,89,337,25,30,125,15,1,54,23,97,119,41,14,0,9,31,23,1,93,0.255,364,0.304,0.368,0.6719999999999999,2,2,0.5,0.5,13,52,1.05,1,40.44,2024,113,Eastern League,Double-A,672613-2024-113
2024,680918,Brady Allen,player,34,Brady Allen,Brady,Allen,Brady,B Allen,106,ERI,Erie SeaWolves,SeaWolves,EAS,113,CF,Outfielder,RF,24,410,125,182,0,5,0.29600000000000004,29,6,8,44,1642,4.005,0.08,0.33899999999999997,0.022,0.23700000000000002,0.137,3,0,46,807,278,232,25,8,78,20,0,41,14,108,79,40,17,3,9,139,33,0,75,0.20500000000000002,366,0.278,0.34199999999999997,0.62,7,6,0.462,0.538,8,47,0.99,0,40.67,2024,113,Eastern League,Double-A,680918-2024-113
2024,682653,Warming Bernabel,player,34,Warming Bernabel,Warming,Bernabel,Warming,W Bernabel,538,HFD,Hartford Yard Goats,Yard Goats,EAS,113,3B,Third Base,3B,22,506,172,200,0,3,0.29200000000000004,27,6,12,72,1649,3.259,0.036,0.14200000000000002,0.018000000000000002,0.25,0.096,9,1,73,938,179,410,49,43,119,20,2,70,34,120,165,51,17,1,9,72,18,0,126,0.263,479,0.29600000000000004,0.359,0.655,4,12,0.75,0.25,12,64,0.72,0,53.220000000000006,2024,113,Eastern League,Double-A,682653-2024-113
2024,701496,Ben Cowles,player,34,Ben Cowles,Benjamin,Cowles,Ben,B Cowles,1956,SOM,Somerset Patriots,Patriots,EAS,113,SS,Shortstop,3B,24,378,154,128,0,6,0.33999999999999997,37,7,8,42,1305,3.4519999999999995,0.10300000000000001,0.17700000000000002,0.024,0.582,0.17800000000000002,6,0,61,653,178,265,31,10,67,19,0,49,28,88,102,52,25,3,9,67,39,0,96,0.29400000000000004,326,0.376,0.47200000000000003,0.8480000000000001,2,14,0.8750000000000001,0.125,8,51,0.6599999999999999,0,36.220000000000006,2024,113,Eastern League,Double-A,701496-2024-113
2024,669360,Trei Cruz,player,34,Trei Cruz,Trei,Cruz,Trei,T Cruz,106,ERI,Erie SeaWolves,SeaWolves,EAS,113,SS,Shortstop,CF,25,440,152,175,2,4,0.34099999999999997,33,1,5,53,1670,3.795,0.111,0.255,0.02,0.43800000000000006,0.135,1,0,58,785,248,278,19,20,81,27,2,45,26,102,97,57,23,1,9,112,49,1,100,0.26,384,0.34199999999999997,0.396,0.738,8,9,0.529,0.47100000000000003,5,48,0.8400000000000001,0,42.67,2024,113,Eastern League,Double-A,669360-2024-113
2024,679821,Rowdey Jordan,player,34,Rowdey Jordan,William,Jordan,Rowdey,R Jordan,505,BNG,Binghamton Rumble Ponies,Rumble Ponies,EAS,113,2B,Second Base,OF,25,466,136,233,1,3,0.28500000000000003,28,6,13,72,1814,3.893,0.09,0.264,0.019,0.34099999999999997,0.111,5,0,73,917,257,294,22,16,92,22,1,45,22,116,111,53,19,0,9,123,42,1,90,0.21800000000000003,413,0.29700000000000004,0.329,0.626,7,25,0.7809999999999999,0.21900000000000003,13,53,0.8300000000000001,1,45.89,2024,113,Eastern League,Double-A,679821-2024-113
2024,691001,Robert Moore,player,34,Robert Moore,Robert,Moore,Robert,R Moore,522,REA,Reading Fightin Phils,Fightin Phils,EAS,113,SS,Shortstop,2B,22,435,138,142,5,3,0.273,29,9,4,58,1605,3.69,0.09,0.168,0.021,0.534,0.12400000000000001,5,1,66,801,174,314,35,25,97,19,1,42,29,107,126,48,20,0,9,73,39,1,91,0.24000000000000002,379,0.323,0.364,0.6869999999999999,11,19,0.633,0.367,4,41,0.77,0,42.11,2024,113,Eastern League,Double-A,691001-2024-113
2024,685300,Grant Richardson,player,34,Grant Richardson,Grant,Richardson,Grant,G Richardson,1956,SOM,Somerset Patriots,Patriots,EAS,113,LF,Outfielder,OF,24,431,156,181,1,4,0.346,36,5,3,56,1644,3.8139999999999996,0.07400000000000001,0.281,0.021,0.264,0.14400000000000002,3,0,47,862,319,273,17,22,87,15,0,41,44,108,86,53,25,2,9,121,32,0,100,0.257,389,0.319,0.401,0.72,6,16,0.727,0.273,3,47,1.01,0,43.220000000000006,2024,113,Eastern League,Double-A,685300-2024-113
2024,675455,Milan Tolentino,player,34,Milan Tolentino,Milan,Tolentino,Milan,M Tolentino,402,AKR,Akron RubberDucks,RubberDucks,EAS,113,SS,Shortstop,SS,22,441,146,170,0,3,0.31,31,2,3,67,1596,3.6189999999999998,0.093,0.254,0.02,0.366,0.129,4,2,78,848,257,286,18,22,73,25,0,45,25,111,118,53,20,2,9,112,41,0,95,0.24100000000000002,395,0.313,0.37,0.6829999999999999,6,17,0.739,0.261,3,43,0.62,0,43.89,2024,113,Eastern League,Double-A,675455-2024-113
2024,695930,Frederick Bencosme,player,43,Frederick Bencosme,Frederick,Bencosme,Frederick,F Bencosme,418,BOW,Bowie Baysox,Baysox,EAS,113,SS,Shortstop,IF,21,504,155,193,4,3,0.277,29,3,4,66,1863,3.6959999999999997,0.097,0.163,0.016,0.598,0.10800000000000001,4,0,81,850,152,370,36,39,107,14,1,61,31,125,156,64,18,3,8,82,49,0,107,0.24000000000000002,445,0.318,0.348,0.6659999999999999,5,28,0.8480000000000001,0.15200000000000002,4,45,0.69,0,55.620000000000005,2024,113,Eastern League,Double-A,695930-2024-113
2024,677570,Aaron Bracho,player,43,Aaron Bracho,Aaron,Bracho,Aaron,A Bracho,402,AKR,Akron RubberDucks,RubberDucks,EAS,113,1B,First Base,SS,23,405,121,129,0,6,0.257,24,5,5,39,1607,3.968,0.089,0.198,0.02,0.45,0.117,4,0,83,798,179,284,30,14,78,17,1,40,21,97,127,41,14,2,8,80,36,1,79,0.221,358,0.29600000000000004,0.33799999999999997,0.634,1,3,0.75,0.25,5,49,0.61,0,44.75,2024,113,Eastern League,Double-A,677570-2024-113
2024,682942,Alex De Jesus,player,43,Alex De Jesus,Alex,De Jesus,Alex,A De Jesus,463,NH,New Hampshire Fisher Cats,Fisher Cats,EAS,113,3B,Third Base,3B,22,425,145,159,0,0,0.357,28,4,5,51,1615,3.8,0.082,0.28,0.019,0.29400000000000004,0.117,7,0,50,764,256,266,9,20,86,17,0,49,34,99,79,48,19,1,8,119,35,0,100,0.26,385,0.328,0.377,0.705,5,6,0.545,0.455,5,45,1.09,1,48.120000000000005,2024,113,Eastern League,Double-A,682942-2024-113
2024,687981,John Rhodes,player,43,John Rhodes,John,Rhodes,John,J Rhodes,418,BOW,Bowie Baysox,Baysox,EAS,113,LF,Outfielder,OF,23,413,116,186,0,1,0.251,24,5,10,49,1610,3.8979999999999997,0.07500000000000001,0.23700000000000002,0.019,0.316,0.10600000000000001,3,1,66,692,195,279,27,22,88,12,0,37,27,104,115,27,16,0,8,98,31,0,76,0.202,376,0.271,0.309,0.58,1,4,0.8,0.2,10,47,0.77,0,47,2024,113,Eastern League,Double-A,687981-2024-113
2024,689822,Matt Rudick,player,43,Matt Rudick,Matthew,Rudick,Matt,M Rudick,505,BNG,Binghamton Rumble Ponies,Rumble Ponies,EAS,113,RF,Outfielder,OF,25,491,152,171,0,2,0.3,36,10,2,63,1924,3.9189999999999996,0.13,0.21600000000000003,0.016,0.604,0.128,0,2,80,900,190,311,44,19,69,28,4,41,26,114,143,54,27,1,8,106,64,0,99,0.23900000000000002,415,0.352,0.366,0.718,7,12,0.632,0.368,2,41,0.48000000000000004,0,51.879999999999995,2024,113,Eastern League,Double-A,689822-2024-113
2024,686798,Yordys Valdes,player,43,Yordys Valdes,Yordys,Valdes,Yordys,Y Valdes,402,AKR,Akron RubberDucks,RubberDucks,EAS,113,SS,Shortstop,SS,22,411,122,168,4,1,0.326,20,2,4,46,1664,4.049,0.10700000000000001,0.29900000000000004,0.019,0.358,0.10800000000000001,4,1,42,763,274,242,10,11,96,16,0,42,25,109,63,50,9,3,8,123,44,0,83,0.231,360,0.317,0.33899999999999997,0.656,2,19,0.905,0.095,4,41,1.52,0,45,2024,113,Eastern League,Double-A,686798-2024-113
2024,694368,Jimmy Glowenke,player,49,Jimmy Glowenke,James,Glowenke,Jimmy,J Glowenke,3410,RIC,Richmond Flying Squirrels,Flying Squirrels,EAS,113,2B,Second Base,SS,25,392,104,164,2,3,0.24500000000000002,23,18,6,51,1450,3.699,0.082,0.224,0.018000000000000002,0.364,0.11,2,0,69,773,204,254,22,22,74,12,1,40,14,105,113,47,16,0,7,88,32,0,67,0.199,337,0.3,0.309,0.609,2,5,0.714,0.28600000000000003,6,30,0.65,0,48.14,2024,113,Eastern League,Double-A,694368-2024-113
2024,687627,Kody Huff,player,49,Kody Huff,Kody,Huff,Kody,K Huff,402,AKR,Akron RubberDucks,RubberDucks,EAS,113,C,Catcher,C,23,389,122,134,1,3,0.307,25,6,9,44,1593,4.095,0.113,0.224,0.018000000000000002,0.506,0.119,3,0,60,672,170,252,15,22,73,22,0,31,29,98,97,45,17,1,7,87,44,0,82,0.24500000000000002,335,0.33999999999999997,0.364,0.704,0,7,1,0,9,28,0.75,0,47.86,2024,113,Eastern League,Double-A,687627-2024-113
2024,691458,Blaze Jordan,player,49,Blaze Jordan,Blaze,Jordan,Blaze,B Jordan,546,POR,Portland Sea Dogs,Sea Dogs,EAS,113,3B,Third Base,3B,21,380,137,194,0,3,0.281,30,6,9,64,1313,3.4549999999999996,0.047,0.12100000000000001,0.018000000000000002,0.391,0.127,5,1,59,746,152,310,31,26,102,20,2,37,33,89,116,35,22,1,7,46,18,0,92,0.261,353,0.305,0.388,0.693,1,2,0.6669999999999999,0.33299999999999996,9,61,0.88,0,50.43,2024,113,Eastern League,Double-A,691458-2024-113
2024,687605,Andrew Pinckney,player,49,Andrew Pinckney,Andrew,Pinckney,Andrew,A Pinckney,547,HBG,Harrisburg Senators,Senators,EAS,113,CF,Outfielder,OF,23,487,160,171,2,2,0.351,30,10,3,52,1920,3.943,0.07400000000000001,0.267,0.014,0.277,0.10800000000000001,9,0,40,934,304,311,14,27,117,13,1,53,46,114,81,54,20,3,7,130,36,0,113,0.259,437,0.328,0.366,0.694,9,22,0.71,0.29000000000000004,3,44,1.44,0,62.43,2024,113,Eastern League,Double-A,687605-2024-113
2024,690022,Ryan Ritter,player,49,Ryan Ritter,Ryan,Ritter,Ryan,R Ritter,538,HFD,Hartford Yard Goats,Yard Goats,EAS,113,SS,Shortstop,2B,23,373,128,134,3,1,0.353,26,16,3,42,1456,3.903,0.094,0.23600000000000002,0.019,0.398,0.132,5,1,38,759,212,234,27,12,71,16,0,41,29,91,77,57,17,2,7,88,35,1,86,0.27,318,0.37,0.403,0.773,0,17,1,0,3,32,0.92,0,45.43,2024,113,Eastern League,Double-A,690022-2024-113
2024,683447,Gabriel Martinez,player,54,Gabriel Martinez,Gabriel,Martinez,Gabriel,G Martinez,463,NH,New Hampshire Fisher Cats,Fisher Cats,EAS,113,LF,Outfielder,CF,21,397,117,194,0,4,0.23700000000000002,27,2,11,63,1422,3.582,0.07100000000000001,0.15600000000000003,0.015,0.452,0.11,0,0,65,750,149,305,41,22,100,16,0,36,25,102,128,28,20,1,6,62,28,0,77,0.21200000000000002,363,0.27,0.322,0.592,2,2,0.5,0.5,11,38,0.7799999999999999,0,60.5,2024,113,Eastern League,Double-A,683447-2024-113
2024,682679,Dayan Frias,player,55,Dayan Frias,Dayan,Frias,Dayan,D Frias,402,AKR,Akron RubberDucks,RubberDucks,EAS,113,3B,Third Base,3B,22,429,112,156,1,4,0.264,24,5,8,44,1720,4.009,0.114,0.24200000000000002,0.012,0.47100000000000003,0.1,3,2,54,810,219,271,18,23,101,23,0,33,19,114,95,42,16,3,5,104,49,0,75,0.203,370,0.301,0.303,0.604,6,6,0.5,0.5,8,46,1.06,0,74,2024,113,Eastern League,Double-A,682679-2024-113
2024,685332,Carlos Mendoza,player,55,Carlos Mendoza,Carlos,Mendoza,Carlos,C Mendoza,106,ERI,Erie SeaWolves,SeaWolves,EAS,113,2B,Second Base,2B,24,515,157,154,5,2,0.329,28,18,9,65,2085,4.049,0.136,0.17300000000000001,0.01,0.7869999999999999,0.10500000000000001,7,0,45,883,180,338,21,26,133,18,2,47,46,114,92,86,17,6,5,89,70,1,113,0.269,420,0.394,0.374,0.768,5,32,0.8650000000000001,0.135,9,46,1.45,0,84,2024,113,Eastern League,Double-A,685332-2024-113
2024,691267,Alex Ramírez,player,55,Alex Ramírez,Alexander,Ramírez,Alex,A Ramírez,505,BNG,Binghamton Rumble Ponies,Rumble Ponies,EAS,113,CF,Outfielder,OF,21,542,144,205,0,3,0.27,30,1,7,64,2147,3.961,0.101,0.227,0.009,0.447,0.089,7,0,89,924,252,361,25,16,129,14,0,51,36,123,130,62,22,3,5,123,55,0,101,0.21000000000000002,481,0.29100000000000004,0.29900000000000004,0.59,8,40,0.8330000000000001,0.167,7,46,0.99,2,96.2,2024,113,Eastern League,Double-A,691267-2024-113
2024,678837,Bladimir Restituyo,player,55,Bladimir Restituyo,Bladimir,Restituyo,Bladimir,B Restituyo,538,HFD,Hartford Yard Goats,Yard Goats,EAS,113,CF,Outfielder,SS,22,444,143,146,0,6,0.313,23,3,2,54,1390,3.131,0.056,0.164,0.011,0.34199999999999997,0.081,8,0,65,850,217,341,36,24,106,13,2,41,54,111,125,50,18,0,5,73,25,0,110,0.27,408,0.312,0.35,0.6619999999999999,9,25,0.735,0.265,2,47,0.8500000000000001,2,81.6,2024,113,Eastern League,Double-A,678837-2024-113
2024,686445,Sammy Siani,player,55,Sammy Siani,Samuel,Siani,Sammy,S Siani,452,ALT,Altoona Curve,Curve,EAS,113,CF,Outfielder,CF,23,394,129,133,3,2,0.315,24,3,4,54,1411,3.581,0.089,0.20600000000000002,0.013000000000000001,0.43200000000000005,0.114,4,0,48,725,194,275,17,16,105,18,0,42,29,96,81,49,13,6,5,81,35,0,89,0.254,351,0.325,0.368,0.693,5,14,0.737,0.263,4,36,1.3,0,70.2,2024,113,Eastern League,Double-A,686445-2024-113
2024,673990,Andy Thomas,player,55,Andy Thomas,Andrew,Thomas,Andy,A Thomas,3410,RIC,Richmond Flying Squirrels,Flying Squirrels,EAS,113,C,Catcher,C,26,432,118,164,4,1,0.279,22,6,5,53,1663,3.8499999999999996,0.1,0.201,0.012,0.494,0.08700000000000001,5,0,71,736,165,296,27,24,89,15,0,46,24,115,122,49,16,1,5,87,43,0,85,0.225,378,0.313,0.312,0.625,2,4,0.6669999999999999,0.33299999999999996,5,38,0.73,0,75.6,2024,113,Eastern League,Double-A,673990-2024-113
2024,686976,Silas Ardoin,player,61,Silas Ardoin,Silas,Ardoin,Silas,S Ardoin,418,BOW,Bowie Baysox,Baysox,EAS,113,C,Catcher,C,23,417,99,162,2,3,0.28,18,5,6,48,1752,4.2010000000000005,0.113,0.278,0.01,0.405,0.07500000000000001,2,0,56,683,169,249,19,25,77,15,0,38,19,104,100,26,13,1,4,116,47,0,72,0.2,360,0.29900000000000004,0.275,0.5740000000000001,2,3,0.6,0.4,6,34,0.77,0,90,2024,113,Eastern League,Double-A,686976-2024-113
2024,802407,Joe Lampe,player,61,Joe Lampe,Joseph,Lampe,Joe,J Lampe,402,AKR,Akron RubberDucks,RubberDucks,EAS,113,LF,Outfielder,OF,23,406,130,146,2,2,0.306,27,4,2,50,1518,3.739,0.089,0.192,0.01,0.462,0.111,3,0,59,738,161,287,24,18,96,12,0,43,35,105,101,49,18,5,4,78,36,0,90,0.24900000000000003,361,0.323,0.36,0.6829999999999999,4,20,0.8330000000000001,0.167,2,38,0.9500000000000001,1,90.25,2024,113,Eastern League,Double-A,802407-2024-113
2024,696281,Wyatt Young,player,61,Wyatt Young,Wyatt,Young,Wyatt,W Young,505,BNG,Binghamton Rumble Ponies,Rumble Ponies,EAS,113,SS,Shortstop,SS,24,380,116,127,3,1,0.37,15,7,3,49,1527,4.018,0.129,0.20800000000000002,0.011,0.62,0.07500000000000001,5,0,53,636,143,245,12,12,76,17,1,51,23,102,77,49,10,1,4,79,49,0,92,0.28800000000000003,320,0.393,0.363,0.756,7,16,0.696,0.304,3,31,0.99,0,80,2024,113,Eastern League,Double-A,696281-2024-113
2024,686793,J.T. Arruda,player,64,J.T. Arruda,Jordan,Arruda,J.T.,J Arruda,547,HBG,Harrisburg Senators,Senators,EAS,113,2B,Second Base,SS,26,442,120,179,7,3,0.279,26,4,11,73,1615,3.654,0.093,0.21000000000000002,0.007,0.441,0.09,8,2,53,813,221,304,26,25,115,15,0,40,30,119,104,45,20,3,3,93,41,0,85,0.22,387,0.29900000000000004,0.31,0.609,2,9,0.8180000000000001,0.182,11,35,1.11,0,129,2024,113,Eastern League,Double-A,686793-2024-113
2024,800765,Carter Howell,player,64,Carter Howell,Carter,Howell,Carter,C Howell,3410,RIC,Richmond Flying Squirrels,Flying Squirrels,EAS,113,CF,Outfielder,RF,25,505,174,190,3,4,0.33999999999999997,40,6,6,63,1903,3.7680000000000002,0.093,0.196,0.006,0.47500000000000003,0.119,15,1,62,801,181,353,32,32,106,16,2,61,42,115,126,64,30,7,3,99,47,0,121,0.272,445,0.347,0.391,0.738,4,15,0.7889999999999999,0.21100000000000002,6,42,0.8400000000000001,0,148.33,2024,113,Eastern League,Double-A,800765-2024-113
2024,688460,Josh Kasevich,player,64,Josh Kasevich,Joshua,Kasevich,Josh,J Kasevich,463,NH,New Hampshire Fisher Cats,Fisher Cats,EAS,113,SS,Shortstop,SS,23,393,132,145,0,2,0.313,23,2,13,75,1319,3.3559999999999994,0.066,0.10700000000000001,0.008,0.619,0.08,9,1,66,621,78,323,12,25,117,7,0,54,42,87,103,51,20,0,3,42,26,1,103,0.28400000000000003,363,0.33299999999999996,0.364,0.697,1,10,0.909,0.091,13,41,1.1400000000000001,0,121,2024,113,Eastern League,Double-A,688460-2024-113
2024,687751,Cortland Lawson,player,67,Cortland Lawson,Cortland,Lawson,Cortland,C Lawson,547,HBG,Harrisburg Senators,Senators,EAS,113,SS,Shortstop,SS,24,391,93,147,3,4,0.28600000000000003,16,4,4,47,1393,3.563,0.07700000000000001,0.225,0,0.34099999999999997,0.049,9,0,60,653,178,269,14,23,96,6,0,37,33,105,97,39,15,1,0,88,30,0,76,0.21700000000000003,350,0.28400000000000003,0.266,0.55,5,10,0.6669999999999999,0.33299999999999996,4,31,0.99,0,,2024,113,Eastern League,Double-A,687751-2024-113
2024,699013,Esmerlyn Valdez,player,1,Esmerlyn Valdez,Esmerlyn,Valdez,Esmerlyn,E Valdez,3390,BRD,Bradenton Marauders,Marauders,FSL,123,1B,First Base,RF,20,435,166,184,0,5,0.28400000000000003,40,13,3,37,1742,4.005,0.136,0.306,0.051000000000000004,0.444,0.23700000000000002,7,1,53,787,259,230,23,12,61,20,2,38,21,107,88,56,17,1,22,133,59,0,81,0.226,358,0.352,0.464,0.8160000000000001,1,4,0.8,0.2,3,61,0.69,0,16.27,2024,123,Florida State League,Low-A,699013-2024-123
2024,694200,Ariel Almonte,player,2,Ariel Almonte,Ariel,Almonte,Ariel,A Almonte,450,DBT,Daytona Tortugas,Tortugas,FSL,123,RF,Outfielder,OF,20,506,169,228,0,5,0.26,42,2,1,46,2084,4.119,0.132,0.322,0.04,0.41100000000000003,0.192,2,2,68,947,334,274,26,19,75,22,1,47,16,118,113,62,21,1,20,163,67,2,86,0.199,432,0.306,0.391,0.697,1,3,0.75,0.25,1,66,0.6599999999999999,0,21.6,2024,123,Florida State League,Low-A,694200-2024-123
2024,813880,Devin Saltiban,player,3,Devin Saltiban,Devin,Saltiban,Devin,D Saltiban,566,CLR,Clearwater Threshers,Threshers,FSL,123,2B,Second Base,SS,19,411,148,153,0,4,0.281,31,10,4,52,1596,3.883,0.12200000000000001,0.24800000000000003,0.041,0.49,0.191,5,2,50,696,193,248,24,15,77,16,1,32,33,97,89,68,13,1,17,102,50,0,82,0.23700000000000002,346,0.346,0.42800000000000005,0.774,2,22,0.917,0.083,4,53,0.8700000000000001,1,20.35,2024,123,Florida State League,Low-A,813880-2024-123
2024,682627,Jose De La Cruz,player,4,Jose De La Cruz,Jose,De La Cruz,Jose,J De La Cruz,570,LAK,Lakeland Flying Tigers,Flying Tigers,FSL,123,RF,Outfielder,OF,22,471,167,199,0,2,0.344,34,12,9,51,1772,3.762,0.081,0.348,0.034,0.232,0.162,3,0,48,911,375,257,12,24,74,27,0,44,28,117,84,62,16,2,16,164,38,0,99,0.23600000000000002,419,0.316,0.399,0.715,3,9,0.75,0.25,9,75,0.88,0,26.19,2024,123,Florida State League,Low-A,682627-2024-123
2024,805796,Arjun Nimmala,player,4,Arjun Nimmala,Arjun,Nimmala,Arjun,A Nimmala,424,DUN,Dunedin Blue Jays,Blue Jays,FSL,123,SS,Shortstop,SS,18,361,152,144,0,3,0.301,40,9,3,40,1409,3.903,0.083,0.313,0.044,0.265,0.24500000000000002,5,0,44,644,205,209,24,18,49,27,0,28,19,82,86,59,18,6,16,113,30,0,74,0.232,319,0.313,0.47600000000000003,0.7889999999999999,1,9,0.9,0.1,3,46,0.5700000000000001,0,19.939999999999998,2024,123,Florida State League,Low-A,805796-2024-123
2024,806263,Brandon Winokur,player,6,Brandon Winokur,Brandon,Winokur,Brandon,B Winokur,509,FTM,Fort Myers Mighty Mussels,Mighty Mussels,FSL,123,SS,Shortstop,OF,19,411,157,182,0,4,0.321,36,10,9,56,1476,3.5909999999999997,0.083,0.28,0.034,0.29600000000000004,0.185,3,2,49,751,283,251,18,18,75,20,0,47,23,94,85,60,19,3,14,115,34,0,90,0.24900000000000003,362,0.327,0.43400000000000005,0.761,6,23,0.7929999999999999,0.20700000000000002,9,54,0.88,1,25.86,2024,123,Florida State League,Low-A,806263-2024-123
2024,703149,Roderick Arias,player,7,Roderick Arias,Roderick,Arias,Roderick,R Arias,587,TAM,Tampa Tarpons,Tarpons,FSL,123,SS,Shortstop,SS,19,552,186,228,0,4,0.33099999999999996,42,7,3,57,2205,3.9949999999999997,0.12300000000000001,0.31,0.024,0.398,0.161,6,2,58,1087,399,306,16,24,98,25,0,51,34,124,98,78,21,8,13,171,68,0,110,0.233,473,0.33499999999999996,0.393,0.728,13,37,0.74,0.26,3,74,1,0,36.379999999999995,2024,123,Florida State League,Low-A,703149-2024-123
2024,691922,Javier Rivas,player,8,Javier Rivas,Javier,Rivas,Javier,J Rivas,3390,BRD,Bradenton Marauders,Marauders,FSL,123,SS,Shortstop,SS,21,367,132,167,3,0,0.306,32,12,13,49,1269,3.4579999999999997,0.044,0.322,0.033,0.136,0.17,7,2,32,685,249,221,14,16,84,9,2,38,26,97,62,41,19,1,12,118,16,0,75,0.223,336,0.28300000000000003,0.393,0.6759999999999999,3,7,0.7,0.3,13,42,1.35,0,28,2024,123,Florida State League,Low-A,691922-2024-123
2024,703150,Ricky Cabrera,player,9,Ricky Cabrera,Ricardo,Cabrera,Ricky,R Cabrera,450,DBT,Daytona Tortugas,Tortugas,FSL,123,3B,Third Base,SS,19,456,161,176,0,3,0.308,35,18,8,61,1567,3.4359999999999995,0.068,0.221,0.024,0.307,0.14600000000000002,6,2,47,872,289,306,24,18,115,19,1,41,41,105,89,59,22,2,11,101,31,0,102,0.252,404,0.33099999999999996,0.399,0.73,8,19,0.704,0.29600000000000004,8,55,1.29,0,36.730000000000004,2024,123,Florida State League,Low-A,703150-2024-123
2024,694186,Shalin Polanco,player,9,Shalin Polanco,Shalin,Polanco,Shalin,S Polanco,3390,BRD,Bradenton Marauders,Marauders,FSL,123,CF,Outfielder,OF,20,432,131,185,0,2,0.259,33,4,6,51,1662,3.847,0.10200000000000001,0.31,0.025,0.328,0.15200000000000002,6,1,46,906,334,250,25,17,89,12,1,43,17,104,88,43,19,3,11,134,44,2,73,0.191,382,0.28,0.34299999999999997,0.623,9,11,0.55,0.45,6,49,1.01,0,34.730000000000004,2024,123,Florida State League,Low-A,694186-2024-123
2024,691398,Yerlin Confidan,player,11,Yerlin Confidan,Yerlin,Confidan,Yerlin,Y Confidan,450,DBT,Daytona Tortugas,Tortugas,FSL,123,LF,Outfielder,OF,21,400,145,145,0,3,0.317,39,2,4,50,1511,3.777,0.12300000000000001,0.24300000000000002,0.023,0.505,0.171,8,0,30,665,214,252,16,18,102,11,0,42,33,91,64,52,28,2,9,97,49,0,86,0.24900000000000003,346,0.34299999999999997,0.41900000000000004,0.762,7,16,0.696,0.304,4,41,1.59,0,38.44,2024,123,Florida State League,Low-A,691398-2024-123
2024,815734,Dylan Jasso,player,11,Dylan Jasso,Javier,Jasso,Dylan,D Jasso,587,TAM,Tampa Tarpons,Tarpons,FSL,123,1B,First Base,1B,21,399,135,160,0,5,0.303,33,10,3,34,1696,4.251,0.1,0.24800000000000003,0.023,0.404,0.15400000000000003,7,1,54,688,161,250,22,22,70,24,0,39,19,93,98,49,22,2,9,99,40,0,82,0.23800000000000002,344,0.33099999999999996,0.392,0.723,0,2,1,0,3,54,0.71,0,38.220000000000006,2024,123,Florida State League,Low-A,815734-2024-123
2024,801938,Avery Owusu-Asiedu,player,11,Avery Owusu-Asiedu,Avery,Owusu-Asiedu,Avery,A Owusu-Asiedu,566,CLR,Clearwater Threshers,Threshers,FSL,123,CF,Outfielder,CF,21,357,102,165,1,2,0.29000000000000004,22,5,7,43,1490,4.1739999999999995,0.10400000000000001,0.361,0.025,0.28700000000000003,0.135,2,1,38,700,258,186,26,12,50,13,1,24,22,98,76,46,11,2,9,129,37,0,60,0.192,312,0.28700000000000003,0.327,0.614,3,17,0.8500000000000001,0.15000000000000002,7,27,0.6599999999999999,0,34.67,2024,123,Florida State League,Low-A,801938-2024-123
2024,703204,Esmith Pineda,player,11,Esmith Pineda,Esmith,Pineda,Esmith,E Pineda,450,DBT,Daytona Tortugas,Tortugas,FSL,123,LF,Outfielder,OF,19,427,127,188,0,3,0.28,31,4,11,44,1631,3.82,0.12400000000000001,0.269,0.021,0.461,0.134,5,0,42,729,255,255,26,21,88,9,1,48,20,103,89,55,22,0,9,115,53,0,78,0.21300000000000002,367,0.316,0.346,0.6619999999999999,1,9,0.9,0.1,11,38,0.99,0,40.78,2024,123,Florida State League,Low-A,703204-2024-123
2024,700731,Keiner Delgado,player,15,Keiner Delgado,Keiner,Delgado,Keiner,K Delgado,3390,BRD,Bradenton Marauders,Marauders,FSL,123,SS,Shortstop,2B,20,381,117,138,1,0,0.28500000000000003,21,10,7,42,1405,3.688,0.08700000000000001,0.21800000000000003,0.021,0.398,0.116,7,0,42,683,196,255,29,24,82,11,2,35,30,89,95,44,11,2,8,83,33,0,78,0.231,337,0.318,0.347,0.6649999999999999,6,25,0.806,0.194,7,29,0.8600000000000001,0,42.120000000000005,2024,123,Florida State League,Low-A,700731-2024-123
2024,694215,Hans Montero,player,15,Hans Montero,Hans,Montero,Hans,H Montero,587,TAM,Tampa Tarpons,Tarpons,FSL,123,3B,Third Base,2B,20,391,113,175,1,2,0.28200000000000003,22,5,8,51,1536,3.928,0.113,0.28900000000000003,0.02,0.389,0.127,7,0,36,686,224,229,14,21,86,16,0,31,23,99,71,49,9,5,8,113,44,0,70,0.20600000000000002,339,0.305,0.33299999999999996,0.638,4,13,0.765,0.23500000000000001,8,38,1.21,0,42.379999999999995,2024,123,Florida State League,Low-A,694215-2024-123
2024,701206,Willy Montero,player,17,Willy Montero,Willy,Montero,Willy,W Montero,587,TAM,Tampa Tarpons,Tarpons,FSL,123,CF,Outfielder,CF,19,486,154,230,0,7,0.29900000000000004,32,5,7,79,1679,3.4549999999999996,0.082,0.21200000000000002,0.014,0.388,0.111,7,1,65,916,256,338,25,26,116,14,0,45,47,120,116,64,23,2,7,103,40,0,106,0.24400000000000002,434,0.311,0.355,0.6659999999999999,1,15,0.9380000000000001,0.063,7,58,1,0,62,2024,123,Florida State League,Low-A,701206-2024-123
2024,694202,Manuel Beltre,player,18,Manuel Beltre,Manuel,Beltre,Manuel,M Beltre,424,DUN,Dunedin Blue Jays,Blue Jays,FSL,123,2B,Second Base,SS,20,446,126,192,0,2,0.28700000000000003,23,15,4,58,1614,3.6189999999999998,0.096,0.186,0.011,0.518,0.091,6,2,73,789,186,305,32,15,94,11,2,46,32,107,120,58,16,2,5,83,43,1,91,0.23600000000000002,386,0.33399999999999996,0.326,0.6599999999999999,5,23,0.8210000000000001,0.17900000000000002,4,46,0.7799999999999999,0,77.2,2024,123,Florida State League,Low-A,694202-2024-123
2024,692390,Jose Cordoba,player,18,Jose Cordoba,Jose,Cordoba,Jose,J Cordoba,279,PMB,Palm Beach Cardinals,Cardinals,FSL,123,CF,Outfielder,CF,21,371,118,170,2,2,0.277,27,6,9,66,1283,3.4579999999999997,0.065,0.186,0.013000000000000001,0.348,0.119,7,3,38,720,206,271,24,18,113,8,0,46,24,91,80,37,19,3,5,69,24,0,78,0.232,336,0.29300000000000004,0.351,0.644,4,16,0.8,0.2,9,46,1.41,1,67.2,2024,123,Florida State League,Low-A,692390-2024-123
2024,698933,Ronald Hernandez,player,18,Ronald Hernandez,Ronald,Hernandez,Ronald,R Hernandez,507,SLU,St. Lucie Mets,Mets,FSL,123,C,Catcher,C,20,403,126,156,0,1,0.359,19,4,13,68,1547,3.8389999999999995,0.117,0.23800000000000002,0.012,0.49,0.088,5,0,40,745,213,256,21,17,83,11,0,54,30,98,78,41,12,2,5,96,47,1,95,0.271,351,0.362,0.359,0.721,2,7,0.778,0.222,13,41,1.06,0,70.2,2024,123,Florida State League,Low-A,698933-2024-123
2024,806124,Colin Houck,player,18,Colin Houck,Colin,Houck,Colin,C Houck,507,SLU,St. Lucie Mets,Mets,FSL,123,SS,Shortstop,SS,19,471,125,214,0,4,0.33499999999999996,26,10,6,52,1827,3.8789999999999996,0.10400000000000001,0.363,0.011,0.28700000000000003,0.1,7,1,44,764,278,241,20,25,68,11,0,45,28,112,89,40,16,5,5,171,49,1,84,0.20600000000000002,408,0.304,0.306,0.61,4,8,0.6669999999999999,0.33299999999999996,6,51,0.76,0,81.6,2024,123,Florida State League,Low-A,806124-2024-123
2024,806146,George Lombard Jr.,player,18,George Lombard Jr.,George,Lombard,George,G Lombard Jr.,587,TAM,Tampa Tarpons,Tarpons,FSL,123,SS,Shortstop,SS,19,366,108,119,0,2,0.306,24,7,2,43,1471,4.019,0.128,0.24000000000000002,0.014,0.534,0.116,4,2,48,666,200,224,13,12,79,13,0,39,20,81,73,46,17,2,5,88,47,1,72,0.232,310,0.344,0.348,0.692,4,30,0.882,0.118,2,37,1.08,0,62,2024,123,Florida State League,Low-A,806146-2024-123
2024,805951,Boston Baro,player,23,Boston Baro,Boston,Baro,Boston,B Baro,507,SLU,St. Lucie Mets,Mets,FSL,123,3B,Third Base,SS,19,370,129,98,0,4,0.346,24,2,3,42,1435,3.8779999999999997,0.111,0.17800000000000002,0.011,0.621,0.111,3,0,52,586,121,261,9,24,83,12,0,57,24,84,85,46,16,4,4,66,41,0,93,0.28800000000000003,323,0.368,0.399,0.767,1,8,0.889,0.111,3,42,0.98,0,80.75,2024,123,Florida State League,Low-A,805951-2024-123
2024,815089,Coby Morales,player,23,Coby Morales,Jacob,Morales,Coby,C Morales,587,TAM,Tampa Tarpons,Tarpons,FSL,123,1B,First Base,OF,22,382,104,162,0,1,0.367,14,7,5,42,1587,4.153999999999999,0.126,0.29600000000000004,0.01,0.42500000000000004,0.07100000000000001,2,0,36,698,202,214,7,22,68,13,0,39,29,98,65,51,9,1,4,113,48,0,81,0.24800000000000003,326,0.356,0.319,0.6749999999999999,7,31,0.8160000000000001,0.184,5,47,1.05,0,81.5,2024,123,Florida State League,Low-A,815089-2024-123
2024,696291,Jordan McCants,player,25,Jordan McCants,Jordan,McCants,Jordan,J McCants,479,JUP,Jupiter Hammerheads,Hammerheads,FSL,123,2B,Second Base,SS,22,431,116,152,2,5,0.29400000000000004,23,5,3,55,1712,3.9719999999999995,0.084,0.278,0.007,0.3,0.091,8,2,56,799,227,270,9,25,99,13,1,37,30,104,90,49,14,6,3,120,36,0,81,0.21100000000000002,383,0.28400000000000003,0.303,0.587,10,31,0.756,0.24400000000000002,3,24,1.1,0,127.66999999999999,2024,123,Florida State League,Low-A,696291-2024-123
2024,808818,David Smith,player,25,David Smith,David,Smith,David,D Smith,570,LAK,Lakeland Flying Tigers,Flying Tigers,FSL,123,LF,Outfielder,2B,23,414,91,176,1,5,0.267,20,12,4,51,1741,4.205,0.2,0.227,0.007,0.883,0.093,4,1,51,640,166,225,12,17,83,12,0,30,20,106,80,69,14,3,3,94,83,0,62,0.198,313,0.38,0.29100000000000004,0.6709999999999999,7,29,0.806,0.194,4,40,1.04,0,104.33,2024,123,Florida State League,Low-A,808818-2024-123
2024,805102,Byron Chourio,player,27,Byron Chourio,Byron,Chourio,Byron,B Chourio,509,FTM,Fort Myers Mighty Mussels,Mighty Mussels,FSL,123,LF,Outfielder,CF,19,366,91,172,1,6,0.28900000000000003,14,2,3,48,1361,3.719,0.079,0.28400000000000003,0.005,0.279,0.07,4,1,44,700,199,231,22,18,79,8,2,31,27,84,84,38,7,5,2,104,29,0,68,0.20700000000000002,328,0.271,0.277,0.548,5,23,0.8210000000000001,0.17900000000000002,3,31,0.9400000000000001,0,164,2024,123,Florida State League,Low-A,805102-2024-123
2024,699293,Yohairo Cuevas,player,28,Yohairo Cuevas,Yohairo,Cuevas,Yohairo,Y Cuevas,507,SLU,St. Lucie Mets,Mets,FSL,123,RF,Outfielder,OF,20,457,114,209,0,2,0.303,29,5,11,55,1802,3.943,0.14200000000000002,0.26,0.002,0.546,0.083,7,1,56,812,252,268,15,25,90,11,1,43,27,113,96,43,27,1,1,119,65,1,82,0.21300000000000002,385,0.33299999999999996,0.29600000000000004,0.629,5,20,0.8,0.2,11,46,0.9400000000000001,0,385,2024,123,Florida State League,Low-A,699293-2024-123
2024,800510,Samuel Gil,player,28,Samuel Gil,Samuel,Gil,Samuel,S Gil,570,LAK,Lakeland Flying Tigers,Flying Tigers,FSL,123,2B,Second Base,SS,19,370,92,169,0,3,0.29600000000000004,13,4,11,54,1447,3.9109999999999996,0.119,0.21100000000000002,0.003,0.5640000000000001,0.06,5,0,44,630,152,244,8,15,104,6,1,27,39,94,67,41,8,4,1,78,44,0,73,0.229,319,0.327,0.28800000000000003,0.615,3,7,0.7,0.3,11,43,1.55,0,319,2024,123,Florida State League,Low-A,800510-2024-123
2024,663609,Luken Baker,player,1,Luken Baker,Luken,Baker,Luken,L Baker,235,MEM,Memphis Redbirds,Redbirds,INT,117,1B,First Base,1B,27,452,201,175,0,7,0.228,50,2,16,66,1877,4.153,0.14800000000000002,0.24300000000000002,0.07100000000000001,0.609,0.303,1,1,56,756,207,273,29,24,77,35,0,32,20,108,109,54,18,0,32,110,67,2,87,0.231,376,0.345,0.535,0.88,0,0,,,16,79,0.71,0,11.75,2024,117,International League,Triple-A,663609-2024-117
2024,671286,Johnathan Rodríguez,player,2,Johnathan Rodríguez,Johnathan,Rodríguez,Johnathan,J Rodríguez,445,COL,Columbus Clippers,Clippers,INT,117,LF,Outfielder,RF,24,508,237,218,0,3,0.361,47,2,13,74,2085,4.103999999999999,0.126,0.252,0.057,0.5,0.23900000000000002,2,1,40,890,260,314,17,22,103,35,0,43,54,118,79,84,18,0,29,128,64,1,132,0.301,439,0.39,0.54,0.93,2,8,0.8,0.2,13,94,1.3,0,15.139999999999999,2024,117,International League,Triple-A,671286-2024-117
2024,663905,Travis Blankenhorn,player,3,Travis Blankenhorn,Travis,Blankenhorn,Travis,T Blankenhorn,534,ROC,Rochester Red Wings,Red Wings,INT,117,RF,Outfielder,RF,27,453,199,215,2,2,0.268,50,9,6,65,1765,3.8959999999999995,0.091,0.26,0.057,0.347,0.261,3,0,57,897,268,285,22,18,93,42,1,38,14,106,97,65,22,2,26,118,41,1,95,0.23800000000000002,399,0.322,0.499,0.8210000000000001,4,2,0.33299999999999996,0.6669999999999999,6,72,0.96,0,15.350000000000001,2024,117,International League,Triple-A,663905-2024-117
2024,682239,Luke Ritter,player,3,Luke Ritter,Lucas,Ritter,Luke,L Ritter,552,SYR,Syracuse Mets,Mets,INT,117,1B,First Base,2B,27,567,230,238,0,2,0.345,53,13,20,65,2255,3.977,0.129,0.307,0.046,0.42000000000000004,0.223,8,2,47,1018,364,307,11,18,108,34,0,51,38,134,76,80,25,2,26,174,73,0,123,0.257,479,0.369,0.48000000000000004,0.8490000000000001,2,4,0.6669999999999999,0.33299999999999996,20,93,1.42,0,18.419999999999998,2024,117,International League,Triple-A,682239-2024-117
2024,664068,Scott Kingery,player,5,Scott Kingery,Scott,Kingery,Scott,S Kingery,1410,LHV,Lehigh Valley IronPigs,IronPigs,INT,117,SS,Shortstop,SS,30,505,226,199,5,3,0.327,47,0,4,65,1970,3.901,0.067,0.273,0.05,0.24600000000000002,0.22,5,0,80,1026,314,333,27,21,81,36,0,52,36,125,128,73,17,5,25,138,34,0,124,0.268,463,0.316,0.48800000000000004,0.804,2,25,0.926,0.07400000000000001,4,67,0.63,0,18.52,2024,117,International League,Triple-A,664068-2024-117
2024,685301,Matt Gorski,player,6,Matt Gorski,Matthew,Gorski,Matt,M Gorski,484,IND,Indianapolis Indians,Indians,INT,117,CF,Outfielder,1B,26,433,203,191,1,5,0.312,52,0,9,67,1651,3.8129999999999997,0.088,0.28600000000000003,0.053000000000000005,0.306,0.265,4,1,63,848,316,271,18,15,75,29,2,39,30,113,96,68,24,5,23,124,38,1,100,0.257,389,0.319,0.522,0.8410000000000001,9,15,0.625,0.375,9,67,0.7799999999999999,0,16.91,2024,117,International League,Triple-A,685301-2024-117
2024,572204,Trayce Thompson,player,6,Trayce Thompson,Trayce,Thompson,Trayce,T Thompson,451,IOW,Iowa Cubs,Cubs,INT,117,CF,Outfielder,RF,33,432,178,191,0,6,0.27,43,2,7,57,1804,4.176,0.10600000000000001,0.278,0.053000000000000005,0.383,0.23800000000000002,0,0,63,775,244,264,23,14,76,29,0,44,15,107,100,58,19,1,23,120,46,1,88,0.233,378,0.315,0.47100000000000003,0.7859999999999999,2,9,0.8180000000000001,0.182,7,66,0.76,0,16.439999999999998,2024,117,International League,Triple-A,572204-2024-117
2024,676551,Brewer Hicklen,player,8,Brewer Hicklen,Charles,Hicklen,Brewer,B Hicklen,556,NAS,Nashville Sounds,Sounds,INT,117,RF,Outfielder,RF,28,499,195,245,0,5,0.309,44,18,6,59,1919,3.8459999999999996,0.12200000000000001,0.279,0.044,0.43900000000000006,0.224,5,1,56,852,295,281,22,18,83,26,0,49,27,115,96,78,17,5,22,139,61,3,102,0.24600000000000002,415,0.363,0.47000000000000003,0.8330000000000001,5,44,0.898,0.10200000000000001,6,72,0.8600000000000001,0,18.86,2024,117,International League,Triple-A,676551-2024-117
2024,621458,Edwin Rios,player,8,Edwin Rios,Edwin,Rios,Edwin,E Rios,416,LOU,Louisville Bats,Bats,INT,117,1B,First Base,1B,30,421,197,167,0,2,0.363,50,3,3,38,1733,4.116,0.133,0.278,0.052000000000000005,0.47900000000000004,0.261,5,3,46,798,281,245,9,19,68,32,0,48,23,99,74,65,28,0,22,117,56,3,103,0.28600000000000003,360,0.385,0.547,0.932,0,2,1,0,3,70,0.92,0,16.36,2024,117,International League,Triple-A,621458-2024-117
2024,682877,Juan Brito,player,10,Juan Brito,Juan,Brito,Juan,J Brito,445,COL,Columbus Clippers,Clippers,INT,117,2B,Second Base,2B,22,652,244,217,2,3,0.28,61,8,5,84,2504,3.84,0.135,0.161,0.032,0.8380000000000001,0.187,3,3,105,1142,248,451,42,33,130,26,0,73,42,144,180,92,40,0,21,105,88,1,141,0.256,551,0.365,0.443,0.808,5,13,0.722,0.278,5,84,0.72,0,26.24,2024,117,International League,Triple-A,682877-2024-117
2024,669288,Daniel Johnson,player,10,Daniel Johnson,Daniel,Johnson,Daniel,D Johnson,568,NOR,Norfolk Tides,Tides,INT,117,CF,Outfielder,CF,28,500,202,182,0,6,0.313,42,6,11,77,1956,3.9119999999999995,0.07400000000000001,0.258,0.042,0.28700000000000003,0.188,2,0,62,1019,308,328,33,25,91,24,0,51,42,118,120,69,20,1,21,129,37,0,117,0.259,451,0.32,0.448,0.768,10,17,0.63,0.37,11,76,0.76,0,21.479999999999997,2024,117,International League,Triple-A,669288-2024-117
2024,685382,Andrew Navigato,player,10,Andrew Navigato,Andrew,Navigato,Andrew,A Navigato,512,TOL,Toledo Mud Hens,Mud Hens,INT,117,SS,Shortstop,SS,26,512,223,233,0,1,0.33299999999999996,55,10,6,53,2008,3.9219999999999997,0.10700000000000001,0.24600000000000002,0.041,0.43700000000000006,0.229,2,0,72,963,275,321,21,23,84,37,1,54,29,128,116,82,29,5,21,126,55,0,121,0.271,446,0.363,0.5,0.8630000000000001,10,22,0.688,0.313,6,83,0.72,0,21.24,2024,117,International League,Triple-A,685382-2024-117
2024,670231,John Rave,player,10,John Rave,John,Rave,John,J Rave,541,OMA,Omaha Storm Chasers,Storm Chasers,INT,117,LF,Outfielder,RF,26,578,234,169,8,4,0.303,58,3,2,52,2397,4.146999999999999,0.112,0.21600000000000003,0.036,0.52,0.21100000000000002,4,2,66,1011,234,385,31,31,128,32,0,59,38,131,128,93,32,5,21,125,65,0,129,0.259,498,0.346,0.47000000000000003,0.8160000000000001,5,17,0.773,0.227,2,60,1,0,23.71,2024,117,International League,Triple-A,670231-2024-117
2024,670870,Yunior Severino,player,10,Yunior Severino,Yunior,Severino,Yunior,Y Severino,1960,STP,St. Paul Saints,Saints,INT,117,1B,First Base,1B,24,565,212,247,0,7,0.321,44,2,9,74,2223,3.9349999999999996,0.119,0.273,0.037,0.43500000000000005,0.18,9,0,61,1036,363,342,11,27,119,33,1,41,49,128,99,66,21,2,21,154,67,1,124,0.254,489,0.34199999999999997,0.43400000000000005,0.776,0,4,1,0,9,79,1.2,0,23.29,2024,117,International League,Triple-A,670870-2024-117
2024,666915,Bobby Dalbec,player,15,Bobby Dalbec,Robert,Dalbec,Bobby,B Dalbec,533,WOR,Worcester Red Sox,Red Sox,INT,117,1B,First Base,1B,29,410,173,192,0,2,0.364,41,1,6,46,1803,4.398,0.112,0.361,0.049,0.311,0.227,2,0,37,806,311,215,13,16,58,25,0,29,37,97,66,68,20,1,20,148,46,0,91,0.252,361,0.33699999999999997,0.47900000000000004,0.8160000000000001,1,11,0.917,0.083,6,68,0.88,0,18.05,2024,117,International League,Triple-A,666915-2024-117
2024,689288,Matt Koperniak,player,15,Matt Koperniak,Matthew,Koperniak,Matt,M Koperniak,235,MEM,Memphis Redbirds,Redbirds,INT,117,LF,Outfielder,LF,26,513,237,173,0,3,0.351,51,4,7,75,2067,4.029,0.084,0.187,0.039,0.448,0.203,9,0,55,989,229,370,19,24,129,30,0,60,53,122,98,64,28,3,20,96,43,0,143,0.309,463,0.37,0.512,0.882,6,5,0.455,0.545,7,73,1.32,0,23.150000000000002,2024,117,International League,Triple-A,689288-2024-117
2024,695336,Thomas Saggese,player,15,Thomas Saggese,Thomas,Saggese,Thomas,T Saggese,235,MEM,Memphis Redbirds,Redbirds,INT,117,SS,Shortstop,LF,22,528,210,214,1,4,0.29600000000000004,46,13,19,79,1993,3.775,0.059000000000000004,0.231,0.038,0.254,0.186,2,2,80,1060,264,362,29,32,100,31,0,58,32,125,141,75,23,3,20,122,31,0,121,0.253,479,0.313,0.43800000000000006,0.751,4,9,0.692,0.308,19,67,0.71,0,23.95,2024,117,International League,Triple-A,695336-2024-117
2024,683357,Owen Caissie,player,18,Owen Caissie,Owen,Caissie,Owen,O Caissie,451,IOW,Iowa Cubs,Cubs,INT,117,RF,Outfielder,RF,21,549,223,206,0,2,0.375,51,4,3,72,2169,3.9509999999999996,0.129,0.28400000000000003,0.034999999999999996,0.455,0.195,3,0,55,1036,332,318,22,25,85,28,1,58,44,127,102,69,29,3,19,156,71,3,131,0.278,472,0.375,0.47200000000000003,0.8470000000000001,2,11,0.8460000000000001,0.15400000000000003,3,75,0.8300000000000001,0,24.84,2024,117,International League,Triple-A,683357-2024-117
2024,665052,Griffin Conine,player,18,Griffin Conine,Griffin,Conine,Griffin,G Conine,564,JAX,Jacksonville Jumbo Shrimp,Jumbo Shrimp,INT,117,RF,Outfielder,RF,26,437,183,182,0,2,0.351,41,3,6,44,1723,3.943,0.10800000000000001,0.29500000000000004,0.043000000000000003,0.364,0.20800000000000002,2,0,41,847,304,258,9,22,83,30,0,48,25,112,72,59,21,1,19,129,47,0,103,0.268,385,0.35,0.47500000000000003,0.8250000000000001,0,0,,,6,68,1.1500000000000001,0,20.259999999999998,2024,117,International League,Triple-A,665052-2024-117
2024,687478,Cam Devanney,player,18,Cam Devanney,Cameron,Devanney,Cam,C Devanney,541,OMA,Omaha Storm Chasers,Storm Chasers,INT,117,SS,Shortstop,SS,27,524,205,221,3,2,0.318,48,11,8,74,1965,3.75,0.09,0.26,0.036,0.346,0.191,5,1,56,1058,342,330,25,18,114,33,0,50,34,136,99,69,27,2,19,136,47,1,117,0.254,461,0.33599999999999997,0.445,0.7809999999999999,4,8,0.6669999999999999,0.33299999999999996,8,77,1.1500000000000001,0,24.259999999999998,2024,117,International League,Triple-A,687478-2024-117
2024,676632,Bligh Madris,player,18,Bligh Madris,Bligh,Madris,Bligh,B Madris,512,TOL,Toledo Mud Hens,Mud Hens,INT,117,1B,First Base,OF,28,429,162,181,0,3,0.261,41,3,1,53,1724,4.019,0.12400000000000001,0.259,0.044,0.47700000000000004,0.222,6,0,66,827,245,257,19,23,68,26,0,39,16,108,108,57,20,2,19,111,53,0,81,0.222,365,0.323,0.444,0.767,5,21,0.808,0.192,1,60,0.63,5,19.21,2024,117,International League,Triple-A,676632-2024-117
2024,671913,Damiano Palmegiani,player,18,Damiano Palmegiani,Damiano,Palmegiani,Damiano,D Palmegiani,422,BUF,Buffalo Bisons,Bisons,INT,117,1B,First Base,3B,24,501,165,224,0,3,0.261,36,12,11,74,2050,4.092,0.10600000000000001,0.281,0.038,0.376,0.171,3,1,65,939,303,295,35,19,85,25,0,44,22,123,119,63,17,0,19,141,53,0,91,0.21000000000000002,433,0.311,0.381,0.692,1,2,0.6669999999999999,0.33299999999999996,11,69,0.71,0,22.79,2024,117,International League,Triple-A,671913-2024-117
2024,683770,Will Robertson,player,18,Will Robertson,Jonathan,Robertson,Will,W Robertson,422,BUF,Buffalo Bisons,Bisons,INT,117,RF,Outfielder,LF,26,464,173,219,0,4,0.29600000000000004,43,7,8,56,1858,4.004,0.10800000000000001,0.313,0.041,0.345,0.203,3,0,49,919,330,262,14,20,88,19,0,45,27,119,83,64,23,1,19,145,50,2,91,0.226,403,0.319,0.42900000000000005,0.748,2,3,0.6,0.4,8,71,1.06,0,21.21,2024,117,International League,Triple-A,683770-2024-117
2024,657193,Eddy Alvarez,player,24,Eddy Alvarez,Eduardo,Alvarez,Eddy,E Alvarez,533,WOR,Worcester Red Sox,Red Sox,INT,117,RF,Outfielder,SS,34,454,176,215,7,4,0.29500000000000004,45,13,3,59,1815,3.9979999999999998,0.10800000000000001,0.24000000000000002,0.04,0.45,0.21500000000000002,3,0,44,759,207,283,15,29,101,23,0,47,24,115,88,74,26,1,18,109,49,0,94,0.24700000000000003,381,0.349,0.462,0.811,7,18,0.72,0.28,3,77,1.1500000000000001,0,21.17,2024,117,International League,Triple-A,657193-2024-117
2024,676625,Rylan Bannon,player,24,Rylan Bannon,Rylan,Bannon,Rylan,R Bannon,1960,STP,St. Paul Saints,Saints,INT,117,SS,Shortstop,3B,28,539,176,215,0,2,0.277,42,7,10,74,2229,4.135,0.17800000000000002,0.252,0.033,0.706,0.184,7,0,56,977,309,300,33,21,94,23,0,44,29,128,110,70,22,2,18,136,96,2,96,0.221,434,0.369,0.406,0.775,4,11,0.733,0.267,10,77,0.8500000000000001,0,24.110000000000003,2024,117,International League,Triple-A,676625-2024-117
2024,695657,Colson Montgomery,player,24,Colson Montgomery,Colson,Montgomery,Colson,C Montgomery,494,CLT,Charlotte Knights,Knights,INT,117,SS,Shortstop,SS,22,573,185,220,0,3,0.281,42,15,9,52,2341,4.086,0.12000000000000001,0.28600000000000003,0.031,0.42100000000000004,0.167,4,0,67,1065,303,324,32,18,103,20,0,61,23,130,117,66,21,3,18,164,69,1,104,0.21400000000000002,485,0.329,0.381,0.71,2,8,0.8,0.2,9,63,0.88,1,26.939999999999998,2024,117,International League,Triple-A,695657-2024-117
2024,677588,José Tena,player,24,José Tena,José,Tena,José,J Tena,534,ROC,Rochester Red Wings,Red Wings,INT,117,SS,Shortstop,DH,23,448,196,172,3,1,0.359,41,2,9,55,1704,3.804,0.07600000000000001,0.257,0.04,0.29600000000000004,0.194,1,1,36,869,259,297,16,18,110,25,0,48,44,100,70,60,21,2,18,115,34,0,117,0.28700000000000003,408,0.344,0.48000000000000004,0.8240000000000001,8,15,0.652,0.348,9,68,1.57,0,22.67,2024,117,International League,Triple-A,677588-2024-117
2024,666211,Taylor Trammell,player,24,Taylor Trammell,Taylor,Trammell,Taylor,T Trammell,531,SWB,Scranton/Wilkes-Barre RailRiders,RailRiders,INT,117,LF,Outfielder,CF,26,407,164,171,0,2,0.322,40,6,2,47,1648,4.049,0.15500000000000003,0.268,0.044,0.5780000000000001,0.232,1,1,47,764,263,229,27,16,53,22,1,40,23,106,90,65,20,2,18,109,63,0,86,0.256,336,0.381,0.48800000000000004,0.8690000000000001,5,20,0.8,0.2,2,63,0.59,0,18.67,2024,117,International League,Triple-A,666211-2024-117
2024,656484,Tristan Gray,player,29,Tristan Gray,Tristan,Gray,Tristan,T Gray,564,JAX,Jacksonville Jumbo Shrimp,Jumbo Shrimp,INT,117,SS,Shortstop,SS,28,409,167,187,0,4,0.29900000000000004,41,4,7,61,1576,3.8529999999999998,0.09,0.269,0.042,0.33599999999999997,0.21400000000000002,2,1,53,797,262,258,30,17,69,18,0,46,25,100,100,48,21,3,17,110,37,0,89,0.24500000000000002,364,0.318,0.459,0.777,1,0,0,1,7,58,0.69,0,21.41,2024,117,International League,Triple-A,656484-2024-117
2024,670224,Kameron Misner,player,29,Kameron Misner,Kameron,Misner,Kameron,K Misner,234,DUR,Durham Bulls,Bulls,INT,117,CF,Outfielder,CF,26,519,194,192,0,2,0.33799999999999997,47,5,5,53,2300,4.432,0.14100000000000001,0.29300000000000004,0.033,0.48000000000000004,0.194,0,0,47,1014,339,289,18,28,87,29,0,50,30,113,93,77,26,4,17,152,73,1,109,0.24800000000000003,439,0.36,0.442,0.802,3,30,0.909,0.091,5,55,0.9400000000000001,0,25.82,2024,117,International League,Triple-A,670224-2024-117
2024,681393,Connor Norby,player,29,Connor Norby,Connor,Norby,Connor,C Norby,564,JAX,Jacksonville Jumbo Shrimp,Jumbo Shrimp,INT,117,2B,Second Base,1B,24,440,188,190,0,4,0.387,42,4,7,73,1723,3.9159999999999995,0.12000000000000001,0.28,0.039,0.43100000000000005,0.203,3,0,49,881,262,260,10,17,73,32,1,49,29,94,76,78,24,1,17,123,53,0,111,0.29300000000000004,379,0.382,0.496,0.8780000000000001,3,13,0.8130000000000001,0.188,7,60,0.96,0,22.29,2024,117,International League,Triple-A,681393-2024-117
2024,695257,Billy Cook,player,32,Billy Cook,William,Cook,Billy,B Cook,484,IND,Indianapolis Indians,Indians,INT,117,LF,Outfielder,CF,25,430,178,170,0,3,0.345,41,9,6,57,1727,4.016,0.119,0.24400000000000002,0.037,0.48600000000000004,0.20700000000000002,4,0,61,784,227,265,31,15,56,24,1,48,29,100,107,61,22,3,16,105,51,1,102,0.278,367,0.377,0.48500000000000004,0.8620000000000001,6,21,0.778,0.222,6,64,0.52,0,22.939999999999998,2024,117,International League,Triple-A,695257-2024-117
2024,681987,Nate Eaton,player,32,Nate Eaton,Nathan,Eaton,Nate,N Eaton,541,OMA,Omaha Storm Chasers,Storm Chasers,INT,117,3B,Third Base,OF,27,464,188,205,5,2,0.301,47,2,5,70,1708,3.681,0.058,0.233,0.034,0.25,0.187,4,0,73,841,213,327,37,21,88,24,0,49,35,116,131,65,30,1,16,108,27,0,108,0.252,428,0.29800000000000004,0.43900000000000006,0.737,4,27,0.8710000000000001,0.129,5,60,0.6699999999999999,0,26.75,2024,117,International League,Triple-A,681987-2024-117
2024,694355,Tyler Gentry,player,32,Tyler Gentry,Tyler,Gentry,Tyler,T Gentry,541,OMA,Omaha Storm Chasers,Storm Chasers,INT,117,RF,Outfielder,OF,25,489,182,221,1,0,0.346,41,4,11,61,2034,4.159999999999999,0.10800000000000001,0.305,0.033,0.356,0.17200000000000001,4,1,43,875,261,283,20,15,97,21,0,46,41,121,78,68,24,1,16,149,53,0,108,0.251,431,0.33799999999999997,0.42200000000000004,0.76,1,8,0.889,0.111,11,59,1.24,0,26.939999999999998,2024,117,International League,Triple-A,694355-2024-117
2024,669742,Darick Hall,player,32,Darick Hall,Darick,Hall,Darick,D Hall,1410,LHV,Lehigh Valley IronPigs,IronPigs,INT,117,1B,First Base,1B,28,488,167,217,0,2,0.28,33,4,5,72,1926,3.947,0.10200000000000001,0.227,0.033,0.45,0.15000000000000002,1,1,55,946,268,323,37,34,95,23,1,52,26,114,126,50,17,0,16,111,50,2,102,0.23600000000000002,432,0.32,0.387,0.707,1,2,0.6669999999999999,0.33299999999999996,5,72,0.75,0,27,2024,117,International League,Triple-A,669742-2024-117
2024,668472,Nick Pratto,player,32,Nick Pratto,Nicholas,Pratto,Nick,N Pratto,541,OMA,Omaha Storm Chasers,Storm Chasers,INT,117,1B,First Base,1B,25,490,176,210,3,4,0.328,38,1,5,55,2043,4.169,0.10800000000000001,0.304,0.033,0.356,0.168,4,1,61,923,284,287,23,25,74,23,0,59,22,115,109,70,20,2,16,149,53,0,104,0.24200000000000002,429,0.324,0.41000000000000003,0.734,1,15,0.9380000000000001,0.063,5,61,0.6799999999999999,0,26.810000000000002,2024,117,International League,Triple-A,668472-2024-117
2024,623205,Andrew Velazquez,player,32,Andrew Velazquez,Andrew,Velazquez,Andrew,A Velazquez,431,GWN,Gwinnett Stripers,Stripers,INT,117,2B,Second Base,SS,29,473,169,205,6,3,0.33999999999999997,33,1,5,49,1755,3.71,0.07200000000000001,0.33199999999999996,0.034,0.21700000000000003,0.15200000000000002,4,0,47,997,403,281,17,18,95,21,0,46,37,118,82,62,17,0,16,157,34,0,104,0.24200000000000002,429,0.29800000000000004,0.394,0.692,1,33,0.971,0.028999999999999998,5,48,1.1600000000000001,0,26.810000000000002,2024,117,International League,Triple-A,623205-2024-117
2024,670712,Mike Brosseau,player,38,Mike Brosseau,Michael,Brosseau,Mike,M Brosseau,552,SYR,Syracuse Mets,Mets,INT,117,1B,First Base,3B,30,405,146,178,0,3,0.303,24,12,15,61,1509,3.726,0.09899999999999999,0.20700000000000002,0.037,0.47600000000000003,0.15400000000000003,2,1,42,719,179,269,21,26,88,20,0,42,30,102,89,62,9,0,15,84,40,0,92,0.263,350,0.356,0.41700000000000004,0.773,1,2,0.6669999999999999,0.33299999999999996,15,44,0.99,0,23.330000000000002,2024,117,International League,Triple-A,670712-2024-117
2024,681198,TJ Rumfield,player,38,TJ Rumfield,Toby,Rumfield,TJ,T Rumfield,531,SWB,Scranton/Wilkes-Barre RailRiders,RailRiders,INT,117,1B,First Base,1B,24,474,194,177,0,3,0.326,41,7,17,79,1857,3.9179999999999997,0.091,0.165,0.032,0.551,0.169,2,1,57,877,166,346,16,26,124,28,0,59,36,114,99,72,26,0,15,78,43,1,123,0.29200000000000004,421,0.365,0.461,0.8260000000000001,3,3,0.5,0.5,17,71,1.25,0,28.07,2024,117,International League,Triple-A,681198-2024-117
2024,672012,Tyler Black,player,40,Tyler Black,Tyler,Black,Tyler,T Black,556,NAS,Nashville Sounds,Sounds,INT,117,1B,First Base,DH,23,462,166,156,0,2,0.29900000000000004,33,12,3,55,1798,3.8919999999999995,0.132,0.188,0.03,0.701,0.171,1,0,62,804,161,302,22,24,94,18,0,55,27,102,108,61,14,5,14,87,61,1,100,0.258,387,0.374,0.42900000000000005,0.803,3,20,0.8700000000000001,0.13,3,67,0.8700000000000001,0,27.64,2024,117,International League,Triple-A,672012-2024-117
2024,686555,Isaac Collins,player,40,Isaac Collins,Isaac,Collins,Isaac,I Collins,556,NAS,Nashville Sounds,Sounds,INT,117,LF,Outfielder,LF,26,500,198,180,0,4,0.322,49,8,4,77,2019,4.038,0.14200000000000002,0.192,0.028,0.74,0.201,5,2,82,790,163,325,13,26,90,19,0,63,32,113,121,75,28,7,14,96,71,2,114,0.273,417,0.386,0.47500000000000003,0.8610000000000001,5,24,0.8280000000000001,0.17200000000000001,4,76,0.74,0,29.79,2024,117,International League,Triple-A,686555-2024-117
2024,680837,Ryan Fitzgerald,player,40,Ryan Fitzgerald,Ryan,Fitzgerald,Ryan,R Fitzgerald,541,OMA,Omaha Storm Chasers,Storm Chasers,INT,117,2B,Second Base,3B,30,431,156,175,3,2,0.29400000000000004,34,10,3,40,1667,3.868,0.1,0.23,0.032,0.43400000000000005,0.17400000000000002,1,1,74,796,202,279,14,16,84,22,0,44,25,108,104,54,17,3,14,99,43,1,91,0.24400000000000002,373,0.33599999999999997,0.41800000000000004,0.754,3,3,0.5,0.5,3,54,0.81,0,26.64,2024,117,International League,Triple-A,680837-2024-117
2024,677956,Rece Hinds,player,40,Rece Hinds,Rece,Hinds,Rece,R Hinds,416,LOU,Louisville Bats,Bats,INT,117,RF,Outfielder,RF,23,422,143,193,0,2,0.313,34,3,7,53,1668,3.953,0.088,0.379,0.033,0.231,0.168,3,0,38,855,343,222,13,17,75,17,1,37,24,99,68,48,18,2,14,160,37,1,79,0.20800000000000002,380,0.28200000000000003,0.376,0.658,3,20,0.8700000000000001,0.13,7,47,1.1,0,27.14,2024,117,International League,Triple-A,677956-2024-117
2024,690291,Jace Jung,player,40,Jace Jung,Jace,Jung,Jace,J Jung,512,TOL,Toledo Mud Hens,Mud Hens,INT,117,3B,Third Base,3B,23,415,154,181,0,6,0.307,38,2,5,59,1735,4.181,0.161,0.224,0.034,0.72,0.198,6,1,51,716,192,252,21,15,78,29,0,38,20,91,87,50,23,1,14,93,67,0,87,0.257,339,0.377,0.454,0.8310000000000001,2,2,0.5,0.5,5,60,0.9,1,24.21,2024,117,International League,Triple-A,690291-2024-117
2024,680577,DaShawn Keirsey Jr.,player,40,DaShawn Keirsey Jr.,DaShawn,Keirsey,DaShawn,D Keirsey Jr.,1960,STP,St. Paul Saints,Saints,INT,117,CF,Outfielder,CF,27,505,211,186,0,9,0.37,43,5,13,70,2035,4.03,0.095,0.23,0.028,0.41400000000000003,0.17600000000000002,2,0,52,957,240,336,15,30,106,28,2,55,48,111,97,71,22,7,14,116,48,0,133,0.3,443,0.368,0.47600000000000003,0.8440000000000001,7,36,0.8370000000000001,0.163,13,81,1.09,0,31.64,2024,117,International League,Triple-A,680577-2024-117
2024,693409,César Prieto,player,40,César Prieto,Cesar,Prieto,César,C Prieto,235,MEM,Memphis Redbirds,Redbirds,INT,117,3B,Third Base,3B,25,535,223,225,3,2,0.29600000000000004,52,6,21,100,1764,3.297,0.043000000000000003,0.118,0.026000000000000002,0.365,0.166,9,1,88,1004,162,443,21,32,162,25,1,68,46,129,141,67,35,3,14,63,23,0,140,0.279,501,0.318,0.445,0.763,5,5,0.5,0.5,21,56,1.1500000000000001,0,35.790000000000006,2024,117,International League,Triple-A,693409-2024-117
2024,671083,Buddy Kennedy,player,47,Buddy Kennedy,Clifton,Kennedy,Buddy,B Kennedy,1410,LHV,Lehigh Valley IronPigs,IronPigs,INT,117,3B,Third Base,1B,25,463,178,175,0,6,0.312,45,8,9,64,1737,3.752,0.13,0.181,0.028,0.714,0.185,3,1,61,743,152,311,24,33,87,21,0,54,31,106,118,69,31,1,13,84,60,1,106,0.272,389,0.376,0.458,0.8340000000000001,2,4,0.6669999999999999,0.33299999999999996,9,49,0.74,0,29.919999999999998,2024,117,International League,Triple-A,671083-2024-117
2024,678554,Curtis Mead,player,47,Curtis Mead,Curtis,Mead,Curtis,C Mead,234,DUR,Durham Bulls,Bulls,INT,117,3B,Third Base,3B,23,410,175,144,0,4,0.316,38,13,6,52,1476,3.6,0.07100000000000001,0.15600000000000003,0.032,0.453,0.192,6,0,60,767,168,304,35,23,81,24,2,41,38,91,118,60,19,6,13,64,29,1,105,0.28800000000000003,364,0.359,0.48100000000000004,0.8400000000000001,6,11,0.647,0.353,6,41,0.69,0,28,2024,117,International League,Triple-A,678554-2024-117
2024,678894,Liover Peguero,player,47,Liover Peguero,Liover,Peguero,Liover,L Peguero,484,IND,Indianapolis Indians,Indians,INT,117,SS,Shortstop,SS,23,555,203,255,3,8,0.325,46,3,11,98,2139,3.8539999999999996,0.083,0.25,0.023,0.33099999999999996,0.15400000000000003,5,1,66,1003,322,367,26,29,119,23,0,53,51,128,121,68,29,4,13,139,46,0,127,0.257,495,0.319,0.41000000000000003,0.729,3,14,0.8240000000000001,0.17600000000000002,11,79,0.98,0,38.08,2024,117,International League,Triple-A,678894-2024-117
2024,672724,Oswald Peraza,player,47,Oswald Peraza,Oswald,Peraza,Oswald,O Peraza,531,SWB,Scranton/Wilkes-Barre RailRiders,RailRiders,INT,117,SS,Shortstop,2B,24,406,138,173,1,3,0.28600000000000003,26,9,9,51,1590,3.9159999999999995,0.10600000000000001,0.20900000000000002,0.032,0.506,0.14900000000000002,7,1,38,729,206,269,27,17,101,15,1,34,36,92,82,62,13,0,13,85,43,1,86,0.24600000000000002,350,0.34099999999999997,0.394,0.735,7,24,0.774,0.226,9,60,1.23,0,26.919999999999998,2024,117,International League,Triple-A,672724-2024-117
2024,686765,Nick Sogard,player,47,Nick Sogard,Nicholas,Sogard,Nick,N Sogard,533,WOR,Worcester Red Sox,Red Sox,INT,117,SS,Shortstop,3B,26,440,164,154,1,4,0.33799999999999997,33,3,8,71,1797,4.084,0.14500000000000002,0.20500000000000002,0.03,0.711,0.163,7,1,53,719,156,283,12,25,89,23,0,62,19,96,90,69,19,1,13,90,64,1,104,0.28300000000000003,368,0.39,0.446,0.8360000000000001,6,10,0.625,0.375,8,59,0.99,0,28.310000000000002,2024,117,International League,Triple-A,686765-2024-117
2024,668723,Ryan Vilade,player,47,Ryan Vilade,Ryan,Vilade,Ryan,R Vilade,512,TOL,Toledo Mud Hens,Mud Hens,INT,117,CF,Outfielder,RF,25,442,176,186,0,6,0.347,39,5,11,60,1691,3.8259999999999996,0.088,0.24400000000000002,0.028999999999999998,0.361,0.171,1,1,55,838,226,290,18,33,75,24,1,46,38,108,106,47,24,2,13,108,39,2,109,0.278,392,0.346,0.449,0.7949999999999999,7,20,0.741,0.259,11,64,0.71,0,30.150000000000002,2024,117,International League,Triple-A,668723-2024-117
2024,671221,Drew Waters,player,47,Drew Waters,Andrew,Waters,Drew,D Waters,541,OMA,Omaha Storm Chasers,Storm Chasers,INT,117,CF,Outfielder,LF,25,457,194,149,0,5,0.383,50,6,4,61,1836,4.018,0.116,0.265,0.028,0.43800000000000006,0.20400000000000001,4,0,41,907,280,277,13,21,88,26,0,49,39,109,75,84,33,4,13,121,53,0,114,0.29000000000000004,393,0.379,0.494,0.8730000000000001,7,20,0.741,0.259,4,61,1.1700000000000002,0,30.23,2024,117,International League,Triple-A,671221-2024-117
2024,671976,Tristan Peters,player,54,Tristan Peters,Tristan,Peters,Tristan,T Peters,234,DUR,Durham Bulls,Bulls,INT,117,RF,Outfielder,CF,24,478,164,187,1,2,0.28,38,4,2,59,1937,4.052,0.132,0.197,0.025,0.6699999999999999,0.164,4,0,69,891,225,317,41,21,89,20,0,52,25,123,131,67,21,5,12,94,63,1,97,0.23800000000000002,408,0.344,0.402,0.746,7,8,0.533,0.467,2,46,0.6799999999999999,0,34,2024,117,International League,Triple-A,671976-2024-117
2024,642197,Jamie Westbrook,player,54,Jamie Westbrook,Jamie,Westbrook,Jamie,J Westbrook,533,WOR,Worcester Red Sox,Red Sox,INT,117,3B,Third Base,2B,29,425,161,199,0,6,0.311,37,8,16,67,1714,4.033,0.113,0.169,0.028,0.6669999999999999,0.17300000000000001,7,1,54,784,152,292,17,22,100,25,0,47,27,102,93,52,24,1,12,72,48,0,99,0.277,358,0.369,0.45,0.8190000000000001,2,2,0.5,0.5,16,71,1.08,5,29.830000000000002,2024,117,International League,Triple-A,642197-2024-117
2024,693049,Oscar Colás,player,56,Oscar Colás,Oscar,Colás,Oscar,O Colás,494,CLT,Charlotte Knights,Knights,INT,117,RF,Outfielder,RF,25,464,161,185,0,7,0.302,36,4,8,64,1827,3.9379999999999997,0.11,0.231,0.024,0.47700000000000004,0.15400000000000003,5,0,63,876,236,302,26,13,101,15,0,45,39,109,102,57,21,4,11,107,51,4,99,0.24600000000000002,402,0.33199999999999996,0.4,0.732,8,12,0.6,0.4,8,51,0.99,0,36.54,2024,117,International League,Triple-A,693049-2024-117
2024,664731,P.J. Higgins,player,56,P.J. Higgins,Patrick,Higgins,P.J.,P Higgins,416,LOU,Louisville Bats,Bats,INT,117,1B,First Base,C,31,568,198,234,0,5,0.33199999999999996,43,4,10,59,2205,3.8819999999999997,0.079,0.24600000000000002,0.019,0.321,0.126,9,1,69,1086,288,379,16,35,126,24,1,71,37,134,120,50,32,0,11,140,45,1,133,0.259,514,0.32,0.385,0.705,1,0,0,1,10,68,1.05,0,46.730000000000004,2024,117,International League,Triple-A,664731-2024-117
2024,687859,Troy Johnston,player,56,Troy Johnston,Troy,Johnston,Troy,T Johnston,564,JAX,Jacksonville Jumbo Shrimp,Jumbo Shrimp,INT,117,1B,First Base,RF,27,528,203,223,0,2,0.327,45,10,17,96,1815,3.4379999999999997,0.07,0.189,0.021,0.37,0.14800000000000002,4,1,61,975,237,381,21,34,133,25,2,66,39,125,116,65,30,4,11,100,37,0,132,0.276,479,0.33899999999999997,0.42400000000000004,0.763,3,17,0.8500000000000001,0.15000000000000002,17,63,1.1500000000000001,0,43.54,2024,117,International League,Triple-A,687859-2024-117
2024,682650,Malcom Nuñez,player,56,Malcom Nuñez,Malcom,Nuñez,Malcom,M Nuñez,484,IND,Indianapolis Indians,Indians,INT,117,3B,Third Base,1B,23,526,171,260,0,12,0.29400000000000004,32,4,10,77,2112,4.015,0.08,0.20500000000000002,0.021,0.389,0.115,3,1,66,934,237,372,25,31,133,19,2,62,34,128,122,59,21,0,11,108,42,0,117,0.25,468,0.31,0.365,0.6749999999999999,1,3,0.75,0.25,10,65,1.09,0,42.54,2024,117,International League,Triple-A,682650-2024-117
2024,592622,Mark Payton,player,60,Mark Payton,Mark,Payton,Mark,M Payton,494,CLT,Charlotte Knights,Knights,INT,117,LF,Outfielder,OF,32,479,193,141,4,5,0.36,42,0,6,60,1781,3.718,0.111,0.169,0.021,0.654,0.15300000000000002,3,1,64,770,139,345,15,33,104,28,1,68,32,112,112,70,30,2,10,81,53,1,129,0.309,417,0.383,0.463,0.8460000000000001,7,5,0.41700000000000004,0.583,6,53,0.93,0,41.7,2024,117,International League,Triple-A,592622-2024-117
2024,682927,Ronny Simon,player,60,Ronny Simon,Ronny,Simon,Ronny,R Simon,234,DUR,Durham Bulls,Bulls,INT,117,2B,Second Base,2B,24,527,200,213,4,3,0.33899999999999997,44,7,9,73,2063,3.9149999999999996,0.089,0.188,0.019,0.47500000000000003,0.14600000000000002,5,0,66,947,207,374,20,26,130,18,0,56,58,130,112,72,30,4,10,99,47,0,132,0.28300000000000003,466,0.356,0.42900000000000005,0.7849999999999999,7,20,0.741,0.259,9,56,1.1600000000000001,0,46.6,2024,117,International League,Triple-A,682927-2024-117
2024,660636,Diego Castillo,player,62,Diego Castillo,Diego,Castillo,Diego,D Castillo,1960,STP,St. Paul Saints,Saints,INT,117,3B,Third Base,SS,26,470,158,160,0,5,0.29300000000000004,34,4,16,59,1891,4.023,0.134,0.14900000000000002,0.019,0.9,0.136,2,0,65,693,134,333,19,34,111,20,0,47,37,113,118,60,23,2,9,70,63,0,104,0.261,398,0.364,0.397,0.761,4,13,0.765,0.23500000000000001,16,54,0.9400000000000001,0,44.220000000000006,2024,117,International League,Triple-A,660636-2024-117
2024,686639,Jack Dunn,player,62,Jack Dunn,John,Dunn,Jack,J Dunn,534,ROC,Rochester Red Wings,Red Wings,INT,117,SS,Shortstop,SS,27,443,128,179,4,2,0.27,22,9,10,67,1817,4.101999999999999,0.14400000000000002,0.163,0.02,0.889,0.115,9,0,58,716,137,298,23,28,103,14,2,31,39,115,109,56,11,2,9,72,64,0,86,0.23600000000000002,364,0.362,0.352,0.714,4,14,0.778,0.222,10,41,0.9400000000000001,0,40.44,2024,117,International League,Triple-A,686639-2024-117
2024,678391,Jorbit Vivas,player,62,Jorbit Vivas,Jorbit,Vivas,Jorbit,J Vivas,531,SWB,Scranton/Wilkes-Barre RailRiders,RailRiders,INT,117,2B,Second Base,3B,23,422,127,124,0,4,0.254,29,9,4,44,1658,3.929,0.137,0.166,0.021,0.8290000000000001,0.14100000000000001,7,0,54,776,191,281,32,21,96,16,0,39,23,93,107,57,18,2,9,70,58,0,78,0.225,347,0.347,0.366,0.713,5,20,0.8,0.2,4,45,0.9,4,38.56,2024,117,International League,Triple-A,678391-2024-117
2024,681962,Vinny Capra,player,65,Vinny Capra,Vincent,Capra,Vinny,V Capra,556,NAS,Nashville Sounds,Sounds,INT,117,SS,Shortstop,3B,27,489,164,182,0,2,0.313,35,6,8,73,2006,4.101999999999999,0.10600000000000001,0.186,0.016,0.5710000000000001,0.12100000000000001,4,1,70,798,161,340,17,32,109,18,0,63,31,110,119,61,26,1,8,91,52,1,112,0.261,429,0.348,0.382,0.73,2,10,0.8330000000000001,0.167,8,53,0.92,0,53.620000000000005,2024,117,International League,Triple-A,681962-2024-117
2024,682668,Luisangel Acuña,player,66,Luisangel Acuña,Luisangel,Acuña,Luisangel,L Acuña,552,SYR,Syracuse Mets,Mets,INT,117,SS,Shortstop,SS,22,587,194,188,2,4,0.29900000000000004,33,2,12,68,2016,3.4339999999999997,0.055,0.164,0.012,0.33299999999999996,0.097,11,1,57,1034,226,457,34,42,183,14,0,56,71,131,133,90,20,6,7,96,32,0,141,0.258,547,0.29900000000000004,0.355,0.654,14,40,0.741,0.259,12,50,1.3800000000000001,0,78.14,2024,117,International League,Triple-A,682668-2024-117
2024,694362,Blake Dunn,player,66,Blake Dunn,Blake,Dunn,Blake,B Dunn,416,LOU,Louisville Bats,Bats,INT,117,CF,Outfielder,CF,25,421,127,118,8,1,0.329,25,8,2,41,1626,3.8619999999999997,0.10700000000000001,0.268,0.017,0.398,0.114,5,1,45,739,191,255,20,22,82,17,3,34,32,99,87,62,16,2,7,113,45,0,86,0.24000000000000002,359,0.33699999999999997,0.354,0.691,2,21,0.913,0.08700000000000001,2,34,0.9400000000000001,0,51.290000000000006,2024,117,International League,Triple-A,694362-2024-117
2024,571875,Jake Lamb,player,66,Jake Lamb,Jake,Lamb,Jake,J Lamb,484,IND,Indianapolis Indians,Indians,INT,117,1B,First Base,3B,33,414,140,162,0,7,0.32,31,8,9,62,1655,3.9979999999999998,0.10400000000000001,0.203,0.017,0.512,0.129,1,0,63,770,194,279,13,24,85,20,0,40,34,98,100,48,23,1,7,84,43,3,94,0.264,356,0.35,0.393,0.743,1,0,0,1,9,55,0.8500000000000001,0,50.86,2024,117,International League,Triple-A,571875-2024-117
2024,805367,Chase Meidroth,player,66,Chase Meidroth,Chase,Meidroth,Chase,C Meidroth,533,WOR,Worcester Red Sox,Red Sox,INT,117,SS,Shortstop,2B,22,558,175,166,0,5,0.33199999999999996,30,11,7,68,2462,4.412,0.188,0.127,0.013000000000000001,1.4789999999999999,0.10800000000000001,6,1,61,757,88,371,17,31,134,13,0,64,51,122,109,87,20,3,7,71,105,0,128,0.29300000000000004,437,0.43700000000000006,0.4,0.8370000000000001,6,13,0.6839999999999999,0.316,7,57,1.23,0,62.43,2024,117,International League,Triple-A,805367-2024-117
2024,676113,Zach DeLoach,player,70,Zach DeLoach,Zachary,DeLoach,Zach,Z DeLoach,494,CLT,Charlotte Knights,Knights,INT,117,LF,Outfielder,RF,25,411,146,149,0,3,0.39,30,4,3,54,1597,3.8859999999999997,0.117,0.26,0.015,0.449,0.12400000000000001,2,0,46,697,227,252,7,17,80,14,0,63,25,97,70,65,22,2,6,107,48,0,102,0.28700000000000003,356,0.375,0.41000000000000003,0.7849999999999999,2,20,0.909,0.091,3,54,1.1400000000000001,0,59.33,2024,117,International League,Triple-A,676113-2024-117
2024,570481,Erik González,player,70,Erik González,Erik,González,Erik,E González,416,LOU,Louisville Bats,Bats,INT,117,SS,Shortstop,2B,32,464,151,213,0,3,0.3,31,2,16,65,1697,3.657,0.052000000000000005,0.20500000000000002,0.013000000000000001,0.253,0.101,8,2,43,858,225,343,22,35,136,15,0,55,37,127,100,62,24,1,6,95,24,0,107,0.24600000000000002,435,0.28700000000000003,0.347,0.634,1,6,0.8570000000000001,0.14300000000000002,16,55,1.36,0,72.5,2024,117,International League,Triple-A,570481-2024-117
2024,663968,Jake Mangum,player,70,Jake Mangum,Jake,Mangum,Jake,J Mangum,234,DUR,Durham Bulls,Bulls,INT,117,CF,Outfielder,CF,28,428,176,166,0,3,0.373,37,4,7,67,1460,3.4109999999999996,0.054000000000000006,0.171,0.014,0.315,0.126,6,1,53,900,201,328,11,32,106,15,0,62,49,104,96,57,30,1,6,73,23,0,126,0.317,398,0.357,0.442,0.7989999999999999,8,20,0.714,0.28600000000000003,7,56,1.1,0,66.33,2024,117,International League,Triple-A,663968-2024-117
2024,679881,J.P. Martínez,player,70,J.P. Martínez,Julio,Martínez,J.P.,J Martínez,431,GWN,Gwinnett Stripers,Stripers,INT,117,CF,Outfielder,RF,28,438,132,173,1,2,0.322,30,5,5,49,1822,4.159999999999999,0.12100000000000001,0.269,0.014,0.449,0.117,5,0,50,806,224,262,27,15,82,21,0,37,30,107,92,62,22,2,6,118,53,0,88,0.233,377,0.33399999999999996,0.35,0.6839999999999999,8,37,0.8220000000000001,0.17800000000000002,5,30,0.89,0,62.83,2024,117,International League,Triple-A,679881-2024-117
2024,691594,Javier Sanoja,player,70,Javier Sanoja,Javier,Sanoja,Javier,J Sanoja,564,JAX,Jacksonville Jumbo Shrimp,Jumbo Shrimp,INT,117,SS,Shortstop,3B,21,492,188,152,3,7,0.29700000000000004,43,2,13,81,1789,3.6359999999999997,0.089,0.061,0.012,1.4669999999999999,0.14,7,1,64,824,77,416,39,32,154,11,0,61,55,111,135,51,31,6,6,30,44,0,127,0.29100000000000004,436,0.354,0.43100000000000005,0.7849999999999999,6,14,0.7,0.3,13,58,1.1400000000000001,0,72.66999999999999,2024,117,International League,Triple-A,691594-2024-117
2024,694425,Justice Bigbie,player,75,Justice Bigbie,Justice,Bigbie,Justice,J Bigbie,512,TOL,Toledo Mud Hens,Mud Hens,INT,117,RF,Outfielder,OF,25,558,163,232,0,5,0.304,32,5,17,84,2119,3.797,0.10800000000000001,0.186,0.007,0.5770000000000001,0.08600000000000001,9,0,61,992,239,389,8,30,169,11,0,60,50,136,99,62,26,2,4,104,60,0,121,0.24800000000000003,488,0.33299999999999996,0.33399999999999996,0.6669999999999999,5,8,0.615,0.385,17,50,1.71,0,122,2024,117,International League,Triple-A,694425-2024-117
2024,672463,Rafael Lantigua,player,75,Rafael Lantigua,Rafael,Lantigua,Rafael,R Lantigua,422,BUF,Buffalo Bisons,Bisons,INT,117,2B,Second Base,2B,26,521,150,200,1,1,0.33199999999999996,24,3,13,65,2033,3.9019999999999997,0.134,0.192,0.008,0.7,0.07200000000000001,6,0,45,880,193,348,29,26,130,5,2,69,42,130,100,61,20,0,4,100,70,0,118,0.265,446,0.367,0.33599999999999997,0.703,6,16,0.727,0.273,13,33,1.3,0,111.5,2024,117,International League,Triple-A,672463-2024-117
2024,664670,Alejo Lopez,player,75,Alejo Lopez,Jesus,Lopez,Alejo,A Lopez,431,GWN,Gwinnett Stripers,Stripers,INT,117,3B,Third Base,2B,28,473,163,192,1,2,0.354,27,12,1,61,1853,3.9179999999999997,0.09899999999999999,0.135,0.008,0.734,0.09,1,0,61,976,180,350,18,21,124,20,0,60,46,112,100,63,21,2,4,64,47,0,126,0.307,411,0.392,0.397,0.7889999999999999,7,21,0.75,0.25,1,55,1.24,0,102.75,2024,117,International League,Triple-A,664670-2024-117
2024,668791,Anthony Prato,player,78,Anthony Prato,Anthony,Prato,Anthony,A Prato,1960,STP,St. Paul Saints,Saints,INT,117,3B,Third Base,SS,26,413,117,166,2,1,0.29600000000000004,29,9,13,52,1639,3.969,0.162,0.20600000000000002,0.007,0.7879999999999999,0.12300000000000001,6,2,42,646,145,252,17,19,98,12,0,35,29,106,78,60,20,6,3,85,67,0,76,0.228,334,0.37,0.35,0.72,1,10,0.909,0.091,13,30,1.26,0,111.33,2024,117,International League,Triple-A,668791-2024-117
2024,664702,Myles Straw,player,78,Myles Straw,Myles,Straw,Myles,M Straw,445,COL,Columbus Clippers,Clippers,INT,117,CF,Outfielder,RF,29,495,143,191,3,4,0.29700000000000004,27,1,11,62,1915,3.8689999999999998,0.10700000000000001,0.192,0.006,0.558,0.09,4,0,59,802,118,346,13,42,128,11,0,56,37,123,114,62,18,6,3,95,53,2,104,0.24000000000000002,434,0.321,0.329,0.65,1,30,0.968,0.032,11,47,1.12,0,144.67,2024,117,International League,Triple-A,664702-2024-117
2024,680672,Luke Waddell,player,80,Luke Waddell,Luke,Waddell,Luke,L Waddell,431,GWN,Gwinnett Stripers,Stripers,INT,117,SS,Shortstop,SS,25,464,130,224,2,6,0.27,27,10,9,83,1853,3.9939999999999998,0.088,0.138,0.004,0.641,0.08700000000000001,5,1,77,850,136,348,21,42,113,10,0,50,35,111,140,57,21,4,2,64,41,0,95,0.23500000000000001,404,0.317,0.322,0.639,3,12,0.8,0.2,9,55,0.81,1,202,2024,117,International League,Triple-A,680672-2024-117
2024,671117,Darren Baker,player,81,Darren Baker,Darren,Baker,Darren,Da Baker,534,ROC,Rochester Red Wings,Red Wings,INT,117,2B,Second Base,2B,25,483,148,187,3,2,0.358,22,0,7,51,1825,3.778,0.089,0.188,0,0.47300000000000003,0.055,9,1,35,797,161,349,10,37,143,6,0,63,55,112,82,70,20,2,0,91,43,1,124,0.28500000000000003,435,0.348,0.33999999999999997,0.688,5,38,0.884,0.116,7,49,1.74,0,,2024,117,International League,Triple-A,671117-2024-117
2024,683006,Chris Newell,player,1,Chris Newell,Christopher,Newell,Chris,C Newell,456,GL,Great Lakes Loons,Loons,MID,118,CF,Outfielder,OF,23,413,158,190,2,4,0.271,39,7,3,43,1720,4.164999999999999,0.14500000000000002,0.33899999999999997,0.056,0.42900000000000005,0.253,2,0,55,731,300,206,17,9,53,31,0,28,13,97,81,61,15,1,23,140,60,1,72,0.21200000000000002,340,0.33799999999999997,0.465,0.803,6,24,0.8,0.2,3,65,0.65,0,14.78,2024,118,Midwest League,High-A,683006-2024-118
2024,702253,Cam Collier,player,2,Cam Collier,Cameron,Collier,Cam,C Collier,459,DAY,Dayton Dragons,Dragons,MID,118,3B,Third Base,3B,19,507,189,214,0,6,0.301,42,8,8,65,2122,4.185,0.13,0.25,0.039,0.52,0.194,4,0,53,924,248,306,24,17,106,33,1,43,29,119,94,72,21,1,20,127,66,1,106,0.24800000000000003,427,0.355,0.443,0.7979999999999999,1,2,0.6669999999999999,0.33299999999999996,8,74,1.1300000000000001,0,21.35,2024,118,Midwest League,High-A,702253-2024-118
2024,811289,Spencer Nivens,player,2,Spencer Nivens,Spencer,Nivens,Spencer,S Nivens,565,QC,Quad Cities River Bandits,River Bandits,MID,118,LF,Outfielder,OF,22,412,170,184,0,4,0.29000000000000004,40,2,2,58,1691,4.103999999999999,0.117,0.269,0.049,0.43200000000000005,0.232,3,0,70,725,204,251,21,15,58,23,0,48,16,99,106,53,17,3,20,111,48,1,87,0.24300000000000002,358,0.33299999999999996,0.47500000000000003,0.808,4,7,0.636,0.364,2,58,0.55,0,17.9,2024,118,Midwest League,High-A,811289-2024-118
2024,695031,Josh Zamora,player,4,Josh Zamora,Joshua,Zamora,Josh,J Zamora,554,BEL,Beloit Sky Carp,Sky Carp,MID,118,2B,Second Base,3B,25,424,159,182,1,4,0.276,32,5,10,60,1733,4.087,0.09899999999999999,0.198,0.04,0.5,0.17700000000000002,4,0,58,778,193,293,38,21,83,28,1,38,26,100,117,56,15,0,17,84,42,0,93,0.25,372,0.33099999999999996,0.42700000000000005,0.758,0,0,,,10,56,0.71,0,21.88,2024,118,Midwest League,High-A,695031-2024-118
2024,687310,Will Simpson,player,5,Will Simpson,Will,Simpson,Will,W Simpson,499,LAN,Lansing Lugnuts,Lugnuts,MID,118,1B,First Base,1B,22,474,190,159,0,8,0.33599999999999997,47,1,1,50,1810,3.8189999999999995,0.14600000000000002,0.24700000000000003,0.034,0.59,0.21000000000000002,3,0,76,868,270,287,17,26,61,26,1,50,30,109,119,68,27,4,16,117,69,1,107,0.27,396,0.373,0.48000000000000004,0.8530000000000001,3,4,0.5710000000000001,0.42900000000000005,1,81,0.51,0,24.75,2024,118,Midwest League,High-A,687310-2024-118
2024,688780,Luke Gold,player,6,Luke Gold,Luke,Gold,Luke,L Gold,582,WM,West Michigan Whitecaps,Whitecaps,MID,118,1B,First Base,3B,23,497,170,238,0,5,0.28200000000000003,40,14,5,60,1918,3.8589999999999995,0.07200000000000001,0.258,0.028,0.281,0.15800000000000003,3,1,93,941,287,319,27,28,71,27,1,44,28,121,148,68,24,2,14,128,36,0,100,0.226,442,0.302,0.385,0.6869999999999999,3,7,0.7,0.3,5,57,0.48000000000000004,0,31.57,2024,118,Midwest League,High-A,688780-2024-118
2024,686438,Rubel Cespedes,player,7,Rubel Cespedes,Rubel,Cespedes,Rubel,R Cespedes,492,CR,Cedar Rapids Kernels,Kernels,MID,118,3B,Third Base,3B,23,463,180,181,0,2,0.33699999999999997,36,3,8,68,1774,3.8319999999999994,0.084,0.201,0.026000000000000002,0.41900000000000004,0.14800000000000002,5,0,59,887,194,327,32,10,108,24,2,53,39,110,101,48,22,2,12,93,39,1,118,0.28200000000000003,418,0.346,0.43100000000000005,0.777,3,5,0.625,0.375,8,72,1.07,1,34.83,2024,118,Midwest League,High-A,686438-2024-118
2024,696501,Mark Coley II,player,7,Mark Coley II,Mark,Coley,Mark,M Coley II,554,BEL,Beloit Sky Carp,Sky Carp,MID,118,CF,Outfielder,OF,23,445,145,162,0,0,0.29600000000000004,33,19,0,33,1804,4.053999999999999,0.10300000000000001,0.303,0.027,0.34099999999999997,0.168,6,2,52,864,300,245,29,14,69,20,1,34,26,105,95,68,14,7,12,135,46,0,81,0.21300000000000002,380,0.328,0.382,0.71,2,30,0.9380000000000001,0.063,0,38,0.73,0,31.67,2024,118,Midwest League,High-A,696501-2024-118
2024,699115,Carlos Jorge,player,7,Carlos Jorge,Carlos,Jorge,Carlos,C Jorge,459,DAY,Dayton Dragons,Dragons,MID,118,CF,Outfielder,SS,20,402,140,164,0,5,0.29600000000000004,35,7,4,47,1513,3.7640000000000002,0.07700000000000001,0.311,0.03,0.24800000000000003,0.17500000000000002,5,0,52,759,268,235,23,10,72,23,0,32,23,95,85,50,20,3,12,125,31,0,78,0.22,355,0.29100000000000004,0.394,0.6849999999999999,4,28,0.8750000000000001,0.125,4,43,0.8500000000000001,4,29.58,2024,118,Midwest League,High-A,699115-2024-118
2024,699073,Thayron Liranzo,player,7,Thayron Liranzo,Thayron,Liranzo,Thayron,T Liranzo,582,WM,West Michigan Whitecaps,Whitecaps,MID,118,C,Catcher,C,20,429,144,176,0,0,0.31,34,1,10,69,1797,4.189,0.17500000000000002,0.23800000000000002,0.028,0.735,0.164,3,2,47,760,233,251,20,15,83,22,0,38,26,100,82,52,22,0,12,102,75,2,86,0.24400000000000002,353,0.378,0.40800000000000003,0.7859999999999999,0,1,1,0,10,50,1.01,0,29.419999999999998,2024,118,Midwest League,High-A,699073-2024-118
2024,695612,Alex Mooney,player,7,Alex Mooney,Alexander,Mooney,Alex,A Mooney,437,LC,Lake County Captains,Captains,MID,118,3B,Third Base,SS,21,473,159,190,0,4,0.279,37,14,7,69,1827,3.863,0.10600000000000001,0.21100000000000002,0.025,0.5,0.15800000000000003,9,0,77,916,292,309,27,25,85,22,3,40,30,105,129,73,22,3,12,100,50,0,95,0.23500000000000001,405,0.33599999999999997,0.393,0.729,6,43,0.8780000000000001,0.12200000000000001,7,55,0.6599999999999999,0,33.75,2024,118,Midwest League,High-A,695612-2024-118
2024,699302,Héctor Rodríguez,player,7,Héctor Rodríguez,Héctor,Rodríguez,Héctor,H Rodríguez,459,DAY,Dayton Dragons,Dragons,MID,118,RF,Outfielder,LF,20,541,213,207,1,5,0.29700000000000004,43,2,5,84,1804,3.3349999999999995,0.048,0.133,0.022,0.361,0.14600000000000002,4,1,65,1024,202,441,57,33,147,19,1,68,51,125,155,65,24,7,12,72,26,1,139,0.274,507,0.309,0.42000000000000004,0.729,6,12,0.6669999999999999,0.33299999999999996,5,61,0.9500000000000001,0,42.25,2024,118,Midwest League,High-A,699302-2024-118
2024,702726,Luke Adams,player,13,Luke Adams,Jon,Adams,Luke,L Adams,572,WIS,Wisconsin Timber Rattlers,Timber Rattlers,MID,118,3B,Third Base,3B,20,418,117,143,0,5,0.28,27,40,8,36,1857,4.4430000000000005,0.187,0.21300000000000002,0.026000000000000002,0.8760000000000001,0.169,2,0,40,569,123,211,24,13,67,12,0,32,23,101,77,56,15,1,11,89,78,1,67,0.227,295,0.443,0.397,0.8400000000000001,10,28,0.737,0.263,8,56,0.8700000000000001,0,26.82,2024,118,Midwest League,High-A,702726-2024-118
2024,801194,Max Anderson,player,13,Max Anderson,Maxwell,Anderson,Max,M Anderson,582,WM,West Michigan Whitecaps,Whitecaps,MID,118,2B,Second Base,2B,22,527,190,203,0,4,0.29700000000000004,34,3,9,74,1908,3.62,0.066,0.14,0.021,0.47300000000000003,0.12200000000000001,10,2,68,1064,284,415,23,31,162,20,1,62,48,121,122,64,20,3,11,74,35,0,131,0.27,485,0.321,0.392,0.713,0,1,1,0,9,73,1.33,0,44.09,2024,118,Midwest League,High-A,801194-2024-118
2024,691627,Ricardo Olivar,player,13,Ricardo Olivar,Ricardo,Olivar,Ricardo,R Olivar,492,CR,Cedar Rapids Kernels,Kernels,MID,118,C,Catcher,C,22,356,142,127,0,2,0.33899999999999997,31,1,5,40,1407,3.9519999999999995,0.14900000000000002,0.197,0.031,0.757,0.187,2,0,44,615,157,232,21,13,67,19,2,38,27,81,78,59,17,3,11,70,53,0,86,0.28700000000000003,300,0.393,0.47300000000000003,0.8660000000000001,0,3,1,0,5,44,0.8600000000000001,0,27.27,2024,118,Midwest League,High-A,691627-2024-118
2024,675394,Johnny Olmstead,player,13,Johnny Olmstead,John,Olmstead,Johnny,J Olmstead,554,BEL,Beloit Sky Carp,Sky Carp,MID,118,SS,Shortstop,3B,23,397,138,138,0,5,0.267,30,9,2,58,1509,3.8009999999999997,0.081,0.181,0.028,0.444,0.15400000000000003,5,0,61,782,211,284,24,27,88,14,1,43,26,95,112,55,17,2,11,72,32,0,84,0.23900000000000002,351,0.315,0.393,0.708,1,8,0.889,0.111,2,43,0.7899999999999999,0,31.91,2024,118,Midwest League,High-A,675394-2024-118
2024,687731,Trevor Werner,player,13,Trevor Werner,Trevor,Werner,Trevor,T Werner,565,QC,Quad Cities River Bandits,River Bandits,MID,118,3B,Third Base,OF,23,503,148,238,0,7,0.29900000000000004,34,5,2,60,2060,4.095,0.109,0.354,0.022,0.309,0.14,7,0,64,913,332,265,29,20,65,22,1,38,26,119,113,54,18,5,11,178,55,0,87,0.2,436,0.29200000000000004,0.33899999999999997,0.631,4,20,0.8330000000000001,0.167,2,53,0.58,0,39.64,2024,118,Midwest League,High-A,687731-2024-118
2024,695481,Jay Allen II,player,18,Jay Allen II,Jay,Allen II,Jay,J Allen II,459,DAY,Dayton Dragons,Dragons,MID,118,CF,Outfielder,OF,21,456,125,144,2,4,0.275,22,23,4,46,1805,3.9579999999999997,0.14300000000000002,0.21500000000000002,0.022,0.6629999999999999,0.12200000000000001,4,0,58,739,206,270,40,17,74,15,0,28,38,109,115,65,10,2,10,98,65,0,81,0.224,362,0.372,0.345,0.717,10,35,0.778,0.222,4,40,0.64,0,36.2,2024,118,Midwest League,High-A,695481-2024-118
2024,699130,Jadher Areinamo,player,18,Jadher Areinamo,Jadher,Areinamo,Jadher,J Areinamo,572,WIS,Wisconsin Timber Rattlers,Timber Rattlers,MID,118,2B,Second Base,2B,20,467,188,193,0,7,0.319,40,2,16,76,1681,3.6,0.07100000000000001,0.111,0.021,0.635,0.14100000000000001,5,0,67,877,174,380,30,19,136,29,0,58,41,110,116,63,30,0,10,52,33,1,128,0.301,425,0.349,0.442,0.7909999999999999,8,32,0.8,0.2,16,68,1.1700000000000002,0,42.5,2024,118,Midwest League,High-A,699130-2024-118
2024,699024,Leo Bernal,player,18,Leo Bernal,Leonardo,Bernal,Leo,L Bernal,443,PEO,Peoria Chiefs,Chiefs,MID,118,C,Catcher,C,20,382,143,136,0,2,0.33299999999999996,29,2,5,56,1431,3.746,0.097,0.228,0.026000000000000002,0.42500000000000004,0.15000000000000002,1,1,50,690,189,256,15,17,82,24,1,35,32,96,82,46,17,2,10,87,37,0,92,0.27,341,0.34299999999999997,0.41900000000000004,0.762,5,7,0.583,0.41700000000000004,5,53,1,0,34.1,2024,118,Midwest League,High-A,699024-2024-118
2024,694749,Dylan Campbell,player,18,Dylan Campbell,Dylan,Campbell,Dylan,D Campbell,456,GL,Great Lakes Loons,Loons,MID,118,RF,Outfielder,CF,21,493,162,177,0,4,0.31,32,4,3,75,1960,3.9759999999999995,0.101,0.223,0.02,0.455,0.12200000000000001,4,0,82,874,212,329,34,28,76,20,0,52,37,115,144,64,21,1,10,110,50,2,109,0.251,435,0.33099999999999996,0.372,0.703,7,42,0.8570000000000001,0.14300000000000002,3,53,0.53,0,43.5,2024,118,Midwest League,High-A,694749-2024-118
2024,691449,Roberto Campos,player,18,Roberto Campos,Roberto,Campos,Roberto,R Campos,582,WM,West Michigan Whitecaps,Whitecaps,MID,118,RF,Outfielder,RF,21,484,181,198,0,7,0.34099999999999997,40,8,13,72,1855,3.8329999999999997,0.085,0.231,0.021,0.366,0.15300000000000002,6,0,60,914,258,321,25,30,90,17,2,66,31,118,115,56,25,5,10,112,41,0,116,0.272,426,0.34199999999999997,0.42500000000000004,0.767,2,11,0.8460000000000001,0.15400000000000003,13,66,0.7799999999999999,2,42.6,2024,118,Midwest League,High-A,691449-2024-118
2024,801406,Jared Dickey,player,18,Jared Dickey,Jared,Dickey,Jared,J Dickey,499,LAN,Lansing Lugnuts,Lugnuts,MID,118,LF,Outfielder,RF,22,478,162,217,0,3,0.303,29,12,6,73,1800,3.766,0.088,0.182,0.021,0.48300000000000004,0.126,6,1,60,890,214,337,20,33,115,19,0,61,29,115,113,51,15,4,10,87,42,0,109,0.259,421,0.34099999999999997,0.385,0.726,6,10,0.625,0.375,6,55,1.02,0,42.1,2024,118,Midwest League,High-A,801406-2024-118
2024,695600,Carter Jensen,player,18,Carter Jensen,Carter,Jensen,Carter,C Jensen,565,QC,Quad Cities River Bandits,River Bandits,MID,118,C,Catcher,C,20,376,135,123,0,5,0.33299999999999996,28,4,2,38,1542,4.101,0.15200000000000002,0.221,0.027,0.6869999999999999,0.165,3,1,57,622,165,232,15,19,57,14,0,45,25,84,91,47,15,3,10,83,57,2,84,0.271,310,0.386,0.43500000000000005,0.8210000000000001,2,16,0.889,0.111,2,39,0.63,0,31,2024,118,Midwest League,High-A,695600-2024-118
2024,807751,Ethan O'Donnell,player,18,Ethan O'Donnell,Ethan,O'Donnell,Ethan,E O'Donnell,459,DAY,Dayton Dragons,Dragons,MID,118,RF,Outfielder,CF,22,415,150,150,2,1,0.357,27,11,1,55,1641,3.9539999999999997,0.096,0.26,0.024,0.37,0.14700000000000002,3,0,40,806,263,256,15,16,88,20,0,38,39,104,71,61,11,6,10,108,40,1,97,0.269,361,0.358,0.41600000000000004,0.774,5,31,0.8610000000000001,0.139,1,40,1.24,0,36.1,2024,118,Midwest League,High-A,807751-2024-118
2024,811287,Carson Roccaforte,player,18,Carson Roccaforte,Carson,Roccaforte,Carson,C Roccaforte,565,QC,Quad Cities River Bandits,River Bandits,MID,118,CF,Outfielder,OF,22,535,161,223,0,5,0.269,38,3,2,69,2183,4.08,0.10500000000000001,0.26,0.019,0.403,0.134,4,0,79,958,269,337,31,28,101,27,0,44,27,122,138,59,23,5,10,139,56,0,98,0.20800000000000002,471,0.29300000000000004,0.34199999999999997,0.635,13,34,0.723,0.277,2,62,0.73,0,47.1,2024,118,Midwest League,High-A,811287-2024-118
2024,695358,Jonny Butler,player,27,Jonny Butler,Jonathan,Butler,Jonny,J Butler,499,LAN,Lansing Lugnuts,Lugnuts,MID,118,LF,Outfielder,OF,25,522,161,177,0,1,0.279,39,6,3,55,2124,4.069,0.12300000000000001,0.21300000000000002,0.015,0.5770000000000001,0.133,10,2,76,972,231,341,35,36,93,20,0,42,39,113,147,72,26,5,8,111,64,0,101,0.224,451,0.328,0.357,0.6849999999999999,4,18,0.8180000000000001,0.182,3,50,0.63,0,56.379999999999995,2024,118,Midwest League,High-A,695358-2024-118
2024,682631,Eduarqui Fernandez,player,27,Eduarqui Fernandez,Eduarqui,Fernandez,Eduarqui,E Fernandez,572,WIS,Wisconsin Timber Rattlers,Timber Rattlers,MID,118,RF,Outfielder,OF,22,430,118,194,0,7,0.28,29,2,4,47,1649,3.8349999999999995,0.112,0.34199999999999997,0.019,0.327,0.126,2,0,42,790,314,233,36,17,67,16,1,37,17,113,95,51,19,2,8,147,48,0,71,0.19,373,0.281,0.316,0.597,9,20,0.69,0.31,4,43,0.71,0,46.620000000000005,2024,118,Midwest League,High-A,682631-2024-118
2024,693819,Kyle Nevin,player,27,Kyle Nevin,Kyle,Nevin,Kyle,K Nevin,456,GL,Great Lakes Loons,Loons,MID,118,DH,Designated Hitter,OF,22,519,157,219,0,4,0.345,28,4,15,68,2201,4.2410000000000005,0.10400000000000001,0.314,0.015,0.33099999999999996,0.10700000000000001,6,0,58,898,289,298,14,19,99,20,0,38,50,119,91,56,15,5,8,163,54,1,108,0.23600000000000002,457,0.32,0.344,0.6639999999999999,6,18,0.75,0.25,15,55,1.09,0,57.120000000000005,2024,118,Midwest League,High-A,693819-2024-118
2024,683454,Brayan Buelvas,player,30,Brayan Buelvas,Brayan,Buelvas,Brayan,B Buelvas,499,LAN,Lansing Lugnuts,Lugnuts,MID,118,CF,Outfielder,CF,22,361,137,154,0,3,0.34199999999999997,33,3,6,47,1479,4.0969999999999995,0.127,0.222,0.019,0.5750000000000001,0.17200000000000001,4,1,36,648,196,232,22,13,77,12,0,42,30,80,71,54,20,6,7,80,46,0,84,0.272,309,0.368,0.443,0.811,6,22,0.7859999999999999,0.21400000000000002,6,51,1.08,0,44.14,2024,118,Midwest League,High-A,683454-2024-118
2024,683481,Nerwilian Cedeño,player,30,Nerwilian Cedeño,Nerwilian,Cedeño,Nerwilian,N Cedeño,584,FW,Fort Wayne TinCaps,TinCaps,MID,118,2B,Second Base,3B,22,406,124,174,3,1,0.28700000000000003,27,6,3,49,1587,3.909,0.096,0.264,0.017,0.364,0.132,3,0,62,776,235,254,15,17,83,23,0,33,21,106,94,51,14,6,7,107,39,1,77,0.21600000000000003,357,0.303,0.347,0.65,6,9,0.6,0.4,3,34,0.88,0,51,2024,118,Midwest League,High-A,683481-2024-118
2024,691408,Maick Collado,player,30,Maick Collado,Maick,Collado,Maick,M Collado,437,LC,Lake County Captains,Captains,MID,118,1B,First Base,SS,21,388,102,161,0,4,0.24500000000000002,18,7,6,51,1568,4.041,0.14400000000000002,0.15700000000000003,0.018000000000000002,0.918,0.1,5,1,59,650,136,264,20,15,100,21,0,27,22,94,94,37,11,0,7,61,56,1,70,0.21800000000000003,321,0.34299999999999997,0.318,0.6609999999999999,0,2,1,0,6,45,1.06,0,45.86,2024,118,Midwest League,High-A,691408-2024-118
2024,691410,Jose Devers,player,30,Jose Devers,Jose,Devers,Jose,J Devers,437,LC,Lake County Captains,Captains,MID,118,SS,Shortstop,SS,21,426,123,204,0,2,0.279,26,3,12,53,1643,3.8569999999999998,0.08700000000000001,0.251,0.016,0.346,0.10400000000000001,8,1,47,791,245,279,18,19,112,12,1,37,33,102,84,55,19,0,7,107,37,1,83,0.21600000000000003,384,0.28900000000000003,0.32,0.609,3,14,0.8240000000000001,0.17600000000000002,12,37,1.33,0,54.86,2024,118,Midwest League,High-A,691410-2024-118
2024,695780,Jake Fox,player,30,Jake Fox,Jacob,Fox,Jake,J Fox,437,LC,Lake County Captains,Captains,MID,118,CF,Outfielder,OF,21,408,118,184,0,3,0.265,25,3,1,56,1622,3.9749999999999996,0.118,0.21100000000000002,0.017,0.558,0.116,0,0,74,728,156,271,32,19,69,14,2,37,24,94,125,44,16,2,7,86,48,1,77,0.21800000000000003,354,0.314,0.33299999999999996,0.647,1,9,0.9,0.1,1,47,0.55,0,50.57,2024,118,Midwest League,High-A,695780-2024-118
2024,687192,Cade Hunter,player,30,Cade Hunter,Cade,Hunter,Cade,C Hunter,459,DAY,Dayton Dragons,Dragons,MID,118,C,Catcher,C,23,429,109,181,0,1,0.28800000000000003,22,10,4,35,1692,3.944,0.112,0.317,0.016,0.353,0.101,8,1,42,738,250,233,27,10,82,15,1,28,28,107,79,50,14,1,7,136,48,1,72,0.196,368,0.304,0.29600000000000004,0.6,0,14,1,0,4,42,1.04,2,52.57,2024,118,Midwest League,High-A,687192-2024-118
2024,683494,Euribiel Angeles,player,36,Euribiel Angeles,Euribiel,Angeles,Euribiel,E Angeles,499,LAN,Lansing Lugnuts,Lugnuts,MID,118,SS,Shortstop,3B,22,364,137,154,0,3,0.3,25,1,12,63,1165,3.201,0.044,0.113,0.016,0.39,0.119,5,0,54,613,103,306,26,27,103,12,0,48,36,85,107,41,15,4,6,41,16,0,96,0.279,344,0.31,0.398,0.708,4,15,0.7889999999999999,0.21100000000000002,12,54,0.96,0,57.33,2024,118,Midwest League,High-A,683494-2024-118
2024,699114,Leo Balcazar,player,36,Leo Balcazar,Leonardo,Balcazar,Leo,L Balcazar,459,DAY,Dayton Dragons,Dragons,MID,118,SS,Shortstop,SS,20,410,138,164,0,2,0.33899999999999997,21,4,12,67,1487,3.6270000000000002,0.034,0.24400000000000002,0.015,0.14,0.09,6,2,50,781,238,292,24,20,95,18,0,42,43,102,94,33,13,2,6,100,14,0,103,0.264,390,0.29500000000000004,0.354,0.649,4,9,0.692,0.308,12,47,1.01,0,65,2024,118,Midwest League,High-A,699114-2024-118
2024,695653,Noah Miller,player,36,Noah Miller,Noah,Miller,Noah,N Miller,456,GL,Great Lakes Loons,Loons,MID,118,SS,Shortstop,SS,21,454,131,172,1,4,0.28400000000000003,20,4,6,67,1651,3.637,0.10800000000000001,0.14500000000000002,0.013000000000000001,0.742,0.081,6,2,66,750,146,334,28,28,113,17,1,43,38,101,122,60,14,0,6,66,49,0,99,0.251,395,0.33599999999999997,0.33199999999999996,0.6679999999999999,1,5,0.8330000000000001,0.167,6,38,0.93,1,65.83,2024,118,Midwest League,High-A,695653-2024-118
2024,687625,Kai Murphy,player,36,Kai Murphy,Kai,Murphy,Kai,K Murphy,584,FW,Fort Wayne TinCaps,TinCaps,MID,118,RF,Outfielder,OF,23,482,144,160,5,2,0.303,33,6,6,56,1902,3.9459999999999997,0.127,0.222,0.012,0.5700000000000001,0.118,3,0,59,896,262,308,26,16,111,20,0,48,28,117,101,57,24,3,6,107,61,1,96,0.23500000000000001,408,0.34199999999999997,0.353,0.695,7,10,0.588,0.41200000000000003,6,43,1.1,0,68,2024,118,Midwest League,High-A,687625-2024-118
2024,668776,Devin Ortiz,player,36,Devin Ortiz,Devin,Ortiz,Devin,D Ortiz,584,FW,Fort Wayne TinCaps,TinCaps,MID,118,3B,Third Base,3B,25,473,130,201,0,2,0.29400000000000004,18,7,10,56,1809,3.8249999999999997,0.118,0.17800000000000002,0.013000000000000001,0.6669999999999999,0.07400000000000001,2,1,54,805,171,326,22,18,132,18,0,41,41,117,94,57,12,0,6,84,56,0,100,0.24500000000000002,408,0.345,0.319,0.6639999999999999,8,10,0.556,0.444,10,50,1.4,0,68,2024,118,Midwest League,High-A,668776-2024-118
2024,800473,Jefferson Rojas,player,36,Jefferson Rojas,Jefferson,Rojas,Jefferson,J Rojas,550,SB,South Bend Cubs,Cubs,MID,118,SS,Shortstop,SS,19,419,125,185,0,8,0.274,19,4,13,86,1535,3.6630000000000003,0.084,0.15300000000000002,0.014,0.547,0.091,4,0,73,746,143,316,29,35,88,23,1,40,27,96,137,47,10,3,6,64,35,0,91,0.24500000000000002,372,0.31,0.33599999999999997,0.646,8,21,0.724,0.276,13,47,0.64,0,62,2024,118,Midwest League,High-A,800473-2024-118
2024,809945,Jonah Advincula,player,42,Jonah Advincula,Jonah,Advincula,Jonah,J Advincula,437,LC,Lake County Captains,Captains,MID,118,CF,Outfielder,OF,23,373,107,151,1,3,0.31,18,9,3,58,1486,3.984,0.14500000000000002,0.201,0.013000000000000001,0.72,0.101,2,0,53,592,109,235,21,13,72,11,2,37,26,99,87,45,10,3,5,75,54,0,76,0.24800000000000003,306,0.374,0.35,0.724,4,32,0.889,0.111,3,42,0.8300000000000001,0,61.2,2024,118,Midwest League,High-A,809945-2024-118
2024,700931,Seth Stephenson,player,42,Seth Stephenson,Seth,Stephenson,Seth,S Stephenson,582,WM,West Michigan Whitecaps,Whitecaps,MID,118,CF,Outfielder,OF,23,477,142,139,4,2,0.318,20,19,1,50,1628,3.413,0.07800000000000001,0.17800000000000002,0.01,0.43500000000000005,0.08,3,0,54,739,159,336,50,27,96,9,1,42,57,111,131,69,12,3,5,85,37,0,109,0.263,415,0.349,0.34199999999999997,0.691,9,60,0.8700000000000001,0.13,1,36,0.73,0,83,2024,118,Midwest League,High-A,700931-2024-118
2024,682618,Misael Urbina,player,42,Misael Urbina,Misael,Urbina,Misael,M Urbina,492,CR,Cedar Rapids Kernels,Kernels,MID,118,LF,Outfielder,OF,22,392,107,154,1,2,0.29100000000000004,23,3,10,52,1569,4.003,0.14300000000000002,0.24700000000000003,0.013000000000000001,0.5770000000000001,0.10600000000000001,4,1,45,586,152,236,25,14,80,10,0,36,26,101,84,48,16,2,5,97,56,0,72,0.21800000000000003,330,0.33499999999999996,0.324,0.659,6,14,0.7,0.3,10,30,0.9500000000000001,0,66,2024,118,Midwest League,High-A,682618-2024-118
2024,694193,Victor Acosta,player,45,Victor Acosta,Victor,Acosta,Victor,V Acosta,459,DAY,Dayton Dragons,Dragons,MID,118,2B,Second Base,SS,20,404,99,143,2,1,0.253,22,12,10,55,1519,3.7600000000000002,0.109,0.26,0.01,0.41900000000000004,0.101,4,0,34,742,213,243,23,17,105,12,1,22,29,107,74,41,13,5,4,105,44,0,64,0.186,345,0.29900000000000004,0.28700000000000003,0.586,6,14,0.7,0.3,10,36,1.42,0,86.25,2024,118,Midwest League,High-A,694193-2024-118
2024,679751,Danny Bautista Jr.,player,45,Danny Bautista Jr.,Daniel,Bautista,Danny,D Bautista Jr.,499,LAN,Lansing Lugnuts,Lugnuts,MID,118,1B,First Base,OF,23,388,129,161,1,4,0.29900000000000004,26,9,13,50,1423,3.668,0.085,0.131,0.01,0.647,0.115,5,0,52,642,109,293,17,26,108,15,0,23,52,95,95,47,17,5,4,51,33,0,90,0.265,339,0.34299999999999997,0.381,0.724,5,14,0.737,0.263,13,47,1.1400000000000001,2,84.75,2024,118,Midwest League,High-A,679751-2024-118
2024,800325,Luis Lara,player,45,Luis Lara,Luis,Lara,Luis,L Lara,572,WIS,Wisconsin Timber Rattlers,Timber Rattlers,MID,118,CF,Outfielder,RF,19,489,139,152,0,5,0.28700000000000003,25,17,9,58,1735,3.548,0.084,0.15700000000000003,0.008,0.532,0.082,4,1,66,814,164,353,14,29,140,12,0,51,41,110,109,65,19,2,4,77,41,0,104,0.24500000000000002,425,0.33199999999999996,0.327,0.659,14,45,0.763,0.23700000000000002,9,41,1.28,1,106.25,2024,118,Midwest League,High-A,800325-2024-118
2024,699393,Pedro Ramírez,player,45,Pedro Ramírez,Pedro,Ramírez,Pedro,P Ramírez,550,SB,South Bend Cubs,Cubs,MID,118,3B,Third Base,2B,20,515,177,183,0,4,0.345,30,4,12,87,1869,3.629,0.083,0.181,0.008,0.462,0.097,3,2,62,877,170,375,13,20,148,19,1,57,55,116,95,56,19,7,4,93,43,1,132,0.28400000000000003,464,0.348,0.381,0.729,6,14,0.7,0.3,12,48,1.56,0,116,2024,118,Midwest League,High-A,699393-2024-118
2024,806956,Ethan Salas,player,45,Ethan Salas,Ethan,Salas,Ethan,E Salas,584,FW,Fort Wayne TinCaps,TinCaps,MID,118,C,Catcher,C,18,469,128,172,0,7,0.256,33,3,4,59,1765,3.7630000000000003,0.1,0.20900000000000002,0.009,0.48000000000000004,0.10400000000000001,2,0,74,793,186,321,35,23,104,19,0,40,26,111,132,38,27,2,4,98,47,0,85,0.20600000000000002,412,0.28800000000000003,0.311,0.599,3,10,0.769,0.231,4,53,0.7899999999999999,0,103,2024,118,Midwest League,High-A,806956-2024-118
2024,691191,Jose Salas,player,45,Jose Salas,Jose,Salas,Jose,J Salas,492,CR,Cedar Rapids Kernels,Kernels,MID,118,2B,Second Base,2B,21,374,112,171,7,0,0.316,24,5,5,55,1388,3.711,0.061,0.278,0.011,0.221,0.10300000000000001,2,1,39,733,244,242,28,14,84,13,1,35,28,102,81,43,17,3,4,104,23,0,77,0.227,339,0.28600000000000003,0.32999999999999996,0.616,5,16,0.762,0.23800000000000002,5,33,1.04,0,84.75,2024,118,Midwest League,High-A,691191-2024-118
2024,687783,Matthew Wood,player,45,Matthew Wood,Matthew,Wood,Matthew,M Wood,572,WIS,Wisconsin Timber Rattlers,Timber Rattlers,MID,118,C,Catcher,C,23,379,106,164,0,4,0.266,21,9,6,67,1465,3.8649999999999998,0.12400000000000001,0.137,0.011,0.904,0.097,3,1,60,579,98,271,22,31,83,10,0,44,21,91,113,32,15,2,4,52,47,1,75,0.23500000000000001,319,0.346,0.33199999999999996,0.6779999999999999,1,2,0.6669999999999999,0.33299999999999996,6,41,0.73,0,79.75,2024,118,Midwest League,High-A,687783-2024-118
2024,805280,Alex Iadisernia,player,52,Alex Iadisernia,Alex,Iadisernia,Alex,A Iadisernia,443,PEO,Peoria Chiefs,Chiefs,MID,118,LF,Outfielder,OF,23,410,117,142,1,6,0.29500000000000004,27,7,8,43,1550,3.7800000000000002,0.095,0.234,0.007,0.406,0.101,4,0,71,748,206,268,18,16,82,23,2,40,16,101,105,45,21,3,3,96,39,0,81,0.227,357,0.311,0.328,0.639,9,20,0.69,0.31,8,38,0.7799999999999999,0,119,2024,118,Midwest League,High-A,805280-2024-118
2024,813386,Justin Johnson,player,52,Justin Johnson,Justin,Johnson,Justin,J Johnson,565,QC,Quad Cities River Bandits,River Bandits,MID,118,2B,Second Base,SS,24,400,114,153,1,4,0.29300000000000004,28,9,8,49,1517,3.792,0.128,0.19,0.008,0.6709999999999999,0.10500000000000001,6,1,51,595,150,263,30,21,82,9,0,48,22,101,102,54,24,1,3,76,51,0,79,0.23700000000000002,334,0.349,0.34099999999999997,0.69,5,16,0.762,0.23800000000000002,8,35,0.8,1,111.33,2024,118,Midwest League,High-A,813386-2024-118
2024,690914,Brody Moore,player,52,Brody Moore,Brody,Moore,Brody,B Moore,443,PEO,Peoria Chiefs,Chiefs,MID,118,SS,Shortstop,SS,23,446,134,150,4,2,0.322,21,4,4,45,1615,3.621,0.07200000000000001,0.193,0.007,0.372,0.07200000000000001,6,1,84,823,222,324,19,15,101,17,1,58,29,108,118,60,16,2,3,86,32,0,105,0.26,404,0.319,0.33199999999999996,0.651,10,30,0.75,0.25,4,37,0.8600000000000001,0,134.67,2024,118,Midwest League,High-A,690914-2024-118
2024,800231,Won-Bin Cho,player,55,Won-Bin Cho,Won-Bin,Cho,Won-Bin,W Cho,443,PEO,Peoria Chiefs,Chiefs,MID,118,CF,Outfielder,OF,20,428,114,168,5,4,0.34299999999999997,21,9,1,49,1648,3.8499999999999996,0.084,0.313,0.005,0.269,0.07800000000000001,3,0,52,739,260,249,10,16,86,15,3,37,30,107,78,48,15,4,2,134,36,0,85,0.227,374,0.307,0.305,0.612,8,13,0.619,0.381,1,28,1.1,0,187,2024,118,Midwest League,High-A,800231-2024-118
2024,815039,Dustin Dickerson,player,55,Dustin Dickerson,Dustin,Dickerson,Dustin,D Dickerson,565,QC,Quad Cities River Bandits,River Bandits,MID,118,SS,Shortstop,SS,23,434,94,154,4,3,0.304,11,5,7,42,1802,4.151999999999999,0.15900000000000003,0.23,0.005,0.69,0.043000000000000003,8,0,53,652,140,259,30,30,67,8,1,42,28,105,113,58,9,0,2,100,69,0,79,0.224,352,0.357,0.267,0.624,5,9,0.643,0.357,7,38,0.59,1,176,2024,118,Midwest League,High-A,815039-2024-118
2024,690992,Ed Howard,player,55,Ed Howard,Edward,Howard,Ed,E Howard,550,SB,South Bend Cubs,Cubs,MID,118,SS,Shortstop,SS,22,395,113,188,0,2,0.328,22,3,13,55,1467,3.714,0.066,0.281,0.005,0.234,0.07700000000000001,3,0,38,719,217,255,12,18,102,15,1,41,28,102,68,42,18,2,2,111,26,0,85,0.234,364,0.28900000000000003,0.31,0.599,1,8,0.889,0.111,13,24,1.5,0,182,2024,118,Midwest League,High-A,690992-2024-118
2024,703520,Brett Bateman,player,58,Brett Bateman,Brett,Bateman,Brett,B Bateman,550,SB,South Bend Cubs,Cubs,MID,118,CF,Outfielder,OF,22,359,103,91,2,4,0.34299999999999997,15,4,4,33,1425,3.969,0.15600000000000003,0.15900000000000003,0.003,0.982,0.068,5,1,39,500,77,242,6,25,89,10,0,37,36,79,70,49,11,3,1,57,56,0,83,0.28300000000000003,293,0.401,0.352,0.753,4,22,0.8460000000000001,0.15400000000000003,4,25,1.27,0,293,2024,118,Midwest League,High-A,703520-2024-118
2024,694249,Cole Carrigg,player,1,Cole Carrigg,Cole,Carrigg,Cole,C Carrigg,486,SPO,Spokane Indians,Indians,NWL,126,CF,Outfielder,CF,22,510,209,131,5,7,0.32,43,8,4,54,1896,3.718,0.098,0.19,0.031,0.515,0.195,7,0,79,957,253,355,20,19,114,20,1,57,45,111,118,80,16,11,16,97,50,0,123,0.28,440,0.358,0.47500000000000003,0.8330000000000001,11,51,0.8230000000000001,0.17700000000000002,4,60,0.97,0,27.5,2024,126,Northwest League,High-A,694249-2024-126
2024,681377,Josh Hood,player,2,Josh Hood,Joshua,Hood,Josh,J Hood,403,EVE,Everett AquaSox,AquaSox,NWL,126,SS,Shortstop,SS,23,474,175,211,0,5,0.29900000000000004,39,2,13,71,1826,3.8519999999999994,0.101,0.24300000000000002,0.032,0.41700000000000004,0.17200000000000001,4,0,68,831,244,309,27,14,97,30,1,42,30,109,109,75,21,3,15,115,48,0,103,0.24600000000000002,419,0.323,0.41800000000000004,0.741,5,21,0.808,0.192,13,59,0.89,0,27.93,2024,126,Northwest League,High-A,681377-2024-126
2024,691720,Kyle Karros,player,2,Kyle Karros,Kyle,Karros,Kyle,K Karros,486,SPO,Spokane Indians,Indians,NWL,126,3B,Third Base,3B,21,539,229,190,0,4,0.391,50,9,11,83,2091,3.8789999999999996,0.1,0.228,0.028,0.43900000000000006,0.17400000000000002,8,2,79,979,288,353,12,23,92,24,1,70,52,123,114,64,33,2,15,123,54,1,147,0.311,472,0.39,0.48500000000000004,0.8750000000000001,5,12,0.706,0.29400000000000004,11,78,0.81,0,31.47,2024,126,Northwest League,High-A,691720-2024-126
2024,690957,Jace Bohrofen,player,4,Jace Bohrofen,Jace,Bohrofen,Jace,J Bohrofen,435,VAN,Vancouver Canadians,Canadians,NWL,126,RF,Outfielder,OF,22,485,177,207,0,3,0.318,43,12,7,60,1853,3.8209999999999997,0.12400000000000001,0.23700000000000002,0.028999999999999998,0.522,0.17800000000000002,4,1,81,874,265,297,23,12,77,26,0,43,35,112,116,63,27,2,14,115,60,0,104,0.254,409,0.364,0.43300000000000005,0.7969999999999999,3,10,0.769,0.231,7,57,0.6599999999999999,1,29.21,2024,126,Northwest League,High-A,690957-2024-126
2024,687730,Caleb Cali,player,4,Caleb Cali,Caleb,Cali,Caleb,C Cali,403,EVE,Everett AquaSox,AquaSox,NWL,126,3B,Third Base,3B,23,390,139,186,0,3,0.301,33,4,4,39,1629,4.177,0.14100000000000001,0.28500000000000003,0.036,0.495,0.192,6,1,49,674,189,220,12,13,70,21,1,33,21,91,74,52,17,2,14,111,55,0,76,0.232,328,0.346,0.42400000000000004,0.77,2,7,0.778,0.222,4,59,0.9500000000000001,0,23.43,2024,126,Northwest League,High-A,687730-2024-126
2024,814194,Quinn McDaniel,player,6,Quinn McDaniel,Quinn,McDaniel,Quinn,Q McDaniel,461,EUG,Eugene Emeralds,Emeralds,NWL,126,2B,Second Base,2B,21,511,169,198,1,3,0.346,37,7,4,47,2023,3.9589999999999996,0.131,0.325,0.025,0.404,0.15500000000000003,8,0,70,926,338,271,10,17,72,25,0,44,33,116,97,62,20,4,13,166,67,0,102,0.23600000000000002,433,0.345,0.39,0.735,7,40,0.8510000000000001,0.14900000000000002,4,56,0.74,0,33.309999999999995,2024,126,Northwest League,High-A,814194-2024-126
2024,814791,Jared Sundstrom,player,6,Jared Sundstrom,Jared,Sundstrom,Jared,J Sundstrom,403,EVE,Everett AquaSox,AquaSox,NWL,126,RF,Outfielder,OF,23,499,180,213,0,3,0.33299999999999996,43,9,3,54,1832,3.671,0.14200000000000002,0.234,0.026000000000000002,0.607,0.171,10,2,64,845,277,301,26,17,85,27,0,43,39,112,107,72,28,2,13,117,71,0,109,0.263,415,0.38,0.43400000000000005,0.8140000000000001,6,26,0.8130000000000001,0.188,3,63,0.7899999999999999,1,31.919999999999998,2024,126,Northwest League,High-A,814791-2024-126
2024,700164,Bryant Betancourt,player,8,Bryant Betancourt,Bryant,Betancourt,Bryant,B Betancourt,486,SPO,Spokane Indians,Indians,NWL,126,C,Catcher,C,20,433,142,173,6,4,0.28200000000000003,26,4,9,62,1638,3.7830000000000004,0.095,0.21500000000000002,0.028,0.441,0.138,0,0,64,769,215,295,21,23,97,18,0,44,28,110,108,48,12,2,12,93,41,0,90,0.23800000000000002,378,0.316,0.376,0.692,5,15,0.75,0.25,9,47,0.9,0,31.5,2024,126,Northwest League,High-A,700164-2024-126
2024,694815,Jack Hurley,player,8,Jack Hurley,Jack,Hurley,Jack,J Hurley,419,HIL,Hillsboro Hops,Hops,NWL,126,CF,Outfielder,OF,22,505,185,219,0,5,0.317,45,6,3,78,1832,3.628,0.07100000000000001,0.269,0.024,0.265,0.15900000000000003,3,2,61,1042,340,327,24,15,115,19,1,47,45,117,100,67,29,4,12,136,36,0,112,0.24500000000000002,458,0.305,0.404,0.709,6,14,0.7,0.3,3,61,1.1500000000000001,0,38.17,2024,126,Northwest League,High-A,694815-2024-126
2024,681098,Bill Knight,player,8,Bill Knight,William,Knight,Bill,B Knight,403,EVE,Everett AquaSox,AquaSox,NWL,126,CF,Outfielder,OF,24,479,152,234,1,5,0.258,39,24,10,78,1773,3.701,0.094,0.23800000000000002,0.025,0.395,0.166,10,1,65,857,237,296,33,16,97,21,0,41,23,113,114,67,23,4,12,114,45,0,85,0.21000000000000002,404,0.322,0.376,0.698,6,29,0.8290000000000001,0.171,10,64,0.8500000000000001,0,33.67,2024,126,Northwest League,High-A,681098-2024-126
2024,695521,Gavin Conticello,player,11,Gavin Conticello,Gavin,Conticello,Gavin,G Conticello,419,HIL,Hillsboro Hops,Hops,NWL,126,RF,Outfielder,3B,21,542,210,205,0,3,0.351,47,3,4,75,2084,3.8449999999999998,0.085,0.21200000000000002,0.017,0.4,0.14700000000000002,3,0,77,1031,267,377,14,24,124,23,0,68,47,126,115,64,31,7,9,115,46,1,138,0.28200000000000003,489,0.346,0.42900000000000005,0.775,4,20,0.8330000000000001,0.167,4,65,1.08,1,54.33,2024,126,Northwest League,High-A,695521-2024-126
2024,800959,Nick Goodwin,player,11,Nick Goodwin,Nicholas,Goodwin,Nick,N Goodwin,435,VAN,Vancouver Canadians,Canadians,NWL,126,SS,Shortstop,SS,22,451,128,232,0,3,0.257,27,13,12,61,1729,3.8339999999999996,0.07300000000000001,0.257,0.02,0.28400000000000003,0.117,2,1,85,914,274,289,35,21,67,22,2,39,18,109,141,37,16,2,9,116,33,0,81,0.201,402,0.28200000000000003,0.318,0.6,4,7,0.636,0.364,12,44,0.48000000000000004,0,44.67,2024,126,Northwest League,High-A,800959-2024-126
2024,671925,Matt Coutney,player,13,Matt Coutney,Matthew,Coutney,Matt,M Coutney,460,TRI,Tri-City Dust Devils,Dust Devils,NWL,126,1B,First Base,1B,24,387,141,139,1,3,0.355,32,7,5,52,1496,3.8659999999999997,0.098,0.253,0.021,0.388,0.14800000000000002,6,0,49,752,225,243,5,12,86,21,0,38,32,91,66,57,22,2,8,98,38,0,91,0.27,337,0.353,0.41800000000000004,0.771,1,2,0.6669999999999999,0.33299999999999996,5,42,1.3,1,42.120000000000005,2024,126,Northwest League,High-A,671925-2024-126
2024,691726,Kevin Sim,player,13,Kevin Sim,Jong Hyoun,Sim,Kevin,K Sim,419,HIL,Hillsboro Hops,Hops,NWL,126,1B,First Base,3B,22,391,113,185,0,1,0.257,25,6,6,44,1467,3.752,0.07200000000000001,0.266,0.02,0.269,0.118,6,1,39,749,250,253,23,13,107,18,1,34,18,107,75,43,16,1,8,104,28,0,71,0.199,356,0.269,0.317,0.586,3,5,0.625,0.375,6,31,1.43,0,44.5,2024,126,Northwest League,High-A,691726-2024-126
2024,699912,Jose Fernandez,player,15,Jose Fernandez,Jose,Fernandez,Jose,J Fernandez,419,HIL,Hillsboro Hops,Hops,NWL,126,3B,Third Base,DH,20,387,125,175,3,2,0.315,16,2,9,61,1351,3.4909999999999997,0.044,0.22,0.018000000000000002,0.2,0.088,6,1,61,744,200,283,14,16,99,15,0,39,39,101,91,40,7,2,7,85,17,0,93,0.256,363,0.29200000000000004,0.344,0.636,5,10,0.6669999999999999,0.33299999999999996,9,43,1.09,0,51.86,2024,126,Northwest League,High-A,699912-2024-126
2024,814408,Jackson Hornung,player,16,Jackson Hornung,Jackson,Hornung,Jackson,J Hornung,435,VAN,Vancouver Canadians,Canadians,NWL,126,C,Catcher,OF,23,463,152,172,0,3,0.34099999999999997,33,8,10,52,1811,3.9109999999999996,0.097,0.24600000000000002,0.013000000000000001,0.395,0.115,13,2,55,804,222,296,13,11,112,20,1,41,43,112,79,43,25,2,6,114,45,0,105,0.258,407,0.34099999999999997,0.373,0.714,0,0,,,10,47,1.42,0,67.83,2024,126,Northwest League,High-A,814408-2024-126
2024,810053,Caleb Ketchup,player,16,Caleb Ketchup,Caleb,Ketchup,Caleb,C Ketchup,460,TRI,Tri-City Dust Devils,Dust Devils,NWL,126,2B,Second Base,SS,22,500,133,165,2,5,0.28200000000000003,30,5,3,50,2052,4.103999999999999,0.12400000000000001,0.266,0.012,0.466,0.10600000000000001,6,0,91,898,278,299,17,23,80,25,1,33,29,120,131,68,21,3,6,133,62,0,88,0.20700000000000002,425,0.312,0.313,0.625,10,62,0.8610000000000001,0.139,3,37,0.61,1,70.83,2024,126,Northwest League,High-A,810053-2024-126
2024,692046,Axel Sanchez,player,18,Axel Sanchez,Axel,Sanchez,Axel,A Sanchez,403,EVE,Everett AquaSox,AquaSox,NWL,126,SS,Shortstop,SS,21,393,94,181,1,7,0.268,14,6,7,46,1482,3.771,0.089,0.28200000000000003,0.013000000000000001,0.315,0.07600000000000001,8,0,49,736,238,241,21,18,85,14,3,30,21,100,88,46,7,2,5,111,35,0,68,0.198,344,0.278,0.273,0.551,9,15,0.625,0.375,7,35,0.97,0,68.8,2024,126,Northwest League,High-A,692046-2024-126
2024,682648,Juan Guerrero,player,19,Juan Guerrero,Juan,Guerrero,Juan,J Guerrero,486,SPO,Spokane Indians,Indians,NWL,126,LF,Outfielder,SS,22,385,143,161,1,3,0.34299999999999997,26,4,9,56,1359,3.53,0.049,0.14,0.01,0.352,0.098,4,0,55,683,134,308,29,14,102,13,0,48,47,92,98,56,21,1,4,54,19,0,108,0.302,358,0.34099999999999997,0.399,0.74,2,23,0.92,0.08,9,49,1.04,0,89.5,2024,126,Northwest League,High-A,682648-2024-126
2024,694211,Manuel Pena,player,19,Manuel Pena,Manuel,Pena,Manuel,M Pena,419,HIL,Hillsboro Hops,Hops,NWL,126,2B,Second Base,SS,20,491,167,198,2,2,0.35,33,3,5,64,1806,3.678,0.067,0.21600000000000003,0.008,0.311,0.095,4,1,64,918,252,349,21,14,126,19,0,59,46,116,99,45,27,2,4,106,33,0,124,0.275,451,0.327,0.37,0.697,10,10,0.5,0.5,5,51,1.27,0,112.75,2024,126,Northwest League,High-A,694211-2024-126
2024,690956,Werner Blakely,player,21,Werner Blakely,Werner,Blakely,Werner,W Blakely,460,TRI,Tri-City Dust Devils,Dust Devils,NWL,126,CF,Outfielder,OF,22,382,99,156,3,1,0.304,24,2,1,37,1550,4.058,0.131,0.29100000000000004,0.005,0.45,0.098,7,1,56,636,203,219,11,16,69,9,0,33,25,98,83,38,18,4,2,111,50,0,67,0.20600000000000002,326,0.314,0.304,0.618,2,15,0.882,0.118,1,33,0.8300000000000001,0,163,2024,126,Northwest League,High-A,690956-2024-126
2024,694170,Dyan Jorge,player,21,Dyan Jorge,Dyan,Jorge,Dyan,D Jorge,486,SPO,Spokane Indians,Indians,NWL,126,SS,Shortstop,SS,21,541,154,181,2,4,0.35,18,4,11,69,2052,3.793,0.089,0.226,0.004,0.393,0.052000000000000005,9,1,48,902,259,367,21,21,148,10,2,46,71,121,90,82,13,3,2,122,48,0,129,0.267,483,0.33599999999999997,0.319,0.655,10,36,0.7829999999999999,0.21700000000000003,11,49,1.6400000000000001,0,241.5,2024,126,Northwest League,High-A,694170-2024-126
2024,669899,Ryan Ward,player,1,Ryan Ward,Ryan,Ward,Ryan,R Ward,238,OKC,Oklahoma City Baseball Club,Baseball Club,PCL,112,RF,Outfielder,LF,26,520,257,249,0,4,0.29400000000000004,62,2,9,75,2042,3.927,0.079,0.271,0.063,0.29100000000000004,0.28500000000000003,2,0,66,1065,309,336,20,23,105,50,0,41,31,120,109,78,22,7,33,141,41,4,122,0.258,473,0.317,0.543,0.8600000000000001,3,11,0.7859999999999999,0.21400000000000002,9,101,0.96,0,14.33,2024,112,Pacific Coast League,Triple-A,669899-2024-112
2024,613564,Jason Vosler,player,2,Jason Vosler,Jason,Vosler,Jason,J Vosler,529,TAC,Tacoma Rainiers,Rainiers,PCL,112,1B,First Base,3B,30,524,267,214,0,4,0.33699999999999997,60,7,7,73,2053,3.9179999999999997,0.088,0.21600000000000003,0.059000000000000004,0.40700000000000003,0.27,6,1,82,1008,236,357,20,27,87,41,2,73,25,119,129,92,25,4,31,113,46,1,141,0.303,466,0.371,0.5730000000000001,0.9440000000000001,1,4,0.8,0.2,7,110,0.6699999999999999,1,15.03,2024,112,Pacific Coast League,Triple-A,613564-2024-112
2024,664247,Kyle Garlick,player,3,Kyle Garlick,Kyle,Garlick,Kyle,K Garlick,2310,RNO,Reno Aces,Aces,PCL,112,LF,Outfielder,LF,32,623,240,277,0,6,0.28800000000000003,53,6,10,97,2402,3.8559999999999994,0.114,0.274,0.045,0.41500000000000004,0.20700000000000002,6,0,82,1112,332,375,29,25,110,39,0,66,23,136,136,87,22,3,28,171,71,3,128,0.23700000000000002,540,0.329,0.444,0.773,1,1,0.5,0.5,10,105,0.81,0,19.29,2024,112,Pacific Coast League,Triple-A,664247-2024-112
2024,542208,Carlos Pérez,player,4,Carlos Pérez,Carlos,Pérez,Carlos,C Pérez,400,LV,Las Vegas Aviators,Aviators,PCL,112,C,Catcher,C,33,468,222,208,0,5,0.258,58,6,10,68,1781,3.8059999999999996,0.10500000000000001,0.171,0.058,0.613,0.28400000000000003,2,1,67,805,153,333,42,32,86,36,0,45,25,112,141,79,27,4,27,80,49,1,106,0.26,408,0.344,0.544,0.888,0,0,,,10,77,0.61,0,15.11,2024,112,Pacific Coast League,Triple-A,542208-2024-112
2024,680728,Adrian Del Castillo,player,5,Adrian Del Castillo,Adrian,Del Castillo,Adrian,A Del Castillo,2310,RNO,Reno Aces,Aces,PCL,112,C,Catcher,DH,24,474,249,158,0,1,0.33399999999999996,65,5,7,53,1767,3.728,0.116,0.169,0.055,0.688,0.29100000000000004,2,2,61,814,191,334,25,27,92,33,1,71,24,105,113,90,36,3,26,80,55,4,129,0.312,413,0.399,0.603,1.002,0,0,,,7,75,0.81,0,15.88,2024,112,Pacific Coast League,Triple-A,680728-2024-112
2024,665846,Jesús Bastidas,player,6,Jesús Bastidas,Jesús,Bastidas,Jesús,J Bastidas,5434,SUG,Sugar Land Space Cowboys,Space Cowboys,PCL,112,2B,Second Base,SS,25,606,235,220,0,4,0.28,57,23,8,60,2238,3.693,0.089,0.231,0.041,0.386,0.20600000000000002,2,1,98,1198,342,389,42,26,96,37,0,63,27,132,166,92,31,1,25,140,54,2,127,0.24200000000000002,525,0.33699999999999997,0.448,0.7849999999999999,3,15,0.8330000000000001,0.167,8,89,0.58,0,21,2024,112,Pacific Coast League,Triple-A,665846-2024-112
2024,686531,Andre Lipcius,player,6,Andre Lipcius,Andre,Lipcius,Andre,A Lipcius,238,OKC,Oklahoma City Baseball Club,Baseball Club,PCL,112,1B,First Base,2B,26,636,257,274,0,4,0.322,53,3,11,86,2615,4.111999999999999,0.10700000000000001,0.228,0.039,0.46900000000000003,0.187,6,0,103,1272,378,420,22,31,112,36,1,76,39,140,156,86,26,2,25,145,68,1,152,0.271,561,0.351,0.458,0.809,3,10,0.769,0.231,11,89,0.72,0,22.439999999999998,2024,112,Pacific Coast League,Triple-A,686531-2024-112
2024,694376,Shay Whitcomb,player,6,Shay Whitcomb,Shay,Whitcomb,Shay,S Whitcomb,5434,SUG,Sugar Land Space Cowboys,Space Cowboys,PCL,112,3B,Third Base,3B,25,481,219,179,0,7,0.32,46,8,7,67,1799,3.74,0.11,0.198,0.052000000000000005,0.558,0.23700000000000002,3,1,53,850,239,325,34,22,95,29,0,53,39,108,109,73,19,2,25,95,53,1,121,0.29300000000000004,413,0.378,0.53,0.908,8,26,0.765,0.23500000000000001,7,91,0.8700000000000001,0,16.52,2024,112,Pacific Coast League,Triple-A,694376-2024-112
2024,694175,Pedro León,player,9,Pedro León,Pedro,León,Pedro,P León,5434,SUG,Sugar Land Space Cowboys,Space Cowboys,PCL,112,CF,Outfielder,RF,26,533,241,261,3,4,0.38,51,14,5,85,2066,3.8759999999999994,0.081,0.27,0.045,0.29900000000000004,0.21500000000000002,6,0,49,1025,329,332,29,25,89,26,2,63,49,118,103,78,25,2,24,144,43,1,140,0.29900000000000004,469,0.372,0.514,0.886,11,29,0.725,0.275,5,90,0.8600000000000001,0,19.54,2024,112,Pacific Coast League,Triple-A,694175-2024-112
2024,672359,Tirso Ornelas,player,10,Tirso Ornelas,Tirso,Ornelas,Tirso,T Ornelas,4904,ELP,El Paso Chihuahuas,Chihuahuas,PCL,112,LF,Outfielder,LF,24,548,241,209,0,6,0.318,49,4,12,82,2119,3.867,0.097,0.161,0.042,0.602,0.2,9,2,62,1018,212,403,24,32,141,34,0,57,53,128,118,76,24,2,23,88,53,2,144,0.29700000000000004,485,0.367,0.497,0.8640000000000001,2,7,0.778,0.222,12,89,1.1900000000000002,0,21.09,2024,112,Pacific Coast League,Triple-A,672359-2024-112
2024,672478,Jordan Diaz,player,11,Jordan Diaz,Jordan,Diaz,Jordan,J Diaz,400,LV,Las Vegas Aviators,Aviators,PCL,112,DH,Designated Hitter,2B,23,436,209,199,0,2,0.327,45,5,26,78,1569,3.5989999999999998,0.07800000000000001,0.17900000000000002,0.05,0.43600000000000005,0.228,2,2,33,848,214,319,11,26,130,23,0,61,35,102,70,60,22,1,22,78,34,0,119,0.301,395,0.362,0.529,0.891,0,0,,,26,85,1.86,0,17.959999999999997,2024,112,Pacific Coast League,Triple-A,672478-2024-112
2024,668751,Cal Mitchell,player,11,Cal Mitchell,Calvin,Mitchell,Cal,C Mitchell,4904,ELP,El Paso Chihuahuas,Chihuahuas,PCL,112,RF,Outfielder,LF,25,469,209,185,1,5,0.307,50,0,9,64,1825,3.8909999999999996,0.117,0.203,0.047,0.5790000000000001,0.23500000000000001,2,0,67,811,201,319,10,32,97,33,0,53,27,122,109,69,26,2,22,95,55,0,113,0.277,408,0.359,0.512,0.8710000000000001,6,12,0.6669999999999999,0.33299999999999996,9,70,0.89,0,18.54,2024,112,Pacific Coast League,Triple-A,668751-2024-112
2024,676116,Ryan Noda,player,11,Ryan Noda,Ryan,Noda,Ryan,R Noda,400,LV,Las Vegas Aviators,Aviators,PCL,112,1B,First Base,1B,28,447,169,175,0,2,0.28900000000000003,45,8,6,53,1984,4.438000000000001,0.199,0.3,0.049,0.6639999999999999,0.261,2,0,48,818,299,216,14,11,65,28,1,32,17,101,73,81,21,2,22,134,89,1,78,0.224,348,0.391,0.48600000000000004,0.8770000000000001,1,5,0.8330000000000001,0.167,6,54,0.89,0,15.82,2024,112,Pacific Coast League,Triple-A,676116-2024-112
2024,666703,Eguy Rosario,player,14,Eguy Rosario,Eguy,Rosario,Eguy,E Rosario,4904,ELP,El Paso Chihuahuas,Chihuahuas,PCL,112,3B,Third Base,3B,24,413,188,169,0,3,0.29000000000000004,49,5,4,50,1657,4.012,0.12300000000000001,0.21300000000000002,0.051000000000000004,0.58,0.268,4,0,47,759,219,269,26,19,84,28,0,35,30,95,92,67,24,4,21,88,51,0,93,0.263,354,0.361,0.531,0.892,5,19,0.7919999999999999,0.20800000000000002,4,70,0.91,0,16.86,2024,112,Pacific Coast League,Triple-A,666703-2024-112
2024,688760,Blaine Crim,player,15,Blaine Crim,Linton,Crim,Blaine,B Crim,102,RR,Round Rock Express,Express,PCL,112,1B,First Base,1B,27,586,237,233,0,4,0.309,55,7,15,95,2146,3.662,0.119,0.17200000000000001,0.034,0.693,0.192,5,0,76,986,249,408,37,35,120,27,0,72,41,134,148,87,33,2,20,101,70,0,140,0.277,505,0.37,0.46900000000000003,0.8390000000000001,1,7,0.8750000000000001,0.125,15,86,0.81,0,25.25,2024,112,Pacific Coast League,Triple-A,688760-2024-112
2024,665953,Andrés Chaparro,player,16,Andrés Chaparro,Andrés,Chaparro,Andrés,A Chaparro,2310,RNO,Reno Aces,Aces,PCL,112,3B,Third Base,1B,25,414,207,154,0,2,0.372,46,4,13,65,1532,3.7,0.09899999999999999,0.17600000000000002,0.046,0.562,0.232,2,2,56,813,218,296,18,21,79,25,0,65,32,95,95,69,26,1,19,73,41,2,122,0.33199999999999996,367,0.403,0.5640000000000001,0.967,0,3,1,0,13,75,0.8300000000000001,0,19.32,2024,112,Pacific Coast League,Triple-A,665953-2024-112
2024,680693,Grant Lavigne,player,17,Grant Lavigne,Grant,Lavigne,Grant,G Lavigne,342,ABQ,Albuquerque Isotopes,Isotopes,PCL,112,1B,First Base,1B,24,530,188,214,1,5,0.312,39,10,10,59,2080,3.925,0.138,0.27,0.034,0.51,0.184,7,0,57,938,314,304,18,25,97,28,0,45,34,130,100,68,15,6,18,143,73,2,107,0.24300000000000002,441,0.359,0.42600000000000005,0.7849999999999999,8,9,0.529,0.47100000000000003,10,53,0.97,0,24.5,2024,112,Pacific Coast League,Triple-A,680693-2024-112
2024,660758,Sandro Fabian,player,18,Sandro Fabian,Sandro,Fabian,Sandro,S Fabian,102,RR,Round Rock Express,Express,PCL,112,RF,Outfielder,RF,26,501,207,191,0,2,0.29100000000000004,50,6,16,73,1920,3.8319999999999994,0.09,0.15200000000000002,0.034,0.592,0.192,8,1,58,925,183,374,37,25,133,24,0,66,31,116,120,57,31,2,17,76,45,1,121,0.27,448,0.34299999999999997,0.462,0.805,4,4,0.5,0.5,16,81,1.11,0,26.35,2024,112,Pacific Coast League,Triple-A,660758-2024-112
2024,682210,Kody Hoese,player,18,Kody Hoese,Kody,Hoese,Kody,K Hoese,238,OKC,Oklahoma City Baseball Club,Baseball Club,PCL,112,3B,Third Base,3B,26,525,220,221,0,4,0.33399999999999996,51,4,10,85,1938,3.691,0.09899999999999999,0.198,0.032,0.5,0.188,5,1,73,973,230,364,28,22,108,34,0,67,32,127,123,76,32,2,17,104,52,0,133,0.28700000000000003,464,0.361,0.47400000000000003,0.8350000000000001,1,1,0.5,0.5,10,79,0.88,1,27.29,2024,112,Pacific Coast League,Triple-A,682210-2024-112
2024,664954,Brett Sullivan,player,18,Brett Sullivan,Brett,Sullivan,Brett,B Sullivan,4904,ELP,El Paso Chihuahuas,Chihuahuas,PCL,112,C,Catcher,C,30,453,192,193,0,4,0.269,48,4,9,68,1650,3.642,0.10800000000000001,0.132,0.038,0.8170000000000001,0.222,1,1,79,764,102,340,45,39,73,24,0,54,26,101,163,70,25,6,17,60,49,1,104,0.263,396,0.347,0.48500000000000004,0.8320000000000001,0,3,1,0,9,63,0.45,0,23.29,2024,112,Pacific Coast League,Triple-A,664954-2024-112
2024,663536,Tristin English,player,21,Tristin English,Tristin,English,Tristin,T English,2310,RNO,Reno Aces,Aces,PCL,112,1B,First Base,OF,27,479,184,207,0,3,0.301,36,10,13,71,1713,3.5759999999999996,0.067,0.198,0.033,0.33699999999999997,0.161,4,1,61,939,220,342,18,34,115,29,0,49,36,111,113,73,18,2,16,95,32,0,114,0.263,434,0.326,0.42400000000000004,0.75,4,3,0.42900000000000005,0.5710000000000001,13,63,1.02,0,27.12,2024,112,Pacific Coast League,Triple-A,663536-2024-112
2024,675659,Greg Jones,player,21,Greg Jones,Gregory,Jones,Greg,G Jones,342,ABQ,Albuquerque Isotopes,Isotopes,PCL,112,CF,Outfielder,LF,26,406,166,126,1,1,0.399,35,6,3,41,1605,3.953,0.091,0.352,0.039,0.259,0.191,5,1,28,803,314,220,5,20,70,17,0,38,42,86,53,78,17,2,16,143,37,0,97,0.269,361,0.346,0.46,0.806,3,46,0.9390000000000001,0.061,3,42,1.32,0,22.56,2024,112,Pacific Coast League,Triple-A,675659-2024-112
2024,681584,David Villar,player,21,David Villar,David,Villar,David,D Villar,105,SAC,Sacramento River Cats,River Cats,PCL,112,3B,Third Base,1B,27,482,180,214,0,6,0.328,42,8,5,62,1953,4.052,0.12400000000000001,0.257,0.033,0.48400000000000004,0.181,5,0,78,858,257,290,12,17,77,32,0,49,25,106,107,70,26,0,16,124,60,1,106,0.26,408,0.361,0.441,0.802,1,2,0.6669999999999999,0.33299999999999996,5,77,0.72,0,25.5,2024,112,Pacific Coast League,Triple-A,681584-2024-112
2024,680810,Quincy Hamilton,player,24,Quincy Hamilton,Quincy,Hamilton,Quincy,Q Hamilton,5434,SUG,Sugar Land Space Cowboys,Space Cowboys,PCL,112,RF,Outfielder,OF,26,410,162,177,1,3,0.29200000000000004,41,3,7,50,1711,4.173,0.132,0.229,0.037,0.5740000000000001,0.21800000000000003,1,0,56,776,194,259,29,9,79,22,0,34,30,99,94,62,21,5,15,94,54,0,86,0.24600000000000002,349,0.35,0.464,0.8140000000000001,4,8,0.6669999999999999,0.33299999999999996,7,56,0.8400000000000001,0,23.27,2024,112,Pacific Coast League,Triple-A,680810-2024-112
2024,676939,Jimmy Herron,player,25,Jimmy Herron,James,Herron,Jimmy,J Herron,342,ABQ,Albuquerque Isotopes,Isotopes,PCL,112,LF,Outfielder,LF,27,413,165,193,1,3,0.29800000000000004,32,5,5,62,1510,3.6559999999999997,0.097,0.14,0.034,0.69,0.17300000000000001,7,0,68,664,121,310,25,26,89,21,1,46,34,95,119,60,15,3,14,58,40,0,102,0.28,364,0.357,0.453,0.81,5,16,0.762,0.23800000000000002,5,68,0.75,0,26,2024,112,Pacific Coast League,Triple-A,676939-2024-112
2024,669087,Sam Huff,player,26,Sam Huff,Samuel,Huff,Sam,S Huff,102,RR,Round Rock Express,Express,PCL,112,C,Catcher,C,26,477,181,210,0,1,0.344,47,2,9,47,1764,3.698,0.082,0.314,0.027,0.26,0.17,2,0,46,940,315,286,21,18,94,20,1,56,30,111,85,49,33,1,13,150,39,0,107,0.24600000000000002,435,0.31,0.41600000000000004,0.726,0,0,,,9,69,1.11,0,33.46,2024,112,Pacific Coast League,Triple-A,669087-2024-112
2024,687799,Cade Marlowe,player,26,Cade Marlowe,Matthew,Marlowe,Cade,C Marlowe,529,TAC,Tacoma Rainiers,Rainiers,PCL,112,RF,Outfielder,OF,27,411,136,186,1,7,0.33199999999999996,25,4,0,42,1656,4.029,0.134,0.324,0.032,0.41400000000000003,0.16,0,0,74,788,260,219,7,17,40,19,2,30,30,90,98,60,8,4,13,133,55,3,81,0.23500000000000001,344,0.34099999999999997,0.395,0.736,7,43,0.8600000000000001,0.14,0,45,0.41000000000000003,0,26.459999999999997,2024,112,Pacific Coast League,Triple-A,687799-2024-112
2024,700242,Trey Sweeney,player,26,Trey Sweeney,Trey,Sweeney,Trey,T Sweeney,238,OKC,Oklahoma City Baseball Club,Baseball Club,PCL,112,SS,Shortstop,SS,24,440,166,206,0,3,0.32999999999999996,38,4,4,63,1690,3.8409999999999997,0.1,0.268,0.03,0.373,0.17200000000000001,9,0,43,780,217,274,13,22,97,17,0,49,33,96,78,65,22,3,13,118,44,2,99,0.254,389,0.33399999999999996,0.42700000000000005,0.761,3,16,0.8420000000000001,0.15800000000000003,4,62,1.24,0,29.919999999999998,2024,112,Pacific Coast League,Triple-A,700242-2024-112
2024,669208,Ryan Bliss,player,29,Ryan Bliss,Ryan,Bliss,Ryan,R Bliss,529,TAC,Tacoma Rainiers,Rainiers,PCL,112,SS,Shortstop,2B,24,433,164,160,1,6,0.33099999999999996,40,5,4,44,1768,4.083,0.14100000000000001,0.224,0.028,0.629,0.186,4,0,53,842,249,270,9,17,94,20,1,49,27,93,79,67,25,3,12,97,61,0,97,0.269,360,0.377,0.456,0.8330000000000001,13,50,0.7939999999999999,0.20600000000000002,4,54,1.1900000000000002,0,30,2024,112,Pacific Coast League,Triple-A,669208-2024-112
2024,641779,Charles Leblanc,player,29,Charles Leblanc,Charles,Leblanc,Charles,C Leblanc,561,SL,Salt Lake Bees,Bees,PCL,112,1B,First Base,SS,28,414,148,171,0,4,0.325,35,3,8,51,1667,4.026999999999999,0.164,0.24900000000000003,0.028999999999999998,0.6599999999999999,0.183,2,1,64,661,162,240,12,18,60,21,0,42,23,98,94,56,20,3,12,103,68,1,86,0.254,339,0.379,0.43700000000000006,0.8160000000000001,3,4,0.5710000000000001,0.42900000000000005,8,52,0.64,0,28.25,2024,112,Pacific Coast League,Triple-A,641779-2024-112
2024,605346,Jack López,player,29,Jack López,Jack,López,Jack,J López,561,SL,Salt Lake Bees,Bees,PCL,112,SS,Shortstop,2B,31,432,163,178,5,4,0.351,30,5,9,55,1626,3.7640000000000002,0.07200000000000001,0.257,0.028,0.279,0.14700000000000002,3,0,45,841,249,285,11,21,102,25,0,39,42,104,77,58,15,3,12,111,31,0,106,0.274,387,0.33299999999999996,0.42100000000000004,0.754,7,15,0.6819999999999999,0.318,9,57,1.32,0,32.25,2024,112,Pacific Coast League,Triple-A,605346-2024-112
2024,669386,Trevor Hauver,player,32,Trevor Hauver,Trevor,Hauver,Trevor,T Hauver,102,RR,Round Rock Express,Express,PCL,112,LF,Outfielder,2B,25,420,150,190,0,2,0.347,40,5,3,52,1827,4.35,0.14,0.29800000000000004,0.026000000000000002,0.47200000000000003,0.17800000000000002,2,0,42,747,213,230,6,23,72,20,0,42,25,104,71,53,28,1,11,125,59,1,87,0.24600000000000002,353,0.36,0.42500000000000004,0.7849999999999999,1,1,0.5,0.5,3,60,1.01,1,32.09,2024,112,Pacific Coast League,Triple-A,669386-2024-112
2024,669392,Samad Taylor,player,32,Samad Taylor,Samad,Taylor,Samad,S Taylor,529,TAC,Tacoma Rainiers,Rainiers,PCL,112,2B,Second Base,LF,25,599,193,271,11,6,0.352,34,6,12,74,2489,4.154999999999999,0.114,0.26,0.018000000000000002,0.43600000000000005,0.118,5,1,66,1045,286,369,12,30,128,24,1,60,48,136,108,93,19,4,11,156,68,0,133,0.262,508,0.352,0.38,0.732,15,50,0.769,0.231,12,75,1.1900000000000002,0,46.18,2024,112,Pacific Coast League,Triple-A,669392-2024-112
2024,677941,Jordyn Adams,player,34,Jordyn Adams,Jordyn,Adams,Jordyn,J Adams,561,SL,Salt Lake Bees,Bees,PCL,112,CF,Outfielder,CF,24,549,186,181,4,6,0.352,36,4,5,65,2001,3.645,0.093,0.27,0.018000000000000002,0.345,0.12400000000000001,11,2,63,1007,294,344,21,17,117,20,0,61,45,123,101,78,22,4,10,148,51,0,126,0.261,482,0.33299999999999996,0.386,0.719,11,28,0.718,0.28200000000000003,5,58,1.1600000000000001,2,48.2,2024,112,Pacific Coast League,Triple-A,677941-2024-112
2024,676946,Matthew Batten,player,34,Matthew Batten,Matthew,Batten,Matthew,M Batten,4904,ELP,El Paso Chihuahuas,Chihuahuas,PCL,112,3B,Third Base,2B,29,546,180,206,2,8,0.301,37,6,8,80,2072,3.795,0.093,0.203,0.018000000000000002,0.459,0.125,7,1,64,903,192,378,43,42,109,25,2,52,41,121,149,82,24,3,10,111,51,1,120,0.251,479,0.325,0.376,0.701,1,22,0.9570000000000001,0.043000000000000003,8,78,0.73,0,47.9,2024,112,Pacific Coast League,Triple-A,676946-2024-112
2024,670092,Trenton Brooks,player,34,Trenton Brooks,Trenton,Brooks,Trenton,T Brooks,105,SAC,Sacramento River Cats,River Cats,PCL,112,1B,First Base,LF,28,407,150,170,2,8,0.33599999999999997,29,3,6,67,1634,4.015,0.15500000000000003,0.15000000000000002,0.025,1.033,0.15100000000000002,4,0,68,691,138,280,18,20,74,15,1,60,24,94,106,62,18,1,10,61,63,0,100,0.302,331,0.41000000000000003,0.453,0.8630000000000001,1,10,0.909,0.091,6,58,0.7,0,33.1,2024,112,Pacific Coast League,Triple-A,670092-2024-112
2024,687957,Dustin Harris,player,34,Dustin Harris,Dustin,Harris,Dustin,D Harris,102,RR,Round Rock Express,Express,PCL,112,CF,Outfielder,LF,24,564,190,198,2,7,0.33899999999999997,35,8,5,62,2242,3.9749999999999996,0.10800000000000001,0.21800000000000003,0.018000000000000002,0.496,0.119,2,0,83,1002,229,372,23,31,103,31,3,63,35,131,137,81,22,3,10,123,61,4,132,0.272,486,0.358,0.391,0.749,10,35,0.778,0.222,5,53,0.75,0,48.6,2024,112,Pacific Coast League,Triple-A,687957-2024-112
2024,669450,Cooper Hummel,player,34,Cooper Hummel,Cooper,Hummel,Cooper,C Hummel,5434,SUG,Sugar Land Space Cowboys,Space Cowboys,PCL,112,LF,Outfielder,LF,29,442,159,149,0,4,0.34099999999999997,39,9,4,37,1808,4.09,0.17900000000000002,0.201,0.023,0.888,0.17700000000000002,7,0,31,757,177,265,21,20,96,21,0,46,30,101,72,55,26,3,10,89,79,2,97,0.277,350,0.41900000000000004,0.454,0.8730000000000001,4,15,0.7889999999999999,0.21100000000000002,4,59,1.33,0,35,2024,112,Pacific Coast League,Triple-A,669450-2024-112
2024,546991,Albert Almora Jr.,player,39,Albert Almora Jr.,Reinaldo,Almora,Albert,A Almora,2310,RNO,Reno Aces,Aces,PCL,112,CF,Outfielder,OF,30,576,228,204,5,4,0.329,56,5,12,82,2029,3.523,0.07300000000000001,0.14100000000000001,0.016,0.519,0.14600000000000002,6,0,93,1034,211,448,23,36,144,14,1,79,58,127,152,79,45,2,9,81,42,0,152,0.29200000000000004,520,0.349,0.43800000000000006,0.7869999999999999,7,20,0.741,0.259,12,69,0.9500000000000001,0,57.78,2024,112,Pacific Coast League,Triple-A,546991-2024-112
2024,666183,Hunter Bishop,player,39,Hunter Bishop,Hunter,Bishop,Hunter,H Bishop,105,SAC,Sacramento River Cats,River Cats,PCL,112,CF,Outfielder,OF,26,413,140,176,1,8,0.321,30,7,4,59,1569,3.799,0.082,0.274,0.022,0.301,0.14,3,0,49,757,243,259,17,19,85,17,0,42,30,97,85,61,18,3,9,113,34,0,89,0.24500000000000002,363,0.316,0.386,0.702,4,10,0.714,0.28600000000000003,4,59,1,0,40.33,2024,112,Pacific Coast League,Triple-A,666183-2024-112
2024,660829,Hoy Park,player,39,Hoy Park,Hoy Jun,Park,Hoy,H Park,400,LV,Las Vegas Aviators,Aviators,PCL,112,RF,Outfielder,SS,28,434,142,156,2,3,0.323,30,3,2,54,1818,4.189,0.15400000000000003,0.226,0.021,0.6839999999999999,0.14200000000000002,7,2,44,745,186,265,15,21,94,19,2,37,33,115,80,71,18,3,9,98,67,1,91,0.254,358,0.374,0.397,0.771,6,15,0.714,0.28600000000000003,2,55,1.1800000000000002,1,39.78,2024,112,Pacific Coast League,Triple-A,660829-2024-112
2024,642727,Sergio Alcántara,player,42,Sergio Alcántara,Sergio,Alcántara,Sergio,S Alcántara,2310,RNO,Reno Aces,Aces,PCL,112,SS,Shortstop,SS,27,450,163,180,0,3,0.33599999999999997,35,2,11,76,1830,4.066999999999999,0.15300000000000002,0.182,0.018000000000000002,0.8410000000000001,0.15400000000000003,4,1,62,747,152,297,10,21,99,10,0,64,31,112,93,70,20,7,8,82,69,0,105,0.279,376,0.391,0.43400000000000005,0.8250000000000001,0,8,1,0,11,57,1.06,0,47,2024,112,Pacific Coast League,Triple-A,642727-2024-112
2024,682183,Drew Avans,player,42,Drew Avans,Drew,Avans,Drew,D Avans,238,OKC,Oklahoma City Baseball Club,Baseball Club,PCL,112,CF,Outfielder,LF,28,625,214,215,0,2,0.368,43,2,8,87,2535,4.056,0.128,0.251,0.013000000000000001,0.51,0.12400000000000001,4,3,62,1152,311,386,19,38,120,24,0,68,55,133,119,105,27,8,8,157,80,1,147,0.272,541,0.366,0.396,0.762,6,35,0.8540000000000001,0.14600000000000002,8,52,1.01,0,67.61999999999999,2024,112,Pacific Coast League,Triple-A,682183-2024-112
2024,667663,Hunter Stovall,player,44,Hunter Stovall,Hunter,Stovall,Hunter,H Stovall,342,ABQ,Albuquerque Isotopes,Isotopes,PCL,112,2B,Second Base,2B,27,431,149,212,1,2,0.29400000000000004,26,0,13,62,1407,3.265,0.067,0.116,0.016,0.58,0.10300000000000001,5,2,63,758,131,352,23,29,129,12,1,44,51,102,115,65,18,1,7,50,29,0,108,0.271,399,0.319,0.373,0.692,4,12,0.75,0.25,13,41,1.12,0,57,2024,112,Pacific Coast League,Triple-A,667663-2024-112
2024,669200,Mason McCoy,player,45,Mason McCoy,Mason,McCoy,Mason,M McCoy,4904,ELP,El Paso Chihuahuas,Chihuahuas,PCL,112,SS,Shortstop,2B,29,432,147,180,4,2,0.34299999999999997,34,2,12,62,1676,3.88,0.09,0.24300000000000002,0.012,0.371,0.12200000000000001,6,1,59,769,207,286,21,27,79,13,1,51,35,108,107,52,26,3,5,105,39,0,100,0.26,385,0.329,0.382,0.711,8,25,0.758,0.24200000000000002,12,50,0.74,0,77,2024,112,Pacific Coast League,Triple-A,669200-2024-112
2024,670148,Nate Mondou,player,45,Nate Mondou,Nathan,Mondou,Nate,N Mondou,4904,ELP,El Paso Chihuahuas,Chihuahuas,PCL,112,1B,First Base,2B,29,443,150,177,2,7,0.33099999999999996,33,8,7,55,1749,3.948,0.12400000000000001,0.201,0.011,0.618,0.137,4,0,63,859,183,291,12,35,82,20,1,46,32,101,110,55,20,8,5,89,55,2,99,0.267,371,0.367,0.404,0.771,4,11,0.733,0.267,7,55,0.75,0,74.2,2024,112,Pacific Coast League,Triple-A,670148-2024-112
2024,669326,Bryce Teodosio,player,45,Bryce Teodosio,Bryce,Teodosio,Bryce,B Teodosio,561,SL,Salt Lake Bees,Bees,PCL,112,CF,Outfielder,LF,25,462,171,184,5,6,0.372,36,7,4,70,1546,3.3459999999999996,0.07600000000000001,0.26,0.011,0.29200000000000004,0.14200000000000002,8,2,56,785,226,300,24,17,90,16,2,47,48,114,97,63,19,12,5,120,35,0,113,0.276,409,0.33899999999999997,0.41800000000000004,0.757,4,40,0.909,0.091,4,51,0.93,0,81.8,2024,112,Pacific Coast League,Triple-A,669326-2024-112
2024,519303,Elliot Soto,player,48,Elliot Soto,Elliot,Soto,Elliot,E Soto,561,SL,Salt Lake Bees,Bees,PCL,112,SS,Shortstop,SS,34,468,122,197,6,4,0.29700000000000004,22,2,7,69,1859,3.9719999999999995,0.12400000000000001,0.23900000000000002,0.009,0.518,0.083,3,1,49,830,224,296,19,31,108,13,0,46,30,114,99,67,15,3,4,112,58,1,89,0.224,398,0.323,0.307,0.63,5,21,0.808,0.192,7,44,1.09,0,99.5,2024,112,Pacific Coast League,Triple-A,519303-2024-112
2024,680890,Jax Biggers,player,49,Jax Biggers,Jax,Biggers,Jax,J Biggers,102,RR,Round Rock Express,Express,PCL,112,2B,Second Base,2B,27,452,139,171,8,7,0.345,29,2,6,68,1814,4.013,0.15700000000000003,0.192,0.007,0.8160000000000001,0.10700000000000001,3,0,75,713,141,292,19,17,81,18,0,45,37,119,111,63,22,4,3,87,71,0,100,0.275,364,0.39,0.382,0.772,5,12,0.706,0.29400000000000004,6,55,0.73,0,121.33,2024,112,Pacific Coast League,Triple-A,680890-2024-112
2024,702789,Austin Gauthier,player,50,Austin Gauthier,Austin,Gauthier,Austin,A Gauthier,238,OKC,Oklahoma City Baseball Club,Baseball Club,PCL,112,LF,Outfielder,SS,25,425,120,174,0,0,0.32,22,5,11,54,1635,3.847,0.132,0.20500000000000002,0.005,0.644,0.082,6,1,47,741,164,277,11,17,112,9,0,37,44,106,75,47,16,4,2,87,56,0,90,0.24700000000000003,364,0.355,0.32999999999999996,0.6849999999999999,0,11,1,0,11,31,1.49,0,182,2024,112,Pacific Coast League,Triple-A,702789-2024-112
2024,676566,Shawn Ross,player,1,Shawn Ross,Shawn,Ross,Shawn,S Ross,477,GBO,Greensboro Grasshoppers,Grasshoppers,SAL,116,C,Catcher,C,24,375,140,150,1,3,0.23500000000000001,34,9,6,33,1610,4.293,0.15200000000000002,0.352,0.061,0.43200000000000005,0.266,3,1,48,645,249,177,25,11,34,24,0,26,9,92,84,52,10,1,23,132,57,1,59,0.193,305,0.33399999999999996,0.459,0.7929999999999999,1,12,0.923,0.07700000000000001,6,58,0.4,0,13.26,2024,116,South Atlantic League,High-A,676566-2024-116
2024,800232,Luis Baez,player,2,Luis Baez,Luis,Baez,Luis,L Baez,573,ASH,Asheville Tourists,Tourists,SAL,116,RF,Outfielder,OF,20,407,182,164,0,5,0.315,42,0,7,54,1444,3.548,0.054000000000000006,0.273,0.049,0.198,0.21600000000000003,1,1,54,802,265,274,27,21,72,33,0,36,31,92,102,53,22,0,20,111,22,0,100,0.263,380,0.3,0.47900000000000004,0.779,1,9,0.9,0.1,7,67,0.71,0,19,2024,116,South Atlantic League,High-A,800232-2024-116
2024,682793,Bryan Gonzalez,player,2,Bryan Gonzalez,Bryan,Gonzalez,Bryan,B Gonzalez,428,GVL,Greenville Drive,Drive,SAL,116,1B,First Base,OF,22,362,166,150,0,2,0.356,35,4,2,40,1395,3.8539999999999996,0.08,0.318,0.055,0.252,0.23500000000000001,8,1,19,721,281,214,18,16,72,19,0,29,41,91,53,58,13,2,20,115,29,1,89,0.272,327,0.33699999999999997,0.508,0.8450000000000001,10,15,0.6,0.4,2,59,1.36,0,16.35,2024,116,South Atlantic League,High-A,682793-2024-116
2024,677342,Brock Jones,player,4,Brock Jones,Brock,Jones,Brock,B Jones,2498,BG,Bowling Green Hot Rods,Hot Rods,SAL,116,RF,Outfielder,OF,23,377,145,130,0,1,0.33299999999999996,37,6,2,34,1551,4.113999999999999,0.117,0.377,0.045,0.31,0.221,2,1,34,749,310,185,19,7,52,24,0,24,25,94,60,56,19,1,17,142,44,0,73,0.224,326,0.326,0.445,0.771,4,32,0.889,0.111,2,49,0.8700000000000001,0,19.18,2024,116,South Atlantic League,High-A,677342-2024-116
2024,695770,Wes Kath,player,5,Wes Kath,Weston,Kath,Wes,W Kath,580,WS,Winston-Salem Dash,Dash,SAL,116,3B,Third Base,3B,21,459,163,226,2,2,0.322,39,13,1,52,1833,3.993,0.094,0.33799999999999997,0.034999999999999996,0.277,0.183,3,2,37,959,407,248,34,18,69,21,1,51,17,116,89,58,21,2,16,155,43,0,90,0.226,399,0.319,0.40900000000000003,0.728,3,6,0.6669999999999999,0.33299999999999996,1,58,0.7799999999999999,0,24.939999999999998,2024,116,South Atlantic League,High-A,695770-2024-116
2024,807742,Colton Ledbetter,player,5,Colton Ledbetter,Colton,Ledbetter,Colton,C Ledbetter,2498,BG,Bowling Green Hot Rods,Hot Rods,SAL,116,RF,Outfielder,CF,22,446,191,204,0,8,0.352,45,7,1,52,1709,3.8319999999999994,0.081,0.28300000000000003,0.036,0.28600000000000003,0.21000000000000002,3,1,72,908,290,277,24,19,54,28,0,54,26,109,115,60,23,6,16,126,36,0,108,0.273,395,0.33899999999999997,0.48400000000000004,0.8230000000000001,7,34,0.8290000000000001,0.171,1,65,0.47000000000000003,0,24.69,2024,116,South Atlantic League,High-A,807742-2024-116
2024,691369,Allan Castro,player,7,Allan Castro,Allan,Castro,Allan,A Castro,428,GVL,Greenville Drive,Drive,SAL,116,CF,Outfielder,CF,21,413,155,149,0,2,0.29300000000000004,39,5,7,52,1589,3.847,0.14800000000000002,0.228,0.034,0.649,0.20600000000000002,4,1,53,690,186,253,15,16,85,20,1,39,24,95,84,65,21,4,14,94,61,2,84,0.24300000000000002,345,0.363,0.449,0.812,2,11,0.8460000000000001,0.15400000000000003,7,48,1.01,0,24.64,2024,116,South Atlantic League,High-A,691369-2024-116
2024,802459,Ryan Johnson,player,7,Ryan Johnson,Ryan,Johnson,Ryan,R Johnson,573,ASH,Asheville Tourists,Tourists,SAL,116,SS,Shortstop,2B,23,412,125,153,0,2,0.328,24,7,4,25,1648,4,0.1,0.41300000000000003,0.034,0.24100000000000002,0.14400000000000002,5,0,47,811,350,194,18,6,50,23,1,26,23,105,71,56,10,0,14,170,41,0,73,0.202,362,0.29400000000000004,0.345,0.639,2,9,0.8180000000000001,0.182,4,33,0.7,0,25.86,2024,116,South Atlantic League,High-A,802459-2024-116
2024,694966,Brayden Taylor,player,7,Brayden Taylor,Brayden,Taylor,Brayden,B Taylor,2498,BG,Bowling Green Hot Rods,Hot Rods,SAL,116,SS,Shortstop,SS,22,383,162,117,0,3,0.33799999999999997,44,3,2,36,1579,4.122999999999999,0.15900000000000003,0.24800000000000003,0.037,0.642,0.24400000000000002,3,1,67,660,186,224,14,18,40,29,0,39,17,84,99,71,25,5,14,95,61,0,85,0.269,316,0.389,0.513,0.902,6,26,0.8130000000000001,0.188,2,45,0.4,0,22.57,2024,116,South Atlantic League,High-A,694966-2024-116
2024,696145,Lonnie White Jr.,player,7,Lonnie White Jr.,Lonnie,White,Lonnie,L White Jr.,477,GBO,Greensboro Grasshoppers,Grasshoppers,SAL,116,CF,Outfielder,OF,21,375,110,191,0,2,0.21900000000000003,26,13,2,46,1527,4.072,0.096,0.344,0.037,0.279,0.17300000000000001,1,1,39,761,282,197,28,15,61,14,0,28,12,89,82,46,10,2,14,129,36,0,54,0.167,324,0.275,0.33999999999999997,0.615,6,15,0.714,0.28600000000000003,2,44,0.74,0,23.14,2024,116,South Atlantic League,High-A,696145-2024-116
2024,695604,T.J. White,player,7,T.J. White,Treylen,White,T.J.,T White,426,WIL,Wilmington Blue Rocks,Blue Rocks,SAL,116,DH,Designated Hitter,OF,20,430,135,171,0,4,0.268,30,2,5,42,1725,4.012,0.112,0.309,0.033,0.361,0.162,11,0,55,803,299,242,22,15,75,26,1,32,16,111,92,43,14,2,14,133,48,0,75,0.202,371,0.29400000000000004,0.364,0.658,0,4,1,0,5,49,0.8200000000000001,5,26.5,2024,116,South Atlantic League,High-A,695604-2024-116
2024,802991,E.J. Exposito,player,12,E.J. Exposito,Eladio,Exposito,E.J.,E Exposito,432,ROM,Rome Emperors,Emperors,SAL,116,SS,Shortstop,SS,23,477,177,227,1,5,0.29200000000000004,46,3,11,79,1729,3.625,0.092,0.24100000000000002,0.027,0.383,0.17900000000000002,6,1,95,906,274,315,31,12,76,27,0,51,23,116,138,62,29,4,13,115,44,0,101,0.23800000000000002,424,0.311,0.41700000000000004,0.728,8,31,0.7949999999999999,0.20500000000000002,11,50,0.55,0,32.620000000000005,2024,116,South Atlantic League,High-A,802991-2024-116
2024,687431,Hudson Head,player,12,Hudson Head,John,Head,Hudson,H Head,477,GBO,Greensboro Grasshoppers,Grasshoppers,SAL,116,LF,Outfielder,CF,23,416,138,152,2,3,0.28600000000000003,31,5,3,45,1658,3.9859999999999998,0.10800000000000001,0.32,0.031,0.33799999999999997,0.17500000000000002,8,1,45,797,250,232,27,14,71,18,0,33,24,102,86,58,12,6,13,133,45,1,75,0.20800000000000002,360,0.303,0.383,0.6859999999999999,4,9,0.692,0.308,3,49,0.8300000000000001,1,27.69,2024,116,South Atlantic League,High-A,687431-2024-116
2024,690991,Mac Horvath,player,12,Mac Horvath,Macauley,Horvath,Mac,M Horvath,2498,BG,Bowling Green Hot Rods,Hot Rods,SAL,116,3B,Third Base,3B,22,444,156,175,0,7,0.28500000000000003,39,5,3,48,1819,4.0969999999999995,0.10800000000000001,0.259,0.028999999999999998,0.41700000000000004,0.17700000000000002,3,0,74,754,194,276,33,15,66,25,2,39,22,102,122,61,23,3,13,115,48,0,88,0.229,384,0.318,0.406,0.724,2,35,0.9460000000000001,0.054000000000000006,3,59,0.54,0,29.54,2024,116,South Atlantic League,High-A,690991-2024-116
2024,702261,Termarr Johnson,player,12,Termarr Johnson,Termarr,Johnson,Termarr,T Johnson,477,GBO,Greensboro Grasshoppers,Grasshoppers,SAL,116,2B,Second Base,SS,20,487,152,148,1,4,0.28800000000000003,31,9,8,47,1946,3.9959999999999996,0.16,0.21600000000000003,0.027,0.743,0.14700000000000002,4,0,61,914,290,295,16,15,109,15,2,51,26,110,92,73,17,1,13,105,78,0,94,0.23800000000000002,395,0.372,0.385,0.757,4,20,0.8330000000000001,0.167,8,46,1.1800000000000002,0,30.38,2024,116,South Atlantic League,High-A,702261-2024-116
2024,683079,Omar Martinez,player,12,Omar Martinez,Omar,Martinez,Omar,O Martinez,537,HV,Hudson Valley Renegades,Renegades,SAL,116,C,Catcher,C,22,430,141,177,0,3,0.29400000000000004,30,5,12,49,1728,4.019,0.17,0.23500000000000001,0.03,0.723,0.166,1,1,70,766,211,251,14,7,77,23,1,40,19,104,91,53,15,2,13,101,73,0,83,0.23800000000000002,349,0.374,0.404,0.778,0,3,1,0,12,41,0.8500000000000001,0,26.85,2024,116,South Atlantic League,High-A,683079-2024-116
2024,691858,Jared Serna,player,12,Jared Serna,Jared,Serna,Jared,J Serna,537,HV,Hudson Valley Renegades,Renegades,SAL,116,SS,Shortstop,SS,22,393,151,149,0,5,0.268,39,8,10,54,1478,3.761,0.10200000000000001,0.15300000000000002,0.033,0.6669999999999999,0.191,6,0,66,697,152,285,18,28,87,26,0,31,29,88,112,51,26,0,13,60,40,0,86,0.253,340,0.34099999999999997,0.444,0.7849999999999999,8,11,0.5790000000000001,0.42100000000000004,10,58,0.7799999999999999,0,26.150000000000002,2024,116,South Atlantic League,High-A,691858-2024-116
2024,695508,Cam Cauley,player,18,Cam Cauley,Cameron,Cauley,Cam,C Cauley,448,HIC,Hickory Crawdads,Crawdads,SAL,116,SS,Shortstop,CF,21,404,152,135,0,1,0.311,35,0,5,43,1528,3.782,0.082,0.29200000000000004,0.03,0.28,0.17600000000000002,4,1,55,739,230,253,23,8,80,17,0,39,31,93,86,60,17,6,12,118,33,1,87,0.23500000000000001,370,0.29700000000000004,0.41100000000000003,0.708,2,27,0.931,0.06899999999999999,5,37,0.93,0,30.830000000000002,2024,116,South Atlantic League,High-A,695508-2024-116
2024,691792,Roc Riggio,player,19,Roc Riggio,Roc,Riggio,Roc,R Riggio,537,HV,Hudson Valley Renegades,Renegades,SAL,116,2B,Second Base,2B,22,480,158,140,1,2,0.264,43,8,6,46,1849,3.8519999999999994,0.14800000000000002,0.202,0.023,0.732,0.17600000000000002,9,1,82,775,205,304,24,18,92,28,1,40,19,106,124,70,27,5,11,97,71,1,88,0.221,398,0.349,0.397,0.746,6,27,0.8180000000000001,0.182,6,47,0.74,0,36.18,2024,116,South Atlantic League,High-A,691792-2024-116
2024,689688,Ethan Workinger,player,19,Ethan Workinger,Ethan,Workinger,Ethan,E Workinger,432,ROM,Rome Emperors,Emperors,SAL,116,LF,Outfielder,CF,22,424,152,171,0,4,0.316,29,3,12,66,1703,4.0169999999999995,0.116,0.198,0.026000000000000002,0.583,0.14800000000000002,10,0,59,817,216,286,23,20,86,25,0,43,30,98,102,46,15,3,11,84,49,0,98,0.268,366,0.355,0.41500000000000004,0.77,5,8,0.615,0.385,12,52,0.8400000000000001,2,33.27,2024,116,South Atlantic League,High-A,689688-2024-116
2024,701778,Jace Avina,player,21,Jace Avina,Jace,Avina,Jace,J Avina,537,HV,Hudson Valley Renegades,Renegades,SAL,116,CF,Outfielder,LF,21,397,140,163,0,6,0.318,34,8,2,57,1372,3.4559999999999995,0.081,0.272,0.025,0.29600000000000004,0.15400000000000003,4,1,58,677,229,249,29,11,65,15,0,43,28,92,98,44,24,0,10,108,32,0,86,0.24500000000000002,351,0.317,0.399,0.716,1,4,0.8,0.2,2,49,0.6599999999999999,0,35.1,2024,116,South Atlantic League,High-A,701778-2024-116
2024,695048,Garret Guillemette,player,21,Garret Guillemette,Garret,Guillemette,Garret,G Guillemette,573,ASH,Asheville Tourists,Tourists,SAL,116,C,Catcher,C,22,383,117,145,0,2,0.274,25,6,4,40,1415,3.695,0.094,0.274,0.026000000000000002,0.34299999999999997,0.133,2,0,45,661,218,236,34,17,68,21,1,32,18,98,96,43,15,0,10,105,36,0,72,0.21200000000000002,339,0.29800000000000004,0.345,0.643,0,4,1,0,4,47,0.71,0,33.9,2024,116,South Atlantic League,High-A,695048-2024-116
2024,695692,Cooper Kinney,player,21,Cooper Kinney,Cooper,Kinney,Cooper,C Kinney,2498,BG,Bowling Green Hot Rods,Hot Rods,SAL,116,2B,Second Base,2B,21,361,159,156,0,5,0.35,44,2,5,49,1369,3.792,0.089,0.222,0.028,0.4,0.20500000000000002,2,0,32,720,178,247,15,30,77,22,0,51,20,87,77,46,32,2,10,80,32,0,93,0.28900000000000003,322,0.352,0.494,0.8460000000000001,3,6,0.6669999999999999,0.33299999999999996,5,63,1,0,32.2,2024,116,South Atlantic League,High-A,695692-2024-116
2024,806964,Sebastian Walcott,player,21,Sebastian Walcott,Sebastian,Walcott,Sebastian,S Walcott,448,HIC,Hickory Crawdads,Crawdads,SAL,116,SS,Shortstop,SS,18,491,192,162,0,3,0.34199999999999997,50,3,6,54,1833,3.733,0.10600000000000001,0.255,0.02,0.41600000000000004,0.182,8,0,47,848,275,311,39,20,92,14,1,55,43,116,106,60,31,9,10,125,52,1,113,0.261,433,0.34199999999999997,0.443,0.7849999999999999,8,26,0.765,0.23500000000000001,6,49,0.8700000000000001,0,43.3,2024,116,South Atlantic League,High-A,806964-2024-116
2024,700845,Adam Zebrowski,player,21,Adam Zebrowski,Adam,Zebrowski,Adam,A Zebrowski,432,ROM,Rome Emperors,Emperors,SAL,116,C,Catcher,C,23,372,118,178,0,4,0.29200000000000004,23,7,8,41,1443,3.8789999999999996,0.091,0.29300000000000004,0.027,0.312,0.14100000000000001,4,2,46,702,226,222,10,13,81,15,0,33,24,88,69,43,10,3,10,109,34,0,72,0.22,327,0.304,0.361,0.6649999999999999,1,2,0.6669999999999999,0.33299999999999996,8,42,1.1700000000000002,0,32.7,2024,116,South Atlantic League,High-A,700845-2024-116
2024,694218,Yeison Morrobel,player,26,Yeison Morrobel,Yeison,Morrobel,Yeison,Y Morrobel,448,HIC,Hickory Crawdads,Crawdads,SAL,116,RF,Outfielder,OF,20,471,136,184,0,4,0.258,29,8,3,67,1739,3.6919999999999997,0.081,0.225,0.019,0.358,0.112,2,1,69,835,215,319,33,31,97,14,0,42,33,115,133,42,20,0,9,106,38,1,89,0.21100000000000002,421,0.28700000000000003,0.323,0.61,4,7,0.636,0.364,3,52,0.73,0,46.78,2024,116,South Atlantic League,High-A,694218-2024-116
2024,694742,Josh Moylan,player,27,Josh Moylan,Joshua,Moylan,Josh,J Moylan,537,HV,Hudson Valley Renegades,Renegades,SAL,116,1B,First Base,1B,21,406,130,175,0,4,0.323,28,6,6,57,1564,3.8519999999999994,0.135,0.251,0.02,0.539,0.135,3,2,42,680,191,243,13,16,88,14,0,44,26,101,71,52,18,2,8,102,55,1,84,0.24600000000000002,341,0.357,0.381,0.738,3,3,0.5,0.5,6,42,1.24,0,42.620000000000005,2024,116,South Atlantic League,High-A,694742-2024-116
2024,691385,Ronald Rosario,player,27,Ronald Rosario,Ronald,Rosario,Ronald,R Rosario,428,GVL,Greenville Drive,Drive,SAL,116,C,Catcher,C,21,427,140,177,0,3,0.28700000000000003,28,2,13,58,1551,3.6319999999999997,0.07500000000000001,0.192,0.019,0.39,0.115,3,2,56,793,197,311,13,19,128,17,0,42,36,99,88,43,19,1,8,82,32,0,95,0.24400000000000002,390,0.302,0.359,0.6609999999999999,1,2,0.6669999999999999,0.33299999999999996,13,63,1.45,0,48.75,2024,116,South Atlantic League,High-A,691385-2024-116
2024,694214,Samuel Zavala,player,27,Samuel Zavala,Samuel,Zavala,Samuel,S Zavala,580,WS,Winston-Salem Dash,Dash,SAL,116,CF,Outfielder,CF,19,467,113,181,2,2,0.234,25,5,1,58,1971,4.221,0.17800000000000002,0.223,0.017,0.7979999999999999,0.115,7,0,61,682,156,275,28,10,106,12,0,39,19,111,99,59,15,2,8,104,83,0,70,0.187,375,0.33999999999999997,0.301,0.641,5,14,0.737,0.263,1,39,1.07,0,46.879999999999995,2024,116,South Atlantic League,High-A,694214-2024-116
2024,801523,Chris Suero,player,30,Chris Suero,Christopher,Suero,Chris,C Suero,453,BRK,Brooklyn Cyclones,Cyclones,SAL,116,C,Catcher,C,20,357,103,144,0,4,0.28700000000000003,20,7,11,58,1428,4,0.14600000000000002,0.23,0.02,0.634,0.12200000000000001,6,1,51,655,194,216,21,22,55,17,0,25,25,87,94,42,11,2,7,82,52,0,67,0.228,294,0.353,0.35,0.703,6,15,0.714,0.28600000000000003,11,45,0.59,0,42,2024,116,South Atlantic League,High-A,801523-2024-116
2024,691645,Jefrey De Los Santos,player,31,Jefrey De Los Santos,Jefrey,De Los Santos,Jefrey,J De Los Santos,453,BRK,Brooklyn Cyclones,Cyclones,SAL,116,2B,Second Base,SS,21,358,104,159,0,4,0.257,28,6,4,46,1448,4.045,0.095,0.274,0.017,0.347,0.137,2,0,46,680,216,220,29,17,67,12,2,35,12,93,92,32,19,3,6,98,34,0,61,0.194,314,0.28200000000000003,0.33099999999999996,0.613,2,3,0.6,0.4,4,39,0.73,0,52.33,2024,116,South Atlantic League,High-A,691645-2024-116
2024,690983,Hunter Haas,player,31,Hunter Haas,Hunter,Haas,Hunter,H Haas,2498,BG,Bowling Green Hot Rods,Hot Rods,SAL,116,SS,Shortstop,SS,22,416,109,164,3,6,0.254,25,9,1,47,1622,3.8989999999999996,0.08700000000000001,0.264,0.014,0.327,0.10800000000000001,5,2,85,782,240,261,26,15,65,11,0,40,19,108,126,36,17,2,6,110,36,0,70,0.193,362,0.278,0.301,0.5790000000000001,4,11,0.733,0.267,1,41,0.52,0,60.33,2024,116,South Atlantic League,High-A,690983-2024-116
2024,694991,Mitch Jebb,player,31,Mitch Jebb,Mitchell,Jebb,Mitch,M Jebb,477,GBO,Greensboro Grasshoppers,Grasshoppers,SAL,116,2B,Second Base,SS,22,497,153,194,4,3,0.309,25,3,7,71,1806,3.634,0.113,0.191,0.012,0.589,0.10200000000000001,11,0,68,755,166,343,20,31,115,11,0,52,46,113,119,76,12,7,6,95,56,0,109,0.253,431,0.34099999999999997,0.355,0.696,8,43,0.8430000000000001,0.15700000000000003,7,42,0.97,0,71.83,2024,116,South Atlantic League,High-A,694991-2024-116
2024,691708,Junior Tilien,player,31,Junior Tilien,Junior,Tilien,Junior,J Tilien,453,BRK,Brooklyn Cyclones,Cyclones,SAL,116,2B,Second Base,SS,21,440,130,209,0,5,0.277,25,2,10,68,1634,3.714,0.091,0.193,0.014,0.47100000000000003,0.09899999999999999,4,0,64,766,172,313,31,27,100,19,1,42,29,109,122,37,17,2,6,85,40,0,91,0.232,393,0.302,0.33099999999999996,0.633,1,4,0.8,0.2,10,42,0.8200000000000001,0,65.5,2024,116,South Atlantic League,High-A,691708-2024-116
2024,677356,Carter Young,player,31,Carter Young,Carter,Young,Carter,C Young,488,ABD,Aberdeen IronBirds,IronBirds,SAL,116,SS,Shortstop,SS,23,398,116,170,0,3,0.276,25,2,5,42,1554,3.905,0.083,0.269,0.015,0.308,0.114,1,1,53,778,237,256,13,20,95,14,1,36,24,100,86,31,15,4,6,107,33,0,75,0.20800000000000002,360,0.276,0.322,0.598,7,17,0.708,0.29200000000000004,5,38,1.1,0,60,2024,116,South Atlantic League,High-A,677356-2024-116
2024,687201,Kevin Kilpatrick Jr.,player,36,Kevin Kilpatrick Jr.,Kevin,Kilpatrick,Kevin,K Kilpatrick Jr.,432,ROM,Rome Emperors,Emperors,SAL,116,CF,Outfielder,OF,23,542,159,202,0,4,0.322,30,8,10,64,2072,3.823,0.094,0.258,0.009,0.364,0.094,8,0,71,1015,323,343,7,21,130,19,0,50,45,118,99,78,20,5,5,140,51,0,114,0.23800000000000002,479,0.319,0.33199999999999996,0.651,9,50,0.8470000000000001,0.15300000000000002,10,46,1.31,0,95.8,2024,116,South Atlantic League,High-A,687201-2024-116
2024,688500,Stephen Paolini,player,36,Stephen Paolini,Stephen,Paolini,Stephen,S Paolini,432,ROM,Rome Emperors,Emperors,SAL,116,RF,Outfielder,CF,23,404,113,188,0,4,0.32999999999999996,24,3,7,45,1620,4.01,0.116,0.324,0.012,0.359,0.10300000000000001,4,3,41,764,253,223,13,15,77,15,0,41,21,102,69,51,17,2,5,131,47,2,77,0.22,350,0.314,0.323,0.637,2,20,0.909,0.091,7,44,1.12,0,70,2024,116,South Atlantic League,High-A,688500-2024-116
2024,694884,Jalen Vasquez,player,38,Jalen Vasquez,Jalen,Vasquez,Jalen,J Vasquez,488,ABD,Aberdeen IronBirds,IronBirds,SAL,116,SS,Shortstop,SS,22,356,99,129,0,2,0.308,23,3,1,26,1520,4.2700000000000005,0.15200000000000002,0.278,0.011,0.545,0.118,4,0,50,646,194,199,18,10,57,10,0,36,18,96,78,43,15,4,4,99,54,0,64,0.21600000000000003,296,0.34099999999999997,0.33399999999999996,0.6749999999999999,8,35,0.8140000000000001,0.186,1,30,0.73,1,74,2024,116,South Atlantic League,High-A,694884-2024-116
2024,702708,Emaarion Boyd,player,39,Emaarion Boyd,Emaarion,Boyd,Emaarion,E Boyd,427,JS,Jersey Shore BlueClaws,BlueClaws,SAL,116,CF,Outfielder,LF,20,400,116,163,5,3,0.29700000000000004,21,14,8,56,1394,3.485,0.068,0.195,0.008,0.346,0.091,9,2,37,699,168,281,27,14,119,3,1,47,33,96,78,52,13,5,3,78,27,0,84,0.23900000000000002,351,0.316,0.32999999999999996,0.646,12,27,0.692,0.308,8,40,1.53,0,117,2024,116,South Atlantic League,High-A,702708-2024-116
2024,694754,Sabin Ceballos,player,39,Sabin Ceballos,Sabin,Ceballos,Sabin,S Ceballos,432,ROM,Rome Emperors,Emperors,SAL,116,3B,Third Base,3B,21,377,116,139,0,1,0.323,24,11,4,48,1521,4.034,0.098,0.191,0.008,0.514,0.095,2,1,54,620,130,257,22,13,83,16,0,49,20,84,89,54,20,1,3,72,37,0,85,0.259,328,0.353,0.354,0.707,3,9,0.75,0.25,4,30,0.93,0,109.33,2024,116,South Atlantic League,High-A,694754-2024-116
2024,694230,Hendry Mendez,player,39,Hendry Mendez,Hendry,Mendez,Hendry,H Mendez,427,JS,Jersey Shore BlueClaws,BlueClaws,SAL,116,DH,Designated Hitter,OF,20,373,124,132,0,2,0.32999999999999996,25,2,9,51,1341,3.5949999999999998,0.139,0.139,0.008,1,0.10700000000000001,7,0,30,612,118,267,9,19,119,10,1,35,44,90,58,49,19,3,3,52,52,1,90,0.28400000000000003,317,0.386,0.391,0.777,0,3,1,0,9,41,2.05,0,105.66999999999999,2024,116,South Atlantic League,High-A,694230-2024-116
2024,703492,Nick Morabito,player,39,Nick Morabito,Nicholas,Morabito,Nick,N Morabito,453,BRK,Brooklyn Cyclones,Cyclones,SAL,116,CF,Outfielder,LF,21,427,141,130,0,1,0.366,21,6,3,33,1620,3.794,0.098,0.187,0.007,0.525,0.08,10,0,38,736,137,298,10,21,118,10,1,55,45,95,69,60,15,3,3,80,42,1,111,0.29400000000000004,377,0.373,0.374,0.747,11,48,0.8140000000000001,0.186,3,22,1.71,1,125.66999999999999,2024,116,South Atlantic League,High-A,703492-2024-116
2024,801600,Bryce Willits,player,39,Bryce Willits,Bryce,Willits,Bryce,B Willits,580,WS,Winston-Salem Dash,Dash,SAL,116,1B,First Base,3B,24,379,110,151,1,8,0.311,19,3,1,39,1445,3.8129999999999997,0.10600000000000001,0.21400000000000002,0.008,0.494,0.089,6,0,48,650,127,255,27,12,87,10,2,37,32,94,87,40,12,4,3,81,40,0,81,0.24800000000000003,327,0.328,0.33599999999999997,0.6639999999999999,3,6,0.6669999999999999,0.33299999999999996,1,35,1,0,109,2024,116,South Atlantic League,High-A,801600-2024-116
2024,688394,Jordan Sprinkle,player,44,Jordan Sprinkle,Jordan,Sprinkle,Jordan,J Sprinkle,580,WS,Winston-Salem Dash,Dash,SAL,116,SS,Shortstop,SS,23,384,93,141,6,2,0.266,19,6,3,50,1364,3.5519999999999996,0.096,0.21100000000000002,0.005,0.457,0.07200000000000001,10,3,65,687,208,260,28,15,83,8,0,39,22,92,108,44,16,1,2,81,37,0,69,0.20700000000000002,333,0.29600000000000004,0.279,0.5750000000000001,5,27,0.8440000000000001,0.15600000000000003,3,29,0.77,0,166.5,2024,116,South Atlantic League,High-A,688394-2024-116
2024,703151,William Bergolla Jr.,player,45,William Bergolla Jr.,William,Bergolla,William,W Bergolla Jr.,580,WS,Winston-Salem Dash,Dash,SAL,116,SS,Shortstop,2B,19,357,118,144,9,6,0.33199999999999996,18,3,5,69,1285,3.5989999999999998,0.081,0.10600000000000001,0.003,0.763,0.081,4,0,47,559,68,287,22,24,101,8,1,46,38,89,93,45,12,5,1,38,29,0,93,0.3,310,0.359,0.381,0.74,6,27,0.8180000000000001,0.182,5,40,1.09,0,310,2024,116,South Atlantic League,High-A,703151-2024-116
2024,701701,Quincy Scott,player,45,Quincy Scott,Quincy,Scott,Quincy,Q Scott,448,HIC,Hickory Crawdads,Crawdads,SAL,116,LF,Outfielder,OF,21,383,89,136,0,5,0.29300000000000004,15,11,6,45,1471,3.8409999999999997,0.112,0.232,0.003,0.48300000000000004,0.056,6,0,45,620,189,240,13,20,91,4,0,42,25,103,78,29,13,1,1,89,43,0,71,0.21900000000000003,324,0.326,0.275,0.601,4,10,0.714,0.28600000000000003,6,41,1.1700000000000002,0,324,2024,116,South Atlantic League,High-A,701701-2024-116
2024,678021,Nicholas Northcut,player,1,Nicholas Northcut,Nicholas,Northcut,Nicholas,N Northcut,498,CHA,Chattanooga Lookouts,Lookouts,SOU,111,3B,Third Base,3B,25,425,172,176,0,0,0.20700000000000002,43,6,5,45,1519,3.574,0.066,0.301,0.061,0.21900000000000003,0.24800000000000003,2,1,67,866,320,263,38,21,62,35,0,26,14,107,126,45,15,2,26,128,28,1,75,0.192,391,0.256,0.44,0.696,0,0,,,5,65,0.49,0,15.04,2024,111,Southern League,Double-A,678021-2024-111
2024,691788,Joe Mack,player,2,Joe Mack,Joseph,Mack,Joe,J Mack,4124,PNS,Pensacola Blue Wahoos,Blue Wahoos,SOU,111,C,Catcher,C,21,475,193,179,0,1,0.28600000000000003,47,5,11,66,1844,3.8819999999999997,0.097,0.257,0.046,0.377,0.21500000000000002,1,0,54,916,281,302,20,22,104,32,1,44,25,112,96,63,25,0,22,122,46,2,102,0.24100000000000002,423,0.322,0.456,0.778,0,2,1,0,11,65,1.08,0,19.23,2024,111,Southern League,Double-A,691788-2024-111
2024,700246,Carson Williams,player,3,Carson Williams,Carson,Williams,Carson,C Williams,421,MTG,Montgomery Biscuits,Biscuits,SOU,111,SS,Shortstop,SS,21,505,203,171,0,5,0.33199999999999996,46,9,2,54,2084,4.126999999999999,0.115,0.28500000000000003,0.04,0.403,0.21200000000000002,4,1,59,892,298,294,20,26,78,31,1,50,29,115,105,83,20,6,20,144,58,1,111,0.256,433,0.352,0.46900000000000003,0.8210000000000001,11,33,0.75,0.25,2,69,0.74,0,21.650000000000002,2024,111,Southern League,Double-A,700246-2024-111
2024,694385,Brock Wilken,player,4,Brock Wilken,Brock,Wilken,Brock,B Wilken,5015,BLX,Biloxi Shuckers,Shuckers,SOU,111,3B,Third Base,3B,22,471,146,188,0,2,0.24800000000000003,32,4,10,71,1911,4.0569999999999995,0.134,0.28200000000000003,0.036,0.47400000000000003,0.164,5,0,65,774,235,271,32,11,83,23,0,38,19,108,108,58,15,0,17,133,63,0,80,0.199,402,0.312,0.363,0.6749999999999999,0,1,1,0,10,51,0.77,0,23.650000000000002,2024,111,Southern League,Double-A,694385-2024-111
2024,687272,Tucker Flint,player,5,Tucker Flint,Tucker,Flint,Tucker,T Flint,559,RCT,Rocket City Trash Pandas,Trash Pandas,SOU,111,RF,Outfielder,OF,23,506,177,188,1,3,0.33999999999999997,38,9,3,57,2054,4.059,0.14,0.29600000000000004,0.032,0.47300000000000003,0.17300000000000001,2,0,46,896,297,276,21,23,82,28,0,52,24,121,90,61,19,3,16,150,71,0,104,0.24600000000000002,422,0.364,0.41900000000000004,0.7829999999999999,8,15,0.652,0.348,3,58,0.91,0,26.38,2024,111,Southern League,Double-A,687272-2024-111
2024,687210,Nathan Martorella,player,5,Nathan Martorella,Nathan,Martorella,Nathan,N Martorella,4124,PNS,Pensacola Blue Wahoos,Blue Wahoos,SOU,111,1B,First Base,1B,23,420,142,175,0,4,0.226,28,5,9,57,1593,3.793,0.079,0.188,0.038,0.41800000000000004,0.161,5,1,75,764,188,303,36,28,83,19,0,38,24,102,139,46,11,1,16,79,33,0,81,0.21400000000000002,378,0.28300000000000003,0.376,0.659,0,5,1,0,9,41,0.6,0,23.62,2024,111,Southern League,Double-A,687210-2024-111
2024,691442,Wilfred Veras,player,5,Wilfred Veras,Wilfred,Veras,Wilfred,W Veras,247,BIR,Birmingham Barons,Barons,SOU,111,RF,Outfielder,OF,21,536,208,231,0,5,0.33799999999999997,44,6,15,87,1957,3.651,0.063,0.261,0.03,0.24300000000000002,0.15700000000000003,6,1,64,1092,362,356,21,11,129,30,0,58,43,128,96,62,27,1,16,140,34,2,131,0.267,491,0.319,0.42400000000000004,0.743,9,25,0.735,0.265,15,60,1.34,0,30.69,2024,111,Southern League,Double-A,691442-2024-111
2024,672569,Gustavo Campero,player,8,Gustavo Campero,Gustavo,Campero,Gustavo,G Campero,559,RCT,Rocket City Trash Pandas,Trash Pandas,SOU,111,LF,Outfielder,C,26,373,154,122,2,0,0.307,35,20,3,45,1387,3.718,0.10500000000000001,0.161,0.038,0.65,0.21500000000000002,3,2,45,690,167,254,22,20,80,21,0,35,31,93,87,56,17,4,14,60,39,1,87,0.279,312,0.394,0.494,0.888,7,29,0.806,0.194,3,45,0.92,0,22.29,2024,111,Southern League,Double-A,672569-2024-111
2024,676572,Eric Wagaman,player,8,Eric Wagaman,Eric,Wagaman,Eric,E Wagaman,559,RCT,Rocket City Trash Pandas,Trash Pandas,SOU,111,RF,Outfielder,1B,26,388,159,187,0,2,0.28700000000000003,39,2,15,51,1399,3.606,0.098,0.17800000000000002,0.036,0.551,0.199,4,0,65,632,140,279,15,15,94,20,1,38,31,94,95,56,23,2,14,69,38,0,90,0.26,346,0.33499999999999996,0.46,0.7949999999999999,3,9,0.75,0.25,15,46,0.99,0,24.71,2024,111,Southern League,Double-A,676572-2024-111
2024,667803,Ernesto Martinez Jr.,player,10,Ernesto Martinez Jr.,Ernesto,Martinez,Ernesto,E Martinez Jr.,5015,BLX,Biloxi Shuckers,Shuckers,SOU,111,1B,First Base,1B,25,457,187,220,0,3,0.322,45,13,13,72,1710,3.742,0.088,0.168,0.028,0.519,0.182,0,2,57,855,201,327,22,28,106,20,0,49,45,110,107,52,30,2,13,77,40,1,114,0.28400000000000003,401,0.365,0.466,0.8310000000000001,5,20,0.8,0.2,13,62,0.99,0,30.85,2024,111,Southern League,Double-A,667803-2024-111
2024,702333,Haydn McGeary,player,11,Haydn McGeary,Haydn,McGeary,Haydn,H McGeary,553,TNS,Tennessee Smokies,Smokies,SOU,111,1B,First Base,C,24,407,126,186,0,5,0.278,27,5,7,53,1626,3.9949999999999997,0.096,0.31,0.028999999999999998,0.31,0.14600000000000002,7,2,47,717,209,235,12,15,87,13,1,37,23,102,74,38,14,1,12,126,39,1,74,0.20800000000000002,356,0.29100000000000004,0.354,0.645,0,7,1,0,7,63,1.1800000000000002,2,29.67,2024,111,Southern League,Double-A,702333-2024-111
2024,682192,Paul McIntosh,player,11,Paul McIntosh,Paul,McIntosh,Paul,P McIntosh,4124,PNS,Pensacola Blue Wahoos,Blue Wahoos,SOU,111,C,Catcher,C,26,480,161,192,0,2,0.29100000000000004,32,10,19,62,1866,3.888,0.10400000000000001,0.198,0.025,0.526,0.139,4,0,57,829,228,325,28,19,118,19,0,46,38,117,104,50,18,2,12,95,50,1,103,0.24600000000000002,418,0.33999999999999997,0.385,0.725,3,8,0.727,0.273,19,55,1.1300000000000001,0,34.83,2024,111,Southern League,Double-A,682192-2024-111
2024,690988,Austin Hendrick,player,13,Austin Hendrick,Austin,Hendrick,Austin,A Hendrick,498,CHA,Chattanooga Lookouts,Lookouts,SOU,111,RF,Outfielder,OF,23,474,126,201,1,3,0.277,22,8,4,48,1726,3.641,0.053000000000000005,0.365,0.023,0.14500000000000002,0.101,2,0,68,978,411,268,42,10,66,18,1,41,22,121,120,42,11,0,11,173,25,1,82,0.188,437,0.24300000000000002,0.28800000000000003,0.531,7,14,0.6669999999999999,0.33299999999999996,4,30,0.55,0,39.730000000000004,2024,111,Southern League,Double-A,690988-2024-111
2024,681357,Cody Morissette,player,14,Cody Morissette,Cody,Morissette,Cody,C Morissette,4124,PNS,Pensacola Blue Wahoos,Blue Wahoos,SOU,111,2B,Second Base,SS,24,418,127,180,0,3,0.24900000000000003,29,5,3,53,1646,3.9379999999999997,0.07200000000000001,0.258,0.024,0.278,0.134,3,1,79,863,250,275,29,24,67,20,0,36,20,112,132,40,17,2,10,108,30,1,76,0.2,380,0.266,0.33399999999999996,0.6,3,16,0.8420000000000001,0.15800000000000003,3,46,0.51,0,38,2024,111,Southern League,Double-A,681357-2024-111
2024,676473,Lamar Sparks,player,14,Lamar Sparks,Lamar,Sparks,Lamar,L Sparks,5015,BLX,Biloxi Shuckers,Shuckers,SOU,111,RF,Outfielder,CF,25,392,150,193,0,2,0.384,30,0,11,55,1495,3.8139999999999996,0.084,0.29800000000000004,0.026000000000000002,0.28200000000000003,0.14300000000000002,2,0,37,731,230,242,17,16,73,20,0,49,30,103,70,45,19,1,10,117,33,1,99,0.277,357,0.33699999999999997,0.42000000000000004,0.757,8,12,0.6,0.4,11,43,1.04,0,35.7,2024,111,Southern League,Double-A,676473-2024-111
2024,694351,Jacob Berry,player,16,Jacob Berry,Jacob,Berry,Jacob,J Berry,4124,PNS,Pensacola Blue Wahoos,Blue Wahoos,SOU,111,RF,Outfielder,3B,23,425,139,165,0,1,0.28500000000000003,28,7,4,69,1576,3.708,0.07300000000000001,0.20500000000000002,0.021,0.356,0.12200000000000001,1,1,76,836,201,300,25,18,89,15,0,54,23,104,119,40,18,1,9,87,31,0,92,0.23800000000000002,386,0.306,0.36,0.6659999999999999,2,12,0.8570000000000001,0.14300000000000002,4,45,0.75,0,42.89,2024,111,Southern League,Double-A,694351-2024-111
2024,681371,Dom Keegan,player,16,Dom Keegan,Dominic,Keegan,Dom,D Keegan,421,MTG,Montgomery Biscuits,Biscuits,SOU,111,C,Catcher,C,23,442,163,151,0,10,0.34299999999999997,35,7,4,59,1755,3.9709999999999996,0.113,0.20400000000000001,0.02,0.556,0.14900000000000002,7,0,71,727,170,295,13,19,85,20,0,41,46,104,103,58,23,3,9,90,50,1,107,0.28500000000000003,375,0.371,0.43500000000000005,0.806,0,0,,,4,60,0.8300000000000001,0,41.67,2024,111,Southern League,Double-A,681371-2024-111
2024,695587,Bryson Horne,player,18,Bryson Horne,Bryson,Horne,Bryson,B Horne,430,MIS,Mississippi Braves,Braves,SOU,111,1B,First Base,1B,25,396,130,171,0,2,0.322,25,1,9,47,1492,3.7680000000000002,0.068,0.29000000000000004,0.02,0.23500000000000001,0.117,8,0,58,842,303,253,10,13,85,19,0,34,34,107,81,34,15,2,8,115,27,1,87,0.23800000000000002,366,0.29000000000000004,0.355,0.645,2,6,0.75,0.25,9,48,1.05,0,45.75,2024,111,Southern League,Double-A,695587-2024-111
2024,805300,Jakob Marsee,player,19,Jakob Marsee,Jakob,Marsee,Jakob,J Marsee,4124,PNS,Pensacola Blue Wahoos,Blue Wahoos,SOU,111,CF,Outfielder,CF,23,401,97,102,3,2,0.23700000000000002,19,15,1,30,1664,4.1499999999999995,0.15200000000000002,0.227,0.017,0.6699999999999999,0.116,3,0,59,697,153,234,29,18,68,16,1,19,24,91,106,61,8,4,7,91,61,0,60,0.188,320,0.34199999999999997,0.303,0.645,6,32,0.8420000000000001,0.15800000000000003,1,37,0.64,0,45.71,2024,111,Southern League,Double-A,805300-2024-111
2024,695020,Tanner Murray,player,19,Tanner Murray,Tanner,Murray,Tanner,T Murray,421,MTG,Montgomery Biscuits,Biscuits,SOU,111,2B,Second Base,LF,24,448,178,187,0,3,0.33499999999999996,39,4,6,68,1512,3.3749999999999996,0.047,0.163,0.016,0.28800000000000003,0.133,6,1,58,810,189,350,25,39,106,14,1,61,46,111,122,56,29,3,7,73,21,0,122,0.29000000000000004,420,0.328,0.42400000000000004,0.752,0,4,1,0,6,66,0.8700000000000001,0,60,2024,111,Southern League,Double-A,695020-2024-111
2024,701649,James Triantos,player,19,James Triantos,James,Triantos,James,J Triantos,553,TNS,Tennessee Smokies,Smokies,SOU,111,2B,Second Base,2B,21,391,156,163,0,6,0.314,30,8,11,81,1366,3.4939999999999998,0.051000000000000004,0.097,0.018000000000000002,0.526,0.137,4,1,53,693,90,325,21,30,114,15,1,50,41,89,104,63,18,5,7,38,20,0,107,0.3,357,0.345,0.43700000000000006,0.7819999999999999,7,38,0.8440000000000001,0.15600000000000003,11,40,1.1,0,51,2024,111,Southern League,Double-A,701649-2024-111
2024,681047,Christian Franklin,player,22,Christian Franklin,Christian,Franklin,Christian,C Franklin,553,TNS,Tennessee Smokies,Smokies,SOU,111,RF,Outfielder,LF,24,427,127,128,0,3,0.344,22,6,13,48,1717,4.021,0.166,0.20800000000000002,0.012,0.7979999999999999,0.098,3,1,32,661,169,261,6,14,116,15,0,36,42,98,52,63,15,2,5,89,71,0,93,0.268,347,0.398,0.366,0.764,7,34,0.8290000000000001,0.171,13,38,2.23,0,69.4,2024,111,Southern League,Double-A,681047-2024-111
2024,694378,Jacob Gonzalez,player,22,Jacob Gonzalez,Jacob,Gonzalez,Jacob,J Gonzalez,247,BIR,Birmingham Barons,Barons,SOU,111,SS,Shortstop,SS,22,407,117,118,2,7,0.24800000000000003,25,5,4,47,1586,3.897,0.06899999999999999,0.14,0.012,0.491,0.096,2,0,71,797,142,317,25,32,107,17,0,45,20,94,128,40,20,0,5,57,28,0,82,0.225,365,0.28400000000000003,0.321,0.605,5,10,0.6669999999999999,0.33299999999999996,4,42,0.8400000000000001,0,73,2024,111,Southern League,Double-A,694378-2024-111
2024,687862,Cody Milligan,player,22,Cody Milligan,Cody,Milligan,Cody,C Milligan,430,MIS,Mississippi Braves,Braves,SOU,111,CF,Outfielder,2B,25,426,139,153,1,1,0.318,29,3,5,43,1597,3.749,0.07700000000000001,0.24400000000000002,0.012,0.317,0.116,1,0,69,811,216,286,15,20,88,14,0,47,33,105,104,45,18,6,5,104,33,0,94,0.24200000000000002,388,0.306,0.358,0.6639999999999999,8,38,0.8260000000000001,0.17400000000000002,5,38,0.8500000000000001,0,77.6,2024,111,Southern League,Double-A,687862-2024-111
2024,695299,Terrell Tatum,player,22,Terrell Tatum,Terrell,Tatum,Terrell,T Tatum,247,BIR,Birmingham Barons,Barons,SOU,111,RF,Outfielder,OF,24,495,130,185,3,0,0.302,23,3,5,53,1927,3.893,0.119,0.263,0.01,0.454,0.084,4,3,62,806,247,303,20,18,109,13,1,35,45,116,100,59,15,3,5,130,59,0,94,0.21900000000000003,430,0.317,0.302,0.619,8,30,0.7889999999999999,0.21100000000000002,5,43,1.09,0,86,2024,111,Southern League,Double-A,695299-2024-111
2024,687521,Eric Brown Jr.,player,26,Eric Brown Jr.,Eric,Brown,Eric,E Brown Jr.,5015,BLX,Biloxi Shuckers,Shuckers,SOU,111,SS,Shortstop,SS,23,441,102,188,0,4,0.221,21,6,3,57,1616,3.664,0.093,0.188,0.009,0.494,0.07700000000000001,5,0,74,761,174,311,42,29,94,17,1,33,21,105,145,47,16,1,4,83,41,1,72,0.185,390,0.27,0.262,0.532,8,20,0.714,0.28600000000000003,3,38,0.65,0,97.5,2024,111,Southern League,Double-A,687521-2024-111
2024,694848,Sam Brown,player,26,Sam Brown,Samuel,Brown,Sam,S Brown,559,RCT,Rocket City Trash Pandas,Trash Pandas,SOU,111,1B,First Base,1B,22,505,133,208,2,7,0.266,29,12,16,66,1841,3.646,0.08700000000000001,0.20800000000000002,0.008,0.41900000000000004,0.089,6,0,71,957,240,344,18,30,131,13,0,52,29,126,119,44,23,2,4,105,44,0,94,0.21400000000000002,440,0.29800000000000004,0.302,0.6,0,5,1,0,16,53,1.1,0,110,2024,111,Southern League,Double-A,694848-2024-111
2024,667240,Jason Matthews,player,26,Jason Matthews,Jason,Matthews,Jason,J Matthews,247,BIR,Birmingham Barons,Barons,SOU,111,3B,Third Base,SS,27,418,96,185,6,3,0.273,15,6,4,49,1648,3.943,0.10300000000000001,0.28,0.01,0.368,0.07200000000000001,1,0,68,741,224,252,24,18,72,14,1,32,23,117,110,41,8,3,4,117,43,0,70,0.194,360,0.28900000000000003,0.267,0.556,2,8,0.8,0.2,4,31,0.65,0,90,2024,111,Southern League,Double-A,667240-2024-111
2024,695462,Cal Conley,player,29,Cal Conley,Calvin,Conley,Cal,C Conley,430,MIS,Mississippi Braves,Braves,SOU,111,SS,Shortstop,SS,24,515,144,186,4,5,0.29200000000000004,25,1,7,50,1882,3.654,0.083,0.17700000000000002,0.006,0.47300000000000003,0.06899999999999999,6,1,71,953,219,380,20,29,148,13,0,57,42,126,120,54,21,1,3,91,43,0,112,0.24200000000000002,462,0.305,0.312,0.617,10,42,0.808,0.192,7,35,1.23,0,154,2024,111,Southern League,Double-A,695462-2024-111
2024,687152,Darrien Miller,player,30,Darrien Miller,Darrien,Miller,Darrien,D Miller,5015,BLX,Biloxi Shuckers,Shuckers,SOU,111,C,Catcher,C,23,403,89,146,2,3,0.28,19,28,4,50,1703,4.226,0.15900000000000003,0.203,0.005,0.7799999999999999,0.07800000000000001,2,0,55,571,107,229,18,24,67,13,0,37,15,93,97,51,16,1,2,82,64,0,65,0.21200000000000002,306,0.392,0.29100000000000004,0.6829999999999999,0,2,1,0,4,29,0.69,0,153,2024,111,Southern League,Double-A,687152-2024-111
2024,694478,Michael Turner,player,30,Michael Turner,Michael,Turner,Michael,M Turner,247,BIR,Birmingham Barons,Barons,SOU,111,C,Catcher,C,25,385,93,139,0,2,0.277,16,3,5,55,1647,4.2780000000000005,0.13,0.2,0.005,0.649,0.064,6,0,46,655,129,255,10,18,109,10,1,31,30,96,74,38,13,1,2,77,50,0,72,0.21800000000000003,330,0.325,0.28200000000000003,0.607,0,6,1,0,5,33,1.47,0,165,2024,111,Southern League,Double-A,694478-2024-111
2024,677605,Luis Verdugo,player,30,Luis Verdugo,Luis,Verdugo,Luis,L Verdugo,553,TNS,Tennessee Smokies,Smokies,SOU,111,3B,Third Base,3B,23,447,133,199,0,6,0.304,24,2,12,70,1670,3.7359999999999998,0.07600000000000001,0.166,0.004,0.459,0.07200000000000001,3,2,81,749,149,337,17,28,107,11,0,59,34,109,126,34,21,1,2,74,34,0,104,0.257,405,0.313,0.328,0.641,2,4,0.6669999999999999,0.33299999999999996,12,42,0.8500000000000001,0,202.5,2024,111,Southern League,Double-A,677605-2024-111
2024,687248,Keshawn Ogans,player,33,Keshawn Ogans,Keshawn,Ogans,Keshawn,K Ogans,430,MIS,Mississippi Braves,Braves,SOU,111,3B,Third Base,SS,22,393,98,168,1,1,0.273,16,7,11,67,1473,3.748,0.06899999999999999,0.191,0.003,0.36,0.056,4,0,77,752,198,284,25,18,86,10,0,37,31,100,120,40,13,2,1,75,27,0,78,0.21800000000000003,357,0.28600000000000003,0.275,0.561,8,16,0.6669999999999999,0.33299999999999996,11,26,0.72,0,357,2024,111,Southern League,Double-A,687248-2024-111
2024,703185,Nelson Rada,player,33,Nelson Rada,Nelson,Rada,Nelson,N Rada,559,RCT,Rocket City Trash Pandas,Trash Pandas,SOU,111,CF,Outfielder,CF,18,502,115,161,4,5,0.314,13,8,8,44,1913,3.8109999999999995,0.114,0.233,0.002,0.48700000000000004,0.034999999999999996,4,1,39,916,252,320,14,27,140,8,0,48,44,123,80,53,12,0,1,117,57,0,100,0.234,428,0.33099999999999996,0.269,0.6,11,35,0.761,0.23900000000000002,8,31,1.75,0,428,2024,111,Southern League,Double-A,703185-2024-111
2024,681333,Dru Baker,player,35,Dru Baker,Dru,Baker,Dru,Dr Baker,421,MTG,Montgomery Biscuits,Biscuits,SOU,111,LF,Outfielder,CF,24,467,139,152,2,3,0.369,15,4,8,60,1781,3.8139999999999996,0.07300000000000001,0.20600000000000002,0,0.354,0.04,3,2,56,871,204,333,8,26,121,9,2,45,66,110,90,50,13,2,0,96,34,0,122,0.28800000000000003,424,0.344,0.328,0.6719999999999999,12,42,0.778,0.222,8,44,1.34,0,,2024,111,Southern League,Double-A,681333-2024-111
2024,699471,Ivan Melendez,player,1,Ivan Melendez,Raul,Melendez,Ivan,I Melendez,5368,AMA,Amarillo Sod Poodles,Sod Poodles,TEX,109,3B,Third Base,1B,24,442,173,196,0,0,0.29900000000000004,33,9,13,53,1635,3.699,0.07700000000000001,0.301,0.05,0.256,0.195,4,1,57,937,320,266,22,14,78,30,0,43,22,107,93,58,10,1,22,133,34,0,95,0.23800000000000002,399,0.312,0.43400000000000005,0.746,1,3,0.75,0.25,13,47,0.8400000000000001,0,18.14,2024,109,Texas League,Double-A,699471-2024-109
2024,694374,Tim Tawa,player,2,Tim Tawa,Timothy,Tawa,Tim,T Tawa,5368,AMA,Amarillo Sod Poodles,Sod Poodles,TEX,109,2B,Second Base,LF,25,456,200,143,0,1,0.305,45,4,10,52,1743,3.8219999999999996,0.088,0.21100000000000002,0.046,0.41700000000000004,0.21700000000000003,5,0,56,849,245,316,24,19,106,25,0,55,31,105,99,62,22,2,21,96,40,0,111,0.27,411,0.33999999999999997,0.48700000000000004,0.8270000000000001,6,11,0.647,0.353,10,64,1.07,0,19.57,2024,109,Texas League,Double-A,694374-2024-109
2024,681134,Caleb Roberts,player,3,Caleb Roberts,Caleb,Roberts,Caleb,C Roberts,5368,AMA,Amarillo Sod Poodles,Sod Poodles,TEX,109,C,Catcher,OF,24,485,189,192,1,5,0.28800000000000003,44,8,8,56,1857,3.8289999999999997,0.113,0.24700000000000003,0.041,0.458,0.21200000000000002,4,3,53,892,252,302,21,14,113,26,1,56,18,113,88,68,20,4,20,120,55,1,101,0.24300000000000002,416,0.33899999999999997,0.454,0.7929999999999999,2,11,0.8460000000000001,0.15400000000000003,8,65,1.28,0,20.8,2024,109,Texas League,Double-A,681134-2024-109
2024,623507,Josh Lester,player,4,Josh Lester,Joshua,Lester,Josh,J Lester,1350,NWA,Northwest Arkansas Naturals,Naturals,TEX,109,3B,Third Base,1B,29,454,185,173,0,7,0.29100000000000004,41,3,5,56,1716,3.7800000000000002,0.088,0.198,0.04,0.444,0.196,6,0,77,897,232,320,37,20,80,28,0,57,21,112,134,57,21,2,18,90,40,0,106,0.263,403,0.329,0.459,0.7879999999999999,0,2,1,0,5,70,0.6,1,22.39,2024,109,Texas League,Double-A,623507-2024-109
2024,694673,Abimelec Ortiz,player,4,Abimelec Ortiz,Abimelec,Ortiz,Abimelec,A Ortiz,540,FRI,Frisco RoughRiders,RoughRiders,TEX,109,1B,First Base,1B,22,476,181,178,0,3,0.28,41,4,6,55,1903,3.9979999999999998,0.10500000000000001,0.21800000000000003,0.038,0.48100000000000004,0.189,0,0,79,918,236,318,24,16,97,25,1,56,20,115,119,68,21,2,18,104,50,0,102,0.24300000000000002,419,0.328,0.43200000000000005,0.76,4,2,0.33299999999999996,0.6669999999999999,6,64,0.8200000000000001,0,23.279999999999998,2024,109,Texas League,Double-A,694673-2024-109
2024,651016,Matt Lloyd,player,6,Matt Lloyd,Matthew,Lloyd,Matt,M Lloyd,440,SPR,Springfield Cardinals,Cardinals,TEX,109,DH,Designated Hitter,3B,28,486,187,214,0,10,0.305,42,7,8,79,1947,4.006,0.115,0.202,0.034999999999999996,0.5710000000000001,0.184,3,0,73,833,195,325,28,16,97,19,0,60,32,120,117,70,25,0,17,98,56,1,111,0.269,413,0.358,0.453,0.811,2,16,0.889,0.111,8,77,0.8300000000000001,0,24.29,2024,109,Texas League,Double-A,651016-2024-109
2024,682947,Jose Ramos,player,6,Jose Ramos,Jose,Ramos,Jose,J Ramos,260,TUL,Tulsa Drillers,Drillers,TEX,109,CF,Outfielder,CF,23,506,172,233,0,5,0.313,38,1,8,63,1988,3.929,0.113,0.33999999999999997,0.034,0.33099999999999996,0.167,3,2,66,948,369,276,17,16,79,29,0,44,25,123,99,57,19,2,17,172,57,1,98,0.221,443,0.308,0.388,0.696,5,7,0.583,0.41700000000000004,8,64,0.8,0,26.06,2024,109,Texas League,Double-A,682947-2024-109
2024,691021,A.J. Vukovich,player,6,A.J. Vukovich,Aaron,Vukovich,A.J.,A Vukovich,5368,AMA,Amarillo Sod Poodles,Sod Poodles,TEX,109,LF,Outfielder,OF,22,512,209,192,0,4,0.366,49,4,12,55,2112,4.124999999999999,0.094,0.29900000000000004,0.033,0.314,0.189,5,1,45,1036,342,307,9,16,114,25,0,61,37,121,70,59,29,3,17,153,48,1,123,0.27,456,0.34199999999999997,0.458,0.8,3,6,0.6669999999999999,0.33299999999999996,12,80,1.6300000000000001,0,26.82,2024,109,Texas League,Double-A,691021-2024-109
2024,686770,Dillan Shrum,player,9,Dillan Shrum,Dillan,Shrum,Dillan,D Shrum,1350,NWA,Northwest Arkansas Naturals,Naturals,TEX,109,1B,First Base,1B,26,457,166,188,0,3,0.321,38,12,9,50,1823,3.989,0.098,0.315,0.034999999999999996,0.313,0.184,6,0,62,841,292,256,14,18,69,35,1,42,15,111,94,60,19,3,16,144,45,0,93,0.234,397,0.328,0.41800000000000004,0.746,0,0,,,9,57,0.73,0,24.810000000000002,2024,109,Texas League,Double-A,686770-2024-109
2024,688457,Gavin Cross,player,10,Gavin Cross,Gavin,Cross,Gavin,G Cross,1350,NWA,Northwest Arkansas Naturals,Naturals,TEX,109,RF,Outfielder,OF,23,436,164,183,0,4,0.318,34,4,2,56,1632,3.7430000000000003,0.10300000000000001,0.24100000000000002,0.034,0.42900000000000005,0.167,2,2,57,821,244,282,27,20,78,21,1,52,26,101,104,54,19,0,15,105,45,4,100,0.261,383,0.34199999999999997,0.42800000000000005,0.77,2,30,0.9380000000000001,0.063,2,59,0.75,0,25.53,2024,109,Texas League,Double-A,688457-2024-109
2024,676812,Carson McCusker,player,10,Carson McCusker,Carson,McCusker,Carson,C McCusker,3898,WCH,Wichita Wind Surge,Wind Surge,TEX,109,LF,Outfielder,LF,26,420,181,199,0,4,0.368,44,8,6,54,1642,3.9099999999999997,0.09,0.279,0.036,0.325,0.20800000000000002,5,0,42,776,242,257,14,27,70,17,3,49,35,98,83,56,26,3,15,117,38,0,104,0.281,370,0.357,0.48900000000000005,0.8460000000000001,7,7,0.5,0.5,6,64,0.8400000000000001,0,24.67,2024,109,Texas League,Double-A,676812-2024-109
2024,686810,Brennan Milone,player,10,Brennan Milone,Brennan,Milone,Brennan,B Milone,237,MID,Midland RockHounds,RockHounds,TEX,109,1B,First Base,3B,23,548,211,195,0,5,0.33599999999999997,46,6,12,64,2153,3.929,0.10800000000000001,0.21400000000000002,0.027,0.504,0.163,7,2,112,919,205,366,20,21,80,32,1,66,34,127,153,75,29,2,15,117,59,0,133,0.278,478,0.361,0.441,0.802,5,8,0.615,0.385,12,70,0.52,0,31.87,2024,109,Texas League,Double-A,686810-2024-109
2024,702112,Hogan Windish,player,10,Hogan Windish,Hogan,Windish,Hogan,H Windish,574,ARK,Arkansas Travelers,Travelers,TEX,109,1B,First Base,1B,25,518,167,237,0,5,0.309,41,12,12,64,2129,4.109999999999999,0.125,0.322,0.028999999999999998,0.389,0.165,4,1,54,965,345,274,16,23,86,24,0,44,27,124,93,66,25,1,15,167,65,0,95,0.21800000000000003,436,0.33199999999999996,0.383,0.715,2,19,0.905,0.095,12,62,0.92,0,29.07,2024,109,Texas League,Double-A,702112-2024-109
2024,694271,R.J. Yeager,player,10,R.J. Yeager,Ryan,Yeager,R.J.,R Yeager,440,SPR,Springfield Cardinals,Cardinals,TEX,109,1B,First Base,SS,25,467,169,224,0,5,0.261,32,8,12,93,1539,3.296,0.06899999999999999,0.128,0.032,0.533,0.14700000000000002,6,0,106,789,182,367,38,20,96,29,1,47,30,113,164,62,17,0,15,60,32,0,107,0.254,422,0.315,0.4,0.715,2,10,0.8330000000000001,0.167,12,65,0.59,0,28.130000000000003,2024,109,Texas League,Double-A,694271-2024-109
2024,683227,Cody Freeman,player,15,Cody Freeman,Cody,Freeman,Cody,C Freeman,540,FRI,Frisco RoughRiders,RoughRiders,TEX,109,3B,Third Base,3B,23,518,203,245,0,6,0.29900000000000004,49,5,16,84,2049,3.9559999999999995,0.07100000000000001,0.181,0.027,0.394,0.168,5,1,71,906,170,382,37,22,128,26,0,63,35,123,130,68,33,2,14,94,37,1,124,0.264,470,0.32,0.43200000000000005,0.752,1,15,0.9380000000000001,0.063,16,63,0.98,0,33.57,2024,109,Texas League,Double-A,683227-2024-109
2024,674976,Griffin Lockwood-Powell,player,15,Griffin Lockwood-Powell,Griffin,Lockwood-Powell,Griffin,G Lockwood-Powell,260,TUL,Tulsa Drillers,Drillers,TEX,109,1B,First Base,C,26,469,155,204,0,4,0.275,30,5,15,65,1886,4.021,0.085,0.23,0.03,0.37,0.138,5,1,80,861,196,316,26,21,92,26,0,49,22,111,127,49,16,0,14,108,40,0,97,0.231,420,0.303,0.369,0.6719999999999999,1,2,0.6669999999999999,0.33299999999999996,15,55,0.72,0,30,2024,109,Texas League,Double-A,674976-2024-109
2024,681123,Luca Tresh,player,15,Luca Tresh,Luca,Tresh,Luca,L Tresh,1350,NWA,Northwest Arkansas Naturals,Naturals,TEX,109,C,Catcher,C,24,400,151,170,1,6,0.301,34,4,8,60,1533,3.8329999999999997,0.093,0.24500000000000002,0.034999999999999996,0.378,0.17900000000000002,2,0,62,697,201,261,20,14,77,19,0,52,17,97,96,47,19,1,14,98,37,0,88,0.25,352,0.323,0.42900000000000005,0.752,0,0,,,8,58,0.8,0,25.14,2024,109,Texas League,Double-A,681123-2024-109
2024,686523,Peyton Wilson,player,15,Peyton Wilson,Peyton,Wilson,Peyton,P Wilson,1350,NWA,Northwest Arkansas Naturals,Naturals,TEX,109,LF,Outfielder,2B,24,517,167,180,0,3,0.275,36,7,7,51,1968,3.807,0.132,0.222,0.027,0.591,0.15300000000000002,2,1,82,919,276,327,14,20,111,24,1,48,27,120,116,69,19,3,14,115,68,1,100,0.228,439,0.33799999999999997,0.38,0.718,3,22,0.88,0.12000000000000001,7,58,0.96,0,31.36,2024,109,Texas League,Double-A,686523-2024-109
2024,676203,Marcos Castañon,player,19,Marcos Castañon,Marcos,Castañon,Marcos,M Castañon,510,SA,San Antonio Missions,Missions,TEX,109,3B,Third Base,SS,25,466,151,198,0,6,0.269,33,10,7,52,1666,3.5749999999999997,0.097,0.223,0.028,0.43300000000000005,0.14600000000000002,3,1,59,886,239,307,25,26,105,17,0,44,31,110,110,37,20,0,13,104,45,0,92,0.227,405,0.315,0.373,0.688,0,3,1,0,7,54,0.9500000000000001,0,31.150000000000002,2024,109,Texas League,Double-A,676203-2024-109
2024,672016,Denzel Clarke,player,19,Denzel Clarke,Denzel,Clarke,Denzel,D Clarke,237,MID,Midland RockHounds,RockHounds,TEX,109,CF,Outfielder,CF,24,478,192,166,0,1,0.373,42,7,6,56,1844,3.8579999999999997,0.082,0.29900000000000004,0.027,0.273,0.17600000000000002,6,0,38,837,274,289,14,21,100,18,0,51,47,116,73,74,21,8,13,143,39,0,116,0.269,431,0.33899999999999997,0.445,0.7839999999999999,9,36,0.8,0.2,6,53,1.37,0,33.15,2024,109,Texas League,Double-A,672016-2024-109
2024,677049,Josh Hatcher,player,21,Josh Hatcher,Joshua,Hatcher,Josh,J Hatcher,540,FRI,Frisco RoughRiders,RoughRiders,TEX,109,1B,First Base,OF,25,454,187,171,0,3,0.395,35,4,7,55,1678,3.6959999999999997,0.066,0.269,0.026000000000000002,0.24600000000000002,0.14900000000000002,1,1,41,964,340,298,6,18,108,29,2,58,36,107,65,60,20,3,12,122,30,2,125,0.3,417,0.35,0.448,0.7979999999999999,7,23,0.767,0.233,7,68,1.6600000000000001,0,34.75,2024,109,Texas League,Double-A,677049-2024-109
2024,642134,Robbie Tenerowicz,player,21,Robbie Tenerowicz,Robert,Tenerowicz,Robbie,R Tenerowicz,510,SA,San Antonio Missions,Missions,TEX,109,1B,First Base,1B,29,466,142,185,1,7,0.267,28,40,20,67,1768,3.794,0.07500000000000001,0.185,0.026000000000000002,0.40700000000000003,0.136,3,0,55,838,184,305,26,20,114,17,0,42,31,113,101,48,16,0,12,86,35,0,90,0.23500000000000001,383,0.355,0.371,0.726,1,4,0.8,0.2,20,49,1.1300000000000001,0,31.919999999999998,2024,109,Texas League,Double-A,642134-2024-109
2024,677565,Kristian Robinson,player,23,Kristian Robinson,Kristian,Robinson,Kristian,K Robinson,5368,AMA,Amarillo Sod Poodles,Sod Poodles,TEX,109,RF,Outfielder,LF,23,419,123,162,0,2,0.33299999999999996,25,3,4,36,1790,4.272,0.15000000000000002,0.358,0.026000000000000002,0.42000000000000004,0.137,3,0,31,711,300,203,9,16,72,17,0,28,30,110,56,48,13,1,11,150,63,0,75,0.21400000000000002,351,0.33699999999999997,0.35,0.6869999999999999,4,10,0.714,0.28600000000000003,4,42,1.29,0,31.91,2024,109,Texas League,Double-A,677565-2024-109
2024,805346,Ben Ross,player,23,Ben Ross,Benjamin,Ross,Ben,B Ross,3898,WCH,Wichita Wind Surge,Wind Surge,TEX,109,SS,Shortstop,SS,23,458,140,210,1,4,0.28500000000000003,30,3,4,47,1864,4.07,0.08700000000000001,0.29700000000000004,0.024,0.29400000000000004,0.129,1,2,64,868,283,279,24,16,88,17,0,46,24,123,104,48,18,1,11,136,40,0,87,0.21200000000000002,410,0.28400000000000003,0.34099999999999997,0.625,7,20,0.741,0.259,4,38,0.8500000000000001,0,37.27,2024,109,Texas League,Double-A,805346-2024-109
2024,702113,Cole Cummings,player,25,Cole Cummings,Cole,Cummings,Cole,C Cummings,510,SA,San Antonio Missions,Missions,TEX,109,LF,Outfielder,3B,26,517,156,233,0,6,0.324,35,9,6,64,2091,4.044,0.097,0.33499999999999996,0.019,0.28900000000000003,0.126,1,0,69,1023,394,285,18,19,80,19,0,58,22,123,106,63,23,2,10,173,50,0,99,0.21900000000000003,452,0.306,0.345,0.651,2,10,0.8330000000000001,0.167,6,54,0.75,0,45.2,2024,109,Texas League,Double-A,702113-2024-109
2024,687567,Jorel Ortega,player,25,Jorel Ortega,Jorel,Ortega,Jorel,J Ortega,3898,WCH,Wichita Wind Surge,Wind Surge,TEX,109,SS,Shortstop,2B,23,417,127,181,1,2,0.268,26,6,4,48,1623,3.8919999999999995,0.10600000000000001,0.24500000000000002,0.024,0.43100000000000005,0.135,5,0,65,765,239,265,25,27,70,20,1,32,25,121,117,49,13,3,10,102,44,0,78,0.21400000000000002,364,0.308,0.349,0.657,6,11,0.647,0.353,4,44,0.6,0,36.4,2024,109,Texas League,Double-A,687567-2024-109
2024,690474,Tommy Sacco Jr.,player,25,Tommy Sacco Jr.,Thomas,Sacco,Tommy,T Sacco Jr.,482,CC,Corpus Christi Hooks,Hooks,TEX,109,SS,Shortstop,SS,25,448,147,151,0,2,0.28300000000000003,29,3,5,51,1698,3.79,0.116,0.185,0.022,0.627,0.133,2,0,69,760,191,310,30,26,90,22,0,47,26,102,125,49,16,3,10,83,52,1,95,0.24300000000000002,391,0.33499999999999996,0.376,0.711,6,16,0.727,0.273,5,33,0.72,0,39.1,2024,109,Texas League,Double-A,690474-2024-109
2024,802355,Tanner Schobel,player,25,Tanner Schobel,Tanner,Schobel,Tanner,T Schobel,3898,WCH,Wichita Wind Surge,Wind Surge,TEX,109,3B,Third Base,SS,23,520,154,211,1,4,0.265,34,1,7,63,2013,3.8709999999999996,0.113,0.23800000000000002,0.019,0.47600000000000003,0.127,1,0,90,846,205,336,31,24,95,19,0,47,30,122,145,67,20,4,10,124,59,0,96,0.21100000000000002,455,0.301,0.33799999999999997,0.639,6,13,0.6839999999999999,0.316,7,53,0.6599999999999999,0,45.5,2024,109,Texas League,Double-A,802355-2024-109
2024,701675,Nathan Church,player,29,Nathan Church,Nathan,Church,Nathan,N Church,440,SPR,Springfield Cardinals,Cardinals,TEX,109,RF,Outfielder,CF,23,541,180,249,3,6,0.28600000000000003,32,6,10,109,1900,3.5119999999999996,0.079,0.111,0.017,0.717,0.10600000000000001,8,0,94,947,146,431,37,36,135,17,2,60,50,127,167,81,22,1,9,60,43,2,129,0.268,482,0.33099999999999996,0.373,0.704,4,24,0.8570000000000001,0.14300000000000002,10,66,0.81,1,53.56,2024,109,Texas League,Double-A,701675-2024-109
2024,663478,Brendon Davis,player,29,Brendon Davis,Brendon,Davis,Brendon,B Davis,260,TUL,Tulsa Drillers,Drillers,TEX,109,3B,Third Base,SS,26,468,137,180,0,5,0.28400000000000003,31,13,8,59,1904,4.068,0.132,0.233,0.019,0.5690000000000001,0.129,8,0,70,869,228,284,27,19,81,24,0,46,17,115,116,74,21,1,9,109,62,1,87,0.224,388,0.346,0.353,0.699,0,24,1,0,8,43,0.7,0,43.11,2024,109,Texas League,Double-A,663478-2024-109
2024,642720,Ray-Patrick Didder,player,29,Ray-Patrick Didder,Ray-Patrick,Didder,Ray-Patrick,R Didder,510,SA,San Antonio Missions,Missions,TEX,109,SS,Shortstop,CF,29,441,106,185,0,3,0.21800000000000003,26,21,5,43,1715,3.889,0.129,0.263,0.02,0.491,0.125,0,0,63,698,209,247,34,15,73,15,0,36,10,111,112,42,16,1,9,116,57,0,61,0.169,360,0.315,0.29400000000000004,0.609,5,28,0.8480000000000001,0.15200000000000002,5,31,0.65,0,40,2024,109,Texas League,Double-A,642720-2024-109
2024,672596,Robert Perez Jr.,player,29,Robert Perez Jr.,Robert,Perez Jr.,Robert,R Perez Jr.,510,SA,San Antonio Missions,Missions,TEX,109,RF,Outfielder,LF,24,476,139,205,0,3,0.327,30,16,8,48,1786,3.752,0.109,0.311,0.019,0.351,0.119,3,0,53,818,313,260,13,15,88,16,0,49,26,120,81,50,21,0,9,148,52,1,91,0.225,405,0.33399999999999996,0.34299999999999997,0.6769999999999999,9,14,0.609,0.391,8,46,1.09,0,45,2024,109,Texas League,Double-A,672596-2024-109
2024,696160,Jake Rucker,player,29,Jake Rucker,Jacob,Rucker,Jake,J Rucker,3898,WCH,Wichita Wind Surge,Wind Surge,TEX,109,2B,Second Base,3B,24,515,174,177,1,3,0.29400000000000004,33,8,14,95,1794,3.483,0.068,0.15000000000000002,0.017,0.455,0.111,7,1,96,884,201,395,29,38,110,12,1,63,46,121,163,55,23,1,9,77,35,1,122,0.261,468,0.321,0.372,0.693,4,5,0.556,0.444,14,68,0.6699999999999999,0,52,2024,109,Texas League,Double-A,696160-2024-109
2024,702284,Cole Young,player,29,Cole Young,Cole,Young,Cole,C Young,574,ARK,Arkansas Travelers,Travelers,TEX,109,SS,Shortstop,2B,20,552,183,199,3,4,0.313,36,8,6,70,2221,4.023999999999999,0.12100000000000001,0.15800000000000003,0.016,0.77,0.119,9,1,91,983,182,389,14,27,130,22,1,67,37,124,132,67,25,2,9,87,67,0,127,0.271,469,0.369,0.39,0.759,11,23,0.6759999999999999,0.324,6,57,0.98,1,52.11,2024,109,Texas League,Double-A,702284-2024-109
2024,691185,Maximo Acosta,player,35,Maximo Acosta,Maximo,Acosta,Maximo,M Acosta,540,FRI,Frisco RoughRiders,RoughRiders,TEX,109,SS,Shortstop,SS,21,434,164,157,0,6,0.316,34,8,11,65,1474,3.3959999999999995,0.07800000000000001,0.134,0.018000000000000002,0.586,0.137,5,0,62,728,151,334,18,32,111,26,1,49,35,104,112,57,23,3,8,58,34,0,111,0.28800000000000003,386,0.353,0.42500000000000004,0.778,9,26,0.743,0.257,11,58,0.99,0,48.25,2024,109,Texas League,Double-A,691185-2024-109
2024,678746,Diego Hernandez,player,35,Diego Hernandez,Diego,Hernandez,Diego,D Hernandez,1350,NWA,Northwest Arkansas Naturals,Naturals,TEX,109,CF,Outfielder,OF,23,395,129,167,8,4,0.302,24,1,2,59,1392,3.524,0.041,0.24600000000000002,0.02,0.165,0.112,6,0,50,784,191,281,12,23,108,13,0,34,41,104,85,39,15,1,8,97,16,0,88,0.24000000000000002,366,0.271,0.352,0.623,7,5,0.41700000000000004,0.583,2,43,1.27,0,45.75,2024,109,Texas League,Double-A,678746-2024-109
2024,678577,Junior Perez,player,35,Junior Perez,Junior,Perez,Junior,J Perez,237,MID,Midland RockHounds,RockHounds,TEX,109,CF,Outfielder,CF,22,390,127,144,2,4,0.33699999999999997,34,1,2,42,1633,4.186999999999999,0.10800000000000001,0.354,0.021,0.304,0.15200000000000002,3,0,47,720,254,209,9,12,66,16,0,39,20,97,68,50,24,2,8,138,42,0,75,0.22,341,0.304,0.372,0.6759999999999999,5,28,0.8480000000000001,0.15200000000000002,2,52,0.97,0,42.620000000000005,2024,109,Texas League,Double-A,678577-2024-109
2024,677601,Keyber Rodriguez,player,35,Keyber Rodriguez,Keyber,Rodriguez,Keyber,K Rodriguez,540,FRI,Frisco RoughRiders,RoughRiders,TEX,109,SS,Shortstop,SS,23,387,131,170,1,4,0.272,29,4,9,57,1420,3.669,0.059000000000000004,0.194,0.021,0.307,0.135,3,1,55,740,158,285,30,12,105,23,1,38,21,94,97,49,18,3,8,75,23,0,83,0.234,355,0.28500000000000003,0.369,0.654,3,7,0.7,0.3,9,52,1.08,0,44.379999999999995,2024,109,Texas League,Double-A,677601-2024-109
2024,805834,Javi Vaz,player,35,Javi Vaz,Javier,Vaz,Javi,J Vaz,1350,NWA,Northwest Arkansas Naturals,Naturals,TEX,109,2B,Second Base,OF,23,523,164,159,9,2,0.28900000000000003,32,6,1,50,2048,3.9159999999999995,0.14,0.115,0.015,1.2169999999999999,0.115,6,0,102,797,98,384,31,26,111,20,1,58,35,115,159,80,22,2,8,60,73,2,114,0.263,433,0.375,0.379,0.754,3,16,0.8420000000000001,0.15800000000000003,1,42,0.7,0,54.120000000000005,2024,109,Texas League,Double-A,805834-2024-109
2024,676466,Jack Winkler,player,35,Jack Winkler,Jack,Winkler,Jack,J Winkler,237,MID,Midland RockHounds,RockHounds,TEX,109,SS,Shortstop,2B,25,536,162,229,1,4,0.278,40,13,10,74,2029,3.785,0.09,0.21800000000000003,0.015,0.41000000000000003,0.12100000000000001,5,1,75,991,296,358,39,22,117,18,1,55,31,127,136,66,31,1,8,117,48,1,105,0.223,470,0.31,0.345,0.655,5,28,0.8480000000000001,0.15200000000000002,10,57,0.8600000000000001,0,58.75,2024,109,Texas League,Double-A,676466-2024-109
2024,689750,Jacob Buchberger,player,41,Jacob Buchberger,Jacob,Buchberger,Jacob,J Buchberger,440,SPR,Springfield Cardinals,Cardinals,TEX,109,3B,Third Base,3B,26,426,137,196,0,1,0.321,26,3,10,54,1610,3.779,0.113,0.23500000000000001,0.016,0.48000000000000004,0.118,6,1,44,711,199,275,23,16,99,12,0,45,36,108,83,66,15,4,7,100,48,0,93,0.24900000000000003,374,0.33799999999999997,0.366,0.704,7,13,0.65,0.35,10,42,1.1900000000000002,0,53.43,2024,109,Texas League,Double-A,689750-2024-109
2024,695670,Harry Ford,player,41,Harry Ford,Harrison,Ford,Harry,H Ford,574,ARK,Arkansas Travelers,Travelers,TEX,109,C,Catcher,C,21,523,158,167,1,2,0.323,35,16,10,67,2110,4.034,0.14100000000000001,0.22,0.013000000000000001,0.643,0.119,6,0,77,861,232,318,26,19,89,24,1,54,28,116,122,72,26,2,7,115,74,0,107,0.24900000000000003,430,0.377,0.367,0.744,9,35,0.7949999999999999,0.20500000000000002,10,45,0.73,0,61.43,2024,109,Texas League,Double-A,695670-2024-109
2024,701648,Aaron Zavala,player,43,Aaron Zavala,Aaron,Zavala,Aaron,A Zavala,540,FRI,Frisco RoughRiders,RoughRiders,TEX,109,LF,Outfielder,OF,24,498,127,175,2,8,0.314,23,9,5,59,1944,3.904,0.127,0.279,0.01,0.453,0.082,5,0,88,906,251,287,11,17,78,24,1,40,28,118,116,53,17,1,5,139,63,2,93,0.224,416,0.33299999999999996,0.305,0.638,5,12,0.706,0.29400000000000004,5,52,0.6699999999999999,0,83.2,2024,109,Texas League,Double-A,701648-2024-109
2024,685341,Ripken Reyes,player,44,Ripken Reyes,Ripken,Reyes,Ripken,R Reyes,510,SA,San Antonio Missions,Missions,TEX,109,2B,Second Base,SS,27,506,127,161,15,4,0.255,23,34,5,64,1831,3.6189999999999998,0.089,0.125,0.008,0.714,0.08600000000000001,5,1,94,826,113,364,25,35,118,14,1,50,27,119,154,56,15,4,4,63,45,0,92,0.225,408,0.348,0.311,0.659,7,16,0.696,0.304,5,42,0.77,0,102,2024,109,Texas League,Double-A,685341-2024-109
2024,686475,Tyler Tolbert,player,44,Tyler Tolbert,Tyler,Tolbert,Tyler,T Tolbert,1350,NWA,Northwest Arkansas Naturals,Naturals,TEX,109,SS,Shortstop,SS,26,462,139,154,19,2,0.33999999999999997,27,10,8,77,1597,3.457,0.082,0.223,0.009,0.369,0.094,8,1,52,785,224,311,17,18,122,13,0,56,33,101,87,58,21,2,4,103,38,0,102,0.26,393,0.33899999999999997,0.354,0.693,4,40,0.909,0.091,8,38,1.4,0,98.25,2024,109,Texas League,Double-A,686475-2024-109
2024,805891,Taylor Young,player,44,Taylor Young,Taylor,Young,Taylor,T Young,260,TUL,Tulsa Drillers,Drillers,TEX,109,3B,Third Base,2B,25,547,156,222,0,2,0.323,34,11,4,72,2157,3.943,0.10800000000000001,0.252,0.007,0.42800000000000005,0.093,7,0,75,845,195,338,25,25,101,14,2,61,35,128,125,66,28,2,4,138,59,0,112,0.23600000000000002,474,0.33299999999999996,0.329,0.6619999999999999,10,46,0.8210000000000001,0.17900000000000002,4,43,0.81,1,118.5,2024,109,Texas League,Double-A,805891-2024-109
2024,691558,Yeiner Fernandez,player,47,Yeiner Fernandez,Yeiner,Fernandez,Yeiner,Y Fernandez,260,TUL,Tulsa Drillers,Drillers,TEX,109,2B,Second Base,C,21,419,122,155,0,3,0.279,27,13,9,65,1532,3.6559999999999997,0.093,0.134,0.007,0.696,0.091,4,0,64,781,159,311,27,20,111,13,0,45,31,105,111,54,24,0,3,56,39,1,89,0.24500000000000002,364,0.33699999999999997,0.33499999999999996,0.6719999999999999,2,8,0.8,0.2,9,40,1,0,121.33,2024,109,Texas League,Double-A,691558-2024-109
2024,692405,Jeremy Rivas,player,47,Jeremy Rivas,Jeremy,Rivas,Jeremy,J Rivas,440,SPR,Springfield Cardinals,Cardinals,TEX,109,SS,Shortstop,SS,21,459,123,206,6,4,0.325,12,8,7,69,1678,3.6559999999999997,0.1,0.185,0.007,0.541,0.048,3,1,49,784,188,320,26,33,108,12,0,60,32,123,108,61,8,1,3,85,46,0,104,0.263,395,0.349,0.311,0.6599999999999999,10,27,0.73,0.27,7,34,1,0,131.67,2024,109,Texas League,Double-A,692405-2024-109
2024,679754,Alberto Rodriguez,player,47,Alberto Rodriguez,Alberto,Rodriguez,Alberto,A Rodriguez,574,ARK,Arkansas Travelers,Travelers,TEX,109,RF,Outfielder,OF,23,384,116,186,1,5,0.325,23,3,5,63,1462,3.807,0.057,0.268,0.008,0.21400000000000002,0.088,1,0,55,722,196,256,10,23,83,12,1,38,34,93,88,33,18,2,3,103,22,1,85,0.24100000000000002,353,0.28700000000000003,0.329,0.616,4,10,0.714,0.28600000000000003,5,47,0.9400000000000001,0,117.66999999999999,2024,109,Texas League,Double-A,679754-2024-109
2024,810938,Ben Williamson,player,47,Ben Williamson,Benjamin,Williamson,Ben,B Williamson,574,ARK,Arkansas Travelers,Travelers,TEX,109,3B,Third Base,2B,23,411,133,156,0,2,0.364,28,9,5,50,1807,4.396999999999999,0.10700000000000001,0.23600000000000002,0.007,0.454,0.101,9,0,43,793,157,261,18,8,95,11,1,46,39,95,69,50,23,2,3,97,44,0,97,0.272,356,0.365,0.374,0.739,6,15,0.714,0.28600000000000003,5,43,1.3800000000000001,0,118.66999999999999,2024,109,Texas League,Double-A,810938-2024-109
2024,663494,Bryan Torres,player,51,Bryan Torres,Bryan,Torres,Bryan,B Torres,440,SPR,Springfield Cardinals,Cardinals,TEX,109,CF,Outfielder,LF,26,528,186,138,6,5,0.389,32,1,3,67,2113,4.002,0.131,0.14200000000000002,0.004,0.92,0.085,7,1,73,897,141,383,1,26,135,16,1,73,58,120,100,79,28,2,2,75,69,1,148,0.33099999999999996,447,0.41800000000000004,0.41600000000000004,0.8340000000000001,10,33,0.767,0.233,3,56,1.35,0,223.5,2024,109,Texas League,Double-A,663494-2024-109
2024,671080,Jeremy Arocho,player,52,Jeremy Arocho,Jeremy,Arocho,Jeremy,J Arocho,482,CC,Corpus Christi Hooks,Hooks,TEX,109,2B,Second Base,SS,25,443,96,150,3,2,0.267,12,2,3,50,1852,4.181,0.14900000000000002,0.17800000000000002,0.002,0.8350000000000001,0.046,2,1,56,697,134,296,13,25,123,5,0,37,37,109,94,42,8,3,1,79,66,0,79,0.21400000000000002,370,0.33399999999999996,0.259,0.593,5,34,0.8720000000000001,0.128,3,34,1.31,0,370,2024,109,Texas League,Double-A,671080-2024-109
2024,702331,Noah Mendlinger,player,53,Noah Mendlinger,Noah,Mendlinger,Noah,N Mendlinger,440,SPR,Springfield Cardinals,Cardinals,TEX,109,2B,Second Base,3B,23,401,120,156,2,2,0.326,20,13,6,61,1519,3.7880000000000003,0.07200000000000001,0.125,0,0.58,0.056,5,2,45,675,98,309,11,22,131,6,2,34,58,103,78,44,20,0,0,50,29,0,100,0.28200000000000003,355,0.356,0.33799999999999997,0.694,4,4,0.5,0.5,6,45,1.6800000000000002,0,,2024,109,Texas League,Double-A,702331-2024-109
2025,692039,Carlos Jimenez,player,1,Carlos Jimenez,Carlos,Jimenez,Carlos,C Jimenez,515,MOD,Modesto Nuts,Nuts,CAL,110,CF,Outfielder,CF,22,489,175,189,0,4,0.322,35,7,3,57,1874,3.8319999999999994,0.12300000000000001,0.23700000000000002,0.028999999999999998,0.517,0.16,3,1,79,888,304,306,15,19,85,26,1,45,36,105,113,75,17,4,14,116,60,1,108,0.258,418,0.358,0.41900000000000004,0.777,13,30,0.698,0.302,3,63,0.75,0,29.86,2025,110,California League,Low-A,692039-2025-110
2025,702607,Dakota Jordan,player,1,Dakota Jordan,Dakota,Jordan,Dakota,D Jordan,476,SJ,San Jose Giants,Giants,CAL,110,CF,Outfielder,OF,22,416,184,186,0,4,0.381,35,5,3,69,1623,3.901,0.089,0.228,0.034,0.389,0.186,9,0,51,821,243,279,8,15,90,21,1,44,49,88,74,71,15,6,14,95,37,0,115,0.311,370,0.377,0.497,0.8740000000000001,4,27,0.8710000000000001,0.129,3,82,1.22,0,26.43,2025,110,California League,Low-A,702607-2025-110
2025,808234,Eduardo Quintero,player,1,Eduardo Quintero,Eduardo,Quintero,Eduardo,E Quintero,526,RC,Rancho Cucamonga Quakes,Quakes,CAL,110,CF,Outfielder,OF,19,395,169,144,0,6,0.376,38,6,4,49,1726,4.37,0.165,0.223,0.034999999999999996,0.739,0.227,11,0,52,642,158,235,16,15,55,21,1,40,35,81,83,73,18,6,14,88,65,1,97,0.306,317,0.42600000000000005,0.533,0.9590000000000001,11,35,0.761,0.23900000000000002,4,53,0.6599999999999999,1,22.64,2025,110,California League,Low-A,808234-2025-110
2025,804558,Raudi Rodriguez,player,1,Raudi Rodriguez,Eric,Rodriguez,Raudi,R Rodriguez,401,IE,Inland Empire 66ers,66ers,CAL,110,RF,Outfielder,OF,21,560,226,250,1,5,0.354,49,10,12,93,2117,3.7800000000000002,0.113,0.232,0.025,0.48500000000000004,0.189,5,0,88,1016,329,357,13,20,101,31,0,55,49,125,121,90,21,14,14,130,63,0,135,0.281,481,0.372,0.47000000000000003,0.8420000000000001,6,38,0.8640000000000001,0.136,12,83,0.8300000000000001,0,34.36,2025,110,California League,Low-A,804558-2025-110
2025,701837,Kavares Tears,player,5,Kavares Tears,William,Tears,Kavares,K Tears,103,LE,Lake Elsinore Storm,Storm,CAL,110,DH,Designated Hitter,OF,22,475,158,217,0,6,0.302,37,1,7,72,1894,3.987,0.12200000000000001,0.29100000000000004,0.027,0.42000000000000004,0.15900000000000003,6,0,55,922,343,278,5,18,107,20,1,49,23,107,78,49,22,2,13,138,58,0,93,0.227,410,0.32,0.385,0.705,5,6,0.545,0.455,7,65,1.37,0,31.54,2025,110,California League,Low-A,701837-2025-110
2025,806152,Walker Martin,player,6,Walker Martin,Walker,Martin,Walker,W Martin,476,SJ,San Jose Giants,Giants,CAL,110,3B,Third Base,SS,21,482,156,226,0,1,0.322,34,6,3,61,1851,3.84,0.14300000000000002,0.28400000000000003,0.025,0.504,0.15000000000000002,5,1,56,822,290,270,10,18,91,25,0,40,30,108,84,67,19,3,12,137,69,0,95,0.234,406,0.353,0.384,0.737,4,13,0.765,0.23500000000000001,3,70,1.08,0,33.83,2025,110,California League,Low-A,806152-2025-110
2025,807957,Yassel Soler,player,6,Yassel Soler,Yassel,Soler,Yassel,Y Soler,516,VIS,Visalia Rawhide,Rawhide,CAL,110,3B,Third Base,3B,19,403,135,189,0,5,0.28600000000000003,27,14,11,70,1486,3.6870000000000003,0.10400000000000001,0.223,0.03,0.467,0.15500000000000003,6,1,41,667,179,257,26,13,95,19,2,32,29,92,80,42,13,2,12,90,42,0,82,0.24000000000000002,342,0.34199999999999997,0.395,0.737,0,5,1,0,11,46,1.1900000000000002,0,28.5,2025,110,California League,Low-A,807957-2025-110
2025,813771,Robert Hipwell,player,8,Robert Hipwell,Robert,Hipwell,Robert,R Hipwell,476,SJ,San Jose Giants,Giants,CAL,110,1B,First Base,3B,22,429,157,173,1,3,0.353,45,9,4,54,1696,3.953,0.15600000000000003,0.312,0.026000000000000002,0.5,0.20900000000000002,3,0,55,695,248,219,7,15,58,34,1,30,19,102,77,59,28,6,11,134,67,0,84,0.24100000000000002,349,0.374,0.45,0.8240000000000001,2,3,0.6,0.4,4,66,0.75,0,31.73,2025,110,California League,Low-A,813771-2025-110
2025,703153,Samuel Munoz,player,8,Samuel Munoz,Samuel,Munoz,Samuel,S Munoz,526,RC,Rancho Cucamonga Quakes,Quakes,CAL,110,LF,Outfielder,1B,20,451,154,198,0,9,0.3,33,4,6,67,1795,3.98,0.14,0.222,0.024,0.63,0.163,4,2,65,644,140,284,25,14,87,21,0,39,33,96,104,70,16,6,11,100,63,1,93,0.24800000000000003,375,0.355,0.41100000000000003,0.766,6,18,0.75,0.25,6,65,0.8400000000000001,0,34.09,2025,110,California League,Low-A,703153-2025-110
2025,806978,Robert Calaz,player,10,Robert Calaz,Robert,Calaz,Robert,R Calaz,259,FRE,Fresno Grizzlies,Grizzlies,CAL,110,RF,Outfielder,OF,19,424,148,182,0,5,0.33599999999999997,29,10,9,58,1480,3.4909999999999997,0.08700000000000001,0.259,0.024,0.33599999999999997,0.14,6,0,50,763,254,266,19,10,91,20,1,32,43,99,79,50,16,3,10,110,37,1,96,0.259,371,0.33799999999999997,0.399,0.737,3,7,0.7,0.3,9,55,1.1500000000000001,1,37.1,2025,110,California League,Low-A,806978-2025-110
2025,815464,Lisbel Diaz,player,10,Lisbel Diaz,Lisbel,Diaz,Lisbel,L Diaz,476,SJ,San Jose Giants,Giants,CAL,110,LF,Outfielder,OF,19,561,209,257,1,4,0.319,46,7,11,99,1942,3.4619999999999997,0.059000000000000004,0.187,0.018000000000000002,0.314,0.136,12,0,68,999,241,416,50,19,140,24,4,60,51,122,137,79,32,4,10,105,33,1,139,0.269,516,0.32,0.405,0.725,6,26,0.8130000000000001,0.188,11,72,1.02,0,51.6,2025,110,California League,Low-A,815464-2025-110
2025,694563,Harold Coll,player,12,Harold Coll,Harold,Coll,Harold,H Coll,401,IE,Inland Empire 66ers,66ers,CAL,110,3B,Third Base,SS,23,493,179,206,0,4,0.361,40,3,8,70,1911,3.8759999999999994,0.126,0.24300000000000002,0.018000000000000002,0.517,0.14600000000000002,9,1,65,865,254,308,21,22,83,26,1,45,45,116,108,70,27,4,9,120,62,0,117,0.276,424,0.369,0.42200000000000004,0.7909999999999999,4,29,0.8790000000000001,0.12100000000000001,8,62,0.77,0,47.11,2025,110,California League,Low-A,694563-2025-110
2025,814696,Jaron Elkins,player,12,Jaron Elkins,Jaron,Elkins,Jaron,J Elkins,526,RC,Rancho Cucamonga Quakes,Quakes,CAL,110,RF,Outfielder,OF,20,515,185,234,0,6,0.375,44,17,2,72,1869,3.629,0.08700000000000001,0.29700000000000004,0.017,0.29400000000000004,0.15000000000000002,3,0,69,959,334,300,20,20,73,22,0,57,39,109,109,81,30,5,9,153,45,0,118,0.264,447,0.35,0.41400000000000003,0.764,6,63,0.913,0.08700000000000001,2,72,0.6699999999999999,0,49.67,2025,110,California League,Low-A,814696-2025-110
2025,802474,Cameron Leary,player,12,Cameron Leary,Cameron,Leary,Cameron,C Leary,524,STK,Stockton Ports,Ports,CAL,110,LF,Outfielder,OF,23,422,151,161,0,3,0.34299999999999997,38,4,1,51,1711,4.055,0.15600000000000003,0.232,0.021,0.6729999999999999,0.166,4,0,52,736,191,254,27,8,74,24,0,38,31,93,87,66,27,2,9,98,66,0,93,0.266,349,0.386,0.43300000000000005,0.8190000000000001,5,44,0.898,0.10200000000000001,1,52,0.8500000000000001,0,38.78,2025,110,California League,Low-A,802474-2025-110
2025,691561,Jose Meza,player,15,Jose Meza,Jose,Meza,Jose,J Meza,526,RC,Rancho Cucamonga Quakes,Quakes,CAL,110,1B,First Base,OF,22,531,144,234,0,7,0.28800000000000003,29,16,9,50,2144,4.038,0.15100000000000002,0.23500000000000001,0.015,0.64,0.114,7,1,69,922,284,310,26,17,103,26,0,37,32,117,112,67,17,4,8,125,80,0,95,0.222,428,0.36,0.33599999999999997,0.696,10,30,0.75,0.25,9,66,0.92,0,53.5,2025,110,California League,Low-A,691561-2025-110
2025,800185,Ruben Santana,player,15,Ruben Santana,Ruben,Santana,Ruben,R Santana,516,VIS,Visalia Rawhide,Rawhide,CAL,110,1B,First Base,3B,20,366,113,171,0,2,0.302,24,9,6,42,1353,3.697,0.10700000000000001,0.268,0.022,0.398,0.13,3,0,45,645,234,220,16,6,81,19,1,34,18,86,67,41,15,1,8,98,39,1,72,0.228,316,0.328,0.358,0.6859999999999999,3,15,0.8330000000000001,0.167,6,50,1.21,0,39.5,2025,110,California League,Low-A,800185-2025-110
2025,699698,Ricardo Cova,player,17,Ricardo Cova,Ricardo,Cova,Ricardo,R Cova,515,MOD,Modesto Nuts,Nuts,CAL,110,LF,Outfielder,SS,21,377,137,166,0,6,0.327,30,8,8,60,1313,3.483,0.05,0.199,0.016,0.253,0.125,9,1,55,771,206,275,21,9,96,13,0,37,44,85,85,59,23,1,6,75,19,0,94,0.273,344,0.321,0.398,0.719,5,26,0.8390000000000001,0.161,8,58,1.1300000000000001,0,57.33,2025,110,California League,Low-A,699698-2025-110
2025,800302,Mairoshendrick Martinus,player,17,Mairoshendrick Martinus,Mairoshendrick,Martinus,Mairoshendrick,M Martinus,526,RC,Rancho Cucamonga Quakes,Quakes,CAL,110,3B,Third Base,SS,20,394,122,176,0,7,0.325,24,4,5,52,1426,3.6189999999999998,0.089,0.269,0.015,0.32999999999999996,0.10600000000000001,6,0,73,723,267,249,6,10,75,17,0,42,26,90,89,54,17,1,6,106,35,0,85,0.24400000000000002,348,0.315,0.351,0.6659999999999999,4,19,0.8260000000000001,0.17400000000000002,5,63,0.8400000000000001,0,58,2025,110,California League,Low-A,800302-2025-110
2025,806958,Felnin Celesten,player,19,Felnin Celesten,Felnin,Celesten,Felnin,F Celesten,515,MOD,Modesto Nuts,Nuts,CAL,110,SS,Shortstop,SS,19,424,147,188,0,2,0.366,26,2,7,63,1561,3.682,0.08700000000000001,0.226,0.012,0.385,0.09899999999999999,3,0,51,761,223,289,22,21,86,17,0,46,46,93,94,52,19,2,5,96,37,0,109,0.28500000000000003,383,0.349,0.384,0.733,8,20,0.714,0.28600000000000003,7,55,0.91,0,76.6,2025,110,California League,Low-A,806958-2025-110
2025,822624,Kevin Fitzer,player,19,Kevin Fitzer,Kevin,Fitzer,Kevin,K Fitzer,259,FRE,Fresno Grizzlies,Grizzlies,CAL,110,1B,First Base,1B,23,469,143,208,3,5,0.31,28,13,7,72,1796,3.8289999999999997,0.085,0.21700000000000003,0.011,0.392,0.10500000000000001,8,4,77,863,217,314,24,19,94,27,0,43,30,113,120,53,18,5,5,102,40,1,100,0.24500000000000002,408,0.328,0.35,0.6779999999999999,4,7,0.636,0.364,7,54,0.7799999999999999,0,81.6,2025,110,California League,Low-A,822624-2025-110
2025,800193,Kelvin Hidalgo,player,19,Kelvin Hidalgo,Kelvin,Hidalgo,Kelvin,K Hidalgo,259,FRE,Fresno Grizzlies,Grizzlies,CAL,110,SS,Shortstop,SS,20,506,155,187,8,5,0.327,30,7,9,70,1839,3.634,0.07300000000000001,0.24700000000000003,0.01,0.29600000000000004,0.098,7,0,44,929,294,337,16,20,146,16,3,38,54,116,80,65,21,4,5,125,37,0,111,0.24700000000000003,449,0.311,0.345,0.656,6,43,0.8780000000000001,0.12200000000000001,9,52,1.83,0,89.8,2025,110,California League,Low-A,800193-2025-110
2025,805117,Jean Carlos Sió,player,19,Jean Carlos Sió,Jean,Sió,Jean Carlos,J Sió,476,SJ,San Jose Giants,Giants,CAL,110,2B,Second Base,IF,21,385,141,170,1,1,0.349,24,3,5,60,1427,3.706,0.119,0.119,0.013000000000000001,1,0.111,5,0,47,639,106,290,17,22,100,16,0,51,37,90,86,67,16,3,5,46,46,0,104,0.311,334,0.398,0.42200000000000004,0.8200000000000001,5,15,0.75,0.25,5,58,1.1600000000000001,0,66.8,2025,110,California League,Low-A,805117-2025-110
2025,800569,Alberto Barriga,player,23,Alberto Barriga,Alberto,Barriga,Alberto,A Barriga,516,VIS,Visalia Rawhide,Rawhide,CAL,110,C,Catcher,C,20,410,101,206,2,2,0.29000000000000004,24,12,7,39,1693,4.129,0.129,0.28800000000000003,0.01,0.449,0.097,4,0,45,717,209,227,34,11,69,9,1,37,21,99,90,50,19,1,4,118,53,0,68,0.199,341,0.326,0.29600000000000004,0.622,4,16,0.8,0.2,7,32,0.77,0,85.25,2025,110,California League,Low-A,800569-2025-110
2025,702601,Lamar King Jr.,player,23,Lamar King Jr.,Lamar,King,Lamar,L King Jr.,103,LE,Lake Elsinore Storm,Storm,CAL,110,C,Catcher,C,21,359,127,185,0,4,0.35,29,6,7,59,1371,3.8189999999999995,0.10600000000000001,0.189,0.011,0.559,0.12200000000000001,3,1,57,682,171,247,17,17,67,17,2,38,32,81,91,50,24,1,4,68,38,0,89,0.28600000000000003,311,0.37,0.40800000000000003,0.778,3,18,0.8570000000000001,0.14300000000000002,7,37,0.74,0,77.75,2025,110,California League,Low-A,702601-2025-110
2025,800188,Dario Laverde,player,23,Dario Laverde,Dario,Laverde,Dario,D Laverde,401,IE,Inland Empire 66ers,66ers,CAL,110,C,Catcher,C,20,374,102,162,1,0,0.279,18,8,5,42,1441,3.8529999999999998,0.08,0.21100000000000002,0.011,0.38,0.084,8,0,52,752,193,256,20,18,92,15,0,38,21,86,90,38,12,2,4,79,30,0,74,0.222,334,0.301,0.305,0.606,0,0,,,5,39,1.02,1,83.5,2025,110,California League,Low-A,800188-2025-110
2025,694318,Austin St. Laurent,player,23,Austin St. Laurent,Austin,St. Laurent,Austin,A St. Laurent,515,MOD,Modesto Nuts,Nuts,CAL,110,3B,Third Base,3B,22,521,145,191,0,4,0.318,22,4,10,60,2047,3.929,0.134,0.186,0.008,0.722,0.07,10,0,49,912,231,350,19,24,144,12,1,48,53,123,92,73,17,1,4,97,70,1,114,0.257,443,0.361,0.327,0.688,7,18,0.72,0.28,10,55,1.57,0,110.75,2025,110,California League,Low-A,694318-2025-110
2025,828473,Zach Evans,player,27,Zach Evans,Zachary,Evans,Zach,Z Evans,103,LE,Lake Elsinore Storm,Storm,CAL,110,3B,Third Base,SS,22,430,143,193,0,5,0.347,24,4,7,70,1590,3.698,0.098,0.15600000000000003,0.007,0.627,0.082,10,1,60,701,161,317,22,25,98,15,1,60,36,96,107,50,20,1,3,67,42,0,112,0.29600000000000004,379,0.367,0.377,0.744,3,14,0.8240000000000001,0.17600000000000002,7,62,0.92,0,126.33,2025,110,California League,Low-A,828473-2025-110
2025,805319,Dervy Ventura,player,27,Dervy Ventura,Dervy,Ventura,Dervy,D Ventura,515,MOD,Modesto Nuts,Nuts,CAL,110,2B,Second Base,SS,21,440,133,196,3,4,0.362,25,1,4,56,1663,3.7800000000000002,0.14800000000000002,0.21800000000000003,0.007,0.6769999999999999,0.08700000000000001,9,1,60,696,192,277,12,18,86,15,1,45,40,108,90,67,21,1,3,96,65,0,101,0.276,366,0.383,0.363,0.746,7,41,0.8540000000000001,0.14600000000000002,4,45,0.96,1,122,2025,110,California League,Low-A,805319-2025-110
2025,814091,John Wimmer,player,27,John Wimmer,John,Wimmer,John,J Wimmer,401,IE,Inland Empire 66ers,66ers,CAL,110,SS,Shortstop,SS,20,359,109,180,2,0,0.367,26,6,5,42,1383,3.8519999999999994,0.084,0.362,0.008,0.231,0.115,6,0,46,675,266,193,6,11,58,13,0,28,31,87,63,35,18,5,3,130,30,0,72,0.224,321,0.303,0.33999999999999997,0.643,2,8,0.8,0.2,5,28,0.92,0,107,2025,110,California League,Low-A,814091-2025-110
2025,703192,Abdias De La Cruz,player,30,Abdias De La Cruz,Abdias,De La Cruz,Abdias,A De La Cruz,516,VIS,Visalia Rawhide,Rawhide,CAL,110,RF,Outfielder,SS,20,409,102,185,2,4,0.29700000000000004,20,5,4,47,1621,3.963,0.112,0.257,0.005,0.43800000000000006,0.07400000000000001,1,0,73,752,226,253,28,7,69,9,2,37,28,101,108,36,16,2,2,105,46,0,76,0.21600000000000003,352,0.312,0.29000000000000004,0.602,2,12,0.8570000000000001,0.14300000000000002,4,31,0.64,0,176,2025,110,California League,Low-A,703192-2025-110
2025,691571,Johan Macias,player,30,Johan Macias,Johan,Macias,Johan,J Macias,401,IE,Inland Empire 66ers,66ers,CAL,110,2B,Second Base,SS,22,475,145,184,14,5,0.315,25,9,4,76,1609,3.387,0.084,0.14100000000000001,0.004,0.597,0.08600000000000001,8,0,70,854,184,359,38,16,125,12,3,45,49,112,124,71,17,6,2,67,40,0,110,0.27,407,0.345,0.356,0.701,3,16,0.8420000000000001,0.15800000000000003,4,52,1.01,0,203.5,2025,110,California League,Low-A,691571-2025-110
2025,807975,Yeiker Reyes,player,30,Yeiker Reyes,Yeiker,Reyes,Yeiker,Y Reyes,259,FRE,Fresno Grizzlies,Grizzlies,CAL,110,CF,Outfielder,OF,19,381,91,143,2,3,0.305,13,4,4,44,1488,3.9059999999999997,0.113,0.255,0.005,0.443,0.055,7,1,50,653,194,237,13,13,88,4,0,29,40,105,76,45,10,1,2,97,43,0,73,0.222,329,0.317,0.277,0.594,9,33,0.7859999999999999,0.21400000000000002,4,18,1.1600000000000001,0,164.5,2025,110,California League,Low-A,807975-2025-110
2025,800206,Yerald Nin,player,33,Yerald Nin,Yerald,Nin,Yerald,Y Nin,516,VIS,Visalia Rawhide,Rawhide,CAL,110,2B,Second Base,SS,19,457,120,177,3,6,0.323,16,4,3,69,1785,3.9059999999999997,0.10700000000000001,0.223,0.002,0.48000000000000004,0.058,9,1,59,761,187,301,17,18,110,3,0,47,47,105,94,53,10,5,1,102,49,0,97,0.24600000000000002,394,0.33099999999999996,0.305,0.636,12,31,0.721,0.279,3,40,1.1700000000000002,1,394,2025,110,California League,Low-A,800206-2025-110
2025,694953,C.J. Pittaro,player,33,C.J. Pittaro,Christopher,Pittaro,C.J.,C Pittaro,524,STK,Stockton Ports,Ports,CAL,110,1B,First Base,SS,23,413,113,176,0,1,0.321,21,10,6,56,1664,4.029,0.126,0.20600000000000002,0.002,0.612,0.07700000000000001,6,0,41,683,143,266,8,13,118,8,0,42,36,92,62,46,16,4,1,85,52,0,86,0.24600000000000002,350,0.358,0.323,0.6809999999999999,3,6,0.6669999999999999,0.33299999999999996,6,36,1.9,0,350,2025,110,California League,Low-A,694953-2025-110
2025,702409,Jorge Ruiz,player,33,Jorge Ruiz,Jorge,Ruiz,Jorge,J Ruiz,401,IE,Inland Empire 66ers,66ers,CAL,110,LF,Outfielder,OF,21,550,174,197,12,4,0.347,30,9,8,74,2082,3.785,0.085,0.167,0.002,0.511,0.079,9,0,59,1014,212,402,27,20,160,13,1,55,67,121,106,78,23,6,1,92,47,0,136,0.28500000000000003,478,0.357,0.364,0.721,9,22,0.71,0.29000000000000004,8,50,1.51,0,478,2025,110,California League,Low-A,702409-2025-110
2025,800724,Eric Bitonti,player,1,Eric Bitonti,Eric,Bitonti,Eric,E Bitonti,249,CAR,Carolina Mudcats,Mudcats,CAR,122,1B,First Base,SS,19,505,180,245,0,7,0.33599999999999997,40,4,1,54,2063,4.085,0.131,0.33499999999999996,0.038,0.391,0.182,2,0,78,968,350,266,20,8,58,29,1,44,28,118,106,58,21,0,19,169,66,1,102,0.23800000000000002,428,0.34099999999999997,0.42100000000000004,0.762,10,17,0.63,0.37,1,77,0.55,0,22.53,2025,122,Carolina League,Low-A,800724-2025-122
2025,805804,George Wolkow,player,2,George Wolkow,George,Wolkow,George,G Wolkow,487,KAN,Kannapolis Cannon Ballers,Cannon Ballers,CAR,122,RF,Outfielder,OF,19,496,154,242,1,7,0.3,31,8,6,65,1897,3.8249999999999997,0.109,0.29600000000000004,0.026000000000000002,0.367,0.138,2,0,70,958,343,287,23,16,82,18,1,40,36,116,109,58,16,2,13,147,54,0,95,0.223,426,0.317,0.362,0.6789999999999999,6,33,0.8460000000000001,0.15400000000000003,6,69,0.75,0,32.77,2025,122,Carolina League,Low-A,805804-2025-122
2025,807722,Maxton Martin,player,3,Maxton Martin,Maxton,Martin,Maxton,M Martin,448,HIC,Hickory Crawdads,Crawdads,CAR,122,LF,Outfielder,OF,20,458,177,184,0,3,0.315,43,8,5,67,1693,3.697,0.098,0.221,0.026000000000000002,0.446,0.182,2,1,57,879,275,304,23,22,98,23,1,50,30,102,102,72,25,6,12,101,45,0,104,0.259,402,0.34299999999999997,0.44,0.7829999999999999,0,13,1,0,5,64,0.96,0,33.5,2025,122,Carolina League,Low-A,807722-2025-122
2025,808153,Luis Merejo,player,3,Luis Merejo,Luis,Merejo,Luis,L Merejo,481,HC,Hill City Howlers,Howlers,CAR,122,1B,First Base,3B,19,457,123,206,0,6,0.24800000000000003,28,14,2,41,1769,3.8709999999999996,0.118,0.322,0.026000000000000002,0.367,0.14100000000000001,1,2,57,789,283,242,26,15,75,19,0,35,15,111,98,55,14,2,12,147,54,1,69,0.18,383,0.3,0.321,0.621,3,11,0.7859999999999999,0.21400000000000002,2,53,0.77,0,31.919999999999998,2025,122,Carolina League,Low-A,808153-2025-122
2025,815121,Alexey Lumpuy,player,5,Alexey Lumpuy,Alexey,Lumpuy,Alexey,A Lumpuy,521,MB,Myrtle Beach Pelicans,Pelicans,CAR,122,RF,Outfielder,OF,21,429,139,232,1,0,0.318,31,12,2,53,1600,3.73,0.079,0.359,0.026000000000000002,0.221,0.15400000000000003,3,0,41,850,362,229,22,10,76,14,0,38,28,102,73,62,14,6,11,154,34,0,80,0.20900000000000002,382,0.29400000000000004,0.364,0.658,9,30,0.769,0.231,2,46,1.04,0,34.730000000000004,2025,122,Carolina League,Low-A,815121-2025-122
2025,815352,Caleb Bonemer,player,6,Caleb Bonemer,Caleb,Bonemer,Caleb,C Bonemer,487,KAN,Kannapolis Cannon Ballers,Cannon Ballers,CAR,122,SS,Shortstop,SS,19,432,160,150,0,8,0.344,39,7,2,41,1759,4.072,0.15700000000000003,0.21100000000000002,0.023,0.747,0.17800000000000002,9,0,70,680,156,266,25,18,55,23,0,36,39,96,113,69,26,3,10,91,68,0,98,0.281,349,0.4,0.458,0.8580000000000001,8,27,0.771,0.229,2,58,0.49,0,34.9,2025,122,Carolina League,Low-A,815352-2025-122
2025,806985,Yoeilin Cespedes,player,6,Yoeilin Cespedes,Yoeilin,Cespedes,Yoeilin,Y Cespedes,414,SAL,Salem Red Sox,Red Sox,CAR,122,2B,Second Base,SS,19,477,161,187,0,6,0.269,39,1,9,69,1739,3.646,0.08600000000000001,0.21200000000000002,0.021,0.406,0.15000000000000002,8,0,70,907,257,333,45,29,92,21,0,56,20,110,144,56,24,5,10,101,41,0,97,0.227,428,0.29200000000000004,0.376,0.6679999999999999,6,11,0.647,0.353,9,54,0.64,1,42.8,2025,122,Carolina League,Low-A,806985-2025-122
2025,806995,Filippo Di Turi,player,6,Filippo Di Turi,Filippo,Di Turi,Filippo,F Di Turi,249,CAR,Carolina Mudcats,Mudcats,CAR,122,3B,Third Base,SS,19,479,136,173,0,6,0.276,27,1,5,59,1912,3.9919999999999995,0.14,0.263,0.021,0.532,0.12300000000000001,2,0,70,915,328,285,31,17,81,23,3,39,21,116,118,53,14,3,10,126,67,1,86,0.21200000000000002,405,0.322,0.33599999999999997,0.658,8,6,0.42900000000000005,0.5710000000000001,5,55,0.69,0,40.5,2025,122,Carolina League,Low-A,806995-2025-122
2025,801561,Matt Halbach,player,9,Matt Halbach,Matthew,Halbach,Matt,M Halbach,521,MB,Myrtle Beach Pelicans,Pelicans,CAR,122,1B,First Base,3B,22,436,140,176,0,5,0.29500000000000004,32,15,10,50,1675,3.8419999999999996,0.10800000000000001,0.20600000000000002,0.021,0.522,0.136,3,0,46,740,196,284,36,21,91,16,1,42,31,103,103,51,23,0,9,90,47,1,90,0.24400000000000002,369,0.349,0.379,0.728,2,2,0.5,0.5,10,67,0.88,0,41,2025,122,Carolina League,Low-A,801561-2025-122
2025,695707,Brennon McNair,player,9,Brennon McNair,Brennon,McNair,Brennon,B McNair,3705,COL,Columbia Fireflies,Fireflies,CAR,122,LF,Outfielder,SS,22,368,112,178,2,1,0.26,28,7,6,52,1396,3.793,0.098,0.28800000000000003,0.024,0.33999999999999997,0.15200000000000002,6,1,46,678,246,219,33,16,61,18,1,29,15,100,95,41,16,3,9,106,36,0,63,0.196,322,0.29000000000000004,0.348,0.638,3,12,0.8,0.2,6,37,0.64,0,35.78,2025,122,Carolina League,Low-A,695707-2025-122
2025,800393,Yeremy Cabrera,player,11,Yeremy Cabrera,Yeremy,Cabrera,Yeremy,Y Cabrera,448,HIC,Hickory Crawdads,Crawdads,CAR,122,CF,Outfielder,CF,19,451,140,183,1,1,0.31,23,14,2,64,1766,3.9159999999999995,0.115,0.191,0.018000000000000002,0.605,0.11,3,1,60,796,214,299,33,17,91,13,1,55,29,102,110,66,12,3,8,86,52,0,98,0.256,383,0.364,0.366,0.73,4,43,0.915,0.085,2,52,0.8300000000000001,0,47.879999999999995,2025,122,Carolina League,Low-A,800393-2025-122
2025,806980,Angel Cepeda,player,11,Angel Cepeda,Angel,Cepeda,Angel,A Cepeda,521,MB,Myrtle Beach Pelicans,Pelicans,CAR,122,SS,Shortstop,SS,19,433,143,165,0,0,0.367,27,12,5,51,1641,3.79,0.092,0.314,0.018000000000000002,0.29400000000000004,0.126,5,0,46,759,260,245,11,10,83,13,0,49,33,100,67,47,14,5,8,136,40,0,95,0.24900000000000003,381,0.33899999999999997,0.375,0.714,7,27,0.7939999999999999,0.20600000000000002,5,49,1.24,0,47.620000000000005,2025,122,Carolina League,Low-A,806980-2025-122
2025,824615,Connor Hujsak,player,11,Connor Hujsak,Connor,Hujsak,Connor,C Hujsak,233,CHS,Charleston RiverDogs,RiverDogs,CAR,122,RF,Outfielder,OF,23,426,145,214,0,8,0.314,34,4,7,66,1651,3.8759999999999994,0.07700000000000001,0.28900000000000003,0.019,0.268,0.14700000000000002,5,0,56,869,292,266,28,12,81,14,0,42,33,99,96,57,20,6,8,123,33,0,89,0.234,381,0.29600000000000004,0.381,0.6769999999999999,2,28,0.933,0.067,7,53,0.8400000000000001,0,47.620000000000005,2025,122,Carolina League,Low-A,824615-2025-122
2025,808245,Starlyn Nunez,player,11,Starlyn Nunez,Starlyn,Nunez,Starlyn,S Nunez,414,SAL,Salem Red Sox,Red Sox,CAR,122,SS,Shortstop,SS,19,444,165,165,0,4,0.3,40,8,4,54,1404,3.162,0.061,0.20500000000000002,0.018000000000000002,0.29700000000000004,0.15800000000000003,9,1,55,838,243,318,29,27,106,24,0,49,28,110,111,54,24,8,8,91,27,0,101,0.24900000000000003,405,0.306,0.40700000000000003,0.713,6,21,0.778,0.222,4,52,0.9500000000000001,0,50.620000000000005,2025,122,Carolina League,Low-A,808245-2025-122
2025,703143,Cristhian Vaquero,player,11,Cristhian Vaquero,Cristhian,Vaquero,Cristhian,C Vaquero,436,FBG,Fredericksburg Nationals,Nationals,CAR,122,CF,Outfielder,OF,20,445,150,155,1,8,0.33099999999999996,29,8,1,47,1692,3.8019999999999996,0.10300000000000001,0.24700000000000003,0.018000000000000002,0.41800000000000004,0.14,6,4,63,920,322,278,34,16,68,21,1,41,34,101,113,54,13,8,8,110,46,1,97,0.256,379,0.34199999999999997,0.396,0.738,5,27,0.8440000000000001,0.15600000000000003,1,47,0.6,3,47.379999999999995,2025,122,Carolina League,Low-A,703143-2025-122
2025,808535,John Gil,player,16,John Gil,John,Gil,John,J Gil,478,AUG,Augusta GreenJackets,GreenJackets,CAR,122,SS,Shortstop,SS,19,462,151,175,1,2,0.29100000000000004,33,2,7,70,1686,3.649,0.12300000000000001,0.139,0.015,0.891,0.12000000000000001,4,0,64,728,168,338,39,19,113,15,2,37,49,100,122,73,25,1,7,64,57,0,103,0.258,399,0.352,0.378,0.73,14,50,0.7809999999999999,0.21900000000000003,7,48,0.93,1,57,2025,122,Carolina League,Low-A,808535-2025-122
2025,808326,Pablo Guerrero,player,16,Pablo Guerrero,Pablo,Guerrero,Pablo,P Guerrero,448,HIC,Hickory Crawdads,Crawdads,CAR,122,1B,First Base,OF,18,396,110,204,0,2,0.269,24,3,8,45,1528,3.8589999999999995,0.114,0.25,0.018000000000000002,0.455,0.11,3,0,29,697,227,249,30,28,90,15,1,33,23,95,87,43,17,0,7,99,45,0,72,0.20800000000000002,346,0.303,0.318,0.621,0,0,,,8,34,1.03,0,49.43,2025,122,Carolina League,Low-A,808326-2025-122
2025,808631,Frederik Jimenez,player,16,Frederik Jimenez,Frederik,Jimenez,Frederik,F Jimenez,414,SAL,Salem Red Sox,Red Sox,CAR,122,1B,First Base,C,20,368,91,153,0,4,0.266,16,8,2,43,1470,3.9949999999999997,0.12000000000000001,0.28800000000000003,0.019,0.41500000000000004,0.096,2,0,43,665,222,210,23,20,63,11,0,31,19,98,86,37,9,0,7,106,44,0,61,0.196,312,0.307,0.29200000000000004,0.599,6,12,0.6669999999999999,0.33299999999999996,2,31,0.73,0,44.57,2025,122,Carolina League,Low-A,808631-2025-122
2025,703612,Nick Peoples,player,16,Nick Peoples,Nicholas,Peoples,Nick,N Peoples,436,FBG,Fredericksburg Nationals,Nationals,CAR,122,RF,Outfielder,OF,20,386,111,162,0,2,0.33299999999999996,27,5,2,40,1556,4.031000000000001,0.10600000000000001,0.389,0.018000000000000002,0.273,0.127,6,1,31,748,326,190,16,11,64,10,0,35,23,104,58,45,18,2,7,150,41,0,68,0.201,338,0.29500000000000004,0.328,0.623,5,15,0.75,0.25,2,36,1.1,0,48.290000000000006,2025,122,Carolina League,Low-A,703612-2025-122
2025,703178,Braylin Tavera,player,16,Braylin Tavera,Braylin,Tavera,Braylin,B Tavera,548,DEL,Delmarva Shorebirds,Shorebirds,CAR,122,CF,Outfielder,OF,20,443,125,144,1,4,0.329,24,8,4,42,1854,4.185,0.131,0.305,0.016,0.43000000000000005,0.11,3,0,54,677,211,242,22,19,63,15,0,42,27,108,95,51,14,3,7,135,58,0,84,0.226,372,0.33899999999999997,0.33599999999999997,0.6749999999999999,9,18,0.6669999999999999,0.33299999999999996,4,44,0.6599999999999999,0,53.14,2025,122,Carolina League,Low-A,703178-2025-122
2025,696083,Leonel Espinoza,player,21,Leonel Espinoza,Leonel,Espinoza,Leonel,L Espinoza,521,MB,Myrtle Beach Pelicans,Pelicans,CAR,122,CF,Outfielder,SS,22,408,137,161,0,3,0.33899999999999997,23,4,7,57,1454,3.564,0.07600000000000001,0.221,0.015,0.344,0.1,6,1,60,747,204,283,18,19,86,20,0,42,38,93,97,60,15,2,6,90,31,1,100,0.27,370,0.33099999999999996,0.37,0.701,8,21,0.724,0.276,7,54,0.89,0,61.67,2025,122,Carolina League,Low-A,696083-2025-122
2025,807083,Nathan Flewelling,player,21,Nathan Flewelling,Nathan,Flewelling,Nathan,N Flewelling,233,CHS,Charleston RiverDogs,RiverDogs,CAR,122,C,Catcher,C,18,439,113,159,1,7,0.329,23,6,5,39,1851,4.216,0.203,0.276,0.014,0.736,0.10700000000000001,4,0,40,686,212,223,9,20,77,15,0,45,17,102,69,46,16,1,6,121,89,2,77,0.229,336,0.393,0.33599999999999997,0.729,2,9,0.8180000000000001,0.182,5,49,1.12,0,56,2025,122,Carolina League,Low-A,807083-2025-122
2025,800377,Angel Mateo,player,21,Angel Mateo,Angel,Mateo,Angel,A Mateo,233,CHS,Charleston RiverDogs,RiverDogs,CAR,122,RF,Outfielder,OF,20,388,133,185,0,6,0.33299999999999996,22,7,6,72,1386,3.5719999999999996,0.07200000000000001,0.183,0.015,0.394,0.101,5,1,58,716,181,282,25,16,85,12,1,43,42,92,99,50,15,1,6,71,28,0,98,0.28200000000000003,347,0.34299999999999997,0.383,0.726,7,16,0.696,0.304,6,66,0.8600000000000001,0,57.83,2025,122,Carolina League,Low-A,800377-2025-122
2025,806611,Jancel Villarroel,player,21,Jancel Villarroel,Jancel,Villarroel,Jancel,J Villarroel,3712,FAY,Fayetteville Woodpeckers,Woodpeckers,CAR,122,C,Catcher,C,20,372,121,131,0,5,0.301,25,11,4,47,1435,3.8579999999999997,0.113,0.17200000000000001,0.016,0.656,0.127,4,0,47,679,165,255,18,23,85,16,0,41,24,85,88,45,16,3,6,64,42,0,81,0.258,314,0.36,0.385,0.745,7,20,0.741,0.259,4,45,0.97,0,52.33,2025,122,Carolina League,Low-A,806611-2025-122
2025,814453,Nathan Archer,player,25,Nathan Archer,Nathan,Archer,Nathan,N Archer,487,KAN,Kannapolis Cannon Ballers,Cannon Ballers,CAR,122,LF,Outfielder,OF,22,391,112,199,1,3,0.329,23,1,1,40,1448,3.7030000000000003,0.11,0.327,0.013000000000000001,0.33599999999999997,0.10800000000000001,2,0,47,719,265,219,21,11,65,17,1,29,28,98,79,40,14,4,5,128,43,0,75,0.21900000000000003,343,0.305,0.327,0.632,9,20,0.69,0.31,1,36,0.8200000000000001,0,68.6,2025,122,Carolina League,Low-A,814453-2025-122
2025,806061,Isaiah Drake,player,25,Isaiah Drake,Isaiah,Drake,Isaiah,I Drake,478,AUG,Augusta GreenJackets,GreenJackets,CAR,122,CF,Outfielder,OF,19,364,116,152,0,4,0.33099999999999996,17,2,1,47,1440,3.9559999999999995,0.10700000000000001,0.225,0.014,0.47600000000000003,0.10300000000000001,3,1,63,721,188,241,18,9,68,14,0,34,35,84,90,41,6,6,5,82,39,0,83,0.26,319,0.34099999999999997,0.364,0.705,9,35,0.7949999999999999,0.20500000000000002,1,47,0.76,0,63.8,2025,122,Carolina League,Low-A,806061-2025-122
2025,803241,Jose Escobar,player,25,Jose Escobar,Jose,Escobar,Jose,J Escobar,521,MB,Myrtle Beach Pelicans,Pelicans,CAR,122,LF,Outfielder,SS,20,461,140,175,0,4,0.33199999999999996,24,9,7,50,1724,3.74,0.10200000000000001,0.20800000000000002,0.011,0.49,0.085,2,0,48,804,206,309,15,27,113,12,0,58,36,105,90,61,19,0,5,96,47,1,106,0.264,401,0.351,0.349,0.7,9,11,0.55,0.45,7,46,1.26,0,80.2,2025,122,Carolina League,Low-A,803241-2025-122
2025,807080,Eric Hartman,player,25,Eric Hartman,Eric,Hartman,Eric,E Hartman,478,AUG,Augusta GreenJackets,GreenJackets,CAR,122,CF,Outfielder,OF,19,370,119,139,1,3,0.32,26,11,2,48,1386,3.746,0.1,0.23,0.014,0.43500000000000005,0.126,6,1,45,623,169,237,25,9,79,10,0,35,34,83,79,56,17,4,5,85,37,1,79,0.24800000000000003,318,0.344,0.374,0.718,5,44,0.898,0.10200000000000001,2,41,1,0,63.6,2025,122,Carolina League,Low-A,807080-2025-122
2025,807277,Nick Montgomery,player,25,Nick Montgomery,Nicholas,Montgomery,Nick,N Montgomery,478,AUG,Augusta GreenJackets,GreenJackets,CAR,122,C,Catcher,C,19,357,77,164,0,5,0.251,13,3,8,46,1393,3.9019999999999997,0.118,0.33299999999999996,0.014,0.353,0.082,3,1,43,660,245,192,23,12,62,8,1,25,18,87,78,23,6,2,5,119,42,0,52,0.17,306,0.272,0.252,0.524,0,1,1,0,8,35,0.7899999999999999,1,61.2,2025,122,Carolina League,Low-A,807277-2025-122
2025,826928,Owen Carey,player,30,Owen Carey,Owen,Carey,Owen,O Carey,478,AUG,Augusta GreenJackets,GreenJackets,CAR,122,LF,Outfielder,OF,18,525,162,228,1,3,0.303,31,14,5,79,1895,3.61,0.07200000000000001,0.15600000000000003,0.008,0.463,0.08700000000000001,8,1,68,954,202,391,31,25,146,17,1,52,51,117,124,63,25,2,4,82,38,0,121,0.258,469,0.32999999999999996,0.345,0.6749999999999999,10,17,0.63,0.37,5,63,1.1800000000000002,0,117.25,2025,122,Carolina League,Low-A,826928-2025-122
2025,821100,Justin Gonzales,player,30,Justin Gonzales,Justin,Gonzales,Justin,J Gonzales,414,SAL,Salem Red Sox,Red Sox,CAR,122,CF,Outfielder,OF,18,357,132,96,0,2,0.345,29,8,9,38,1258,3.524,0.098,0.14600000000000002,0.011,0.6729999999999999,0.125,4,0,32,615,138,262,14,12,111,12,0,44,37,81,58,45,23,2,4,52,35,0,93,0.29800000000000004,312,0.381,0.42300000000000004,0.804,7,11,0.611,0.389,9,27,1.91,0,78,2025,122,Carolina League,Low-A,821100-2025-122
2025,815908,Jesús Made,player,30,Jesús Made,Jesús,Made,Jesús,J Made,249,CAR,Carolina Mudcats,Mudcats,CAR,122,SS,Shortstop,SS,18,378,125,139,0,1,0.33999999999999997,28,2,4,44,1434,3.794,0.14,0.20600000000000002,0.011,0.6789999999999999,0.12100000000000001,7,1,39,591,138,245,16,14,90,14,0,44,28,83,69,55,21,3,4,78,53,0,86,0.267,322,0.373,0.388,0.761,9,40,0.8160000000000001,0.184,4,46,1.3,0,80.5,2025,122,Carolina League,Low-A,815908-2025-122
2025,800540,Hector Osorio,player,30,Hector Osorio,Hector,Osorio,Hector,H Osorio,448,HIC,Hickory Crawdads,Crawdads,CAR,122,RF,Outfielder,CF,20,358,96,142,2,4,0.279,13,14,5,46,1368,3.8209999999999997,0.15400000000000003,0.12000000000000001,0.011,1.279,0.088,5,0,59,583,109,246,22,27,67,11,2,42,16,90,108,39,5,4,4,43,55,0,71,0.251,283,0.393,0.33899999999999997,0.732,6,11,0.647,0.353,5,43,0.62,0,70.75,2025,122,Carolina League,Low-A,800540-2025-122
2025,800440,Narciso Polanco,player,30,Narciso Polanco,Narciso,Polanco,Narciso,N Polanco,233,CHS,Charleston RiverDogs,RiverDogs,CAR,122,2B,Second Base,2B,20,524,139,215,1,6,0.268,26,9,7,83,2026,3.8659999999999997,0.139,0.15600000000000003,0.008,0.89,0.092,13,0,73,842,150,360,23,35,130,9,2,46,42,120,131,84,16,6,4,82,73,0,99,0.228,435,0.346,0.32,0.6659999999999999,15,35,0.7,0.3,7,43,0.99,0,108.75,2025,122,Carolina League,Low-A,800440-2025-122
2025,800426,Raylin Ramos,player,30,Raylin Ramos,Raylin,Ramos,Raylin,R Ramos,548,DEL,Delmarva Shorebirds,Shorebirds,CAR,122,RF,Outfielder,OF,20,396,123,169,5,1,0.348,20,6,5,47,1422,3.5909999999999997,0.07600000000000001,0.253,0.01,0.3,0.091,3,1,37,703,208,259,21,20,90,14,1,43,33,96,78,45,12,4,4,100,30,0,91,0.258,353,0.326,0.348,0.6739999999999999,7,15,0.6819999999999999,0.318,5,50,1.1500000000000001,1,88.25,2025,122,Carolina League,Low-A,800426-2025-122
2025,806212,Stone Russell,player,30,Stone Russell,Stone,Russell,Stone,S Russell,3705,COL,Columbia Fireflies,Fireflies,CAR,122,1B,First Base,C,21,458,123,210,1,6,0.269,24,7,8,65,1699,3.71,0.131,0.183,0.009,0.714,0.09899999999999999,5,1,53,813,231,306,26,15,126,15,2,36,32,115,94,39,14,6,4,84,60,0,85,0.222,383,0.33299999999999996,0.321,0.654,6,4,0.4,0.6,8,53,1.34,1,95.75,2025,122,Carolina League,Low-A,806212-2025-122
2025,808307,Kleyver Salazar,player,30,Kleyver Salazar,Kleyver,Salazar,Kleyver,K Salazar,414,SAL,Salem Red Sox,Red Sox,CAR,122,C,Catcher,C,19,404,95,158,0,2,0.269,13,2,9,49,1544,3.8219999999999996,0.139,0.203,0.01,0.6829999999999999,0.061,9,0,52,709,190,264,29,19,90,9,1,34,30,99,100,34,9,0,4,82,56,0,74,0.21500000000000002,344,0.327,0.276,0.603,3,4,0.5710000000000001,0.42900000000000005,9,36,0.9,0,86,2025,122,Carolina League,Low-A,808307-2025-122
2025,806988,Welbyn Francisca,player,38,Welbyn Francisca,Welbyn,Francisca,Welbyn,W Francisca,481,HC,Hill City Howlers,Howlers,CAR,122,SS,Shortstop,SS,19,428,112,196,0,5,0.273,19,1,8,64,1680,3.925,0.119,0.171,0.007,0.699,0.07300000000000001,6,0,56,769,171,303,20,25,117,8,2,46,29,98,101,54,14,2,3,73,51,0,85,0.229,371,0.32,0.302,0.622,12,45,0.7889999999999999,0.21100000000000002,8,45,1.1600000000000001,0,123.66999999999999,2025,122,Carolina League,Low-A,806988-2025-122
2025,808141,Jose Pirela,player,38,Jose Pirela,Jose,Pirela,Jose,J Pirela,481,HC,Hill City Howlers,Howlers,CAR,122,RF,Outfielder,OF,19,360,103,161,0,4,0.312,25,15,5,39,1394,3.8719999999999994,0.06899999999999999,0.328,0.008,0.21200000000000002,0.12000000000000001,3,2,52,670,214,202,22,13,50,14,2,37,12,96,87,33,15,7,3,118,25,0,65,0.20600000000000002,316,0.29200000000000004,0.326,0.618,8,13,0.619,0.381,5,38,0.5700000000000001,0,105.33,2025,122,Carolina League,Low-A,808141-2025-122
2025,800256,Natanael Yuten,player,38,Natanael Yuten,Natanael,Yuten,Natanael,N Yuten,414,SAL,Salem Red Sox,Red Sox,CAR,122,LF,Outfielder,CF,20,369,129,130,0,5,0.361,29,6,2,32,1372,3.718,0.07600000000000001,0.255,0.008,0.29800000000000004,0.12100000000000001,7,2,40,734,252,241,10,18,84,14,0,46,29,99,68,42,21,5,3,94,28,0,89,0.27,330,0.33299999999999996,0.391,0.724,6,10,0.625,0.375,2,39,1.24,0,110,2025,122,Carolina League,Low-A,800256-2025-122
2025,695538,Randal Diaz,player,41,Randal Diaz,Randal,Diaz,Randal,R Diaz,436,FBG,Fredericksburg Nationals,Nationals,CAR,122,2B,Second Base,SS,22,428,104,176,1,4,0.269,15,6,16,66,1552,3.626,0.10700000000000001,0.15400000000000003,0.002,0.697,0.054000000000000006,13,0,61,711,173,310,26,30,109,8,2,34,40,112,117,51,11,3,1,66,46,0,84,0.226,371,0.319,0.28,0.599,7,29,0.806,0.194,16,45,0.93,0,371,2025,122,Carolina League,Low-A,695538-2025-122
2025,808706,Asbel Gonzalez,player,41,Asbel Gonzalez,Asbel,Gonzalez,Asbel,A Gonzalez,3705,COL,Columbia Fireflies,Fireflies,CAR,122,CF,Outfielder,OF,19,505,120,135,6,1,0.29800000000000004,16,29,5,43,1943,3.848,0.10700000000000001,0.17,0.002,0.628,0.051000000000000004,10,1,42,924,224,336,34,24,137,10,1,50,38,115,100,82,12,3,1,86,54,1,99,0.23900000000000002,415,0.365,0.28900000000000003,0.654,26,78,0.75,0.25,5,21,1.37,0,415,2025,122,Carolina League,Low-A,808706-2025-122
2025,803475,Colby Jones,player,41,Colby Jones,Colby,Jones,Colby,C Jones,478,AUG,Augusta GreenJackets,GreenJackets,CAR,122,2B,Second Base,SS,21,374,79,146,0,4,0.279,9,6,4,34,1481,3.96,0.16,0.20900000000000002,0.003,0.769,0.046,6,0,37,537,135,230,20,17,91,9,0,25,31,91,74,52,5,3,1,78,60,0,65,0.21400000000000002,304,0.35,0.26,0.61,10,54,0.8440000000000001,0.15600000000000003,4,25,1.23,0,304,2025,122,Carolina League,Low-A,803475-2025-122
2025,805950,Antonis Macias,player,41,Antonis Macias,Antonis,Macias,Antonis,A Macias,448,HIC,Hickory Crawdads,Crawdads,CAR,122,2B,Second Base,OF,20,401,104,142,2,11,0.322,17,5,7,45,1577,3.933,0.17700000000000002,0.167,0.002,1.06,0.067,4,1,51,589,107,258,9,23,92,10,0,38,35,92,83,48,14,2,1,67,71,0,83,0.266,312,0.398,0.33299999999999996,0.731,3,4,0.5710000000000001,0.42900000000000005,7,40,1.11,0,312,2025,122,Carolina League,Low-A,805950-2025-122
2025,800357,Ricardo Gonzalez,player,45,Ricardo Gonzalez,Ricardo,Gonzalez,Ricardo,R Gonzalez,233,CHS,Charleston RiverDogs,RiverDogs,CAR,122,SS,Shortstop,SS,20,431,96,189,4,3,0.28500000000000003,12,4,7,68,1567,3.6359999999999997,0.125,0.188,0,0.6669999999999999,0.038,9,0,53,711,144,292,7,29,121,5,1,44,32,103,89,43,10,2,0,81,54,0,82,0.224,366,0.328,0.262,0.59,7,23,0.767,0.233,7,40,1.36,0,,2025,122,Carolina League,Low-A,800357-2025-122
2025,807257,Ty Southisene,player,45,Ty Southisene,Ty,Southisene,Ty,T Southisene,521,MB,Myrtle Beach Pelicans,Pelicans,CAR,122,2B,Second Base,SS,19,389,87,126,0,0,0.3,8,11,5,39,1579,4.059,0.15900000000000003,0.14900000000000002,0,1.069,0.032,10,1,29,617,111,257,7,21,123,2,0,42,33,90,57,69,6,2,0,58,62,0,77,0.24400000000000002,315,0.387,0.276,0.6629999999999999,7,41,0.8540000000000001,0.14600000000000002,5,36,2.16,1,,2025,122,Carolina League,Low-A,807257-2025-122
2025,691775,Ryan Clifford,player,1,Ryan Clifford,Ryan,Clifford,Ryan,R Clifford,505,BNG,Binghamton Rumble Ponies,Rumble Ponies,EAS,113,1B,First Base,1B,21,437,181,174,0,4,0.278,43,3,3,45,1857,4.2490000000000006,0.14400000000000002,0.259,0.055,0.558,0.251,4,0,49,739,203,258,25,18,77,26,0,36,27,105,92,56,18,1,24,113,63,1,89,0.24300000000000002,367,0.355,0.493,0.8480000000000001,2,4,0.6669999999999999,0.33299999999999996,3,75,0.8400000000000001,0,15.29,2025,113,Eastern League,Double-A,691775-2025-113
2025,701177,Nick Cimillo,player,2,Nick Cimillo,Nicholas,Cimillo,Nick,N Cimillo,452,ALT,Altoona Curve,Curve,EAS,113,1B,First Base,C,25,455,190,192,1,4,0.264,50,5,12,60,1726,3.793,0.097,0.21300000000000002,0.044,0.454,0.234,5,2,72,753,204,309,31,15,95,37,1,40,18,112,118,50,26,4,20,97,44,0,96,0.23900000000000002,401,0.319,0.47400000000000003,0.7929999999999999,2,5,0.714,0.28600000000000003,12,71,0.81,0,20.05,2025,113,Eastern League,Double-A,701177-2025-113
2025,676205,Tyler Hardman,player,2,Tyler Hardman,Tyler,Hardman,Tyler,T Hardman,1956,SOM,Somerset Patriots,Patriots,EAS,113,1B,First Base,1B,26,453,189,196,0,1,0.29500000000000004,50,1,7,43,1794,3.96,0.084,0.316,0.044,0.266,0.23,7,0,73,888,296,271,23,15,66,39,0,38,17,115,111,57,25,5,20,143,38,0,94,0.228,413,0.29400000000000004,0.458,0.752,3,12,0.8,0.2,7,65,0.59,0,20.650000000000002,2025,113,Eastern League,Double-A,676205-2025-113
2025,687724,Jake Holton,player,4,Jake Holton,Jake,Holton,Jake,J Holton,106,ERI,Erie SeaWolves,SeaWolves,EAS,113,1B,First Base,1B,27,464,194,204,0,1,0.316,50,4,8,69,1836,3.957,0.116,0.254,0.041,0.458,0.222,3,2,54,771,215,288,21,23,86,36,0,50,18,109,98,70,29,2,19,118,54,0,104,0.257,405,0.349,0.47900000000000004,0.8280000000000001,1,6,0.8570000000000001,0.14300000000000002,8,66,0.88,0,21.32,2025,113,Eastern League,Double-A,687724-2025-113
2025,807727,Charles McAdoo,player,5,Charles McAdoo,Charles,McAdoo,Charles,C McAdoo,463,NH,New Hampshire Fisher Cats,Fisher Cats,EAS,113,3B,Third Base,2B,23,494,184,197,1,1,0.321,41,2,10,62,1959,3.9659999999999997,0.091,0.277,0.032,0.328,0.166,4,0,77,939,295,310,34,19,70,27,0,45,38,121,130,62,24,1,16,137,45,0,110,0.24700000000000003,445,0.318,0.41300000000000003,0.731,6,34,0.8500000000000001,0.15000000000000002,10,45,0.54,0,27.810000000000002,2025,113,Eastern League,Double-A,807727-2025-113
2025,695735,Creed Willems,player,5,Creed Willems,Creed,Willems,Creed,C Willems,418,CHE,Chesapeake Baysox,Baysox,EAS,113,C,Catcher,C,22,434,167,175,2,3,0.28300000000000003,38,12,6,61,1578,3.6359999999999997,0.088,0.191,0.037,0.458,0.187,2,0,75,860,236,301,27,21,82,30,0,43,23,105,123,41,21,1,16,83,38,2,96,0.253,379,0.33799999999999997,0.441,0.779,2,1,0.33299999999999996,0.6669999999999999,6,59,0.6699999999999999,0,23.69,2025,113,Eastern League,Double-A,695735-2025-113
2025,694249,Cole Carrigg,player,7,Cole Carrigg,Cole,Carrigg,Cole,C Carrigg,538,HFD,Hartford Yard Goats,Yard Goats,EAS,113,CF,Outfielder,CF,23,537,188,182,3,1,0.308,39,11,3,54,2086,3.885,0.084,0.27,0.028,0.31,0.15700000000000003,7,0,78,1094,344,336,22,21,102,20,2,50,41,123,121,81,18,6,15,145,45,1,113,0.23700000000000002,477,0.316,0.394,0.71,10,46,0.8210000000000001,0.17900000000000002,3,64,0.8400000000000001,0,31.8,2025,113,Eastern League,Double-A,694249-2025-113
2025,694025,Felix Reyes,player,7,Felix Reyes,Felix,Reyes,Felix,F Reyes,522,REA,Reading Fightin Phils,Fightin Phils,EAS,113,LF,Outfielder,LF,24,395,210,160,0,7,0.362,53,3,12,58,1402,3.549,0.046,0.15400000000000003,0.038,0.29500000000000004,0.23700000000000002,3,1,62,785,175,313,23,27,78,31,1,61,30,95,112,62,34,4,15,61,18,0,123,0.33499999999999996,367,0.365,0.5720000000000001,0.937,2,13,0.8670000000000001,0.133,12,65,0.7,0,24.47,2025,113,Eastern League,Double-A,694025-2025-113
2025,801194,Max Anderson,player,9,Max Anderson,Maxwell,Anderson,Max,M Anderson,106,ERI,Erie SeaWolves,SeaWolves,EAS,113,2B,Second Base,2B,23,405,184,159,0,4,0.32999999999999996,41,4,9,65,1345,3.3209999999999997,0.06899999999999999,0.14600000000000002,0.034999999999999996,0.47500000000000003,0.192,4,1,60,757,173,314,17,16,108,25,1,52,35,90,93,54,25,2,14,59,28,4,113,0.306,369,0.358,0.499,0.8570000000000001,3,2,0.4,0.6,9,65,1.1600000000000001,0,26.36,2025,113,Eastern League,Double-A,801194-2025-113
2025,684222,Jorge Burgos,player,9,Jorge Burgos,Jorge,Burgos,Jorge,J Burgos,402,AKR,Akron RubberDucks,RubberDucks,EAS,113,1B,First Base,CF,22,407,137,169,0,5,0.23500000000000001,33,4,7,42,1647,4.047,0.10600000000000001,0.233,0.034,0.453,0.18,2,1,59,827,216,265,34,26,73,22,0,28,23,98,119,44,16,3,14,95,43,0,73,0.20600000000000002,355,0.29500000000000004,0.386,0.6809999999999999,1,2,0.6669999999999999,0.33299999999999996,7,73,0.61,0,25.36,2025,113,Eastern League,Double-A,684222-2025-113
2025,682003,Garrett Martin,player,9,Garrett Martin,Garrett,Martin,Garrett,G Martin,1956,SOM,Somerset Patriots,Patriots,EAS,113,RF,Outfielder,OF,25,408,140,164,0,6,0.259,30,10,5,55,1439,3.527,0.06899999999999999,0.23800000000000002,0.034,0.28900000000000003,0.167,12,0,51,764,270,269,36,19,83,19,0,39,22,102,106,50,14,2,14,97,28,0,80,0.222,360,0.29200000000000004,0.389,0.6809999999999999,4,20,0.8330000000000001,0.167,5,48,0.7799999999999999,4,25.71,2025,113,Eastern League,Double-A,682003-2025-113
2025,678926,Carlos De La Cruz,player,12,Carlos De La Cruz,Carlos,De La Cruz,Carlos,C De La Cruz,547,HBG,Harrisburg Senators,Senators,EAS,113,RF,Outfielder,OF,25,470,167,216,0,2,0.312,39,4,11,58,1888,4.0169999999999995,0.07400000000000001,0.32999999999999996,0.028,0.226,0.168,4,2,55,986,386,276,15,21,90,23,1,49,22,114,91,46,19,7,13,155,35,0,95,0.221,429,0.28500000000000003,0.389,0.6739999999999999,4,12,0.75,0.25,11,55,0.99,0,33,2025,113,Eastern League,Double-A,678926-2025-113
2025,815734,Dylan Jasso,player,12,Dylan Jasso,Javier,Jasso,Dylan,D Jasso,1956,SOM,Somerset Patriots,Patriots,EAS,113,3B,Third Base,1B,22,537,191,204,0,7,0.322,36,10,10,67,2168,4.037,0.07800000000000001,0.24200000000000002,0.024,0.323,0.14200000000000002,6,1,96,950,237,355,17,18,101,23,0,71,29,127,131,62,17,6,13,130,42,0,123,0.257,478,0.326,0.4,0.726,2,1,0.33299999999999996,0.6669999999999999,10,76,0.77,0,36.77,2025,113,Eastern League,Double-A,815734-2025-113
2025,805795,Aidan Miller,player,12,Aidan Miller,Aidan,Miller,Aidan,A Miller,522,REA,Reading Fightin Phils,Fightin Phils,EAS,113,SS,Shortstop,SS,21,489,173,153,0,2,0.33099999999999996,40,9,7,55,2057,4.207,0.14900000000000002,0.23700000000000002,0.027,0.629,0.168,5,0,67,811,195,291,22,21,76,22,0,45,38,108,110,74,25,2,13,116,73,0,105,0.259,405,0.382,0.42700000000000005,0.809,14,52,0.7879999999999999,0.21200000000000002,7,41,0.69,0,31.150000000000002,2025,113,Eastern League,Double-A,805795-2025-113
2025,806273,Adam Retzbach,player,12,Adam Retzbach,Adam,Retzbach,Adam,A Retzbach,418,CHE,Chesapeake Baysox,Baysox,EAS,113,1B,First Base,C,24,446,144,174,4,3,0.31,33,14,4,60,1777,3.984,0.101,0.316,0.028999999999999998,0.319,0.15800000000000003,4,1,38,838,304,246,18,18,88,21,0,40,23,117,74,33,19,1,13,141,45,0,84,0.221,380,0.324,0.379,0.703,1,3,0.75,0.25,4,57,1.1900000000000002,0,29.23,2025,113,Eastern League,Double-A,806273-2025-113
2025,682674,Victor Bericoto,player,16,Victor Bericoto,Victor,Bericoto,Victor,V Bericoto,3410,RIC,Richmond Flying Squirrels,Flying Squirrels,EAS,113,1B,First Base,RF,23,393,149,165,0,3,0.329,30,3,7,61,1559,3.967,0.109,0.234,0.031,0.467,0.166,3,0,46,727,213,255,14,20,83,22,0,52,18,93,80,43,15,3,12,92,43,0,92,0.267,344,0.351,0.43300000000000005,0.7839999999999999,1,2,0.6669999999999999,0.33299999999999996,7,49,1.04,0,28.67,2025,113,Eastern League,Double-A,682674-2025-113
2025,694425,Justice Bigbie,player,16,Justice Bigbie,Justice,Bigbie,Justice,J Bigbie,106,ERI,Erie SeaWolves,SeaWolves,EAS,113,LF,Outfielder,OF,26,452,165,189,0,4,0.314,28,2,13,64,1600,3.54,0.10400000000000001,0.15300000000000002,0.027,0.6809999999999999,0.13,5,0,62,754,163,334,23,22,114,18,0,51,44,108,107,58,16,0,12,69,47,1,113,0.28300000000000003,399,0.358,0.41400000000000003,0.772,2,1,0.33299999999999996,0.6669999999999999,13,66,1.07,0,33.25,2025,113,Eastern League,Double-A,694425-2025-113
2025,699073,Thayron Liranzo,player,18,Thayron Liranzo,Thayron,Liranzo,Thayron,T Liranzo,106,ERI,Erie SeaWolves,SeaWolves,EAS,113,C,Catcher,C,21,394,119,181,0,3,0.28600000000000003,27,4,8,58,1623,4.119,0.119,0.317,0.028,0.376,0.14500000000000002,2,1,48,788,284,217,18,10,71,16,0,39,15,88,76,49,16,0,11,125,47,0,70,0.20600000000000002,339,0.308,0.351,0.659,0,0,,,8,45,0.93,1,30.82,2025,113,Eastern League,Double-A,699073-2025-113
2025,691385,Ronald Rosario,player,18,Ronald Rosario,Ronald,Rosario,Ronald,R Rosario,546,POR,Portland Sea Dogs,Sea Dogs,EAS,113,C,Catcher,C,22,402,115,184,2,3,0.23900000000000002,21,6,13,57,1537,3.823,0.082,0.23600000000000002,0.027,0.347,0.12000000000000001,7,0,56,759,240,268,26,16,98,19,2,28,23,98,98,32,10,0,11,95,33,0,72,0.201,358,0.278,0.321,0.599,3,5,0.625,0.375,13,56,1,0,32.54,2025,113,Eastern League,Double-A,691385-2025-113
2025,683233,Douglas Hodo III,player,20,Douglas Hodo III,Edward,Hodo,Douglas,D Hodo,418,CHE,Chesapeake Baysox,Baysox,EAS,113,LF,Outfielder,OF,24,435,123,182,1,3,0.274,29,8,3,35,1788,4.109999999999999,0.126,0.29200000000000004,0.023,0.43300000000000005,0.133,3,0,71,770,202,245,32,16,52,23,0,34,17,112,119,47,19,0,10,127,55,0,74,0.201,368,0.316,0.33399999999999996,0.65,10,29,0.744,0.256,3,32,0.44,0,36.8,2025,113,Eastern League,Double-A,683233-2025-113
2025,802407,Joe Lampe,player,20,Joe Lampe,Joseph,Lampe,Joe,J Lampe,402,AKR,Akron RubberDucks,RubberDucks,EAS,113,LF,Outfielder,OF,24,450,156,171,3,2,0.29500000000000004,39,7,3,50,1746,3.88,0.1,0.23800000000000002,0.022,0.42100000000000004,0.163,5,0,47,791,192,291,19,19,114,20,0,53,19,109,85,57,24,5,10,107,45,1,92,0.234,393,0.322,0.397,0.719,2,17,0.895,0.10500000000000001,3,59,1.34,0,39.3,2025,113,Eastern League,Double-A,802407-2025-113
2025,691024,Cayden Wallace,player,20,Cayden Wallace,Cayden,Wallace,Cayden,C Wallace,547,HBG,Harrisburg Senators,Senators,EAS,113,3B,Third Base,3B,23,481,160,196,1,8,0.29900000000000004,34,6,8,61,1788,3.717,0.083,0.23500000000000001,0.021,0.354,0.134,6,0,74,974,267,322,27,31,87,16,0,56,31,121,132,49,21,3,10,113,40,1,103,0.24200000000000002,426,0.31,0.376,0.6859999999999999,2,16,0.889,0.111,8,55,0.6599999999999999,0,42.6,2025,113,Eastern League,Double-A,691024-2025-113
2025,702518,Jett Williams,player,20,Jett Williams,Jett,Williams,Jett,J Williams,505,BNG,Binghamton Rumble Ponies,Rumble Ponies,EAS,113,SS,Shortstop,SS,21,421,168,124,1,3,0.357,44,3,4,38,1699,4.0360000000000005,0.14700000000000002,0.228,0.024,0.646,0.196,3,1,51,706,173,260,37,21,52,21,1,50,27,96,109,70,29,5,10,96,62,0,99,0.281,352,0.39,0.47700000000000004,0.8670000000000001,7,32,0.8210000000000001,0.17900000000000002,4,37,0.48000000000000004,0,35.2,2025,113,Eastern League,Double-A,702518-2025-113
2025,694876,Cooper Ingle,player,24,Cooper Ingle,John,Ingle,Cooper,C Ingle,402,AKR,Akron RubberDucks,RubberDucks,EAS,113,C,Catcher,C,23,403,147,127,1,3,0.319,38,1,5,37,1676,4.159,0.161,0.17400000000000002,0.022,0.929,0.168,2,0,59,619,119,267,20,18,79,17,0,55,19,92,97,55,29,0,9,70,65,0,91,0.273,333,0.391,0.441,0.8320000000000001,2,0,0,1,5,49,0.81,0,37,2025,113,Eastern League,Double-A,694876-2025-113
2025,702261,Termarr Johnson,player,24,Termarr Johnson,Termarr,Johnson,Termarr,T Johnson,452,ALT,Altoona Curve,Curve,EAS,113,2B,Second Base,SS,21,503,166,161,4,2,0.326,27,4,7,64,1944,3.8649999999999998,0.117,0.185,0.018000000000000002,0.634,0.111,5,0,67,853,228,347,19,26,117,21,0,48,49,119,112,67,15,3,9,93,59,2,118,0.272,434,0.363,0.382,0.745,12,20,0.625,0.375,7,35,1.04,0,48.220000000000006,2025,113,Eastern League,Double-A,702261-2025-113
2025,683610,Leandro Pineda,player,24,Leandro Pineda,Leandro,Pineda,Leandro,L Pineda,522,REA,Reading Fightin Phils,Fightin Phils,EAS,113,RF,Outfielder,OF,23,394,121,164,0,6,0.255,32,9,4,47,1577,4.003,0.119,0.228,0.023,0.522,0.15400000000000003,4,1,51,742,209,248,21,20,86,18,1,33,18,105,92,46,22,1,9,90,47,0,70,0.21100000000000002,332,0.32,0.364,0.6839999999999999,0,7,1,0,4,37,0.93,0,36.89,2025,113,Eastern League,Double-A,683610-2025-113
2025,806146,George Lombard Jr.,player,27,George Lombard Jr.,George,Lombard,George,G Lombard Jr.,1956,SOM,Somerset Patriots,Patriots,EAS,113,SS,Shortstop,SS,20,469,140,142,0,4,0.28900000000000003,36,10,2,40,1992,4.247,0.136,0.264,0.017,0.516,0.14300000000000002,8,0,68,816,239,271,14,21,84,22,0,37,25,108,103,68,24,4,8,124,64,0,84,0.21500000000000002,391,0.33699999999999997,0.358,0.695,6,24,0.8,0.2,2,36,0.8200000000000001,0,48.879999999999995,2025,113,Eastern League,Double-A,806146-2025-113
2025,691369,Allan Castro,player,28,Allan Castro,Allan,Castro,Allan,A Castro,546,POR,Portland Sea Dogs,Sea Dogs,EAS,113,CF,Outfielder,CF,22,388,136,135,0,2,0.328,29,2,10,60,1511,3.8939999999999997,0.113,0.20400000000000001,0.018000000000000002,0.557,0.132,3,0,58,694,170,263,18,21,75,17,3,48,23,92,97,43,20,2,7,79,44,0,91,0.268,340,0.353,0.4,0.753,3,15,0.8330000000000001,0.167,10,37,0.77,0,48.57,2025,113,Eastern League,Double-A,691369-2025-113
2025,681132,Max Ferguson,player,28,Max Ferguson,Max,Ferguson,Max,M Ferguson,546,POR,Portland Sea Dogs,Sea Dogs,EAS,113,2B,Second Base,2B,25,392,93,117,4,1,0.23500000000000001,16,3,4,35,1535,3.9159999999999995,0.15100000000000002,0.21700000000000003,0.018000000000000002,0.694,0.095,4,1,53,644,191,245,33,19,78,16,1,21,24,99,105,45,8,1,7,85,59,1,62,0.191,325,0.32,0.28600000000000003,0.606,7,31,0.8160000000000001,0.184,4,33,0.74,0,46.43,2025,113,Eastern League,Double-A,681132-2025-113
2025,800765,Carter Howell,player,28,Carter Howell,Carter,Howell,Carter,C Howell,3410,RIC,Richmond Flying Squirrels,Flying Squirrels,EAS,113,CF,Outfielder,RF,26,439,129,178,1,4,0.272,27,12,9,56,1655,3.77,0.082,0.21600000000000003,0.016,0.379,0.114,2,0,71,706,148,295,29,34,76,12,1,50,22,109,134,41,17,3,7,95,36,0,85,0.221,385,0.304,0.33499999999999996,0.639,4,8,0.6669999999999999,0.33299999999999996,9,32,0.5700000000000001,1,55,2025,113,Eastern League,Double-A,800765-2025-113
2025,700681,Nick Lorusso,player,28,Nick Lorusso,Nicholas,Lorusso,Nick,N Lorusso,505,BNG,Binghamton Rumble Ponies,Rumble Ponies,EAS,113,3B,Third Base,3B,24,446,145,205,0,8,0.307,36,3,10,69,1688,3.785,0.092,0.24200000000000002,0.016,0.38,0.127,3,1,81,835,249,294,21,15,82,26,0,48,21,112,117,42,29,0,7,108,41,0,95,0.24100000000000002,394,0.312,0.368,0.6799999999999999,3,8,0.727,0.273,10,56,0.7,0,56.290000000000006,2025,113,Eastern League,Double-A,700681-2025-113
2025,692348,Aeverson Arteaga,player,32,Aeverson Arteaga,Aeverson,Arteaga,Aeverson,A Arteaga,3410,RIC,Richmond Flying Squirrels,Flying Squirrels,EAS,113,SS,Shortstop,SS,22,474,117,220,3,4,0.24600000000000002,22,1,7,66,1789,3.774,0.061,0.262,0.013000000000000001,0.234,0.08,5,2,69,881,255,318,43,35,89,8,0,53,21,134,147,32,15,1,6,124,29,0,82,0.189,435,0.23900000000000002,0.269,0.508,1,5,0.8330000000000001,0.167,7,39,0.61,2,72.5,2025,113,Eastern League,Double-A,692348-2025-113
2025,694754,Sabin Ceballos,player,32,Sabin Ceballos,Sabin,Ceballos,Sabin,S Ceballos,3410,RIC,Richmond Flying Squirrels,Flying Squirrels,EAS,113,3B,Third Base,3B,22,420,121,183,4,3,0.273,26,8,10,54,1703,4.055,0.112,0.17400000000000002,0.014,0.644,0.10600000000000001,5,0,73,681,132,292,15,19,102,18,0,41,24,108,107,36,20,0,6,73,47,0,83,0.232,358,0.33199999999999996,0.33799999999999997,0.6699999999999999,3,4,0.5710000000000001,0.42900000000000005,10,47,0.9500000000000001,0,59.67,2025,113,Eastern League,Double-A,694754-2025-113
2025,701298,Phillip Glasser,player,32,Phillip Glasser,Phillip,Glasser,Phillip,P Glasser,547,HBG,Harrisburg Senators,Senators,EAS,113,LF,Outfielder,SS,25,490,167,159,2,1,0.324,27,8,7,50,1753,3.578,0.10600000000000001,0.112,0.012,0.9450000000000001,0.098,8,0,71,871,139,375,9,25,145,16,1,74,34,112,105,63,18,3,6,55,52,1,125,0.29300000000000004,427,0.379,0.391,0.77,11,30,0.732,0.268,7,41,1.3800000000000001,0,71.16999999999999,2025,113,Eastern League,Double-A,701298-2025-113
2025,683493,William Lugo,player,32,William Lugo,William,Lugo,William,W Lugo,505,BNG,Binghamton Rumble Ponies,Rumble Ponies,EAS,113,SS,Shortstop,SS,23,427,111,181,0,4,0.272,21,4,5,41,1645,3.8519999999999994,0.091,0.265,0.014,0.345,0.08700000000000001,3,2,52,797,256,271,30,20,91,14,0,36,28,113,102,38,15,0,6,113,39,0,78,0.20500000000000002,380,0.28300000000000003,0.29200000000000004,0.5750000000000001,1,5,0.8330000000000001,0.167,5,38,0.89,0,63.33,2025,113,Eastern League,Double-A,683493-2025-113
2025,703492,Nick Morabito,player,32,Nick Morabito,Nicholas,Morabito,Nick,N Morabito,505,BNG,Binghamton Rumble Ponies,Rumble Ponies,EAS,113,CF,Outfielder,LF,22,492,168,187,0,3,0.355,35,5,11,64,1919,3.9,0.096,0.234,0.012,0.40900000000000003,0.112,6,2,46,859,195,324,8,25,126,16,0,52,51,118,79,63,27,2,6,115,47,0,119,0.273,436,0.348,0.385,0.733,11,49,0.8170000000000001,0.183,11,59,1.59,1,72.66999999999999,2025,113,Eastern League,Double-A,703492-2025-113
2025,691449,Roberto Campos,player,37,Roberto Campos,Roberto,Campos,Roberto,R Campos,106,ERI,Erie SeaWolves,SeaWolves,EAS,113,RF,Outfielder,RF,22,403,126,155,0,3,0.318,29,1,12,63,1504,3.7319999999999998,0.089,0.251,0.01,0.356,0.111,6,1,55,723,210,262,7,29,85,15,1,32,38,101,91,46,22,3,4,101,36,1,86,0.23900000000000002,360,0.308,0.35,0.658,1,5,0.8330000000000001,0.167,12,39,0.93,3,90,2025,113,Eastern League,Double-A,691449-2025-113
2025,683103,Cade Doughty,player,37,Cade Doughty,Cade,Doughty,Cade,C Doughty,463,NH,New Hampshire Fisher Cats,Fisher Cats,EAS,113,SS,Shortstop,2B,24,373,110,158,4,5,0.29600000000000004,21,2,6,59,1342,3.598,0.054000000000000006,0.223,0.011,0.24100000000000002,0.085,2,0,60,741,214,268,31,22,74,10,1,34,36,104,113,28,17,0,4,83,20,0,81,0.23700000000000002,342,0.279,0.322,0.601,2,4,0.6669999999999999,0.33299999999999996,6,33,0.65,0,85.5,2025,113,Eastern League,Double-A,683103-2025-113
2025,684715,Nic Kent,player,37,Nic Kent,Nicholas,Kent,Nic,N Kent,538,HFD,Hartford Yard Goats,Yard Goats,EAS,113,3B,Third Base,SS,25,384,100,166,2,3,0.275,16,9,5,44,1421,3.701,0.08600000000000001,0.20800000000000002,0.01,0.41300000000000003,0.07700000000000001,8,0,59,673,167,261,20,26,82,12,0,31,31,104,105,38,10,2,4,80,33,0,74,0.22,336,0.304,0.29800000000000004,0.602,1,6,0.8570000000000001,0.14300000000000002,5,44,0.7799999999999999,1,84,2025,113,Eastern League,Double-A,684715-2025-113
2025,699157,Ahbram Liendo,player,37,Ahbram Liendo,Ahbram,Liendo,Ahbram,A Liendo,546,POR,Portland Sea Dogs,Sea Dogs,EAS,113,3B,Third Base,2B,21,463,125,176,1,4,0.316,18,4,4,48,1835,3.963,0.10400000000000001,0.24200000000000002,0.009,0.42900000000000005,0.06899999999999999,7,1,52,715,186,299,26,16,108,14,0,30,53,120,94,56,12,2,4,112,48,0,97,0.23900000000000002,406,0.323,0.308,0.631,7,42,0.8570000000000001,0.14300000000000002,4,32,1.1500000000000001,0,101.5,2025,113,Eastern League,Double-A,699157-2025-113
2025,806005,Ryan McCarty,player,37,Ryan McCarty,Ryan,McCarty,Ryan,R McCarty,463,NH,New Hampshire Fisher Cats,Fisher Cats,EAS,113,2B,Second Base,SS,26,377,104,133,0,1,0.29900000000000004,22,9,6,36,1565,4.151,0.109,0.24400000000000002,0.011,0.446,0.095,5,0,56,701,189,235,14,25,67,9,1,41,22,102,95,36,17,1,4,92,41,0,73,0.224,326,0.326,0.319,0.645,5,9,0.643,0.357,6,26,0.71,0,81.5,2025,113,Eastern League,Double-A,806005-2025-113
2025,695612,Alex Mooney,player,37,Alex Mooney,Alexander,Mooney,Alex,A Mooney,402,AKR,Akron RubberDucks,RubberDucks,EAS,113,SS,Shortstop,SS,22,442,108,159,6,8,0.28400000000000003,24,6,5,49,1743,3.943,0.10600000000000001,0.29200000000000004,0.009,0.364,0.088,4,0,72,890,323,260,20,17,76,16,0,34,25,115,109,49,19,1,4,129,47,1,75,0.2,375,0.29400000000000004,0.28800000000000003,0.582,4,25,0.8620000000000001,0.138,5,37,0.7,0,93.75,2025,113,Eastern League,Double-A,695612-2025-113
2025,683172,Joe Naranjo,player,43,Joe Naranjo,Joseph,Naranjo,Joe,J Naranjo,547,HBG,Harrisburg Senators,Senators,EAS,113,1B,First Base,1B,24,418,104,167,2,4,0.303,18,3,7,40,1689,4.041,0.14600000000000002,0.234,0.007,0.622,0.07200000000000001,4,0,49,721,178,256,6,15,107,10,0,40,29,103,70,45,14,1,3,98,61,0,79,0.227,348,0.344,0.29900000000000004,0.643,0,2,1,0,7,35,1.53,0,116,2025,113,Eastern League,Double-A,683172-2025-113
2025,682648,Juan Guerrero,player,44,Juan Guerrero,Juan,Guerrero,Juan,J Guerrero,538,HFD,Hartford Yard Goats,Yard Goats,EAS,113,LF,Outfielder,SS,23,413,119,156,2,8,0.3,19,1,12,63,1365,3.3049999999999997,0.07700000000000001,0.15300000000000002,0.005,0.508,0.062,8,0,54,670,161,317,37,19,111,6,3,40,47,103,110,36,17,0,2,63,32,1,96,0.259,370,0.314,0.322,0.636,6,13,0.6839999999999999,0.316,12,34,1.01,0,185,2025,113,Eastern League,Double-A,682648-2025-113
2025,694170,Dyan Jorge,player,44,Dyan Jorge,Dyan,Jorge,Dyan,D Jorge,538,HFD,Hartford Yard Goats,Yard Goats,EAS,113,SS,Shortstop,SS,22,445,98,192,3,2,0.25,15,4,14,64,1709,3.84,0.085,0.202,0.004,0.42200000000000004,0.048,5,1,52,761,180,313,20,18,144,10,2,32,35,120,90,40,13,0,2,90,38,0,79,0.198,398,0.274,0.24600000000000002,0.52,9,18,0.6669999999999999,0.33299999999999996,14,30,1.6,0,199,2025,113,Eastern League,Double-A,694170-2025-113
2025,694196,Diego Velasquez,player,44,Diego Velasquez,Diego,Velasquez,Diego,D Velasquez,3410,RIC,Richmond Flying Squirrels,Flying Squirrels,EAS,113,2B,Second Base,SS,21,566,149,157,10,3,0.303,23,10,6,78,2222,3.9259999999999997,0.12400000000000001,0.14300000000000002,0.004,0.8640000000000001,0.059000000000000004,6,1,81,896,132,405,13,32,158,13,1,69,38,128,126,60,20,1,2,81,70,1,121,0.256,473,0.362,0.315,0.6769999999999999,6,19,0.76,0.24000000000000002,6,32,1.25,0,236.5,2025,113,Eastern League,Double-A,694196-2025-113
2025,694991,Mitch Jebb,player,47,Mitch Jebb,Mitchell,Jebb,Mitch,M Jebb,452,ALT,Altoona Curve,Curve,EAS,113,CF,Outfielder,SS,23,513,141,184,4,4,0.3,17,1,4,57,1842,3.5909999999999997,0.115,0.109,0,1.054,0.052000000000000005,2,2,95,737,95,397,33,27,124,5,2,54,57,122,155,55,11,6,0,56,59,1,118,0.265,445,0.35,0.317,0.6669999999999999,5,33,0.8680000000000001,0.132,4,34,0.8,0,,2025,113,Eastern League,Double-A,694991-2025-113
2025,806957,Alfredo Duno,player,1,Alfredo Duno,Alfredo,Duno,Alfredo,A Duno,450,DBT,Daytona Tortugas,Tortugas,FSL,123,C,Catcher,C,19,495,202,165,0,4,0.32999999999999996,52,6,7,52,2090,4.2219999999999995,0.192,0.184,0.036,1.044,0.231,12,1,64,823,256,303,24,14,89,27,0,54,31,113,102,78,32,2,18,91,95,1,112,0.28700000000000003,390,0.43000000000000005,0.518,0.9480000000000001,6,6,0.5,0.5,7,81,0.8700000000000001,0,21.67,2025,123,Florida State League,Low-A,806957-2025-123
2025,694184,Cristian Santana,player,2,Cristian Santana,Cristian,Santana,Cristian,C Santana,570,LAK,Lakeland Flying Tigers,Flying Tigers,FSL,123,1B,First Base,SS,21,394,117,163,0,4,0.228,27,12,5,39,1631,4.14,0.193,0.24900000000000003,0.038,0.776,0.192,4,0,56,697,184,208,36,16,41,24,2,28,5,98,108,56,11,1,15,98,76,1,59,0.195,302,0.373,0.387,0.76,1,7,0.8750000000000001,0.125,5,53,0.38,0,20.130000000000003,2025,123,Florida State League,Low-A,694184-2025-123
2025,703154,Yordany De Los Santos,player,3,Yordany De Los Santos,Yordany,De Los Santos,Yordany,Y De Los Santos,3390,BRD,Bradenton Marauders,Marauders,FSL,123,SS,Shortstop,SS,20,512,179,194,1,6,0.326,40,4,7,65,1844,3.602,0.07800000000000001,0.268,0.021,0.29200000000000004,0.139,11,1,61,943,324,331,17,26,112,24,2,40,49,116,104,62,27,2,11,137,40,0,115,0.24900000000000003,461,0.311,0.388,0.699,14,51,0.7849999999999999,0.21500000000000002,7,54,1.08,0,41.91,2025,123,Florida State League,Low-A,703154-2025-123
2025,703177,Jhonny Severino,player,3,Jhonny Severino,Jhonny,Severino,Jhonny,J Severino,3390,BRD,Bradenton Marauders,Marauders,FSL,123,3B,Third Base,SS,20,468,152,188,3,4,0.268,37,6,6,57,1666,3.56,0.068,0.252,0.024,0.271,0.14400000000000002,2,0,71,904,286,312,23,26,101,25,0,42,24,113,120,44,24,2,11,118,32,0,91,0.21500000000000002,423,0.277,0.359,0.636,8,10,0.556,0.444,6,49,0.8400000000000001,0,38.46,2025,123,Florida State League,Low-A,703177-2025-123
2025,703160,Yasser Mercedes,player,5,Yasser Mercedes,Yasser,Mercedes,Yasser,Y Mercedes,509,FTM,Fort Myers Mighty Mussels,Mighty Mussels,FSL,123,CF,Outfielder,OF,20,419,109,182,0,6,0.228,23,3,4,58,1747,4.169,0.131,0.251,0.024,0.524,0.12100000000000001,5,1,57,755,199,256,34,24,75,11,1,37,17,94,115,48,13,0,10,105,55,0,66,0.186,355,0.29600000000000004,0.307,0.603,1,34,0.971,0.028999999999999998,4,42,0.65,0,35.5,2025,123,Florida State League,Low-A,703160-2025-123
2025,699014,Eddy Rodriguez,player,5,Eddy Rodriguez,Eddy,Rodriguez,Eddy,E Rodriguez,3390,BRD,Bradenton Marauders,Marauders,FSL,123,RF,Outfielder,OF,21,366,107,153,2,2,0.24900000000000003,26,4,4,34,1437,3.9259999999999997,0.12300000000000001,0.29200000000000004,0.027,0.42100000000000004,0.15400000000000003,6,1,43,711,232,209,15,16,76,13,0,32,14,94,74,34,14,2,10,107,45,0,59,0.189,312,0.29800000000000004,0.34299999999999997,0.641,3,9,0.75,0.25,4,31,1.03,1,31.2,2025,123,Florida State League,Low-A,699014-2025-123
2025,700720,Luis Pino,player,7,Luis Pino,Luis,Pino,Luis,L Pino,279,PMB,Palm Beach Cardinals,Cardinals,FSL,123,LF,Outfielder,CF,21,413,116,181,0,2,0.28700000000000003,27,12,3,48,1667,4.0360000000000005,0.131,0.312,0.022,0.41900000000000004,0.136,6,0,53,669,227,218,21,16,59,17,0,32,20,98,90,43,16,2,9,129,54,2,69,0.2,345,0.327,0.33599999999999997,0.6629999999999999,2,7,0.778,0.222,3,42,0.6599999999999999,0,38.33,2025,123,Florida State League,Low-A,700720-2025-123
2025,800246,Engelth Urena,player,7,Engelth Urena,Engelth,Urena,Engelth,E Urena,587,TAM,Tampa Tarpons,Tarpons,FSL,123,C,Catcher,C,20,400,110,175,0,4,0.23800000000000002,23,9,10,55,1488,3.72,0.133,0.193,0.023,0.688,0.12300000000000001,8,0,56,663,157,261,41,18,77,15,0,40,14,91,115,54,14,0,9,77,53,0,69,0.20700000000000002,334,0.328,0.329,0.657,3,8,0.727,0.273,10,42,0.6699999999999999,0,37.11,2025,123,Florida State League,Low-A,800246-2025-123
2025,808516,Andres Valor,player,7,Andres Valor,Andres,Valor,Andres,A Valor,479,JUP,Jupiter Hammerheads,Hammerheads,FSL,123,RF,Outfielder,OF,19,462,145,203,0,7,0.319,34,14,3,57,1717,3.7159999999999997,0.11,0.29000000000000004,0.019,0.381,0.14100000000000001,3,1,49,854,266,263,38,24,62,16,0,45,29,108,111,65,22,3,9,134,51,0,90,0.231,390,0.33499999999999996,0.372,0.707,10,45,0.8180000000000001,0.182,3,55,0.56,0,43.33,2025,123,Florida State League,Low-A,808516-2025-123
2025,800257,Yonatan Henriquez,player,10,Yonatan Henriquez,Yonatan,Henriquez,Yonatan,Y Henriquez,507,SLU,St. Lucie Mets,Mets,FSL,123,CF,Outfielder,SS,20,405,138,161,1,4,0.308,28,0,12,66,1467,3.622,0.126,0.17800000000000002,0.02,0.708,0.132,6,0,56,724,199,282,20,22,92,17,1,37,37,104,98,59,18,2,8,72,51,0,92,0.264,349,0.354,0.395,0.749,8,33,0.805,0.195,12,50,0.9400000000000001,0,43.620000000000005,2025,123,Florida State League,Low-A,800257-2025-123
2025,808864,Raider Tello,player,10,Raider Tello,Dominick,Tello,Raider,R Tello,566,CLR,Clearwater Threshers,Threshers,FSL,123,1B,First Base,SS,24,398,141,178,2,2,0.353,27,7,11,64,1513,3.8019999999999996,0.08,0.234,0.02,0.344,0.12100000000000001,15,2,48,724,171,265,4,18,97,13,0,57,28,101,70,42,19,0,8,93,32,0,98,0.277,354,0.347,0.398,0.745,0,1,1,0,11,55,1.3900000000000001,1,44.25,2025,123,Florida State League,Low-A,808864-2025-123
2025,703149,Roderick Arias,player,12,Roderick Arias,Roderick,Arias,Roderick,R Arias,587,TAM,Tampa Tarpons,Tarpons,FSL,123,SS,Shortstop,SS,20,465,124,184,0,1,0.29500000000000004,27,4,3,63,1862,4.004,0.14,0.28800000000000003,0.015,0.48500000000000004,0.10700000000000001,4,0,49,929,327,261,13,27,90,16,0,38,28,103,89,61,19,1,7,134,65,0,82,0.20800000000000002,394,0.325,0.315,0.64,10,34,0.773,0.227,3,53,1.01,1,56.290000000000006,2025,123,Florida State League,Low-A,703149-2025-123
2025,703159,Simon Juan,player,12,Simon Juan,Simon,Juan,Simon,S Juan,507,SLU,St. Lucie Mets,Mets,FSL,123,RF,Outfielder,OF,19,376,115,199,0,4,0.304,23,5,6,44,1322,3.5159999999999996,0.07700000000000001,0.29500000000000004,0.019,0.261,0.118,2,0,41,718,263,231,16,19,80,10,1,33,31,98,76,44,13,3,7,111,29,0,75,0.222,338,0.29000000000000004,0.33999999999999997,0.63,4,17,0.81,0.19,6,50,1.05,0,48.290000000000006,2025,123,Florida State League,Low-A,703159-2025-123
2025,807239,Bernard Moon,player,12,Bernard Moon,Bernard,Moon,Bernard,B Moon,450,DBT,Daytona Tortugas,Tortugas,FSL,123,2B,Second Base,SS,20,451,143,206,4,5,0.28500000000000003,34,13,6,69,1660,3.681,0.08600000000000001,0.2,0.016,0.43300000000000005,0.131,4,0,60,783,194,309,24,14,119,16,1,47,28,108,98,65,24,3,7,90,39,0,92,0.23600000000000002,390,0.322,0.367,0.689,9,17,0.654,0.346,6,54,1.21,0,55.71,2025,123,Florida State League,Low-A,807239-2025-123
2025,703204,Esmith Pineda,player,12,Esmith Pineda,Esmith,Pineda,Esmith,E Pineda,450,DBT,Daytona Tortugas,Tortugas,FSL,123,RF,Outfielder,OF,20,414,135,195,3,9,0.315,29,12,4,56,1444,3.488,0.092,0.21000000000000002,0.017,0.43700000000000006,0.125,5,0,51,692,176,277,43,14,78,11,2,48,30,102,108,47,21,1,7,87,38,0,91,0.259,352,0.34299999999999997,0.384,0.727,2,3,0.6,0.4,4,57,0.72,0,50.290000000000006,2025,123,Florida State League,Low-A,703204-2025-123
2025,800140,Kendry Chirinos,player,16,Kendry Chirinos,Kendry,Chirinos,Kendry,K Chirinos,424,DUN,Dunedin Blue Jays,Blue Jays,FSL,123,1B,First Base,3B,20,382,119,173,0,5,0.33899999999999997,22,6,11,53,1480,3.8739999999999997,0.128,0.254,0.016,0.505,0.115,7,0,33,707,243,230,8,14,93,13,1,38,30,95,55,41,13,3,6,97,49,1,82,0.255,322,0.359,0.37,0.729,1,0,0,1,11,43,1.6900000000000002,0,53.67,2025,123,Florida State League,Low-A,800140-2025-123
2025,808365,Dameury Pena,player,16,Dameury Pena,Dameury,Pena,Dameury,D Pena,509,FTM,Fort Myers Mighty Mussels,Mighty Mussels,FSL,123,2B,Second Base,2B,19,417,117,152,0,4,0.251,16,8,7,58,1453,3.484,0.084,0.089,0.014,0.9460000000000001,0.07600000000000001,17,1,60,686,111,337,35,32,121,15,0,35,39,96,127,50,10,0,6,37,35,0,89,0.24100000000000002,370,0.317,0.316,0.633,5,28,0.8480000000000001,0.15200000000000002,7,43,0.9500000000000001,0,61.67,2025,123,Florida State League,Low-A,808365-2025-123
2025,800266,Yordalin Peña,player,16,Yordalin Peña,Yordalin,Peña,Yordalin,Y Peña,279,PMB,Palm Beach Cardinals,Cardinals,FSL,123,CF,Outfielder,OF,20,412,133,180,0,5,0.301,32,4,8,53,1529,3.711,0.085,0.262,0.015,0.324,0.133,7,0,48,803,246,265,31,24,78,10,0,45,29,103,103,54,21,5,6,108,35,0,84,0.228,368,0.29900000000000004,0.361,0.6599999999999999,10,20,0.6669999999999999,0.33299999999999996,8,39,0.76,0,61.33,2025,123,Florida State League,Low-A,800266-2025-123
2025,702283,Tucker Toman,player,16,Tucker Toman,Kendall,Toman,Tucker,T Toman,424,DUN,Dunedin Blue Jays,Blue Jays,FSL,123,3B,Third Base,SS,21,371,121,172,0,4,0.34099999999999997,24,8,8,47,1432,3.86,0.097,0.24800000000000003,0.016,0.391,0.115,2,1,38,681,189,235,18,18,77,16,0,47,21,89,74,49,17,1,6,92,36,0,84,0.26,323,0.345,0.375,0.72,0,5,1,0,8,52,1.04,0,53.83,2025,123,Florida State League,Low-A,702283-2025-123
2025,694202,Manuel Beltre,player,20,Manuel Beltre,Manuel,Beltre,Manuel,M Beltre,424,DUN,Dunedin Blue Jays,Blue Jays,FSL,123,SS,Shortstop,SS,21,431,126,190,0,6,0.279,26,5,9,75,1553,3.603,0.10200000000000001,0.17600000000000002,0.012,0.5790000000000001,0.098,9,0,51,775,186,306,30,30,106,15,1,49,24,106,111,57,20,1,5,76,44,0,89,0.23700000000000002,376,0.32,0.33499999999999996,0.655,7,26,0.7879999999999999,0.21200000000000002,9,40,0.9500000000000001,0,75.2,2025,123,Florida State League,Low-A,694202-2025-123
2025,815551,Trey Snyder,player,20,Trey Snyder,Trey,Snyder,Trey,T Snyder,507,SLU,St. Lucie Mets,Mets,FSL,123,2B,Second Base,SS,19,512,124,198,0,4,0.269,18,5,5,49,2024,3.953,0.14100000000000001,0.188,0.01,0.75,0.067,8,1,50,813,184,339,20,34,140,13,0,43,39,115,104,58,12,1,5,96,72,0,95,0.22,431,0.33599999999999997,0.28800000000000003,0.624,8,41,0.8370000000000001,0.163,5,48,1.35,0,86.2,2025,123,Florida State League,Low-A,815551-2025-123
2025,828319,Marshall Toole,player,20,Marshall Toole,Marshall,Toole,Marshall,M Toole,587,TAM,Tampa Tarpons,Tarpons,FSL,123,CF,Outfielder,OF,22,372,151,137,0,2,0.381,32,3,2,45,1418,3.8119999999999994,0.14,0.196,0.013000000000000001,0.712,0.17500000000000002,4,2,35,561,134,244,13,24,76,16,0,40,40,96,72,66,14,13,5,73,52,0,96,0.305,315,0.406,0.47900000000000004,0.885,6,44,0.88,0.12000000000000001,2,48,1.06,0,63,2025,123,Florida State League,Low-A,828319-2025-123
2025,806987,Daiverson Gutierrez,player,23,Daiverson Gutierrez,Daiverson,Gutierrez,Daiverson,D Gutierrez,507,SLU,St. Lucie Mets,Mets,FSL,123,C,Catcher,C,19,395,101,171,0,4,0.279,14,11,8,54,1414,3.58,0.134,0.14700000000000002,0.01,0.914,0.067,5,0,47,687,143,273,27,22,98,11,1,44,23,91,96,54,10,0,4,58,53,1,79,0.24200000000000002,327,0.362,0.309,0.6709999999999999,4,6,0.6,0.4,8,41,1.02,0,81.75,2025,123,Florida State League,Low-A,806987-2025-123
2025,702977,Dillon Head,player,23,Dillon Head,Dillon,Head,Dillon,D Head,479,JUP,Jupiter Hammerheads,Hammerheads,FSL,123,CF,Outfielder,CF,20,425,114,148,2,2,0.275,17,3,2,47,1627,3.828,0.136,0.191,0.009,0.716,0.095,11,0,45,692,136,282,34,23,100,10,0,37,33,96,102,60,4,9,4,81,58,1,80,0.223,359,0.33399999999999996,0.318,0.652,9,36,0.8,0.2,2,39,0.98,1,89.75,2025,123,Florida State League,Low-A,702977-2025-123
2025,807276,Dante Nori,player,23,Dante Nori,Dante,Nori,Dante,D Nori,566,CLR,Clearwater Threshers,Threshers,FSL,123,CF,Outfielder,OF,20,502,161,193,3,6,0.306,31,4,4,78,1815,3.6159999999999997,0.131,0.14900000000000002,0.008,0.88,0.118,10,1,71,830,160,357,7,39,129,17,1,63,30,109,117,63,16,11,4,75,66,0,111,0.262,423,0.363,0.381,0.744,7,37,0.8410000000000001,0.15900000000000003,4,43,1.1,0,105.75,2025,123,Florida State League,Low-A,807276-2025-123
2025,806230,Sammy Stafura,player,23,Sammy Stafura,Samuel,Stafura,Sammy,S Stafura,3390,BRD,Bradenton Marauders,Marauders,FSL,123,2B,Second Base,SS,20,420,139,173,1,6,0.354,33,10,5,51,1589,3.7830000000000004,0.15200000000000002,0.24500000000000002,0.01,0.621,0.15100000000000002,5,0,63,711,213,242,16,11,64,26,0,37,25,93,90,49,19,10,4,103,64,0,88,0.26,338,0.388,0.41100000000000003,0.7989999999999999,5,28,0.8480000000000001,0.15200000000000002,5,48,0.71,1,84.5,2025,123,Florida State League,Low-A,806230-2025-123
2025,815793,Carter Johnson,player,27,Carter Johnson,Carter,Johnson,Carter,C Johnson,479,JUP,Jupiter Hammerheads,Hammerheads,FSL,123,SS,Shortstop,SS,19,465,106,231,0,3,0.254,24,9,4,59,1906,4.099,0.101,0.28800000000000003,0.006,0.351,0.084,3,0,68,872,254,275,25,26,84,8,0,42,22,106,119,42,17,4,3,134,47,0,72,0.17700000000000002,406,0.275,0.261,0.536,3,11,0.7859999999999999,0.21400000000000002,4,43,0.71,0,135.33,2025,123,Florida State League,Low-A,815793-2025-123
2025,829035,Andrew Salas,player,27,Andrew Salas,Andrew,Salas,Andrew,A Salas,479,JUP,Jupiter Hammerheads,Hammerheads,FSL,123,CF,Outfielder,SS,17,453,91,191,5,3,0.253,14,2,0,50,1819,4.015,0.15900000000000003,0.24300000000000002,0.007,0.655,0.059000000000000004,6,0,66,687,169,269,39,20,75,8,0,44,17,104,125,56,9,2,3,110,72,0,69,0.186,371,0.319,0.24500000000000002,0.5640000000000001,10,39,0.7959999999999999,0.20400000000000001,0,21,0.6,0,123.66999999999999,2025,123,Florida State League,Low-A,829035-2025-123
2025,699027,José Suárez,player,27,José Suárez,José,Suárez,José,J Suárez,279,PMB,Palm Beach Cardinals,Cardinals,FSL,123,RF,Outfielder,OF,20,366,106,171,0,1,0.345,17,8,10,49,1404,3.8359999999999994,0.082,0.27,0.008,0.303,0.07600000000000001,8,0,22,664,214,229,11,19,96,8,0,34,39,88,52,51,12,2,3,99,30,0,81,0.24800000000000003,327,0.325,0.324,0.649,6,17,0.739,0.261,10,29,1.85,0,109,2025,123,Florida State League,Low-A,699027-2025-123
2025,803679,Sammy Hernandez,player,30,Sammy Hernandez,Samuel,Hernandez,Sammy,S Hernandez,279,PMB,Palm Beach Cardinals,Cardinals,FSL,123,C,Catcher,C,21,360,86,135,3,3,0.29500000000000004,13,14,10,51,1390,3.8609999999999998,0.128,0.186,0.006,0.6869999999999999,0.058,3,1,43,634,139,232,32,18,70,8,0,38,23,89,93,40,11,0,2,67,46,0,69,0.23500000000000001,293,0.362,0.29400000000000004,0.656,1,12,0.923,0.07700000000000001,10,49,0.75,1,146.5,2025,123,Florida State League,Low-A,803679-2025-123
2025,801276,Juan Matheus,player,30,Juan Matheus,Juan,Matheus,Juan,J Matheus,587,TAM,Tampa Tarpons,Tarpons,FSL,123,3B,Third Base,SS,21,394,124,163,0,7,0.33299999999999996,27,3,5,55,1398,3.548,0.12200000000000001,0.188,0.005,0.649,0.098,8,1,61,654,134,269,18,18,81,16,0,44,31,95,97,51,23,2,2,74,48,0,91,0.271,336,0.36,0.369,0.729,8,35,0.8140000000000001,0.186,5,43,0.8400000000000001,0,168,2025,123,Florida State League,Low-A,801276-2025-123
2025,800510,Samuel Gil,player,32,Samuel Gil,Samuel,Gil,Samuel,S Gil,570,LAK,Lakeland Flying Tigers,Flying Tigers,FSL,123,2B,Second Base,SS,20,362,93,152,0,0,0.28500000000000003,15,6,9,62,1341,3.704,0.138,0.135,0.003,1.02,0.062,8,0,48,605,124,257,15,25,95,6,0,37,31,91,88,50,12,2,1,49,50,0,74,0.24200000000000002,306,0.359,0.304,0.6629999999999999,2,11,0.8460000000000001,0.15400000000000003,9,27,1.08,0,306,2025,123,Florida State League,Low-A,800510-2025-123
2025,806120,Kyle Henley,player,32,Kyle Henley,Kyle,Henley,Kyle,K Henley,450,DBT,Daytona Tortugas,Tortugas,FSL,123,CF,Outfielder,OF,20,423,123,156,4,4,0.40700000000000003,18,7,3,40,1505,3.558,0.06899999999999999,0.319,0.002,0.21500000000000002,0.058,6,1,27,787,260,251,7,11,105,8,0,31,62,99,45,70,15,2,1,135,29,0,101,0.267,378,0.328,0.325,0.653,9,57,0.8640000000000001,0.136,3,33,2.3299999999999996,1,378,2025,123,Florida State League,Low-A,806120-2025-123
2025,807007,Jeremy Rodriguez,player,32,Jeremy Rodriguez,Jeremy,Rodriguez,Jeremy,J Rodriguez,507,SLU,St. Lucie Mets,Mets,FSL,123,SS,Shortstop,SS,18,492,99,169,2,6,0.254,10,4,6,64,1886,3.8329999999999997,0.12200000000000001,0.191,0.002,0.638,0.033,9,1,55,679,99,334,16,31,147,2,0,39,44,112,102,56,7,2,1,94,60,1,85,0.202,420,0.304,0.23600000000000002,0.54,13,34,0.723,0.277,6,40,1.44,0,420,2025,123,Florida State League,Low-A,807007-2025-123
2025,813620,Carson Rucker,player,32,Carson Rucker,Carson,Rucker,Carson,C Rucker,570,LAK,Lakeland Flying Tigers,Flying Tigers,FSL,123,3B,Third Base,3B,20,429,114,195,0,2,0.317,18,10,9,53,1518,3.538,0.07,0.24200000000000002,0.002,0.28800000000000003,0.059000000000000004,14,0,41,778,232,285,26,30,97,5,0,55,31,103,97,49,14,3,1,104,30,0,91,0.23500000000000001,387,0.305,0.29500000000000004,0.6,3,11,0.7859999999999999,0.21400000000000002,9,43,1,0,387,2025,123,Florida State League,Low-A,813620-2025-123
2025,814297,Edgleen Perez,player,36,Edgleen Perez,Edgleen,Perez,Edgleen,E Perez,3390,BRD,Bradenton Marauders,Marauders,FSL,123,C,Catcher,C,19,454,83,166,0,3,0.264,10,10,11,49,1772,3.903,0.185,0.185,0,1,0.028,6,0,57,677,146,276,10,28,108,10,0,32,31,103,95,46,10,0,0,84,84,0,73,0.20400000000000001,357,0.368,0.232,0.6,1,5,0.8330000000000001,0.167,11,30,1.1400000000000001,0,,2025,123,Florida State League,Low-A,814297-2025-123
2025,800254,Abrahan Ramirez,player,36,Abrahan Ramirez,Abrahan,Ramirez,Abrahan,A Ramirez,479,JUP,Jupiter Hammerheads,Hammerheads,FSL,123,3B,Third Base,2B,20,403,99,137,0,3,0.318,20,4,8,52,1560,3.8709999999999996,0.169,0.21300000000000002,0,0.7909999999999999,0.064,5,0,46,626,159,245,7,19,95,10,1,40,27,91,72,40,19,1,0,86,68,1,78,0.23800000000000002,328,0.372,0.302,0.6739999999999999,5,14,0.737,0.263,8,46,1.32,0,,2025,123,Florida State League,Low-A,800254-2025-123
2025,670351,Jose Rojas,player,1,Jose Rojas,Jose,Rojas,Jose,J Rojas,531,SWB,Scranton/Wilkes-Barre RailRiders,RailRiders,INT,117,DH,Designated Hitter,3B,32,517,267,209,0,3,0.311,71,3,2,63,2143,4.145,0.126,0.20900000000000002,0.062,0.602,0.312,2,0,77,974,221,341,36,18,82,47,0,52,29,124,131,77,35,4,32,108,65,1,128,0.28700000000000003,446,0.379,0.599,0.978,2,15,0.882,0.118,2,105,0.63,0,13.94,2025,117,International League,Triple-A,670351-2025-117
2025,676044,Bob Seymour,player,2,Bob Seymour,Robert,Seymour,Bob,B Seymour,234,DUR,Durham Bulls,Bulls,INT,117,1B,First Base,1B,26,443,223,190,0,1,0.29200000000000004,54,1,9,63,1588,3.585,0.08600000000000001,0.257,0.068,0.33299999999999996,0.29000000000000004,6,0,49,920,308,290,15,25,95,35,1,42,28,105,89,70,21,3,30,114,38,4,106,0.263,403,0.327,0.553,0.88,0,1,1,0,9,87,1.07,0,13.43,2025,117,International League,Triple-A,676044-2025-117
2025,542208,Carlos Pérez,player,3,Carlos Pérez,Carlos,Pérez,Carlos,C Pérez,451,IOW,Iowa Cubs,Cubs,INT,117,C,Catcher,C,34,465,230,200,0,5,0.29000000000000004,60,7,8,66,1802,3.8749999999999996,0.11,0.166,0.058,0.6619999999999999,0.28600000000000003,4,1,66,786,164,330,46,15,88,34,1,62,18,111,127,75,32,1,27,77,51,0,115,0.28600000000000003,402,0.372,0.5720000000000001,0.9440000000000001,1,1,0.5,0.5,8,87,0.69,0,14.89,2025,117,International League,Triple-A,542208-2025-117
2025,671284,Tim Elko,player,4,Tim Elko,Timothy,Elko,Tim,T Elko,494,CLT,Charlotte Knights,Knights,INT,117,1B,First Base,1B,26,414,206,169,0,2,0.367,45,5,10,52,1667,4.026999999999999,0.082,0.29700000000000004,0.063,0.276,0.26,3,0,20,777,261,252,5,25,93,31,2,44,32,96,50,64,19,0,26,123,34,0,109,0.29200000000000004,373,0.357,0.552,0.909,0,2,1,0,10,70,1.86,0,14.350000000000001,2025,117,International League,Triple-A,671284-2025-117
2025,621458,Edwin Rios,player,4,Edwin Rios,Edwin,Rios,Edwin,E Rios,416,LOU,Louisville Bats,Bats,INT,117,1B,First Base,1B,31,546,221,239,0,6,0.33099999999999996,51,5,15,64,2243,4.108,0.115,0.32999999999999996,0.048,0.35,0.222,1,2,52,1003,366,298,5,24,101,43,1,45,27,130,81,69,23,2,26,180,63,0,116,0.24600000000000002,472,0.33699999999999997,0.468,0.805,1,0,0,1,15,94,1.25,0,18.150000000000002,2025,117,International League,Triple-A,621458-2025-117
2025,666915,Bobby Dalbec,player,6,Bobby Dalbec,Robert,Dalbec,Bobby,B Dalbec,541,OMA,Omaha Storm Chasers,Storm Chasers,INT,117,3B,Third Base,1B,30,455,211,216,0,2,0.373,53,6,8,51,1932,4.246,0.09899999999999999,0.34099999999999997,0.053000000000000005,0.29000000000000004,0.256,2,2,37,834,313,249,12,19,73,40,1,44,23,105,68,65,27,2,24,155,45,1,108,0.269,402,0.349,0.525,0.8740000000000001,0,5,1,0,8,82,1.07,0,16.75,2025,117,International League,Triple-A,666915-2025-117
2025,677956,Rece Hinds,player,6,Rece Hinds,Rece,Hinds,Rece,R Hinds,416,LOU,Louisville Bats,Bats,INT,117,CF,Outfielder,RF,24,436,220,183,0,6,0.362,52,5,9,63,1673,3.8369999999999997,0.07600000000000001,0.259,0.055,0.29200000000000004,0.261,4,0,55,934,318,284,19,18,74,31,0,53,34,107,92,79,26,2,24,113,33,0,118,0.302,391,0.359,0.5630000000000001,0.922,5,21,0.808,0.192,9,83,0.8,1,16.29,2025,117,International League,Triple-A,677956-2025-117
2025,700246,Carson Williams,player,8,Carson Williams,Carson,Williams,Carson,C Williams,234,DUR,Durham Bulls,Bulls,INT,117,SS,Shortstop,SS,22,451,174,179,1,1,0.28200000000000003,40,4,7,45,1791,3.9709999999999996,0.12400000000000001,0.34099999999999997,0.051000000000000004,0.364,0.234,9,0,39,844,326,237,25,21,69,26,0,39,18,111,85,72,12,5,23,154,56,0,83,0.21300000000000002,389,0.318,0.447,0.765,6,22,0.7859999999999999,0.21400000000000002,7,55,0.81,0,16.91,2025,117,International League,Triple-A,700246-2025-117
2025,683357,Owen Caissie,player,9,Owen Caissie,Owen,Caissie,Owen,O Caissie,451,IOW,Iowa Cubs,Cubs,INT,117,RF,Outfielder,RF,22,433,204,163,0,2,0.367,52,4,0,48,1805,4.169,0.132,0.279,0.051000000000000004,0.47100000000000003,0.265,0,1,44,832,236,251,11,18,72,32,0,48,26,99,73,74,28,2,22,121,57,0,106,0.28600000000000003,370,0.386,0.551,0.937,4,5,0.556,0.444,0,55,0.99,0,16.82,2025,117,International League,Triple-A,683357-2025-117
2025,676812,Carson McCusker,player,9,Carson McCusker,Carson,McCusker,Carson,C McCusker,1960,STP,St. Paul Saints,Saints,INT,117,RF,Outfielder,LF,27,438,187,215,0,3,0.33199999999999996,47,5,9,56,1810,4.132,0.082,0.33799999999999997,0.05,0.24300000000000002,0.233,13,0,52,796,269,245,4,17,76,31,0,40,25,106,73,57,25,0,22,148,36,0,96,0.24600000000000002,390,0.316,0.47900000000000004,0.7949999999999999,2,5,0.714,0.28600000000000003,9,70,1.04,4,17.73,2025,117,International League,Triple-A,676812-2025-117
2025,675455,Milan Tolentino,player,11,Milan Tolentino,Milan,Tolentino,Milan,M Tolentino,445,COL,Columbus Clippers,Clippers,INT,117,SS,Shortstop,SS,23,460,172,168,2,5,0.29100000000000004,43,4,1,40,1940,4.217,0.12000000000000001,0.34299999999999997,0.046,0.348,0.221,1,0,54,858,288,243,9,28,67,29,1,36,19,121,91,58,20,2,21,158,55,0,85,0.21600000000000003,394,0.314,0.43700000000000006,0.751,6,20,0.769,0.231,1,66,0.74,0,18.759999999999998,2025,117,International League,Triple-A,675455-2025-117
2025,687478,Cam Devanney,player,12,Cam Devanney,Cameron,Devanney,Cam,C Devanney,484,IND,Indianapolis Indians,Indians,INT,117,3B,Third Base,SS,28,435,187,182,1,3,0.318,43,8,5,51,1700,3.908,0.101,0.24600000000000002,0.046,0.41100000000000003,0.227,1,1,68,862,291,276,18,16,73,37,0,43,21,103,102,52,20,3,20,107,44,0,101,0.266,379,0.353,0.493,0.8460000000000001,3,5,0.625,0.375,5,66,0.72,0,18.95,2025,117,International League,Triple-A,687478-2025-117
2025,678760,Eddys Leonard,player,12,Eddys Leonard,Eddys,Leonard,Eddys,E Leonard,431,GWN,Gwinnett Stripers,Stripers,INT,117,3B,Third Base,SS,24,494,191,207,1,9,0.255,42,9,14,77,1847,3.739,0.07300000000000001,0.192,0.04,0.379,0.196,3,1,60,926,257,354,35,32,122,29,0,44,32,126,127,48,18,4,20,95,36,0,105,0.23900000000000002,439,0.304,0.43500000000000005,0.739,5,11,0.688,0.313,14,61,0.96,0,21.95,2025,117,International League,Triple-A,678760-2025-117
2025,675085,Jonathon Long,player,12,Jonathon Long,Jonathon,Long,Jonathon,J Long,451,IOW,Iowa Cubs,Cubs,INT,117,1B,First Base,1B,23,607,246,225,0,4,0.359,46,9,14,78,2585,4.259,0.13,0.191,0.033,0.6809999999999999,0.17300000000000001,6,1,59,1059,234,402,21,30,135,33,0,72,52,140,110,86,23,3,20,116,79,0,157,0.305,514,0.404,0.47900000000000004,0.883,0,2,1,0,14,91,1.23,1,25.7,2025,117,International League,Triple-A,675085-2025-117
2025,669004,MJ Melendez,player,12,MJ Melendez,Mervyl,Melendez,MJ,M Melendez,541,OMA,Omaha Storm Chasers,Storm Chasers,INT,117,LF,Outfielder,DH,26,480,212,187,0,5,0.329,56,3,2,56,1840,3.8329999999999997,0.081,0.281,0.042,0.28900000000000003,0.229,4,1,64,962,322,303,30,18,78,28,0,59,26,107,112,70,33,3,20,135,39,0,113,0.261,433,0.323,0.49,0.8130000000000001,8,20,0.714,0.28600000000000003,2,64,0.7,0,21.650000000000002,2025,117,International League,Triple-A,669004-2025-117
2025,687605,Andrew Pinckney,player,12,Andrew Pinckney,Andrew,Pinckney,Andrew,A Pinckney,534,ROC,Rochester Red Wings,Red Wings,INT,117,CF,Outfielder,OF,24,509,194,217,1,2,0.356,31,12,8,53,2074,4.075,0.08600000000000001,0.29100000000000004,0.039,0.29700000000000004,0.162,3,0,44,924,320,305,18,21,101,24,0,41,56,125,83,77,9,2,20,148,44,0,121,0.269,450,0.348,0.43100000000000005,0.779,5,34,0.8720000000000001,0.128,8,66,1.22,0,22.5,2025,117,International League,Triple-A,687605-2025-117
2025,666801,Rodolfo Castro,player,17,Rodolfo Castro,Rodolfo,Castro,Rodolfo,R Castro,1410,LHV,Lehigh Valley IronPigs,IronPigs,INT,117,SS,Shortstop,SS,26,525,192,246,0,6,0.272,46,9,12,78,2043,3.8909999999999996,0.10300000000000001,0.227,0.036,0.454,0.186,6,2,54,962,274,343,36,29,117,29,2,40,36,133,119,72,26,1,19,119,54,0,107,0.23500000000000001,456,0.324,0.42100000000000004,0.745,8,18,0.692,0.308,12,82,0.98,0,24,2025,117,International League,Triple-A,666801-2025-117
2025,687637,Dylan Beavers,player,18,Dylan Beavers,Dylan,Beavers,Dylan,D Beavers,568,NOR,Norfolk Tides,Tides,INT,117,RF,Outfielder,RF,23,418,176,98,1,4,0.34099999999999997,34,3,3,39,1746,4.177,0.163,0.182,0.043000000000000003,0.895,0.21100000000000002,1,1,62,711,140,271,15,31,59,25,0,50,29,94,108,78,14,2,18,76,68,1,104,0.304,342,0.42000000000000004,0.515,0.935,5,23,0.8210000000000001,0.17900000000000002,3,51,0.55,0,19,2025,117,International League,Triple-A,687637-2025-117
2025,686531,Andre Lipcius,player,18,Andre Lipcius,Andre,Lipcius,Andre,A Lipcius,494,CLT,Charlotte Knights,Knights,INT,117,1B,First Base,2B,27,421,166,162,0,5,0.253,40,8,9,63,1615,3.8359999999999994,0.088,0.183,0.043000000000000003,0.48100000000000004,0.20800000000000002,4,1,78,800,229,299,28,16,88,33,0,45,11,106,122,56,21,1,18,77,37,0,89,0.24000000000000002,371,0.318,0.447,0.765,2,3,0.6,0.4,9,71,0.72,0,20.610000000000003,2025,117,International League,Triple-A,686531-2025-117
2025,605353,Vimael Machín,player,18,Vimael Machín,Vimael,Machín,Vimael,V Machín,568,NOR,Norfolk Tides,Tides,INT,117,2B,Second Base,SS,31,505,216,215,0,5,0.319,48,1,10,78,1945,3.8509999999999995,0.08700000000000001,0.17800000000000002,0.036,0.48900000000000005,0.189,4,0,73,937,223,369,22,31,113,25,0,63,42,124,126,60,28,2,18,90,44,2,130,0.28600000000000003,454,0.347,0.47600000000000003,0.8230000000000001,4,15,0.7889999999999999,0.21100000000000002,10,79,0.9,1,25.22,2025,117,International League,Triple-A,605353-2025-117
2025,691788,Joe Mack,player,18,Joe Mack,Joseph,Mack,Joe,J Mack,564,JAX,Jacksonville Jumbo Shrimp,Jumbo Shrimp,INT,117,C,Catcher,C,22,412,167,157,0,7,0.307,38,6,4,56,1600,3.883,0.085,0.279,0.044,0.304,0.20900000000000002,3,3,57,819,264,256,10,24,74,21,0,46,24,99,91,58,18,2,18,115,35,0,91,0.25,364,0.32,0.459,0.779,3,8,0.727,0.273,4,53,0.81,0,20.22,2025,117,International League,Triple-A,691788-2025-117
2025,695020,Tanner Murray,player,18,Tanner Murray,Tanner,Murray,Tanner,T Murray,234,DUR,Durham Bulls,Bulls,INT,117,3B,Third Base,LF,25,572,209,218,1,4,0.29200000000000004,47,6,8,73,2056,3.594,0.068,0.24100000000000002,0.031,0.28300000000000003,0.15900000000000003,6,2,71,1067,301,389,32,29,131,19,2,60,45,137,132,67,29,0,18,138,39,0,126,0.24100000000000002,522,0.29900000000000004,0.4,0.699,4,5,0.556,0.444,8,58,0.99,0,29,2025,117,International League,Triple-A,695020-2025-117
2025,687282,Gabriel Rincones Jr.,player,18,Gabriel Rincones Jr.,Gabriel,Rincones,Gabriel,G Rincones Jr.,1410,LHV,Lehigh Valley IronPigs,IronPigs,INT,117,RF,Outfielder,RF,24,506,177,230,0,6,0.28300000000000003,41,8,1,70,2012,3.9759999999999995,0.15800000000000003,0.225,0.036,0.702,0.189,4,0,49,883,255,304,22,29,105,24,0,42,33,119,100,81,22,1,18,114,80,3,99,0.24000000000000002,412,0.37,0.43000000000000005,0.8,5,21,0.808,0.192,1,73,1.05,0,22.89,2025,117,International League,Triple-A,687282-2025-117
2025,682634,Kevin Alcántara,player,24,Kevin Alcántara,Kevin,Alcantara,Kevin,K Alcántara,451,IOW,Iowa Cubs,Cubs,INT,117,CF,Outfielder,DH,22,430,178,182,0,2,0.356,43,1,10,52,1694,3.94,0.112,0.29800000000000004,0.04,0.375,0.203,2,0,37,746,227,253,14,16,85,22,0,47,32,102,67,55,26,0,17,128,48,0,101,0.266,379,0.349,0.47000000000000003,0.8190000000000001,4,10,0.714,0.28600000000000003,10,69,1.27,0,22.29,2025,117,International League,Triple-A,682634-2025-117
2025,666150,Dominic Fletcher,player,24,Dominic Fletcher,Dominic,Fletcher,Dominic,D Fletcher,494,CLT,Charlotte Knights,Knights,INT,117,CF,Outfielder,RF,27,446,183,174,1,5,0.28900000000000003,40,7,4,66,1710,3.8339999999999996,0.065,0.195,0.038,0.33299999999999996,0.193,3,2,74,906,202,323,30,28,86,24,0,47,34,105,132,56,19,4,17,87,29,0,105,0.26,404,0.317,0.453,0.77,4,7,0.636,0.364,4,68,0.65,0,23.759999999999998,2025,117,International League,Triple-A,666150-2025-117
2025,687208,Nathan Hickey,player,24,Nathan Hickey,Nathaniel,Hickey,Nathan,N Hickey,533,WOR,Worcester Red Sox,Red Sox,INT,117,1B,First Base,C,25,514,183,192,0,4,0.29900000000000004,42,3,8,51,2080,4.047,0.115,0.274,0.033,0.41800000000000004,0.17400000000000002,4,0,58,872,241,311,23,27,98,20,0,54,31,128,108,45,23,2,17,141,59,3,105,0.234,448,0.325,0.40800000000000003,0.733,0,2,1,0,8,75,0.91,0,26.35,2025,117,International League,Triple-A,687208-2025-117
2025,690291,Jace Jung,player,24,Jace Jung,Jace,Jung,Jace,J Jung,512,TOL,Toledo Mud Hens,Mud Hens,INT,117,3B,Third Base,3B,24,495,184,208,0,4,0.318,45,1,6,63,2145,4.333,0.15800000000000003,0.253,0.034,0.624,0.194,1,1,76,914,263,291,21,16,74,29,0,51,24,110,113,69,27,1,17,125,78,0,104,0.252,412,0.37,0.447,0.8170000000000001,4,4,0.5,0.5,6,74,0.65,0,24.24,2025,117,International League,Triple-A,690291-2025-117
2025,668723,Ryan Vilade,player,24,Ryan Vilade,Ryan,Vilade,Ryan,R Vilade,416,LOU,Louisville Bats,Bats,INT,117,RF,Outfielder,RF,26,461,203,175,1,4,0.33199999999999996,50,9,6,63,1808,3.9219999999999997,0.10800000000000001,0.193,0.037,0.562,0.222,7,0,64,835,169,313,18,29,87,23,0,58,34,113,111,75,29,4,17,89,50,0,115,0.29000000000000004,397,0.378,0.511,0.889,2,11,0.8460000000000001,0.15400000000000003,6,66,0.7799999999999999,0,23.35,2025,117,International League,Triple-A,668723-2025-117
2025,682868,Bryan Ramos,player,29,Bryan Ramos,Bryan,Ramos,Bryan,B Ramos,494,CLT,Charlotte Knights,Knights,INT,117,3B,Third Base,3B,23,431,147,182,1,4,0.24300000000000002,34,10,8,58,1773,4.113999999999999,0.097,0.223,0.037,0.43800000000000006,0.181,8,0,77,768,209,280,17,23,83,19,0,36,25,105,117,60,17,1,16,96,42,0,80,0.21600000000000003,371,0.309,0.396,0.705,4,13,0.765,0.23500000000000001,8,51,0.71,3,23.19,2025,117,International League,Triple-A,682868-2025-117
2025,681198,TJ Rumfield,player,29,TJ Rumfield,Toby,Rumfield,TJ,T Rumfield,531,SWB,Scranton/Wilkes-Barre RailRiders,RailRiders,INT,117,1B,First Base,1B,25,587,223,239,0,8,0.329,48,10,9,89,2277,3.8789999999999996,0.119,0.184,0.027,0.648,0.162,4,1,85,1128,242,399,31,34,107,32,0,73,37,138,150,85,31,1,16,108,70,1,142,0.28500000000000003,499,0.378,0.447,0.8250000000000001,2,5,0.714,0.28600000000000003,9,87,0.71,0,31.19,2025,117,International League,Triple-A,681198-2025-117
2025,668731,Akil Baddoo,player,31,Akil Baddoo,Akil,Baddoo,Akil,A Baddoo,512,TOL,Toledo Mud Hens,Mud Hens,INT,117,LF,Outfielder,LF,26,457,186,195,0,4,0.355,42,0,4,60,1768,3.8689999999999998,0.14900000000000002,0.24500000000000002,0.033,0.607,0.203,2,0,55,797,231,277,25,18,71,27,1,43,37,103,98,71,21,6,15,112,68,1,108,0.281,385,0.385,0.48300000000000004,0.8680000000000001,4,25,0.8620000000000001,0.138,4,48,0.72,0,25.67,2025,117,International League,Triple-A,668731-2025-117
2025,650559,Bryan De La Cruz,player,31,Bryan De La Cruz,Bryan,De La Cruz,Bryan,B De La Cruz,531,SWB,Scranton/Wilkes-Barre RailRiders,RailRiders,INT,117,RF,Outfielder,OF,28,411,159,175,0,3,0.323,31,4,11,51,1699,4.1339999999999995,0.085,0.251,0.036,0.33999999999999997,0.168,3,0,53,798,221,269,12,27,80,28,2,43,24,102,92,47,15,1,15,103,35,0,97,0.263,369,0.33099999999999996,0.43100000000000005,0.762,1,8,0.889,0.111,11,49,0.8700000000000001,0,24.6,2025,117,International League,Triple-A,650559-2025-117
2025,682983,Jud Fabian,player,31,Jud Fabian,Judson,Fabian,Jud,J Fabian,568,NOR,Norfolk Tides,Tides,INT,117,CF,Outfielder,OF,24,431,122,163,3,4,0.24100000000000002,27,2,8,51,1817,4.216,0.167,0.316,0.034999999999999996,0.529,0.166,4,0,48,786,295,221,11,21,77,22,0,30,12,109,80,56,11,1,15,136,72,0,64,0.183,350,0.322,0.349,0.6709999999999999,1,8,0.889,0.111,8,39,0.96,0,23.330000000000002,2025,117,International League,Triple-A,682983-2025-117
2025,667452,Corey Julks,player,31,Corey Julks,Corey,Julks,Corey,C Julks,494,CLT,Charlotte Knights,Knights,INT,117,LF,Outfielder,LF,29,487,208,170,0,0,0.36,46,3,10,65,1914,3.9299999999999997,0.09899999999999999,0.203,0.031,0.48500000000000004,0.17700000000000002,3,2,52,810,179,337,31,26,97,26,2,66,37,116,109,77,30,1,15,99,48,2,131,0.3,436,0.374,0.47700000000000004,0.8510000000000001,3,18,0.8570000000000001,0.14300000000000002,10,58,0.89,0,29.07,2025,117,International League,Triple-A,667452-2025-117
2025,671976,Tristan Peters,player,31,Tristan Peters,Tristan,Peters,Tristan,T Peters,234,DUR,Durham Bulls,Bulls,INT,117,CF,Outfielder,CF,25,555,207,213,0,4,0.306,46,4,5,75,2125,3.8289999999999997,0.117,0.184,0.027,0.637,0.164,5,1,87,1022,266,384,27,36,106,28,1,62,37,136,150,73,28,3,15,102,65,1,128,0.266,482,0.355,0.42900000000000005,0.7839999999999999,7,11,0.611,0.389,5,76,0.71,0,32.13,2025,117,International League,Triple-A,671976-2025-117
2025,699625,Jimmy Crooks,player,36,Jimmy Crooks,James,Crooks,Jimmy,J Crooks,235,MEM,Memphis Redbirds,Redbirds,INT,117,C,Catcher,C,23,430,172,174,0,2,0.352,36,2,6,61,1664,3.8699999999999997,0.084,0.265,0.033,0.316,0.167,4,0,49,800,248,278,10,21,91,23,0,48,36,98,80,61,21,1,14,114,36,0,107,0.274,390,0.33699999999999997,0.441,0.778,0,0,,,6,79,1.1400000000000001,0,27.86,2025,117,International League,Triple-A,699625-2025-117
2025,690984,Petey Halpin,player,36,Petey Halpin,Peter,Halpin,Petey,P Halpin,445,COL,Columbus Clippers,Clippers,INT,117,CF,Outfielder,CF,23,553,204,156,0,5,0.33199999999999996,48,3,2,45,2193,3.9659999999999997,0.092,0.28200000000000003,0.025,0.327,0.164,5,0,101,1107,283,342,26,22,70,33,0,65,25,126,149,86,29,5,14,156,51,0,123,0.24900000000000003,493,0.321,0.41400000000000003,0.735,3,15,0.8330000000000001,0.167,2,44,0.47000000000000003,1,35.21,2025,117,International League,Triple-A,690984-2025-117
2025,689288,Matt Koperniak,player,36,Matt Koperniak,Matthew,Koperniak,Matt,M Koperniak,235,MEM,Memphis Redbirds,Redbirds,INT,117,RF,Outfielder,LF,27,536,183,264,0,5,0.28300000000000003,35,4,6,78,2018,3.765,0.09,0.192,0.026000000000000002,0.466,0.136,7,1,80,998,249,381,23,24,136,24,1,55,38,121,127,71,19,2,14,103,48,1,118,0.24600000000000002,479,0.317,0.382,0.699,3,9,0.75,0.25,6,65,1.07,0,34.21,2025,117,International League,Triple-A,689288-2025-117
2025,701678,Hao-Yu Lee,player,36,Hao-Yu Lee,Hao-Yu,Lee,Hao-Yu,H Lee,512,TOL,Toledo Mud Hens,Mud Hens,INT,117,3B,Third Base,2B,22,579,202,230,0,5,0.29200000000000004,45,12,13,87,2319,4.005,0.112,0.20900000000000002,0.024,0.537,0.163,3,0,79,1072,274,381,23,29,129,25,0,53,43,126,131,81,23,8,14,121,65,1,121,0.24300000000000002,497,0.34199999999999997,0.406,0.748,5,22,0.8150000000000001,0.185,13,61,0.98,0,35.5,2025,117,International League,Triple-A,701678-2025-117
2025,805300,Jakob Marsee,player,36,Jakob Marsee,Jakob,Marsee,Jakob,J Marsee,564,JAX,Jacksonville Jumbo Shrimp,Jumbo Shrimp,INT,117,CF,Outfielder,CF,24,429,151,128,7,2,0.28200000000000003,33,7,3,40,1729,4.03,0.15900000000000003,0.189,0.033,0.8400000000000001,0.191,2,0,56,714,143,273,25,22,85,25,1,33,26,98,103,56,14,5,14,81,68,0,85,0.24600000000000002,345,0.379,0.43800000000000006,0.8170000000000001,13,47,0.7829999999999999,0.21700000000000003,3,37,0.8300000000000001,0,24.64,2025,117,International League,Triple-A,805300-2025-117
2025,669256,Nick Solak,player,36,Nick Solak,Nicholas,Solak,Nick,N Solak,484,IND,Indianapolis Indians,Indians,INT,117,1B,First Base,1B,30,482,206,163,0,4,0.364,38,11,10,80,1864,3.867,0.1,0.137,0.028999999999999998,0.727,0.16,7,1,53,796,161,357,12,21,132,20,0,55,64,111,86,76,23,1,14,66,48,4,139,0.33199999999999996,419,0.41100000000000003,0.492,0.903,3,10,0.769,0.231,10,73,1.53,0,29.93,2025,117,International League,Triple-A,669256-2025-117
2025,691185,Maximo Acosta,player,42,Maximo Acosta,Maximo,Acosta,Maximo,M Acosta,564,JAX,Jacksonville Jumbo Shrimp,Jumbo Shrimp,INT,117,SS,Shortstop,SS,22,465,150,183,0,1,0.28700000000000003,29,4,9,56,1921,4.131,0.10800000000000001,0.265,0.028,0.40700000000000003,0.14100000000000001,7,1,62,783,211,288,16,19,99,22,0,39,31,115,97,56,13,3,13,123,50,0,92,0.224,410,0.314,0.366,0.6799999999999999,9,33,0.7859999999999999,0.21400000000000002,9,50,1.02,0,31.54,2025,117,International League,Triple-A,691185-2025-117
2025,694208,Moisés Ballesteros,player,42,Moisés Ballesteros,Moisés,Ballesteros,Moisés,M Ballesteros,451,IOW,Iowa Cubs,Cubs,INT,117,C,Catcher,DH,21,509,211,196,0,8,0.34199999999999997,43,6,19,92,1808,3.5519999999999996,0.096,0.132,0.026000000000000002,0.731,0.15700000000000003,3,0,61,932,189,387,17,29,139,21,1,65,54,114,107,62,29,1,13,67,49,2,141,0.316,446,0.385,0.47300000000000003,0.8580000000000001,2,5,0.714,0.28600000000000003,19,76,1.3,0,34.309999999999995,2025,117,International League,Triple-A,694208-2025-117
2025,687093,Vaughn Grissom,player,42,Vaughn Grissom,Vaughn,Grissom,Vaughn,V Grissom,533,WOR,Worcester Red Sox,Red Sox,INT,117,2B,Second Base,2B,24,418,163,195,0,5,0.301,37,6,11,72,1580,3.7800000000000002,0.089,0.17500000000000002,0.031,0.507,0.17,2,1,47,746,179,302,17,31,107,18,0,47,35,96,95,69,24,0,13,73,37,0,100,0.27,370,0.34199999999999997,0.441,0.7829999999999999,2,9,0.8180000000000001,0.182,11,48,1.1300000000000001,0,28.459999999999997,2025,117,International League,Triple-A,687093-2025-117
2025,622268,Donovan Walton,player,42,Donovan Walton,Donovan,Walton,Donovan,D Walton,1410,LHV,Lehigh Valley IronPigs,IronPigs,INT,117,2B,Second Base,3B,31,504,172,185,1,7,0.28800000000000003,29,7,7,71,1970,3.909,0.109,0.133,0.026000000000000002,0.8210000000000001,0.127,6,0,75,949,197,375,26,41,116,20,0,57,40,123,142,69,16,0,13,67,55,1,117,0.27,434,0.356,0.396,0.752,4,4,0.5,0.5,7,64,0.8200000000000001,0,33.379999999999995,2025,117,International League,Triple-A,622268-2025-117
2025,691277,Deyvison De Los Santos,player,46,Deyvison De Los Santos,Deyvison,De Los Santos,Deyvison,D De Los Santos,564,JAX,Jacksonville Jumbo Shrimp,Jumbo Shrimp,INT,117,1B,First Base,1B,22,444,145,171,0,3,0.28900000000000003,24,6,7,45,1688,3.8019999999999996,0.081,0.223,0.027,0.364,0.12300000000000001,10,1,42,869,268,303,20,26,119,14,1,41,40,106,88,54,11,1,12,99,36,1,96,0.24100000000000002,399,0.311,0.363,0.6739999999999999,6,16,0.727,0.273,7,54,1.35,0,33.25,2025,117,International League,Triple-A,691277-2025-117
2025,681047,Christian Franklin,player,46,Christian Franklin,Christian,Franklin,Christian,C Franklin,534,ROC,Rochester Red Wings,Red Wings,INT,117,LF,Outfielder,LF,25,535,190,169,2,1,0.33599999999999997,40,7,10,51,2117,3.957,0.15000000000000002,0.20600000000000002,0.022,0.727,0.15500000000000003,5,0,50,830,209,338,19,35,113,20,0,57,44,117,104,77,23,5,12,110,80,0,121,0.272,445,0.39,0.42700000000000005,0.8170000000000001,9,19,0.6789999999999999,0.321,10,64,1.09,0,37.08,2025,117,International League,Triple-A,681047-2025-117
2025,694661,Riley Tirotta,player,46,Riley Tirotta,Riley,Tirotta,Riley,R Tirotta,422,BUF,Buffalo Bisons,Bisons,INT,117,3B,Third Base,3B,26,463,168,182,0,2,0.375,34,5,9,64,1899,4.101999999999999,0.114,0.29600000000000004,0.026000000000000002,0.387,0.14900000000000002,2,1,52,830,291,268,16,15,77,20,1,46,41,116,83,61,20,2,12,137,53,1,108,0.268,403,0.359,0.41700000000000004,0.776,3,13,0.8130000000000001,0.188,9,60,0.93,0,33.58,2025,117,International League,Triple-A,694661-2025-117
2025,702358,Trey Lipscomb,player,49,Trey Lipscomb,LaVictor,Lipscomb,Trey,T Lipscomb,534,ROC,Rochester Red Wings,Red Wings,INT,117,3B,Third Base,3B,25,489,176,201,1,2,0.29300000000000004,41,2,13,78,1714,3.505,0.07200000000000001,0.194,0.022,0.368,0.14300000000000002,5,1,48,916,244,357,30,34,132,17,2,51,42,122,112,53,29,1,11,95,35,2,112,0.24900000000000003,449,0.305,0.392,0.697,6,12,0.6669999999999999,0.33299999999999996,13,65,1.1800000000000002,0,40.82,2025,117,International League,Triple-A,702358-2025-117
2025,608841,Joey Meneses,player,49,Joey Meneses,Joey,Meneses,Joey,J Meneses,552,SYR,Syracuse Mets,Mets,INT,117,1B,First Base,1B,33,419,172,167,0,1,0.29100000000000004,47,4,11,57,1470,3.508,0.06899999999999999,0.14800000000000002,0.026000000000000002,0.468,0.182,5,1,68,711,142,324,25,28,101,22,0,50,30,110,121,37,35,1,11,62,29,1,102,0.265,385,0.322,0.447,0.769,0,2,1,0,11,55,0.8300000000000001,0,35,2025,117,International League,Triple-A,608841-2025-117
2025,640458,Óscar Mercado,player,49,Óscar Mercado,Óscar,Mercado,Óscar,Ó Mercado,1410,LHV,Lehigh Valley IronPigs,IronPigs,INT,117,RF,Outfielder,RF,30,477,145,204,5,6,0.272,25,8,7,82,1918,4.021,0.14500000000000002,0.14300000000000002,0.023,1.015,0.12300000000000001,10,0,63,816,162,332,44,35,93,14,0,48,35,115,142,65,13,1,11,68,69,0,97,0.24900000000000003,389,0.369,0.373,0.742,10,40,0.8,0.2,7,65,0.65,0,35.36,2025,117,International League,Triple-A,640458-2025-117
2025,691002,Yohandy Morales,player,49,Yohandy Morales,Yohandy,Morales,Yohandy,Y Morales,534,ROC,Rochester Red Wings,Red Wings,INT,117,1B,First Base,3B,23,433,153,183,0,3,0.346,34,2,12,54,1674,3.8659999999999997,0.10600000000000001,0.303,0.025,0.351,0.15200000000000002,4,2,46,832,299,254,3,19,91,17,0,38,40,95,68,66,21,2,11,131,46,1,95,0.24900000000000003,382,0.32999999999999996,0.401,0.731,0,5,1,0,12,49,1.34,0,34.730000000000004,2025,117,International League,Triple-A,691002-2025-117
2025,682239,Luke Ritter,player,49,Luke Ritter,Lucas,Ritter,Luke,L Ritter,552,SYR,Syracuse Mets,Mets,INT,117,3B,Third Base,2B,28,438,138,188,0,1,0.323,29,9,4,40,1792,4.091,0.116,0.315,0.025,0.37,0.14100000000000001,5,0,47,834,308,240,10,11,87,18,0,40,27,115,68,63,16,2,11,138,51,1,85,0.225,377,0.33099999999999996,0.366,0.697,1,2,0.6669999999999999,0.33299999999999996,4,40,1.28,0,34.27,2025,117,International League,Triple-A,682239-2025-117
2025,668843,Conner Capel,player,54,Conner Capel,Michael,Capel,Conner,C Capel,431,GWN,Gwinnett Stripers,Stripers,INT,117,RF,Outfielder,LF,28,414,132,155,0,3,0.274,23,2,3,45,1647,3.9779999999999998,0.101,0.2,0.024,0.506,0.125,5,0,64,753,163,287,21,23,93,12,0,46,28,119,108,43,10,3,10,83,42,0,86,0.234,367,0.314,0.36,0.6739999999999999,4,21,0.8400000000000001,0.16,3,39,0.8600000000000001,0,36.7,2025,117,International League,Triple-A,668843-2025-117
2025,665482,Gilberto Celestino,player,55,Gilberto Celestino,Gilberto,Celestino,Gilberto,G Celestino,552,SYR,Syracuse Mets,Mets,INT,117,RF,Outfielder,CF,26,426,142,168,0,0,0.34099999999999997,22,2,9,52,1684,3.953,0.12000000000000001,0.21800000000000003,0.021,0.548,0.11,6,0,29,733,202,279,8,18,123,10,0,37,54,111,55,66,12,1,9,93,51,0,101,0.272,372,0.362,0.382,0.744,2,13,0.8670000000000001,0.133,9,40,2.24,1,41.33,2025,117,International League,Triple-A,665482-2025-117
2025,701496,Ben Cowles,player,55,Ben Cowles,Benjamin,Cowles,Ben,B Cowles,494,CLT,Charlotte Knights,Knights,INT,117,2B,Second Base,3B,25,527,178,260,1,1,0.325,43,7,14,85,1875,3.558,0.07200000000000001,0.28800000000000003,0.017,0.25,0.135,5,0,77,1020,332,330,29,21,90,20,1,55,37,128,127,61,30,4,9,152,38,0,113,0.23500000000000001,480,0.3,0.371,0.6709999999999999,8,18,0.692,0.308,14,49,0.71,0,53.33,2025,117,International League,Triple-A,701496-2025-117
2025,668472,Nick Pratto,player,55,Nick Pratto,Nicholas,Pratto,Nick,N Pratto,541,OMA,Omaha Storm Chasers,Storm Chasers,INT,117,1B,First Base,1B,26,423,123,177,1,1,0.268,30,3,4,50,1779,4.206,0.109,0.29600000000000004,0.021,0.368,0.134,2,0,64,752,244,249,14,19,79,23,1,34,15,114,97,49,19,2,9,125,46,0,73,0.196,372,0.28900000000000003,0.33099999999999996,0.62,0,8,1,0,4,42,0.81,0,41.33,2025,117,International League,Triple-A,668472-2025-117
2025,693409,César Prieto,player,55,César Prieto,Cesar,Prieto,César,C Prieto,235,MEM,Memphis Redbirds,Redbirds,INT,117,3B,Third Base,3B,26,515,208,181,3,4,0.33499999999999996,48,9,13,81,1857,3.606,0.07600000000000001,0.136,0.017,0.557,0.15200000000000002,11,1,79,1020,194,397,16,33,131,19,1,70,48,121,128,79,35,4,9,70,39,0,138,0.3,460,0.363,0.452,0.8150000000000001,14,12,0.462,0.538,13,71,1.02,0,51.11,2025,117,International League,Triple-A,693409-2025-117
2025,663494,Bryan Torres,player,55,Bryan Torres,Bryan,Torres,Bryan,B Torres,235,MEM,Memphis Redbirds,Redbirds,INT,117,2B,Second Base,LF,27,414,154,140,6,5,0.369,26,1,9,64,1712,4.135,0.169,0.138,0.022,1.228,0.136,1,0,48,649,111,286,7,22,100,19,1,49,40,104,77,58,16,1,9,57,70,0,109,0.328,332,0.441,0.464,0.905,6,26,0.8130000000000001,0.188,9,51,1.3,0,36.89,2025,117,International League,Triple-A,663494-2025-117
2025,694351,Jacob Berry,player,60,Jacob Berry,Jacob,Berry,Jacob,J Berry,564,JAX,Jacksonville Jumbo Shrimp,Jumbo Shrimp,INT,117,2B,Second Base,3B,24,469,160,187,1,5,0.31,37,8,7,73,1780,3.795,0.10400000000000001,0.186,0.017,0.5630000000000001,0.133,1,1,94,827,176,325,23,20,82,20,0,56,30,123,137,57,28,1,8,87,49,1,106,0.261,406,0.348,0.394,0.742,8,27,0.771,0.229,7,54,0.6,0,50.75,2025,117,International League,Triple-A,694351-2025-117
2025,686554,Oliver Dunn,player,60,Oliver Dunn,Oliver,Dunn,Oliver,O Dunn,556,NAS,Nashville Sounds,Sounds,INT,117,3B,Third Base,3B,27,465,135,181,1,0,0.305,31,9,4,50,1917,4.122999999999999,0.116,0.314,0.017,0.37,0.13,4,1,42,799,259,255,15,17,98,12,0,46,25,110,74,53,18,5,8,146,54,0,83,0.20800000000000002,400,0.315,0.33799999999999997,0.653,5,25,0.8330000000000001,0.167,4,43,1.32,1,50,2025,117,International League,Triple-A,686554-2025-117
2025,663796,Coco Montes,player,60,Coco Montes,Robert,Montes,Coco,C Montes,234,DUR,Durham Bulls,Bulls,INT,117,LF,Outfielder,2B,28,415,125,188,0,3,0.3,27,5,8,44,1604,3.8649999999999998,0.07700000000000001,0.29600000000000004,0.019,0.26,0.115,6,0,53,815,281,255,10,27,83,18,0,46,18,107,90,44,19,0,8,123,32,0,82,0.21900000000000003,375,0.28700000000000003,0.33299999999999996,0.62,2,7,0.778,0.222,8,38,0.92,0,46.879999999999995,2025,117,International League,Triple-A,663796-2025-117
2025,677578,Carlos Rodríguez,player,60,Carlos Rodríguez,Carlos,Rodríguez,Carlos,C Rodríguez,431,GWN,Gwinnett Stripers,Stripers,INT,117,LF,Outfielder,RF,24,533,153,194,3,3,0.272,19,1,8,87,1960,3.677,0.092,0.128,0.015,0.721,0.07600000000000001,9,1,93,960,157,412,26,53,122,12,1,59,45,128,172,53,10,1,8,68,49,1,117,0.24700000000000003,474,0.317,0.323,0.64,8,17,0.6799999999999999,0.32,8,32,0.71,3,59.25,2025,117,International League,Triple-A,677578-2025-117
2025,672279,Michael Siani,player,60,Michael Siani,Michael,Siani,Michael,M Siani,235,MEM,Memphis Redbirds,Redbirds,INT,117,CF,Outfielder,CF,25,430,121,161,3,5,0.266,24,4,4,51,1731,4.026,0.116,0.24700000000000003,0.019,0.47200000000000003,0.12000000000000001,5,0,47,755,212,270,28,16,102,15,0,39,23,101,91,64,12,4,8,106,50,0,77,0.20900000000000002,368,0.307,0.329,0.636,5,28,0.8480000000000001,0.15200000000000002,4,41,1.12,0,46,2025,117,International League,Triple-A,672279-2025-117
2025,702222,Justin Crawford,player,65,Justin Crawford,Justin,Crawford,Justin,J Crawford,1410,LHV,Lehigh Valley IronPigs,IronPigs,INT,117,CF,Outfielder,CF,21,506,199,137,5,2,0.40700000000000003,34,1,6,64,1938,3.8299999999999996,0.115,0.18,0.014,0.637,0.118,5,0,35,961,174,356,11,25,138,14,0,55,78,112,71,88,23,4,7,91,58,0,147,0.33399999999999996,440,0.41100000000000003,0.452,0.8630000000000001,11,46,0.807,0.193,6,47,1.94,0,62.86,2025,117,International League,Triple-A,702222-2025-117
2025,694362,Blake Dunn,player,65,Blake Dunn,Blake,Dunn,Blake,B Dunn,416,LOU,Louisville Bats,Bats,INT,117,CF,Outfielder,CF,26,422,142,135,4,1,0.39,23,9,5,54,1699,4.026,0.128,0.24200000000000002,0.017,0.529,0.11,4,1,36,689,170,257,14,22,82,13,0,41,49,98,72,59,14,2,7,102,54,0,103,0.29100000000000004,354,0.397,0.401,0.7979999999999999,3,24,0.889,0.111,5,40,1.1400000000000001,0,50.57,2025,117,International League,Triple-A,694362-2025-117
2025,664731,P.J. Higgins,player,65,P.J. Higgins,Patrick,Higgins,P.J.,P Higgins,416,LOU,Louisville Bats,Bats,INT,117,C,Catcher,C,32,408,128,161,1,3,0.281,24,4,9,51,1620,3.9709999999999996,0.07100000000000001,0.184,0.017,0.387,0.10500000000000001,2,0,73,784,175,300,19,24,95,16,0,42,31,111,116,36,16,1,7,75,29,0,89,0.24000000000000002,371,0.3,0.345,0.645,1,0,0,1,9,42,0.8200000000000001,0,53,2025,117,International League,Triple-A,664731-2025-117
2025,682119,Levi Jordan,player,65,Levi Jordan,Levi,Jordan,Levi,L Jordan,416,LOU,Louisville Bats,Bats,INT,117,SS,Shortstop,CF,29,461,143,181,1,3,0.265,29,7,7,63,1665,3.6119999999999997,0.07800000000000001,0.14500000000000002,0.015,0.537,0.109,6,1,63,767,160,351,29,24,137,18,2,47,31,122,116,53,20,2,7,67,36,0,98,0.23700000000000002,414,0.307,0.345,0.652,2,17,0.895,0.10500000000000001,7,30,1.1800000000000002,0,59.14,2025,117,International League,Triple-A,682119-2025-117
2025,672463,Rafael Lantigua,player,65,Rafael Lantigua,Rafael,Lantigua,Rafael,R Lantigua,1410,LHV,Lehigh Valley IronPigs,IronPigs,INT,117,2B,Second Base,2B,27,495,132,217,6,7,0.26,24,5,14,73,1884,3.8059999999999996,0.15600000000000003,0.14700000000000002,0.014,1.055,0.1,5,1,72,754,153,340,22,27,127,18,1,39,34,125,121,82,15,2,7,73,77,0,92,0.23,400,0.356,0.32999999999999996,0.6859999999999999,7,17,0.708,0.29200000000000004,14,56,1.05,0,57.14,2025,117,International League,Triple-A,672463-2025-117
2025,701649,James Triantos,player,65,James Triantos,James,Triantos,James,J Triantos,451,IOW,Iowa Cubs,Cubs,INT,117,2B,Second Base,2B,22,444,150,186,0,2,0.29300000000000004,29,4,12,61,1649,3.714,0.07,0.15100000000000002,0.016,0.463,0.111,9,0,41,809,148,342,20,29,147,15,1,43,46,102,90,65,20,2,7,67,31,0,105,0.258,407,0.315,0.369,0.6839999999999999,10,28,0.737,0.263,12,43,1.6300000000000001,0,58.14,2025,117,International League,Triple-A,701649-2025-117
2025,642197,Jamie Westbrook,player,65,Jamie Westbrook,Jamie,Westbrook,Jamie,J Westbrook,234,DUR,Durham Bulls,Bulls,INT,117,2B,Second Base,2B,30,430,149,172,1,5,0.307,36,8,12,57,1618,3.7630000000000003,0.1,0.163,0.016,0.614,0.134,3,1,62,767,185,308,12,25,110,16,0,46,37,116,99,47,29,0,7,70,43,0,99,0.266,372,0.35,0.401,0.751,0,2,1,0,12,49,1.11,1,53.14,2025,117,International League,Triple-A,642197-2025-117
2025,694377,Nick Yorke,player,65,Nick Yorke,Nicholas,Yorke,Nick,N Yorke,484,IND,Indianapolis Indians,Indians,INT,117,2B,Second Base,3B,23,440,163,183,0,1,0.362,31,2,9,64,1787,4.061,0.082,0.22,0.016,0.371,0.12000000000000001,7,0,44,891,226,305,14,22,110,12,1,50,52,103,80,55,21,3,7,97,36,0,115,0.28700000000000003,401,0.348,0.406,0.754,6,17,0.739,0.261,9,59,1.3800000000000001,0,57.290000000000006,2025,117,International League,Triple-A,694377-2025-117
2025,687627,Kody Huff,player,73,Kody Huff,Kody,Huff,Kody,K Huff,445,COL,Columbus Clippers,Clippers,INT,117,C,Catcher,C,24,407,119,153,2,2,0.29200000000000004,26,5,12,52,1613,3.963,0.091,0.256,0.015,0.356,0.10800000000000001,7,0,44,752,192,261,19,17,101,10,0,27,43,101,80,31,19,1,6,104,37,0,80,0.222,361,0.301,0.32999999999999996,0.631,3,3,0.5,0.5,12,47,1.26,0,60.17,2025,117,International League,Triple-A,687627-2025-117
2025,683021,Michael Stefanic,player,73,Michael Stefanic,Michael,Stefanic,Michael,M Stefanic,422,BUF,Buffalo Bisons,Bisons,INT,117,3B,Third Base,2B,29,442,139,146,0,5,0.308,23,15,13,65,1749,3.957,0.133,0.1,0.014,1.341,0.096,5,0,50,600,49,324,7,33,130,10,0,61,33,106,90,48,17,0,6,44,59,0,104,0.28700000000000003,363,0.403,0.383,0.7859999999999999,6,6,0.5,0.5,13,51,1.44,0,60.5,2025,117,International League,Triple-A,683021-2025-117
2025,669384,Raynel Delgado,player,75,Raynel Delgado,Raynel,Delgado,Raynel,R Delgado,556,NAS,Nashville Sounds,Sounds,INT,117,2B,Second Base,2B,25,474,156,190,3,3,0.351,27,7,7,72,1795,3.7870000000000004,0.101,0.2,0.011,0.505,0.097,4,0,55,917,191,324,23,22,108,13,0,60,43,125,100,58,19,3,5,95,48,1,116,0.281,413,0.363,0.378,0.741,8,40,0.8330000000000001,0.167,7,53,1.08,0,82.6,2025,117,International League,Triple-A,669384-2025-117
2025,686765,Nick Sogard,player,75,Nick Sogard,Nicholas,Sogard,Nick,N Sogard,533,WOR,Worcester Red Sox,Red Sox,INT,117,SS,Shortstop,3B,27,409,131,127,2,1,0.33799999999999997,27,2,4,45,1743,4.262,0.15600000000000003,0.17800000000000002,0.012,0.8770000000000001,0.109,2,0,54,677,132,270,21,21,80,15,1,52,26,91,96,64,22,0,5,73,64,0,94,0.276,340,0.393,0.385,0.778,4,16,0.8,0.2,4,28,0.8300000000000001,0,68,2025,117,International League,Triple-A,686765-2025-117
2025,688005,Francisco Urbaez,player,77,Francisco Urbaez,Francisco,Urbaez,Francisco,F Urbaez,416,LOU,Louisville Bats,Bats,INT,117,2B,Second Base,2B,27,411,167,146,0,6,0.33899999999999997,41,5,5,68,1506,3.664,0.092,0.097,0.01,0.9500000000000001,0.15000000000000002,7,1,60,669,113,326,19,31,103,13,0,57,43,97,110,58,32,5,4,40,38,1,113,0.314,360,0.381,0.464,0.8450000000000001,4,5,0.556,0.444,5,50,0.9400000000000001,2,90,2025,117,International League,Triple-A,688005-2025-117
2025,678391,Jorbit Vivas,player,77,Jorbit Vivas,Jorbit,Vivas,Jorbit,J Vivas,531,SWB,Scranton/Wilkes-Barre RailRiders,RailRiders,INT,117,2B,Second Base,3B,24,459,136,143,1,4,0.29500000000000004,26,11,3,56,1615,3.5189999999999997,0.139,0.098,0.009,1.422,0.094,7,1,62,758,112,334,24,41,106,18,0,49,34,100,127,59,21,1,4,45,64,1,101,0.27,374,0.389,0.364,0.753,9,12,0.5710000000000001,0.42900000000000005,3,43,0.8300000000000001,5,93.5,2025,117,International League,Triple-A,678391-2025-117
2025,686551,Christian Cairo,player,79,Christian Cairo,Christian,Cairo,Christian,C Cairo,445,COL,Columbus Clippers,Clippers,INT,117,3B,Third Base,SS,24,416,117,178,2,4,0.317,26,11,3,55,1709,4.108,0.10800000000000001,0.233,0.005,0.464,0.093,3,0,41,661,174,263,9,23,106,16,0,31,37,112,73,56,21,3,2,97,45,0,84,0.23700000000000002,354,0.33799999999999997,0.33099999999999996,0.6689999999999999,7,33,0.8250000000000001,0.17500000000000002,3,28,1.45,0,177,2025,117,International League,Triple-A,686551-2025-117
2025,691789,Izaac Pacheco,player,1,Izaac Pacheco,Izaac,Pacheco,Izaac,I Pacheco,582,WM,West Michigan Whitecaps,Whitecaps,MID,118,3B,Third Base,SS,22,425,170,185,0,6,0.34299999999999997,45,2,7,51,1759,4.139,0.17400000000000002,0.28900000000000003,0.04,0.602,0.24000000000000002,3,1,52,794,259,224,10,18,56,33,0,35,20,99,80,72,25,3,17,123,74,1,88,0.258,341,0.388,0.499,0.887,0,0,,,7,68,0.7,2,20.06,2025,118,Midwest League,High-A,691789-2025-118
2025,806252,Ralphy Velazquez,player,1,Ralphy Velazquez,Raffaele,Velazquez,Ralphy,R Velazquez,437,LC,Lake County Captains,Captains,MID,118,1B,First Base,1B,20,418,174,188,0,3,0.272,43,4,12,65,1674,4.005,0.096,0.203,0.041,0.47100000000000003,0.224,4,0,72,832,198,289,18,24,84,27,1,43,20,94,114,59,20,6,17,85,40,1,91,0.24500000000000002,371,0.323,0.46900000000000003,0.7919999999999999,2,1,0.33299999999999996,0.6669999999999999,12,63,0.74,0,21.82,2025,118,Midwest League,High-A,806252-2025-118
2025,806263,Brandon Winokur,player,1,Brandon Winokur,Brandon,Winokur,Brandon,B Winokur,492,CR,Cedar Rapids Kernels,Kernels,MID,118,CF,Outfielder,OF,20,529,184,262,0,1,0.275,40,10,3,67,1980,3.7430000000000003,0.083,0.24800000000000003,0.032,0.33599999999999997,0.162,8,2,66,1065,364,344,29,24,118,24,1,41,41,122,119,65,20,3,17,131,44,1,107,0.226,474,0.304,0.388,0.692,4,26,0.8670000000000001,0.133,3,68,0.99,0,27.88,2025,118,Midwest League,High-A,806263-2025-118
2025,695372,Jake Gelof,player,4,Jake Gelof,Jakob,Gelof,Jake,J Gelof,456,GL,Great Lakes Loons,Loons,MID,118,3B,Third Base,3B,23,362,142,172,0,4,0.263,40,1,8,47,1397,3.8589999999999995,0.12200000000000001,0.265,0.044,0.458,0.23,4,1,55,619,168,221,22,9,65,24,0,30,16,88,86,52,24,0,16,96,44,0,70,0.224,313,0.318,0.454,0.772,7,11,0.611,0.389,8,63,0.76,0,19.56,2025,118,Midwest League,High-A,695372-2025-118
2025,702488,Logan Wagner,player,5,Logan Wagner,Logan,Wagner,Logan,L Wagner,456,GL,Great Lakes Loons,Loons,MID,118,3B,Third Base,SS,21,533,167,247,0,4,0.277,40,11,10,75,2117,3.9719999999999995,0.14600000000000002,0.263,0.028,0.557,0.164,7,2,60,986,322,304,36,22,91,21,0,44,30,122,118,82,23,2,15,140,78,0,95,0.21600000000000003,440,0.345,0.38,0.725,3,18,0.8570000000000001,0.14300000000000002,10,76,0.77,0,29.330000000000002,2025,118,Midwest League,High-A,702488-2025-118
2025,691410,Jose Devers,player,6,Jose Devers,Jose,Devers,Jose,J Devers,437,LC,Lake County Captains,Captains,MID,118,SS,Shortstop,SS,22,516,197,218,0,4,0.312,53,6,16,82,1945,3.769,0.06,0.275,0.025,0.21800000000000003,0.17500000000000002,5,0,63,1005,325,337,20,30,110,25,0,49,40,119,113,68,36,4,13,142,31,0,114,0.24000000000000002,475,0.29300000000000004,0.41500000000000004,0.708,5,12,0.706,0.29400000000000004,16,67,0.97,0,36.54,2025,118,Midwest League,High-A,691410-2025-118
2025,702114,John Michael Faile,player,6,John Michael Faile,John,Faile,John Michael,J Faile,459,DAY,Dayton Dragons,Dragons,MID,118,1B,First Base,C,25,365,136,173,0,2,0.29300000000000004,32,4,4,41,1481,4.058,0.066,0.279,0.036,0.23500000000000001,0.17300000000000001,2,0,59,727,198,235,19,12,67,22,0,39,17,91,90,38,19,0,13,102,24,0,78,0.233,335,0.29000000000000004,0.406,0.696,1,1,0.5,0.5,4,56,0.74,0,25.77,2025,118,Midwest League,High-A,702114-2025-118
2025,682633,Eduardo Garcia,player,6,Eduardo Garcia,Eduardo,Garcia,Eduardo,E Garcia,572,WIS,Wisconsin Timber Rattlers,Timber Rattlers,MID,118,CF,Outfielder,SS,22,411,157,164,0,1,0.322,38,8,2,48,1614,3.927,0.1,0.26,0.032,0.383,0.183,4,1,43,773,240,255,43,21,57,19,0,40,32,96,107,61,23,2,13,107,41,0,91,0.252,361,0.34099999999999997,0.43500000000000005,0.776,4,36,0.9,0.1,2,47,0.53,0,27.77,2025,118,Midwest League,High-A,682633-2025-118
2025,814307,Zyhir Hope,player,6,Zyhir Hope,Zyhir,Hope,Zyhir,Z Hope,456,GL,Great Lakes Loons,Loons,MID,118,RF,Outfielder,CF,20,524,188,242,0,3,0.355,43,3,6,78,2152,4.106999999999999,0.14900000000000002,0.265,0.025,0.561,0.164,5,0,67,889,303,303,24,19,77,32,0,54,30,121,110,67,27,3,13,139,78,1,116,0.264,439,0.377,0.42800000000000005,0.805,6,26,0.8130000000000001,0.188,6,75,0.7,1,33.77,2025,118,Midwest League,High-A,814307-2025-118
2025,698916,Rosman Verdugo,player,6,Rosman Verdugo,Rosman,Verdugo,Rosman,R Verdugo,584,FW,Fort Wayne TinCaps,TinCaps,MID,118,3B,Third Base,SS,20,490,143,214,0,3,0.29700000000000004,31,11,6,50,2003,4.088,0.14700000000000002,0.322,0.027,0.456,0.14900000000000002,7,0,66,887,318,249,30,4,66,24,0,43,16,117,100,59,15,3,13,158,72,0,83,0.20500000000000002,404,0.33899999999999997,0.354,0.693,3,6,0.6669999999999999,0.33299999999999996,6,43,0.6599999999999999,0,31.08,2025,118,Midwest League,High-A,698916-2025-118
2025,800543,Josue De Paula,player,11,Josue De Paula,Josue,De Paula,Josue,J De Paula,456,GL,Great Lakes Loons,Loons,MID,118,LF,Outfielder,CF,20,426,144,161,0,1,0.318,29,2,3,52,1741,4.087,0.19,0.202,0.028,0.9420000000000001,0.15800000000000003,2,0,47,660,163,257,15,26,79,24,0,41,25,98,88,65,16,1,12,86,81,0,90,0.263,342,0.406,0.42100000000000004,0.8270000000000001,8,32,0.8,0.2,3,44,0.9,0,28.5,2025,118,Midwest League,High-A,800543-2025-118
2025,701682,Braedon Karpathios,player,11,Braedon Karpathios,Braedon,Karpathios,Braedon,B Karpathios,584,FW,Fort Wayne TinCaps,TinCaps,MID,118,RF,Outfielder,OF,22,433,150,177,0,0,0.34299999999999997,32,2,7,48,1821,4.206,0.15000000000000002,0.273,0.028,0.551,0.15600000000000003,4,0,35,723,217,248,11,13,96,19,1,48,25,103,59,53,19,1,12,118,65,0,93,0.254,366,0.37,0.41000000000000003,0.7799999999999999,4,9,0.692,0.308,7,55,1.6300000000000001,0,30.5,2025,118,Midwest League,High-A,701682-2025-118
2025,699130,Jadher Areinamo,player,13,Jadher Areinamo,Jadher,Areinamo,Jadher,J Areinamo,572,WIS,Wisconsin Timber Rattlers,Timber Rattlers,MID,118,SS,Shortstop,2B,21,415,170,132,0,9,0.309,37,4,13,74,1528,3.682,0.082,0.116,0.027,0.708,0.166,3,0,84,791,155,328,26,19,90,26,0,43,40,94,129,51,24,2,11,48,34,1,109,0.29700000000000004,367,0.355,0.463,0.8180000000000001,8,15,0.652,0.348,13,51,0.7,1,33.36,2025,118,Midwest League,High-A,699130-2025-118
2025,822578,Brandon Butterworth,player,13,Brandon Butterworth,Brandon,Butterworth,Brandon,B Butterworth,584,FW,Fort Wayne TinCaps,TinCaps,MID,118,2B,Second Base,SS,22,377,155,150,0,3,0.314,35,6,5,55,1427,3.785,0.06899999999999999,0.20700000000000002,0.028999999999999998,0.33299999999999996,0.188,3,3,59,676,165,266,23,17,76,25,1,33,32,89,99,61,17,7,11,78,26,0,91,0.267,341,0.327,0.455,0.7819999999999999,2,13,0.8670000000000001,0.133,5,46,0.77,1,31,2025,118,Midwest League,High-A,822578-2025-118
2025,694320,Jack Costello,player,15,Jack Costello,Jack,Costello,Jack,J Costello,584,FW,Fort Wayne TinCaps,TinCaps,MID,118,1B,First Base,3B,24,439,135,195,0,0,0.24900000000000003,28,18,9,60,1560,3.554,0.059000000000000004,0.17300000000000001,0.023,0.34199999999999997,0.12200000000000001,4,0,76,751,167,319,42,17,97,15,1,46,25,110,135,44,18,0,10,76,26,0,87,0.22,395,0.29800000000000004,0.34199999999999997,0.64,1,10,0.909,0.091,9,46,0.72,0,39.5,2025,118,Midwest League,High-A,694320-2025-118
2025,815888,Leo De Vries,player,15,Leo De Vries,Leodalis,De Vries,Leo,L De Vries,499,LAN,Lansing Lugnuts,Lugnuts,MID,118,SS,Shortstop,SS,18,433,156,163,1,4,0.29700000000000004,38,6,3,53,1748,4.037,0.129,0.201,0.023,0.644,0.17800000000000002,2,1,73,847,204,284,29,19,72,29,2,40,20,97,121,55,21,7,10,87,56,1,91,0.24900000000000003,366,0.354,0.42600000000000005,0.7799999999999999,7,9,0.5630000000000001,0.43800000000000006,3,58,0.6,0,36.6,2025,118,Midwest League,High-A,815888-2025-118
2025,687543,Andrew Jenkins,player,15,Andrew Jenkins,Andrew,Jenkins,Andrew,A Jenkins,582,WM,West Michigan Whitecaps,Whitecaps,MID,118,1B,First Base,1B,24,398,145,181,0,2,0.328,30,12,4,56,1498,3.7640000000000002,0.083,0.234,0.025,0.355,0.15100000000000002,5,2,49,723,211,260,17,19,83,17,1,40,34,95,85,54,17,3,10,93,33,0,92,0.262,351,0.344,0.41300000000000003,0.757,0,0,,,4,59,0.98,0,35.1,2025,118,Midwest League,High-A,687543-2025-118
2025,687260,Brian Kalmer,player,15,Brian Kalmer,Brian,Kalmer,Brian,B Kalmer,550,SB,South Bend Cubs,Cubs,MID,118,1B,First Base,3B,24,360,113,170,0,3,0.26,26,1,4,37,1374,3.8169999999999997,0.139,0.253,0.028,0.549,0.16,2,1,69,661,192,218,26,16,43,23,0,29,12,89,111,41,13,3,10,91,50,0,64,0.20900000000000002,306,0.319,0.369,0.688,0,5,1,0,4,46,0.39,0,30.6,2025,118,Midwest League,High-A,687260-2025-118
2025,807726,John Peck,player,15,John Peck,John,Peck,John,J Peck,582,WM,West Michigan Whitecaps,Whitecaps,MID,118,SS,Shortstop,SS,22,412,169,190,0,3,0.399,33,3,3,63,1561,3.789,0.07800000000000001,0.252,0.024,0.308,0.14400000000000002,8,2,35,842,256,273,16,17,90,17,0,63,35,93,68,78,22,1,10,104,32,0,115,0.307,374,0.364,0.452,0.8160000000000001,5,17,0.773,0.227,3,59,1.32,0,37.4,2025,118,Midwest League,High-A,807726-2025-118
2025,694185,Danny De Andrade,player,20,Danny De Andrade,Danny,De Andrade,Danny,D De Andrade,492,CR,Cedar Rapids Kernels,Kernels,MID,118,3B,Third Base,SS,21,495,169,205,0,1,0.29000000000000004,43,14,12,58,1868,3.774,0.08700000000000001,0.232,0.018000000000000002,0.374,0.15800000000000003,4,0,62,969,286,323,24,24,113,24,0,53,23,121,110,55,26,8,9,115,43,0,100,0.229,437,0.317,0.387,0.704,6,15,0.714,0.28600000000000003,12,58,1.03,0,48.56,2025,118,Midwest League,High-A,694185-2025-118
2025,691416,Esteban González,player,20,Esteban González,Esteban,González,Esteban,E González,437,LC,Lake County Captains,Captains,MID,118,LF,Outfielder,CF,22,447,172,169,0,5,0.33399999999999996,41,8,0,47,1568,3.508,0.07400000000000001,0.21700000000000003,0.02,0.33999999999999997,0.15700000000000003,4,0,62,844,250,308,23,23,91,24,0,45,40,110,108,57,28,4,9,97,33,0,109,0.273,400,0.33599999999999997,0.43000000000000005,0.766,7,24,0.774,0.226,0,48,0.8400000000000001,1,44.44,2025,118,Midwest League,High-A,691416-2025-118
2025,827294,Edgar Alvarez,player,22,Edgar Alvarez,Edgar,Alvarez,Edgar,E Alvarez,550,SB,South Bend Cubs,Cubs,MID,118,LF,Outfielder,1B,24,438,141,181,0,6,0.318,28,4,9,51,1745,3.984,0.119,0.21500000000000002,0.018000000000000002,0.553,0.117,5,0,62,845,234,288,17,13,99,25,2,49,21,105,92,49,20,0,8,94,52,0,97,0.258,376,0.349,0.375,0.724,1,8,0.889,0.111,9,43,1.08,0,47,2025,118,Midwest League,High-A,827294-2025-118
2025,814414,Kyle DeBarge,player,22,Kyle DeBarge,Lance,DeBarge,Kyle,K DeBarge,492,CR,Cedar Rapids Kernels,Kernels,MID,118,2B,Second Base,SS,21,543,166,195,0,4,0.302,36,9,10,60,2132,3.9259999999999997,0.129,0.223,0.015,0.5790000000000001,0.12400000000000001,9,3,64,863,208,342,39,21,109,20,0,49,40,121,124,77,23,5,8,121,70,0,109,0.23700000000000002,459,0.347,0.362,0.709,8,66,0.892,0.10800000000000001,10,65,0.88,1,57.379999999999995,2025,118,Midwest League,High-A,814414-2025-118
2025,814522,Caden Kendle,player,22,Caden Kendle,Caden,Kendle,Caden,C Kendle,492,CR,Cedar Rapids Kernels,Kernels,MID,118,RF,Outfielder,OF,23,371,123,161,0,5,0.272,29,11,6,57,1436,3.8709999999999996,0.089,0.186,0.022,0.47800000000000004,0.14600000000000002,2,0,48,642,133,258,30,20,84,16,1,30,29,97,98,52,19,2,8,69,33,0,76,0.23600000000000002,322,0.323,0.382,0.705,4,14,0.778,0.222,6,39,0.8600000000000001,0,40.25,2025,118,Midwest League,High-A,814522-2025-118
2025,700931,Seth Stephenson,player,22,Seth Stephenson,Seth,Stephenson,Seth,S Stephenson,582,WM,West Michigan Whitecaps,Whitecaps,MID,118,RF,Outfielder,OF,24,427,156,167,4,1,0.325,29,21,5,65,1473,3.4499999999999997,0.07,0.14500000000000002,0.019,0.48400000000000004,0.135,4,0,52,715,134,314,38,24,94,19,0,39,48,90,114,76,16,5,8,62,30,0,106,0.28600000000000003,371,0.371,0.42000000000000004,0.7909999999999999,5,42,0.894,0.10600000000000001,5,49,0.8200000000000001,0,46.379999999999995,2025,118,Midwest League,High-A,700931-2025-118
2025,694838,Joe Vetrano,player,22,Joe Vetrano,Joseph,Vetrano,Joe,J Vetrano,456,GL,Great Lakes Loons,Loons,MID,118,1B,First Base,1B,23,414,131,175,0,1,0.29700000000000004,30,3,3,49,1608,3.884,0.111,0.268,0.019,0.41400000000000003,0.137,7,0,46,769,282,254,9,17,101,13,1,40,27,104,72,47,18,4,8,111,46,0,81,0.223,364,0.314,0.36,0.6739999999999999,5,21,0.808,0.192,3,50,1.4,0,45.5,2025,118,Midwest League,High-A,694838-2025-118
2025,694200,Ariel Almonte,player,27,Ariel Almonte,Ariel,Almonte,Ariel,A Almonte,459,DAY,Dayton Dragons,Dragons,MID,118,RF,Outfielder,OF,21,359,105,176,0,2,0.28,26,1,3,57,1385,3.8579999999999997,0.084,0.33699999999999997,0.019,0.24800000000000003,0.129,4,0,45,716,250,207,23,9,67,19,0,27,17,91,77,30,17,2,7,121,30,0,63,0.193,326,0.262,0.322,0.584,1,3,0.75,0.25,3,31,0.8700000000000001,0,46.57,2025,118,Midwest League,High-A,694200-2025-118
2025,689931,Peyton Graham,player,27,Peyton Graham,Peyton,Graham,Peyton,P Graham,582,WM,West Michigan Whitecaps,Whitecaps,MID,118,2B,Second Base,SS,24,409,151,180,1,2,0.352,33,8,3,56,1591,3.8899999999999997,0.098,0.20800000000000002,0.017,0.47100000000000003,0.14,5,1,52,756,172,275,24,22,76,8,1,56,36,100,98,55,23,3,7,85,40,0,101,0.28300000000000003,357,0.366,0.42300000000000004,0.7889999999999999,2,20,0.909,0.091,3,49,0.7799999999999999,1,51,2025,118,Midwest League,High-A,689931-2025-118
2025,694183,Cristian Hernández,player,27,Cristian Hernández,Cristian,Hernández,Cristian,C Hernández,550,SB,South Bend Cubs,Cubs,MID,118,SS,Shortstop,SS,21,507,162,174,0,6,0.311,34,1,13,73,1885,3.718,0.10500000000000001,0.20700000000000002,0.014,0.505,0.113,8,0,70,965,296,345,30,14,119,28,1,38,45,115,114,54,25,2,7,105,53,0,112,0.252,444,0.329,0.365,0.694,9,52,0.8520000000000001,0.14800000000000002,13,53,1.04,3,63.43,2025,118,Midwest League,High-A,694183-2025-118
2025,694387,Christian Knapczyk,player,27,Christian Knapczyk,Christian,Knapczyk,Christian,C Knapczyk,437,LC,Lake County Captains,Captains,MID,118,2B,Second Base,SS,23,424,137,155,0,2,0.311,26,10,5,61,1548,3.651,0.09899999999999999,0.186,0.017,0.532,0.111,5,1,62,696,151,293,29,18,88,14,1,50,31,94,109,53,18,1,7,79,42,0,96,0.259,370,0.349,0.37,0.719,3,11,0.7859999999999999,0.21400000000000002,5,44,0.81,0,52.86,2025,118,Midwest League,High-A,694387-2025-118
2025,801978,Callan Moss,player,27,Callan Moss,Michael,Moss,Callan,C Moss,565,QC,Quad Cities River Bandits,River Bandits,MID,118,1B,First Base,1B,21,393,138,178,0,6,0.33899999999999997,32,4,3,59,1538,3.913,0.135,0.221,0.018000000000000002,0.609,0.14800000000000002,4,1,47,662,172,249,16,19,77,17,1,46,25,92,82,50,22,3,7,87,53,2,89,0.27,330,0.372,0.41800000000000004,0.7899999999999999,5,14,0.737,0.263,3,70,0.9400000000000001,0,47.14,2025,118,Midwest League,High-A,801978-2025-118
2025,691948,Jordan Thompson,player,27,Jordan Thompson,Jordan,Thompson,Jordan,J Thompson,456,GL,Great Lakes Loons,Loons,MID,118,SS,Shortstop,SS,23,402,111,172,0,5,0.276,22,8,12,50,1549,3.8529999999999998,0.08,0.271,0.017,0.29400000000000004,0.101,7,0,55,743,233,253,7,21,95,19,0,36,20,100,83,42,15,0,7,109,32,0,75,0.21000000000000002,357,0.28600000000000003,0.311,0.597,8,10,0.556,0.444,12,34,1.1400000000000001,0,51,2025,118,Midwest League,High-A,691948-2025-118
2025,800231,Won-Bin Cho,player,33,Won-Bin Cho,Won-Bin,Cho,Won-Bin,W Cho,443,PEO,Peoria Chiefs,Chiefs,MID,118,CF,Outfielder,OF,21,368,107,161,1,1,0.308,21,3,1,38,1441,3.9159999999999995,0.136,0.23600000000000002,0.016,0.5750000000000001,0.10500000000000001,2,1,44,677,196,228,13,11,86,20,0,28,26,90,68,44,15,0,6,87,50,1,74,0.23600000000000002,313,0.346,0.34199999999999997,0.688,4,25,0.8620000000000001,0.138,1,47,1.26,0,52.17,2025,118,Midwest League,High-A,800231-2025-118
2025,801406,Jared Dickey,player,33,Jared Dickey,Jared,Dickey,Jared,J Dickey,499,LAN,Lansing Lugnuts,Lugnuts,MID,118,RF,Outfielder,RF,23,375,119,166,0,9,0.277,26,2,8,54,1548,4.127999999999999,0.14900000000000002,0.136,0.016,1.098,0.133,2,2,51,665,161,266,22,17,98,14,1,39,24,88,90,49,17,3,6,51,56,0,78,0.253,308,0.363,0.386,0.749,3,7,0.7,0.3,8,43,1.09,0,51.33,2025,118,Midwest League,High-A,801406-2025-118
2025,826545,Brendan Durfee,player,33,Brendan Durfee,Brendan,Durfee,Brendan,B Durfee,584,FW,Fort Wayne TinCaps,TinCaps,MID,118,C,Catcher,C,23,376,108,143,0,3,0.29100000000000004,23,9,4,35,1387,3.689,0.093,0.261,0.016,0.357,0.11,1,0,46,705,238,233,20,20,75,12,0,41,19,90,86,35,16,1,6,98,35,0,72,0.22,328,0.309,0.329,0.638,0,0,,,4,31,0.8700000000000001,1,54.67,2025,118,Midwest League,High-A,826545-2025-118
2025,699115,Carlos Jorge,player,33,Carlos Jorge,Carlos,Jorge,Carlos,C Jorge,459,DAY,Dayton Dragons,Dragons,MID,118,CF,Outfielder,SS,21,469,144,166,4,2,0.305,26,5,4,63,1819,3.8779999999999997,0.111,0.186,0.013000000000000001,0.598,0.10300000000000001,7,0,57,835,196,325,29,23,114,12,2,38,50,110,109,66,16,4,6,87,52,0,102,0.251,406,0.34199999999999997,0.355,0.697,7,40,0.8510000000000001,0.14900000000000002,4,37,1.05,0,67.66999999999999,2025,118,Midwest League,High-A,699115-2025-118
2025,813666,Ariel Armas,player,37,Ariel Armas,Ariel,Armas,Ariel,A Armas,550,SB,South Bend Cubs,Cubs,MID,118,C,Catcher,C,22,381,116,171,0,1,0.281,27,8,11,61,1382,3.6270000000000002,0.1,0.184,0.013000000000000001,0.543,0.114,3,0,62,634,166,265,22,20,83,18,0,40,20,92,104,28,21,1,5,70,38,0,78,0.234,334,0.325,0.347,0.6719999999999999,4,11,0.733,0.267,11,47,0.8,0,66.8,2025,118,Midwest League,High-A,813666-2025-118
2025,695501,Blake Burke,player,37,Blake Burke,Blake,Burke,Blake,B Burke,572,WIS,Wisconsin Timber Rattlers,Timber Rattlers,MID,118,1B,First Base,1B,22,408,141,139,0,4,0.376,28,5,9,53,1676,4.108,0.12000000000000001,0.23,0.012,0.521,0.114,5,2,35,818,220,260,14,17,93,14,0,41,46,95,66,43,21,2,5,94,49,0,101,0.28900000000000003,350,0.38,0.403,0.7829999999999999,4,12,0.75,0.25,9,48,1.41,0,70,2025,118,Midwest League,High-A,695501-2025-118
2025,695634,Jaime Ferrer,player,37,Jaime Ferrer,Jaime,Ferrer,Jaime,J Ferrer,492,CR,Cedar Rapids Kernels,Kernels,MID,118,1B,First Base,OF,22,373,108,173,1,7,0.27,27,16,18,59,1349,3.617,0.062,0.225,0.013000000000000001,0.274,0.12200000000000001,9,0,48,714,207,243,23,18,85,12,1,26,30,101,89,34,20,2,5,84,23,1,69,0.21600000000000003,319,0.29600000000000004,0.33899999999999997,0.635,1,1,0.5,0.5,18,36,0.96,7,63.8,2025,118,Midwest League,High-A,695634-2025-118
2025,814413,Ian Petrutz,player,37,Ian Petrutz,Ian,Petrutz,Ian,I Petrutz,443,PEO,Peoria Chiefs,Chiefs,MID,118,LF,Outfielder,OF,22,371,111,158,1,1,0.278,22,13,7,72,1360,3.666,0.10800000000000001,0.132,0.013000000000000001,0.8160000000000001,0.10400000000000001,5,0,50,618,128,269,29,12,100,15,0,36,27,87,91,35,16,1,5,49,40,0,78,0.24700000000000003,316,0.354,0.351,0.705,10,3,0.231,0.769,7,45,1.1,0,63.2,2025,118,Midwest League,High-A,814413-2025-118
2025,672013,T.J. Schofield-Sam,player,37,T.J. Schofield-Sam,Tyrell,Schofield-Sam,T.J.,T Schofield-Sam,499,LAN,Lansing Lugnuts,Lugnuts,MID,118,1B,First Base,3B,24,442,154,182,0,4,0.356,31,30,6,74,1621,3.6670000000000003,0.054000000000000006,0.21300000000000002,0.011,0.255,0.12000000000000001,4,0,57,771,182,294,23,19,87,17,0,50,41,102,99,59,21,5,5,94,24,1,108,0.281,384,0.367,0.401,0.768,1,2,0.6669999999999999,0.33299999999999996,6,52,0.88,0,76.8,2025,118,Midwest League,High-A,672013-2025-118
2025,691398,Yerlin Confidan,player,42,Yerlin Confidan,Yerlin,Confidan,Yerlin,Y Confidan,459,DAY,Dayton Dragons,Dragons,MID,118,RF,Outfielder,OF,22,474,133,182,1,1,0.318,28,5,6,54,1818,3.8349999999999995,0.10800000000000001,0.281,0.008,0.383,0.096,4,1,46,745,259,285,15,23,108,10,0,36,47,112,84,50,20,4,4,133,51,0,93,0.224,416,0.315,0.32,0.635,6,12,0.6669999999999999,0.33299999999999996,6,48,1.29,0,104,2025,118,Midwest League,High-A,691398-2025-118
2025,824028,Gage Miller,player,42,Gage Miller,Gage,Miller,Gage,G Miller,554,BEL,Beloit Sky Carp,Sky Carp,MID,118,2B,Second Base,2B,22,356,92,144,0,2,0.23800000000000002,20,7,4,47,1348,3.7870000000000004,0.135,0.14900000000000002,0.011,0.906,0.1,7,1,63,642,129,248,26,18,79,10,0,30,22,85,107,36,14,2,4,53,48,0,62,0.20700000000000002,299,0.329,0.308,0.637,4,20,0.8330000000000001,0.167,4,26,0.74,0,74.75,2025,118,Midwest League,High-A,824028-2025-118
2025,701481,Ryan Campos,player,44,Ryan Campos,Ryan,Campos,Ryan,R Campos,443,PEO,Peoria Chiefs,Chiefs,MID,118,C,Catcher,C,22,421,120,193,0,1,0.28900000000000003,28,3,5,71,1724,4.095,0.15200000000000002,0.17600000000000002,0.007,0.8650000000000001,0.10500000000000001,3,0,51,694,141,280,17,12,117,17,1,30,35,95,80,54,22,3,3,74,64,0,83,0.23500000000000001,353,0.356,0.33999999999999997,0.696,3,15,0.8330000000000001,0.167,5,47,1.46,0,117.66999999999999,2025,118,Midwest League,High-A,701481-2025-118
2025,815150,Carter Frederick,player,44,Carter Frederick,Carter,Frederick,Carter,C Frederick,565,QC,Quad Cities River Bandits,River Bandits,MID,118,RF,Outfielder,OF,22,405,121,155,0,2,0.344,32,6,4,36,1613,3.983,0.10600000000000001,0.326,0.007,0.326,0.119,4,1,38,798,304,224,17,15,75,19,2,34,24,101,70,55,25,4,3,132,43,0,79,0.223,354,0.316,0.34199999999999997,0.658,3,16,0.8420000000000001,0.15800000000000003,4,43,1.07,0,118,2025,118,Midwest League,High-A,815150-2025-118
2025,806077,Kendall George,player,44,Kendall George,Kendall,George,Kendall,K George,456,GL,Great Lakes Loons,Loons,MID,118,CF,Outfielder,OF,20,514,157,152,1,4,0.352,19,1,2,51,2027,3.944,0.163,0.15200000000000002,0.006,1.077,0.07500000000000001,10,0,45,799,158,351,13,31,137,8,3,35,79,111,89,93,9,7,3,78,84,0,125,0.29500000000000004,424,0.40900000000000003,0.37,0.779,24,100,0.806,0.194,2,34,1.54,0,141.33,2025,118,Midwest League,High-A,806077-2025-118
2025,682662,Rafael Morel,player,44,Rafael Morel,Rafael,Morel,Rafael,R Morel,550,SB,South Bend Cubs,Cubs,MID,118,RF,Outfielder,SS,23,362,74,165,0,4,0.257,16,6,5,45,1401,3.8699999999999997,0.138,0.309,0.008,0.446,0.07300000000000001,3,0,43,581,192,194,30,13,56,10,2,23,17,103,86,48,13,0,3,112,50,0,52,0.17200000000000001,302,0.29800000000000004,0.24500000000000002,0.543,2,23,0.92,0.08,5,35,0.65,0,100.66999999999999,2025,118,Midwest League,High-A,682662-2025-118
2025,694977,Nate Nankil,player,44,Nate Nankil,Nathan,Nankil,Nate,N Nankil,499,LAN,Lansing Lugnuts,Lugnuts,MID,118,RF,Outfielder,OF,22,369,125,168,0,5,0.33999999999999997,24,10,8,50,1410,3.8209999999999997,0.10300000000000001,0.14400000000000002,0.008,0.717,0.101,4,0,63,578,112,268,20,19,73,11,1,47,34,88,102,47,19,2,3,53,38,1,93,0.29400000000000004,316,0.382,0.396,0.778,1,7,0.8750000000000001,0.125,8,44,0.72,0,105.33,2025,118,Midwest League,High-A,694977-2025-118
2025,814528,Sam Kulasingam,player,49,Sam Kulasingam,Samuel,Kulasingam,Sam,S Kulasingam,565,QC,Quad Cities River Bandits,River Bandits,MID,118,2B,Second Base,3B,23,547,184,198,7,5,0.348,36,3,7,69,2142,3.9159999999999995,0.115,0.15700000000000003,0.004,0.733,0.10300000000000001,9,1,65,953,186,394,13,25,155,22,0,58,56,123,103,77,26,8,2,86,63,1,136,0.29100000000000004,468,0.375,0.393,0.768,10,22,0.688,0.313,7,57,1.5,1,234,2025,118,Midwest League,High-A,814528-2025-118
2025,805075,Erick Torres,player,49,Erick Torres,Erick,Torres,Erick,E Torres,565,QC,Quad Cities River Bandits,River Bandits,MID,118,LF,Outfielder,OF,20,446,120,144,7,2,0.277,21,7,4,34,1605,3.5989999999999998,0.07,0.15900000000000003,0.004,0.43700000000000006,0.068,7,0,47,762,127,337,39,23,135,5,1,49,38,106,109,41,17,2,2,71,31,0,93,0.233,399,0.29800000000000004,0.301,0.599,9,13,0.591,0.40900000000000003,4,35,1.24,0,199.5,2025,118,Midwest League,High-A,805075-2025-118
2025,694193,Victor Acosta,player,51,Victor Acosta,Victor,Acosta,Victor,V Acosta,459,DAY,Dayton Dragons,Dragons,MID,118,2B,Second Base,SS,21,391,91,133,7,2,0.28500000000000003,14,19,1,35,1410,3.606,0.097,0.187,0.003,0.521,0.055,5,0,45,667,145,261,21,22,100,4,0,37,32,88,88,45,11,2,1,73,38,0,73,0.225,325,0.33899999999999997,0.28,0.619,4,13,0.765,0.23500000000000001,1,29,1.1400000000000001,0,325,2025,118,Midwest League,High-A,694193-2025-118
2025,822501,Jon Jon Gazdar,player,51,Jon Jon Gazdar,Jonathan,Gazdar,Jon Jon,J Gazdar,443,PEO,Peoria Chiefs,Chiefs,MID,118,SS,Shortstop,SS,23,416,121,147,0,2,0.319,15,20,10,42,1491,3.584,0.082,0.096,0.002,0.8500000000000001,0.05,6,0,67,702,117,321,20,16,115,12,2,57,32,89,103,51,13,1,1,40,34,0,103,0.28700000000000003,359,0.378,0.33699999999999997,0.715,5,20,0.8,0.2,10,30,1.12,1,359,2025,118,Midwest League,High-A,822501-2025-118
2025,694187,Daniel Vazquez,player,51,Daniel Vazquez,Daniel,Vazquez,Daniel,D Vazquez,565,QC,Quad Cities River Bandits,River Bandits,MID,118,SS,Shortstop,SS,21,463,141,177,3,6,0.329,29,1,15,63,1693,3.657,0.10400000000000001,0.201,0.002,0.516,0.089,12,1,53,808,229,320,21,27,114,9,1,64,31,105,101,55,23,5,1,93,48,1,105,0.26,404,0.33599999999999997,0.349,0.6849999999999999,7,26,0.7879999999999999,0.21200000000000002,15,42,1.1300000000000001,1,404,2025,118,Midwest League,High-A,694187-2025-118
2025,671748,Casey Yamauchi,player,51,Casey Yamauchi,Casey,Yamauchi,Casey,C Yamauchi,499,LAN,Lansing Lugnuts,Lugnuts,MID,118,2B,Second Base,SS,24,481,150,212,2,7,0.29400000000000004,25,15,17,81,1552,3.2270000000000003,0.046,0.07500000000000001,0.002,0.611,0.06899999999999999,3,0,72,790,101,408,25,30,161,18,1,47,54,119,127,38,21,3,1,36,22,1,120,0.276,435,0.328,0.345,0.6729999999999999,7,13,0.65,0.35,17,55,1.27,0,435,2025,118,Midwest League,High-A,671748-2025-118
2025,800345,Juan Baez,player,55,Juan Baez,Juan,Baez,Juan,J Baez,572,WIS,Wisconsin Timber Rattlers,Timber Rattlers,MID,118,3B,Third Base,IF,20,442,87,206,0,4,0.226,8,3,15,70,1572,3.557,0.10400000000000001,0.109,0,0.9580000000000001,0.023,5,0,44,782,138,345,37,45,141,8,0,34,36,110,126,37,7,1,0,48,46,0,78,0.201,389,0.28700000000000003,0.224,0.511,2,6,0.75,0.25,15,29,1.12,0,,2025,118,Midwest League,High-A,800345-2025-118
2025,811965,Joshua Kuroda-Grauer,player,55,Joshua Kuroda-Grauer,Joshua,Kuroda-Grauer,Joshua,J Kuroda-Grauer,499,LAN,Lansing Lugnuts,Lugnuts,MID,118,SS,Shortstop,3B,22,366,121,131,1,0,0.32999999999999996,22,5,10,52,1440,3.9339999999999997,0.07100000000000001,0.101,0,0.703,0.06899999999999999,3,0,56,643,93,298,10,32,102,18,0,41,39,80,98,38,21,1,0,37,26,0,98,0.29300000000000004,334,0.353,0.362,0.715,6,26,0.8130000000000001,0.188,10,26,1.04,0,,2025,118,Midwest League,High-A,811965-2025-118
2025,692044,Luis Suisbel,player,1,Luis Suisbel,Luis,Suisbel,Luis,L Suisbel,403,EVE,Everett AquaSox,AquaSox,NWL,126,3B,Third Base,3B,22,491,176,241,0,3,0.24600000000000002,39,13,10,73,1937,3.945,0.098,0.275,0.047,0.356,0.201,5,2,63,1075,339,295,40,13,89,28,2,43,17,113,116,62,15,1,23,135,48,0,90,0.21100000000000002,427,0.308,0.41200000000000003,0.72,1,8,0.889,0.111,10,68,0.77,0,18.56,2025,126,Northwest League,High-A,692044-2025-126
2025,813860,Charlie Pagliarini,player,2,Charlie Pagliarini,Charles,Pagliarini,Charlie,C Pagliarini,403,EVE,Everett AquaSox,AquaSox,NWL,126,2B,Second Base,3B,24,501,189,163,0,1,0.274,49,6,6,50,1995,3.9819999999999998,0.15000000000000002,0.265,0.042,0.5640000000000001,0.227,4,1,63,900,301,287,23,16,91,28,1,48,17,116,102,68,24,4,21,133,75,1,94,0.224,419,0.349,0.451,0.8,2,2,0.5,0.5,6,62,0.89,0,19.95,2025,126,Northwest League,High-A,813860-2025-126
2025,805126,Charlie Szykowny,player,2,Charlie Szykowny,Charles,Szykowny,Charlie,C Szykowny,461,EUG,Eugene Emeralds,Emeralds,NWL,126,1B,First Base,3B,25,549,234,239,0,8,0.304,53,22,4,76,2151,3.9179999999999997,0.053000000000000005,0.186,0.038,0.28400000000000003,0.202,4,2,98,1048,223,396,37,19,107,31,1,59,44,124,154,74,28,4,21,102,29,1,135,0.276,490,0.33899999999999997,0.47800000000000004,0.8170000000000001,5,5,0.5,0.5,4,85,0.69,0,23.330000000000002,2025,126,Northwest League,High-A,805126-2025-126
2025,815873,Sean Keys,player,4,Sean Keys,Sean,Keys,Sean,S Keys,435,VAN,Vancouver Canadians,Canadians,NWL,126,3B,Third Base,DH,22,529,173,220,0,4,0.25,42,15,7,62,2138,4.042,0.163,0.221,0.036,0.735,0.191,2,2,67,824,195,311,34,20,98,28,0,41,23,119,121,67,22,1,19,117,86,2,92,0.21700000000000003,424,0.365,0.40800000000000003,0.773,1,8,0.889,0.111,7,72,0.81,0,22.32,2025,126,Northwest League,High-A,815873-2025-126
2025,806191,Tai Peete,player,4,Tai Peete,Tai,Peete,Tai,T Peete,403,EVE,Everett AquaSox,AquaSox,NWL,126,CF,Outfielder,OF,19,529,192,247,1,4,0.28200000000000003,47,3,4,68,2161,4.085,0.08700000000000001,0.306,0.036,0.28400000000000003,0.187,2,0,72,1032,331,318,30,23,90,24,0,58,21,125,125,58,24,4,19,162,46,1,103,0.21700000000000003,475,0.28800000000000003,0.404,0.692,11,25,0.694,0.306,4,63,0.72,0,25,2025,126,Northwest League,High-A,806191-2025-126
2025,703194,Randy De Jesus,player,6,Randy De Jesus,Randy,De Jesus,Randy,R De Jesus,460,TRI,Tri-City Dust Devils,Dust Devils,NWL,126,RF,Outfielder,OF,20,483,143,218,1,4,0.24700000000000003,29,8,11,54,1922,3.9789999999999996,0.101,0.33999999999999997,0.037,0.29900000000000004,0.15400000000000003,6,0,58,950,373,262,31,11,84,19,1,35,23,118,100,42,11,0,18,164,49,1,78,0.185,421,0.28,0.33999999999999997,0.62,2,3,0.6,0.4,11,55,0.8400000000000001,0,23.39,2025,126,Northwest League,High-A,703194-2025-126
2025,701860,Carter Cunningham,player,7,Carter Cunningham,Carter,Cunningham,Carter,C Cunningham,435,VAN,Vancouver Canadians,Canadians,NWL,126,1B,First Base,OF,24,419,143,193,0,5,0.303,33,2,1,40,1749,4.1739999999999995,0.16,0.325,0.038,0.493,0.194,5,0,68,775,263,214,12,7,51,23,0,37,16,102,87,64,15,2,16,136,67,0,76,0.22,345,0.346,0.41400000000000003,0.76,4,11,0.733,0.267,1,59,0.59,0,21.56,2025,126,Northwest League,High-A,701860-2025-126
2025,691269,Adrian Placencia,player,7,Adrian Placencia,Adrian,Placencia,Adrian,A Placencia,460,TRI,Tri-City Dust Devils,Dust Devils,NWL,126,2B,Second Base,SS,22,501,157,164,2,7,0.28400000000000003,34,9,5,51,2032,4.056,0.14600000000000002,0.301,0.032,0.48300000000000004,0.171,3,1,72,941,387,268,22,15,72,25,1,35,26,120,109,69,14,4,16,151,73,1,87,0.21200000000000002,410,0.33899999999999997,0.383,0.722,4,6,0.6,0.4,5,61,0.6599999999999999,0,25.62,2025,126,Northwest League,High-A,691269-2025-126
2025,815067,Aidan Longwell,player,9,Aidan Longwell,Aidan,Longwell,Aidan,A Longwell,486,SPO,Spokane Indians,Indians,NWL,126,1B,First Base,1B,23,516,210,191,2,8,0.315,53,5,3,73,1879,3.641,0.093,0.192,0.028999999999999998,0.48500000000000004,0.19,5,0,92,1027,236,363,30,28,89,31,1,61,31,121,150,55,35,3,15,99,48,1,124,0.274,452,0.345,0.465,0.81,2,5,0.714,0.28600000000000003,3,80,0.59,1,30.130000000000003,2025,126,Northwest League,High-A,815067-2025-126
2025,804446,Eddie Micheletti Jr.,player,10,Eddie Micheletti Jr.,Edward,Micheletti,Eddie,E Micheletti Jr.,435,VAN,Vancouver Canadians,Canadians,NWL,126,RF,Outfielder,OF,23,464,154,186,0,6,0.24100000000000002,40,12,9,55,1841,3.968,0.168,0.15100000000000002,0.03,1.114,0.19,1,1,83,723,132,304,28,16,93,26,1,37,20,106,127,53,24,2,14,70,78,0,84,0.228,368,0.375,0.41800000000000004,0.7929999999999999,0,3,1,0,9,70,0.73,0,26.29,2025,126,Northwest League,High-A,804446-2025-126
2025,690804,Ryan Nicholson,player,10,Ryan Nicholson,Ryan,Nicholson,Ryan,R Nicholson,460,TRI,Tri-City Dust Devils,Dust Devils,NWL,126,1B,First Base,1B,24,400,148,144,1,4,0.323,32,7,9,52,1578,3.945,0.14500000000000002,0.23500000000000001,0.034999999999999996,0.617,0.185,0,0,58,664,189,241,9,8,79,20,1,40,26,94,75,50,17,1,14,94,58,0,87,0.264,330,0.381,0.448,0.8290000000000001,1,1,0.5,0.5,9,53,1.05,0,23.57,2025,126,Northwest League,High-A,690804-2025-126
2025,687918,Braylen Wimmer,player,10,Braylen Wimmer,Braylen,Wimmer,Braylen,B Wimmer,486,SPO,Spokane Indians,Indians,NWL,126,LF,Outfielder,SS,24,386,170,174,3,3,0.364,38,11,7,51,1298,3.363,0.08,0.22,0.036,0.365,0.201,3,1,53,676,187,259,9,15,80,27,0,40,35,86,77,52,22,2,14,85,31,0,102,0.302,338,0.376,0.503,0.8790000000000001,1,26,0.963,0.037,7,53,1.04,0,24.14,2025,126,Northwest League,High-A,687918-2025-126
2025,805796,Arjun Nimmala,player,13,Arjun Nimmala,Arjun,Nimmala,Arjun,A Nimmala,435,VAN,Vancouver Canadians,Canadians,NWL,126,SS,Shortstop,SS,19,543,180,234,0,6,0.266,45,9,16,96,1959,3.608,0.101,0.21400000000000002,0.024,0.47400000000000003,0.15600000000000003,7,0,91,852,253,363,28,20,118,33,0,35,38,120,139,70,29,3,13,116,55,2,106,0.224,473,0.313,0.381,0.694,3,17,0.8500000000000001,0.15000000000000002,16,61,0.8500000000000001,0,36.379999999999995,2025,126,Northwest League,High-A,805796-2025-126
2025,703430,Anthony Scull,player,13,Anthony Scull,Anthony,Scull,Anthony,A Scull,460,TRI,Tri-City Dust Devils,Dust Devils,NWL,126,CF,Outfielder,OF,21,465,166,171,1,5,0.316,31,11,9,72,1658,3.566,0.062,0.23,0.028,0.271,0.136,3,1,66,926,263,318,25,14,104,15,0,59,35,106,105,55,18,0,13,107,29,0,109,0.26,419,0.321,0.396,0.717,7,5,0.41700000000000004,0.583,9,47,0.99,0,32.230000000000004,2025,126,Northwest League,High-A,703430-2025-126
2025,800959,Nick Goodwin,player,15,Nick Goodwin,Nicholas,Goodwin,Nick,N Goodwin,435,VAN,Vancouver Canadians,Canadians,NWL,126,2B,Second Base,SS,23,385,129,166,2,1,0.275,26,10,6,58,1521,3.9509999999999996,0.135,0.17900000000000002,0.031,0.754,0.15900000000000003,3,0,79,647,140,254,18,9,70,19,0,32,27,96,106,51,13,1,12,69,52,1,78,0.24400000000000002,320,0.366,0.403,0.769,3,10,0.769,0.231,6,47,0.6599999999999999,0,26.67,2025,126,Northwest League,High-A,800959-2025-126
2025,702690,Cutter Coffey,player,16,Cutter Coffey,Cutter,Coffey,Cutter,C Coffey,435,VAN,Vancouver Canadians,Canadians,NWL,126,3B,Third Base,3B,21,440,164,192,0,3,0.34099999999999997,37,6,8,58,1680,3.8179999999999996,0.10700000000000001,0.227,0.025,0.47000000000000003,0.15400000000000003,4,0,69,755,215,287,11,18,84,21,1,52,31,99,98,68,26,0,11,100,47,1,105,0.273,384,0.359,0.42700000000000005,0.7859999999999999,3,10,0.769,0.231,8,62,0.8600000000000001,0,34.91,2025,126,Northwest League,High-A,702690-2025-126
2025,694806,Brandon Eike,player,16,Brandon Eike,Brandon,Eike,Brandon,B Eike,403,EVE,Everett AquaSox,AquaSox,NWL,126,1B,First Base,3B,23,387,129,175,0,3,0.279,34,6,11,45,1418,3.664,0.067,0.313,0.028,0.21500000000000002,0.16,4,0,52,720,249,233,15,13,80,15,0,42,16,95,80,34,23,0,11,121,26,0,73,0.20800000000000002,351,0.272,0.368,0.64,0,1,1,0,11,38,1,1,31.91,2025,126,Northwest League,High-A,694806-2025-126
2025,806068,Colt Emerson,player,16,Colt Emerson,Colt,Emerson,Colt,C Emerson,403,EVE,Everett AquaSox,AquaSox,NWL,126,SS,Shortstop,SS,19,412,155,144,0,6,0.316,32,10,4,60,1566,3.8009999999999997,0.131,0.165,0.027,0.7939999999999999,0.17300000000000001,6,2,56,714,135,280,11,17,100,17,1,37,41,90,84,58,16,5,11,68,54,1,96,0.281,342,0.388,0.453,0.8410000000000001,4,6,0.6,0.4,4,51,1.1900000000000002,0,31.09,2025,126,Northwest League,High-A,806068-2025-126
2025,691292,Angel Ortiz,player,16,Angel Ortiz,Angel,Ortiz,Angel,A Ortiz,419,HIL,Hillsboro Hops,Hops,NWL,126,RF,Outfielder,CF,22,494,182,210,0,12,0.308,41,3,8,71,1908,3.8619999999999997,0.093,0.194,0.022,0.47900000000000004,0.15500000000000003,4,1,99,968,257,349,17,14,104,28,2,44,41,117,130,58,26,4,11,96,46,0,115,0.266,433,0.33199999999999996,0.42000000000000004,0.752,3,3,0.5,0.5,8,64,0.8,0,39.36,2025,126,Northwest League,High-A,691292-2025-126
2025,813841,Jonah Cox,player,20,Jonah Cox,Jonah,Cox,Jonah,J Cox,461,EUG,Eugene Emeralds,Emeralds,NWL,126,CF,Outfielder,CF,23,597,209,239,9,2,0.326,44,7,10,87,2351,3.9379999999999997,0.09,0.224,0.017,0.403,0.14100000000000001,7,1,78,1173,299,402,27,19,143,21,0,52,62,126,124,89,24,10,10,134,54,1,135,0.257,525,0.33299999999999996,0.398,0.731,11,58,0.8410000000000001,0.15900000000000003,10,68,1.1500000000000001,0,52.5,2025,126,Northwest League,High-A,813841-2025-126
2025,815306,Rio Foster,player,20,Rio Foster,Rio,Foster,Rio,R Foster,460,TRI,Tri-City Dust Devils,Dust Devils,NWL,126,LF,Outfielder,OF,22,378,133,138,0,2,0.357,30,13,5,36,1590,4.206,0.15900000000000003,0.254,0.026000000000000002,0.625,0.17200000000000001,2,0,49,585,173,209,17,8,54,14,0,47,20,93,74,54,18,2,10,96,60,0,81,0.267,303,0.40700000000000003,0.43900000000000006,0.8460000000000001,1,8,0.889,0.111,5,40,0.73,0,30.3,2025,126,Northwest League,High-A,815306-2025-126
2025,676038,Skyler Messinger,player,20,Skyler Messinger,Skyler,Messinger,Skyler,S Messinger,486,SPO,Spokane Indians,Indians,NWL,126,3B,Third Base,3B,26,462,152,208,0,8,0.29100000000000004,32,12,5,56,1670,3.6149999999999998,0.058,0.232,0.022,0.252,0.128,3,0,71,858,233,316,17,29,100,22,0,35,42,116,117,40,21,1,10,107,27,0,99,0.23900000000000002,415,0.29900000000000004,0.366,0.6649999999999999,8,12,0.6,0.4,5,51,0.8500000000000001,0,41.5,2025,126,Northwest League,High-A,676038-2025-126
2025,814194,Quinn McDaniel,player,23,Quinn McDaniel,Quinn,McDaniel,Quinn,Q McDaniel,461,EUG,Eugene Emeralds,Emeralds,NWL,126,2B,Second Base,2B,22,428,130,193,1,2,0.314,26,7,2,46,1678,3.921,0.12100000000000001,0.28700000000000003,0.021,0.42300000000000004,0.128,2,1,66,828,262,246,24,11,62,18,1,34,30,108,101,60,14,3,9,123,52,1,83,0.227,366,0.33299999999999996,0.355,0.688,4,14,0.778,0.222,2,46,0.61,0,40.67,2025,126,Northwest League,High-A,814194-2025-126
2025,814154,Scott Bandura,player,24,Scott Bandura,Scott,Bandura,Scott,S Bandura,461,EUG,Eugene Emeralds,Emeralds,NWL,126,RF,Outfielder,OF,23,373,140,128,0,3,0.404,25,7,5,46,1461,3.917,0.118,0.24100000000000002,0.019,0.48900000000000005,0.132,2,0,39,652,154,232,11,17,67,13,1,47,37,81,67,65,15,3,7,90,44,0,98,0.307,319,0.399,0.43900000000000006,0.8380000000000001,2,30,0.9380000000000001,0.063,5,45,1,0,45.57,2025,126,Northwest League,High-A,814154-2025-126
2025,701783,Cole Messina,player,24,Cole Messina,Michael,Messina,Cole,C Messina,486,SPO,Spokane Indians,Indians,NWL,126,C,Catcher,C,22,434,143,164,0,1,0.304,31,7,7,51,1651,3.804,0.118,0.166,0.016,0.708,0.12300000000000001,3,0,56,686,137,303,27,22,101,16,0,49,32,107,105,48,23,1,7,72,51,2,97,0.259,374,0.358,0.382,0.74,6,14,0.7,0.3,7,42,0.96,1,53.43,2025,126,Northwest League,High-A,701783-2025-126
2025,700321,Andy Perez,player,24,Andy Perez,Andy,Perez,Andy,A Perez,486,SPO,Spokane Indians,Indians,NWL,126,SS,Shortstop,SS,21,483,174,203,4,2,0.316,36,5,9,65,1498,3.101,0.05,0.168,0.014,0.29600000000000004,0.119,5,0,55,906,187,372,21,22,153,22,0,52,47,115,98,56,26,3,7,81,24,0,121,0.271,447,0.314,0.389,0.703,4,19,0.8260000000000001,0.17400000000000002,9,59,1.56,1,63.86,2025,126,Northwest League,High-A,700321-2025-126
2025,800198,Cristofer Torin,player,27,Cristofer Torin,Cristofer,Torin,Cristofer,C Torin,419,HIL,Hillsboro Hops,Hops,NWL,126,SS,Shortstop,SS,20,544,180,217,0,4,0.33099999999999996,31,7,6,89,2244,4.124999999999999,0.12100000000000001,0.14300000000000002,0.011,0.8460000000000001,0.09899999999999999,3,3,72,903,128,393,30,21,136,13,2,74,45,122,123,78,22,3,6,78,66,0,134,0.28700000000000003,467,0.381,0.385,0.766,7,15,0.6819999999999999,0.318,6,57,1.11,0,77.83,2025,126,Northwest League,High-A,800198-2025-126
2025,702258,Druw Jones,player,28,Druw Jones,Andruw,Jones,Druw,D Jones,419,HIL,Hillsboro Hops,Hops,NWL,126,CF,Outfielder,OF,21,545,172,217,1,6,0.33199999999999996,35,4,12,81,2120,3.8899999999999997,0.10300000000000001,0.233,0.009,0.441,0.10500000000000001,2,0,72,931,247,358,15,19,130,17,0,51,54,123,106,77,25,5,5,127,56,0,122,0.255,478,0.33499999999999996,0.36,0.695,4,28,0.8750000000000001,0.125,12,56,1.23,0,95.6,2025,126,Northwest League,High-A,702258-2025-126
2025,800306,Jansel Luis,player,28,Jansel Luis,Jansel,Luis,Jansel,J Luis,419,HIL,Hillsboro Hops,Hops,NWL,126,2B,Second Base,2B,20,447,171,194,2,11,0.349,31,2,8,84,1542,3.4499999999999997,0.06,0.163,0.011,0.37,0.119,5,1,62,811,202,345,25,10,125,14,1,56,52,102,97,60,19,7,5,73,27,0,123,0.304,405,0.34199999999999997,0.42200000000000004,0.764,7,22,0.759,0.24100000000000002,8,65,1.29,0,81,2025,126,Northwest League,High-A,800306-2025-126
2025,800194,Capri Ortiz,player,28,Capri Ortiz,Capri,Ortiz,Capri,C Ortiz,460,TRI,Tri-City Dust Devils,Dust Devils,NWL,126,SS,Shortstop,3B,20,399,114,162,5,1,0.28300000000000003,20,7,4,55,1369,3.4309999999999996,0.08,0.203,0.013000000000000001,0.395,0.093,3,0,43,738,209,279,34,17,104,7,5,40,29,97,94,49,12,3,5,81,32,1,81,0.229,354,0.305,0.322,0.627,6,27,0.8180000000000001,0.182,4,33,1.11,0,70.8,2025,126,Northwest League,High-A,800194-2025-126
2025,823185,Zane Zielinski,player,31,Zane Zielinski,Zane,Zielinski,Zane,Z Zielinski,461,EUG,Eugene Emeralds,Emeralds,NWL,126,SS,Shortstop,SS,23,483,125,216,3,4,0.329,16,14,8,54,1866,3.863,0.101,0.255,0.008,0.398,0.063,5,0,51,832,237,296,21,23,102,10,1,39,49,118,95,63,10,2,4,123,49,0,99,0.24000000000000002,412,0.33799999999999997,0.303,0.641,9,32,0.7799999999999999,0.22,8,44,1.07,1,103,2025,126,Northwest League,High-A,823185-2025-126
2025,699232,Anderdson Rojas,player,32,Anderdson Rojas,Anderdson,Rojas,Anderdson,A Rojas,419,HIL,Hillsboro Hops,Hops,NWL,126,3B,Third Base,2B,21,474,124,218,8,6,0.278,23,0,7,77,1752,3.6959999999999997,0.09899999999999999,0.16,0.002,0.618,0.068,6,0,60,885,170,351,22,16,157,12,2,43,39,116,98,58,19,3,1,76,47,0,96,0.232,413,0.307,0.3,0.607,8,19,0.704,0.29600000000000004,7,38,1.6,0,413,2025,126,Northwest League,High-A,699232-2025-126
2025,669899,Ryan Ward,player,1,Ryan Ward,Ryan,Ward,Ryan,R Ward,238,OKC,Oklahoma City Comets,Comets,PCL,112,LF,Outfielder,LF,27,652,315,267,0,2,0.312,73,1,18,88,2541,3.897,0.127,0.187,0.055,0.6799999999999999,0.267,11,1,84,1076,232,446,18,41,139,48,1,78,37,143,143,113,31,6,36,122,83,3,164,0.29000000000000004,566,0.38,0.557,0.937,6,16,0.727,0.273,18,122,0.97,0,15.719999999999999,2025,112,Pacific Coast League,Triple-A,669899-2025-112
2025,694359,Niko Kavadas,player,2,Niko Kavadas,Nikolos,Kavadas,Niko,N Kavadas,561,SL,Salt Lake Bees,Bees,PCL,112,1B,First Base,1B,26,527,208,213,0,4,0.3,47,14,5,66,2235,4.2410000000000005,0.14200000000000002,0.309,0.053000000000000005,0.46,0.24400000000000002,3,0,70,834,264,275,13,21,69,31,0,47,24,116,104,76,16,3,28,163,75,2,102,0.23500000000000001,434,0.362,0.47900000000000004,0.8410000000000001,1,1,0.5,0.5,5,84,0.6599999999999999,0,15.5,2025,112,Pacific Coast League,Triple-A,694359-2025-112
2025,669134,Luis Campusano,player,3,Luis Campusano,Luis,Campusano,Luis,L Campusano,4904,ELP,El Paso Chihuahuas,Chihuahuas,PCL,112,C,Catcher,C,26,475,234,179,0,3,0.37,51,4,14,58,1931,4.0649999999999995,0.15200000000000002,0.17300000000000001,0.053000000000000005,0.8780000000000001,0.26,12,0,38,773,170,314,18,19,107,31,0,67,34,105,75,83,25,1,25,82,72,0,132,0.33599999999999997,393,0.441,0.595,1.036,0,2,1,0,14,95,1.43,3,15.719999999999999,2025,112,Pacific Coast League,Triple-A,669134-2025-112
2025,694376,Shay Whitcomb,player,3,Shay Whitcomb,Shay,Whitcomb,Shay,S Whitcomb,5434,SUG,Sugar Land Space Cowboys,Space Cowboys,PCL,112,3B,Third Base,3B,26,469,206,168,0,3,0.316,48,9,6,66,1856,3.957,0.111,0.256,0.053000000000000005,0.43300000000000005,0.24200000000000002,4,1,51,800,233,288,30,20,79,27,0,51,30,107,101,68,23,0,25,120,52,1,108,0.267,405,0.36,0.509,0.8690000000000001,2,16,0.889,0.111,6,64,0.7799999999999999,0,16.2,2025,112,Pacific Coast League,Triple-A,694376-2025-112
2025,682617,Marco Luciano,player,5,Marco Luciano,Marco,Luciano,Marco,M Luciano,105,SAC,Sacramento River Cats,River Cats,PCL,112,LF,Outfielder,OF,23,555,191,244,0,6,0.276,45,2,10,61,2366,4.263,0.15300000000000002,0.306,0.041,0.5,0.199,5,0,62,985,363,298,21,16,100,30,2,41,26,125,99,76,21,1,23,170,85,0,99,0.21400000000000002,462,0.33499999999999996,0.41300000000000003,0.748,3,10,0.769,0.231,10,66,1.01,0,20.09,2025,112,Pacific Coast League,Triple-A,682617-2025-112
2025,691021,A.J. Vukovich,player,6,A.J. Vukovich,Aaron,Vukovich,A.J.,A Vukovich,2310,RNO,Reno Aces,Aces,PCL,112,LF,Outfielder,OF,23,476,212,206,0,2,0.357,44,2,12,59,1872,3.933,0.097,0.271,0.046,0.357,0.21400000000000002,3,0,45,916,297,299,8,18,107,32,0,61,28,111,71,80,19,3,22,129,46,1,121,0.28400000000000003,426,0.355,0.498,0.8530000000000001,2,0,0,1,12,79,1.51,0,19.36,2025,112,Pacific Coast League,Triple-A,691021-2025-112
2025,688760,Blaine Crim,player,7,Blaine Crim,Linton,Crim,Blaine,B Crim,342,ABQ,Albuquerque Isotopes,Isotopes,PCL,112,DH,Designated Hitter,1B,28,492,211,202,0,3,0.31,48,6,17,80,1949,3.961,0.114,0.183,0.043000000000000003,0.622,0.21300000000000002,4,1,64,833,196,340,30,22,104,26,0,60,34,109,116,67,26,1,21,90,56,4,120,0.281,427,0.37,0.494,0.8640000000000001,3,4,0.5710000000000001,0.42900000000000005,17,85,0.9,0,20.330000000000002,2025,112,Pacific Coast League,Triple-A,688760-2025-112
2025,669374,Keston Hiura,player,7,Keston Hiura,Keston,Hiura,Keston,K Hiura,342,ABQ,Albuquerque Isotopes,Isotopes,PCL,112,1B,First Base,1B,28,445,194,190,0,2,0.344,45,13,13,46,1767,3.9709999999999996,0.10600000000000001,0.276,0.047,0.382,0.23500000000000001,1,1,55,859,292,262,20,14,69,35,0,40,29,100,89,62,21,3,21,123,47,1,104,0.272,383,0.369,0.507,0.8760000000000001,1,1,0.5,0.5,13,67,0.7799999999999999,0,18.24,2025,112,Pacific Coast League,Triple-A,669374-2025-112
2025,679822,Justin Foscue,player,9,Justin Foscue,Justin,Foscue,Justin,J Foscue,102,RR,Round Rock Express,Express,PCL,112,2B,Second Base,2B,26,453,189,180,1,3,0.266,47,5,13,81,1772,3.9119999999999995,0.09899999999999999,0.139,0.042,0.714,0.21300000000000002,5,2,85,826,145,340,32,19,100,30,0,44,30,103,136,65,28,0,19,63,45,0,104,0.261,399,0.34099999999999997,0.47400000000000003,0.8150000000000001,0,7,1,0,13,68,0.74,0,21,2025,112,Pacific Coast League,Triple-A,679822-2025-112
2025,683227,Cody Freeman,player,9,Cody Freeman,Cody,Freeman,Cody,C Freeman,102,RR,Round Rock Express,Express,PCL,112,3B,Third Base,3B,24,426,211,167,2,7,0.328,44,1,7,66,1633,3.8329999999999997,0.07500000000000001,0.08700000000000001,0.045,0.8650000000000001,0.21400000000000002,7,1,60,725,77,356,27,25,115,23,0,52,54,97,112,75,25,0,19,37,32,1,129,0.33599999999999997,384,0.382,0.549,0.931,5,8,0.615,0.385,7,71,1.03,0,20.21,2025,112,Pacific Coast League,Triple-A,683227-2025-112
2025,682988,Tyler Locklear,player,9,Tyler Locklear,Tyler,Locklear,Tyler,T Locklear,529,TAC,Tacoma Rainiers,Rainiers,PCL,112,1B,First Base,1B,24,434,202,176,0,5,0.375,45,9,14,67,1638,3.774,0.10800000000000001,0.21900000000000003,0.044,0.495,0.225,5,0,40,810,230,283,9,20,96,27,0,46,45,98,69,70,25,1,19,95,47,1,118,0.316,373,0.401,0.542,0.9430000000000001,6,18,0.75,0.25,14,82,1.3900000000000001,0,19.630000000000003,2025,112,Pacific Coast League,Triple-A,682988-2025-112
2025,666632,Yonathan Perlaza,player,9,Yonathan Perlaza,Yonathan,Perlaza,Yonathan,Y Perlaza,4904,ELP,El Paso Chihuahuas,Chihuahuas,PCL,112,RF,Outfielder,2B,26,624,276,268,0,5,0.366,70,4,17,105,2384,3.8209999999999997,0.119,0.2,0.03,0.592,0.203,6,0,64,1073,326,421,13,20,158,28,0,79,59,138,97,106,49,2,19,125,74,1,166,0.307,541,0.391,0.51,0.901,7,15,0.6819999999999999,0.318,17,113,1.6300000000000001,0,28.47,2025,112,Pacific Coast League,Triple-A,666632-2025-112
2025,805672,Collin Price,player,13,Collin Price,Collin,Price,Collin,C Price,5434,SUG,Sugar Land Space Cowboys,Space Cowboys,PCL,112,C,Catcher,C,25,449,170,202,0,4,0.306,39,8,6,64,1798,4.004,0.1,0.303,0.04,0.33099999999999996,0.199,4,0,71,839,269,260,26,12,59,32,0,38,22,111,109,53,18,3,18,136,45,0,92,0.23500000000000001,392,0.323,0.43400000000000005,0.757,1,5,0.8330000000000001,0.167,6,60,0.54,0,21.779999999999998,2025,112,Pacific Coast League,Triple-A,805672-2025-112
2025,677060,Chad Stevens,player,13,Chad Stevens,Chad,Stevens,Chad,C Stevens,561,SL,Salt Lake Bees,Bees,PCL,112,SS,Shortstop,2B,26,528,220,211,0,5,0.351,46,7,13,70,1985,3.759,0.11,0.222,0.034,0.496,0.19,1,0,66,1003,287,346,7,40,100,28,0,69,36,126,113,82,23,5,18,117,58,1,133,0.29000000000000004,458,0.375,0.48000000000000004,0.8550000000000001,3,20,0.8700000000000001,0.13,13,78,0.88,0,25.439999999999998,2025,112,Pacific Coast League,Triple-A,677060-2025-112
2025,691740,Daniel Susac,player,13,Daniel Susac,Daniel,Susac,Daniel,D Susac,400,LV,Las Vegas Aviators,Aviators,PCL,112,C,Catcher,C,24,407,174,200,0,4,0.34199999999999997,38,8,8,55,1605,3.943,0.08600000000000001,0.268,0.044,0.321,0.20800000000000002,3,1,32,812,232,255,13,19,92,31,1,39,28,97,64,48,19,1,18,109,35,0,99,0.275,360,0.349,0.48300000000000004,0.8320000000000001,3,7,0.7,0.3,8,68,1.44,0,20,2025,112,Pacific Coast League,Triple-A,691740-2025-112
2025,694514,Sterlin Thompson,player,13,Sterlin Thompson,Sterlin,Thompson,Sterlin,S Thompson,342,ABQ,Albuquerque Isotopes,Isotopes,PCL,112,LF,Outfielder,RF,24,513,228,191,0,3,0.353,54,18,8,75,1980,3.86,0.10300000000000001,0.20900000000000002,0.034999999999999996,0.495,0.223,1,0,46,925,230,335,18,20,121,31,1,62,36,120,84,82,28,8,18,107,53,0,130,0.29600000000000004,439,0.392,0.519,0.911,4,12,0.75,0.25,8,66,1.44,0,24.39,2025,112,Pacific Coast League,Triple-A,694514-2025-112
2025,656541,Sam Hilliard,player,17,Sam Hilliard,Samuel,Hilliard,Sam,S Hilliard,342,ABQ,Albuquerque Isotopes,Isotopes,PCL,112,CF,Outfielder,LF,31,414,204,165,0,5,0.361,54,1,8,74,1653,3.993,0.114,0.261,0.041,0.43500000000000005,0.277,2,1,46,745,248,258,17,24,67,25,0,51,28,91,87,64,25,12,17,108,47,2,104,0.28800000000000003,361,0.367,0.5650000000000001,0.932,1,15,0.9380000000000001,0.063,8,66,0.77,0,21.24,2025,112,Pacific Coast League,Triple-A,656541-2025-112
2025,694728,Brice Matthews,player,17,Brice Matthews,Brice,Matthews,Brice,B Matthews,5434,SUG,Sugar Land Space Cowboys,Space Cowboys,PCL,112,2B,Second Base,CF,23,498,192,195,0,3,0.346,42,6,9,60,1986,3.988,0.14100000000000001,0.279,0.034,0.504,0.198,4,1,57,877,310,283,17,18,82,23,0,44,42,112,92,70,18,7,17,139,70,0,109,0.26,419,0.371,0.458,0.8290000000000001,11,41,0.7879999999999999,0.21200000000000002,9,64,0.89,0,24.650000000000002,2025,112,Pacific Coast League,Triple-A,694728-2025-112
2025,669392,Samad Taylor,player,17,Samad Taylor,Samad,Taylor,Samad,S Taylor,529,TAC,Tacoma Rainiers,Rainiers,PCL,112,2B,Second Base,LF,26,657,257,216,17,5,0.35,51,4,7,78,2673,4.068,0.111,0.187,0.026000000000000002,0.593,0.165,8,1,76,1085,240,457,26,28,162,25,2,80,58,137,130,124,27,7,17,123,73,0,165,0.29600000000000004,558,0.378,0.461,0.8390000000000001,10,44,0.8150000000000001,0.185,7,86,1.25,0,32.82,2025,112,Pacific Coast League,Triple-A,669392-2025-112
2025,695670,Harry Ford,player,20,Harry Ford,Harrison,Ford,Harry,H Ford,529,TAC,Tacoma Rainiers,Rainiers,PCL,112,C,Catcher,C,22,458,172,196,0,3,0.32999999999999996,34,7,10,67,1914,4.179,0.162,0.192,0.034999999999999996,0.8410000000000001,0.17600000000000002,4,0,46,762,177,289,15,18,104,26,0,48,32,97,79,68,18,0,16,88,74,0,106,0.28300000000000003,374,0.40800000000000003,0.46,0.8680000000000001,4,7,0.636,0.364,10,74,1.32,0,23.38,2025,112,Pacific Coast League,Triple-A,695670-2025-112
2025,690976,Alex Freeland,player,20,Alex Freeland,Alexander,Freeland,Alex,A Freeland,238,OKC,Oklahoma City Comets,Comets,PCL,112,SS,Shortstop,2B,23,508,187,186,0,7,0.315,46,3,10,49,2163,4.258,0.163,0.21900000000000003,0.031,0.748,0.188,1,0,66,829,197,311,14,20,102,22,0,59,28,106,100,77,30,0,16,111,83,1,109,0.263,415,0.384,0.451,0.8350000000000001,6,18,0.75,0.25,10,82,1.02,0,25.939999999999998,2025,112,Pacific Coast League,Triple-A,690976-2025-112
2025,665923,Esteury Ruiz,player,20,Esteury Ruiz,Esteury,Ruiz,Esteury,E Ruiz,238,OKC,Oklahoma City Comets,Comets,PCL,112,LF,Outfielder,RF,26,494,210,148,3,1,0.355,47,12,9,62,1978,4.004,0.13,0.18,0.032,0.719,0.20700000000000002,11,0,55,878,211,326,17,24,105,28,0,52,45,106,96,97,25,6,16,89,64,0,125,0.304,411,0.41200000000000003,0.511,0.923,11,63,0.8510000000000001,0.14900000000000002,9,61,1.09,3,25.69,2025,112,Pacific Coast League,Triple-A,665923-2025-112
2025,680769,CJ Alexander,player,23,CJ Alexander,Charles,Alexander,CJ,C Alexander,238,OKC,Oklahoma City Comets,Comets,PCL,112,1B,First Base,1B,28,413,176,209,0,2,0.33799999999999997,44,0,6,58,1603,3.881,0.10700000000000001,0.276,0.036,0.386,0.21800000000000003,2,0,52,806,234,255,26,17,64,24,0,42,30,94,95,63,23,6,15,114,44,1,96,0.262,367,0.33899999999999997,0.48000000000000004,0.8190000000000001,2,5,0.714,0.28600000000000003,6,63,0.6699999999999999,0,24.47,2025,112,Pacific Coast League,Triple-A,680769-2025-112
2025,687529,Grant McCray,player,23,Grant McCray,Grant,McCray,Grant,G McCray,105,SAC,Sacramento River Cats,River Cats,PCL,112,CF,Outfielder,CF,24,510,185,201,3,7,0.322,39,1,4,64,2131,4.178,0.10800000000000001,0.271,0.028999999999999998,0.399,0.167,3,1,58,1014,323,316,11,28,108,21,0,45,45,110,97,73,19,5,15,138,55,0,111,0.25,444,0.329,0.41700000000000004,0.746,3,27,0.9,0.1,4,71,1.11,0,29.6,2025,112,Pacific Coast League,Triple-A,687529-2025-112
2025,670097,Zack Short,player,23,Zack Short,Zachary,Short,Zack,Z Short,5434,SUG,Sugar Land Space Cowboys,Space Cowboys,PCL,112,SS,Shortstop,SS,30,475,140,149,0,5,0.24300000000000002,33,7,3,38,2050,4.316,0.164,0.253,0.032,0.65,0.164,5,0,90,779,201,270,29,18,56,18,0,36,23,112,137,55,18,0,15,120,78,0,77,0.2,385,0.34099999999999997,0.364,0.705,2,5,0.714,0.28600000000000003,3,46,0.41000000000000003,0,25.67,2025,112,Pacific Coast League,Triple-A,670097-2025-112
2025,678545,Osleivis Basabe,player,26,Osleivis Basabe,Osleivis,Basabe,Osleivis,O Basabe,105,SAC,Sacramento River Cats,River Cats,PCL,112,SS,Shortstop,SS,24,477,177,192,4,3,0.278,40,6,9,64,1696,3.5559999999999996,0.06899999999999999,0.17600000000000002,0.028999999999999998,0.393,0.163,4,3,62,852,175,353,20,33,131,25,0,42,40,125,115,62,24,2,14,84,33,0,107,0.24900000000000003,430,0.309,0.41200000000000003,0.721,1,7,0.8750000000000001,0.125,9,56,1.1400000000000001,1,30.71,2025,112,Pacific Coast League,Triple-A,678545-2025-112
2025,687867,Clay Dungan,player,26,Clay Dungan,Anthony,Dungan,Clay,C Dungan,4904,ELP,El Paso Chihuahuas,Chihuahuas,PCL,112,2B,Second Base,2B,29,625,236,244,8,7,0.344,56,10,4,76,2450,3.92,0.117,0.227,0.022,0.514,0.17500000000000002,8,0,57,1066,265,400,15,40,144,27,0,74,43,140,112,105,34,8,14,142,73,1,144,0.273,527,0.368,0.448,0.8160000000000001,7,30,0.811,0.189,4,80,1.29,0,37.64,2025,112,Pacific Coast League,Triple-A,687867-2025-112
2025,663536,Tristin English,player,26,Tristin English,Tristin,English,Tristin,T English,2310,RNO,Reno Aces,Aces,PCL,112,1B,First Base,OF,28,417,198,177,1,3,0.356,45,7,15,79,1468,3.52,0.05,0.14900000000000002,0.034,0.33899999999999997,0.19,7,0,55,852,200,327,18,19,110,24,2,54,45,93,92,55,31,0,14,62,21,0,125,0.325,385,0.368,0.514,0.882,0,0,,,15,77,1.2,0,27.5,2025,112,Pacific Coast League,Triple-A,663536-2025-112
2025,683090,Matthew Lugo,player,29,Matthew Lugo,Matthew,Lugo,Matthew,M Lugo,561,SL,Salt Lake Bees,Bees,PCL,112,CF,Outfielder,LF,24,462,188,209,2,0,0.356,46,4,10,76,1834,3.9699999999999998,0.06899999999999999,0.29400000000000004,0.028,0.23500000000000001,0.182,4,0,42,957,293,290,16,20,101,21,0,57,33,102,78,63,28,5,13,136,32,0,111,0.262,424,0.32,0.443,0.763,7,11,0.611,0.389,10,60,1.29,0,32.620000000000005,2025,112,Pacific Coast League,Triple-A,683090-2025-112
2025,665846,Jesús Bastidas,player,30,Jesús Bastidas,Jesús,Bastidas,Jesús,J Bastidas,5434,SUG,Sugar Land Space Cowboys,Space Cowboys,PCL,112,3B,Third Base,SS,26,418,166,175,1,3,0.327,45,17,7,54,1553,3.715,0.084,0.234,0.028999999999999998,0.357,0.197,4,0,66,795,227,267,26,18,62,20,0,55,20,95,110,59,31,2,12,98,35,1,95,0.263,361,0.353,0.46,0.8130000000000001,1,10,0.909,0.091,7,65,0.56,1,30.08,2025,112,Pacific Coast League,Triple-A,665846-2025-112
2025,669386,Trevor Hauver,player,30,Trevor Hauver,Trevor,Hauver,Trevor,T Hauver,102,RR,Round Rock Express,Express,PCL,112,LF,Outfielder,2B,26,440,162,168,0,5,0.352,35,5,8,55,1798,4.086,0.15200000000000002,0.24100000000000002,0.027,0.632,0.171,2,0,57,683,176,262,4,21,80,21,0,48,31,104,82,64,20,3,12,106,67,2,100,0.275,363,0.391,0.446,0.8370000000000001,1,3,0.75,0.25,8,66,0.98,0,30.25,2025,112,Pacific Coast League,Triple-A,669386-2025-112
2025,669222,Nick Senzel,player,30,Nick Senzel,Nicholas,Senzel,Nick,N Senzel,238,OKC,Oklahoma City Comets,Comets,PCL,112,3B,Third Base,3B,30,411,144,207,0,7,0.28300000000000003,29,6,8,67,1524,3.708,0.109,0.185,0.028999999999999998,0.592,0.15600000000000003,7,1,66,714,154,284,22,20,87,19,1,44,25,96,108,51,15,2,12,76,45,1,89,0.252,353,0.34099999999999997,0.40800000000000003,0.749,1,7,0.8750000000000001,0.125,8,62,0.81,0,29.419999999999998,2025,112,Pacific Coast League,Triple-A,669222-2025-112
2025,687957,Dustin Harris,player,33,Dustin Harris,Dustin,Harris,Dustin,D Harris,102,RR,Round Rock Express,Express,PCL,112,CF,Outfielder,LF,25,425,162,153,2,1,0.32999999999999996,32,6,1,52,1653,3.889,0.10400000000000001,0.17400000000000002,0.026000000000000002,0.595,0.15100000000000002,1,1,73,771,166,301,21,21,80,22,0,50,34,91,115,70,19,2,11,74,44,1,106,0.28500000000000003,372,0.369,0.43500000000000005,0.804,4,33,0.892,0.10800000000000001,1,41,0.7,0,33.82,2025,112,Pacific Coast League,Triple-A,687957-2025-112
2025,680911,Owen Miller,player,33,Owen Miller,Owen,Miller,Owen,O Miller,342,ABQ,Albuquerque Isotopes,Isotopes,PCL,112,SS,Shortstop,2B,28,441,169,184,0,11,0.303,37,7,9,67,1638,3.714,0.066,0.161,0.025,0.40800000000000003,0.15200000000000002,3,0,69,806,145,334,21,27,108,19,0,59,31,102,117,64,25,1,11,71,29,0,109,0.277,394,0.329,0.42900000000000005,0.758,3,13,0.8130000000000001,0.188,9,65,0.92,0,35.82,2025,112,Pacific Coast League,Triple-A,680911-2025-112
2025,691728,Zac Veen,player,33,Zac Veen,Zachary,Veen,Zac,Z Veen,342,ABQ,Albuquerque Isotopes,Isotopes,PCL,112,RF,Outfielder,LF,23,412,173,161,2,2,0.347,39,3,6,50,1491,3.6189999999999998,0.085,0.20400000000000001,0.027,0.41700000000000004,0.17800000000000002,1,0,51,752,194,290,12,16,104,15,0,58,34,90,79,57,23,5,11,84,35,1,107,0.28900000000000003,370,0.354,0.468,0.8220000000000001,5,15,0.75,0.25,6,59,1.32,0,33.64,2025,112,Pacific Coast League,Triple-A,691728-2025-112
2025,669722,Logan Davidson,player,36,Logan Davidson,Logan,Davidson,Logan,L Davidson,5434,SUG,Sugar Land Space Cowboys,Space Cowboys,PCL,112,RF,Outfielder,1B,27,423,136,169,0,2,0.35,29,4,4,47,1775,4.196,0.17300000000000001,0.281,0.024,0.613,0.14500000000000002,3,1,30,728,232,227,15,16,80,23,1,34,28,95,61,60,18,1,10,119,73,1,86,0.25,344,0.385,0.395,0.7799999999999999,2,7,0.778,0.222,4,51,1.31,0,34.4,2025,112,Pacific Coast League,Triple-A,669722-2025-112
2025,689070,Spencer Packard,player,36,Spencer Packard,Spencer,Packard,Spencer,S Packard,529,TAC,Tacoma Rainiers,Rainiers,PCL,112,LF,Outfielder,OF,27,494,171,203,0,2,0.308,35,14,13,68,2022,4.093,0.13,0.132,0.02,0.985,0.135,3,0,67,823,145,351,20,38,111,20,0,70,25,116,125,61,24,1,10,65,64,1,115,0.278,414,0.391,0.41300000000000003,0.804,0,1,1,0,13,75,0.89,0,41.4,2025,112,Pacific Coast League,Triple-A,689070-2025-112
2025,641796,Tim Locastro,player,38,Tim Locastro,Timothy,Locastro,Tim,T Locastro,4904,ELP,El Paso Chihuahuas,Chihuahuas,PCL,112,LF,Outfielder,LF,32,414,149,168,10,4,0.309,34,19,2,74,1435,3.4659999999999997,0.08700000000000001,0.162,0.022,0.537,0.163,4,1,53,726,193,291,35,24,86,19,1,43,30,104,112,69,21,4,9,67,36,1,93,0.27,344,0.367,0.43300000000000005,0.8,5,32,0.8650000000000001,0.135,2,52,0.77,1,38.220000000000006,2025,112,Pacific Coast League,Triple-A,641796-2025-112
2025,687005,Kellen Strahm,player,39,Kellen Strahm,Kellen,Strahm,Kellen,K Strahm,102,RR,Round Rock Express,Express,PCL,112,RF,Outfielder,RF,28,429,125,164,2,4,0.29900000000000004,21,1,11,53,1708,3.981,0.138,0.21200000000000002,0.019,0.648,0.10200000000000001,4,3,44,674,140,278,13,30,103,12,1,33,42,108,87,50,13,0,8,91,59,1,88,0.24200000000000002,363,0.347,0.344,0.691,5,32,0.8650000000000001,0.135,11,40,1.1800000000000002,0,45.379999999999995,2025,112,Pacific Coast League,Triple-A,687005-2025-112
2025,678489,Jorge Barrosa,player,40,Jorge Barrosa,Jorge,Barrosa,Jorge,J Barrosa,2310,RNO,Reno Aces,Aces,PCL,112,CF,Outfielder,CF,24,456,170,175,4,3,0.369,38,1,3,62,1833,4.02,0.118,0.20800000000000002,0.015,0.5680000000000001,0.137,4,0,42,835,199,306,22,26,100,10,1,70,35,93,90,67,29,2,7,95,54,1,116,0.29400000000000004,394,0.378,0.43100000000000005,0.809,4,10,0.714,0.28600000000000003,3,58,1.11,0,56.290000000000006,2025,112,Pacific Coast League,Triple-A,678489-2025-112
2025,685744,Kenedy Corona,player,40,Kenedy Corona,Kenedy,Corona,Kenedy,K Corona,5434,SUG,Sugar Land Space Cowboys,Space Cowboys,PCL,112,CF,Outfielder,CF,25,433,123,212,5,2,0.28,23,3,13,58,1704,3.9349999999999996,0.10600000000000001,0.233,0.016,0.455,0.10600000000000001,8,1,43,799,214,283,18,26,113,12,1,45,25,121,87,50,13,3,7,101,46,0,83,0.22,377,0.308,0.326,0.634,5,18,0.7829999999999999,0.21700000000000003,13,36,1.3,0,53.86,2025,112,Pacific Coast League,Triple-A,685744-2025-112
2025,689041,Rhylan Thomas,player,40,Rhylan Thomas,Rhylan,Thomas,Rhylan,R Thomas,529,TAC,Tacoma Rainiers,Rainiers,PCL,112,RF,Outfielder,LF,25,618,225,253,11,7,0.33199999999999996,32,6,10,121,1976,3.197,0.07400000000000001,0.052000000000000005,0.011,1.438,0.08600000000000001,11,0,103,1009,96,533,22,51,179,13,0,93,72,134,176,105,24,1,7,32,46,1,178,0.325,547,0.38,0.41100000000000003,0.7909999999999999,8,35,0.8140000000000001,0.186,10,78,1.02,1,78.14,2025,112,Pacific Coast League,Triple-A,689041-2025-112
2025,670148,Nate Mondou,player,43,Nate Mondou,Nathan,Mondou,Nate,N Mondou,4904,ELP,El Paso Chihuahuas,Chihuahuas,PCL,112,2B,Second Base,2B,30,552,197,221,7,4,0.358,37,9,11,84,2078,3.7640000000000002,0.118,0.14300000000000002,0.011,0.8230000000000001,0.113,4,0,77,998,173,399,19,39,120,23,0,78,43,130,135,69,27,4,6,79,65,2,144,0.308,467,0.4,0.42200000000000004,0.8220000000000001,6,8,0.5710000000000001,0.42900000000000005,11,74,0.89,0,77.83,2025,112,Pacific Coast League,Triple-A,670148-2025-112
2025,664670,Alejo Lopez,player,44,Alejo Lopez,Jesus,Lopez,Alejo,A Lopez,400,LV,Las Vegas Aviators,Aviators,PCL,112,2B,Second Base,2B,29,482,146,228,2,2,0.307,23,16,14,85,1782,3.697,0.1,0.137,0.01,0.727,0.085,4,0,53,963,194,352,11,43,134,16,0,51,44,117,107,61,16,2,5,66,48,1,111,0.268,414,0.365,0.353,0.718,3,17,0.8500000000000001,0.15000000000000002,14,48,1.25,0,82.8,2025,112,Pacific Coast League,Triple-A,664670-2025-112
2025,702789,Austin Gauthier,player,45,Austin Gauthier,Austin,Gauthier,Austin,A Gauthier,238,OKC,Oklahoma City Comets,Comets,PCL,112,2B,Second Base,SS,26,478,134,200,0,5,0.328,26,2,13,70,1959,4.098,0.195,0.192,0.008,1.011,0.095,6,1,36,751,153,291,6,34,117,14,0,42,42,118,76,69,20,2,4,92,93,0,98,0.259,378,0.404,0.354,0.758,1,5,0.8330000000000001,0.167,13,45,1.54,0,94.5,2025,112,Pacific Coast League,Triple-A,702789-2025-112
2025,687231,Darell Hernaiz,player,45,Darell Hernaiz,Darell,Hernaiz,Darell,D Hernaiz,400,LV,Las Vegas Aviators,Aviators,PCL,112,SS,Shortstop,SS,23,445,164,185,4,3,0.33999999999999997,35,5,11,74,1648,3.7030000000000003,0.10300000000000001,0.115,0.009,0.902,0.119,6,0,53,798,147,343,21,40,111,13,2,56,47,96,114,67,28,3,4,51,46,0,118,0.305,387,0.383,0.42400000000000004,0.807,0,12,1,0,11,50,0.97,0,96.75,2025,112,Pacific Coast League,Triple-A,687231-2025-112
2025,570560,Yolmer Sánchez,player,45,Yolmer Sánchez,Yolmer,Sánchez,Yolmer,Y Sánchez,561,SL,Salt Lake Bees,Bees,PCL,112,2B,Second Base,3B,33,492,136,187,4,2,0.329,23,5,11,48,2009,4.083,0.136,0.232,0.008,0.588,0.082,6,1,60,958,252,306,21,20,103,14,2,60,26,120,101,61,16,3,4,114,67,0,102,0.24600000000000002,414,0.357,0.329,0.6859999999999999,3,9,0.75,0.25,11,36,1.02,0,103.5,2025,112,Pacific Coast League,Triple-A,570560-2025-112
2025,642727,Sergio Alcántara,player,48,Sergio Alcántara,Sergio,Alcántara,Sergio,S Alcántara,2310,RNO,Reno Aces,Aces,PCL,112,SS,Shortstop,SS,28,441,125,180,3,2,0.321,26,2,11,66,1828,4.145,0.15200000000000002,0.197,0.005,0.77,0.09,2,0,57,747,156,285,13,25,98,10,0,57,25,113,95,54,21,3,2,87,67,0,92,0.251,367,0.368,0.34099999999999997,0.709,4,4,0.5,0.5,11,37,1.03,0,183.5,2025,112,Pacific Coast League,Triple-A,642727-2025-112
2025,800419,Jeral Perez,player,1,Jeral Perez,Jeral,Perez,Jeral,J Perez,580,WS,Winston-Salem Dash,Dash,SAL,116,2B,Second Base,3B,20,537,215,215,0,5,0.271,50,8,8,72,2176,4.052,0.082,0.20900000000000002,0.041,0.393,0.20400000000000001,6,0,97,1012,251,373,30,21,108,36,2,43,36,125,148,65,24,4,22,112,44,0,117,0.24400000000000002,480,0.315,0.448,0.763,3,10,0.769,0.231,8,70,0.73,0,21.82,2025,116,South Atlantic League,High-A,800419-2025-116
2025,699213,Gleider Figuereo,player,2,Gleider Figuereo,Gleider,Figuereo,Gleider,G Figuereo,6324,HCS,Hub City Spartanburgers,Spartanburgers,SAL,116,3B,Third Base,SS,21,464,144,173,0,5,0.24300000000000002,26,7,7,55,1767,3.808,0.095,0.28400000000000003,0.039,0.33299999999999996,0.15200000000000002,5,1,65,861,270,281,33,13,88,22,1,37,22,113,111,44,8,0,18,132,44,2,82,0.201,408,0.28700000000000003,0.353,0.64,3,6,0.6669999999999999,0.33299999999999996,7,62,0.7899999999999999,0,22.67,2025,116,South Atlantic League,High-A,699213-2025-116
2025,691922,Javier Rivas,player,2,Javier Rivas,Javier,Rivas,Javier,J Rivas,477,GBO,Greensboro Grasshoppers,Grasshoppers,SAL,116,SS,Shortstop,SS,22,389,163,166,1,4,0.306,32,11,16,57,1285,3.303,0.049,0.23700000000000002,0.046,0.20700000000000002,0.195,8,1,36,754,252,267,24,10,103,21,2,38,33,94,70,53,13,1,18,92,19,1,94,0.266,354,0.32,0.46,0.7799999999999999,1,4,0.8,0.2,16,72,1.47,0,19.67,2025,116,South Atlantic League,High-A,691922-2025-116
2025,690991,Mac Horvath,player,4,Mac Horvath,Macauley,Horvath,Mac,M Horvath,2498,BG,Bowling Green Hot Rods,Hot Rods,SAL,116,RF,Outfielder,3B,23,453,151,178,0,9,0.261,30,2,3,47,1802,3.9779999999999998,0.132,0.21000000000000002,0.034999999999999996,0.632,0.162,10,0,76,739,183,296,40,15,76,22,0,33,34,105,131,77,14,0,16,95,60,0,89,0.233,382,0.33299999999999996,0.395,0.728,7,41,0.8540000000000001,0.14600000000000002,3,66,0.58,0,23.88,2025,116,South Atlantic League,High-A,690991-2025-116
2025,700731,Keiner Delgado,player,5,Keiner Delgado,Keiner,Delgado,Keiner,K Delgado,477,GBO,Greensboro Grasshoppers,Grasshoppers,SAL,116,2B,Second Base,2B,21,514,165,195,3,1,0.29800000000000004,33,13,5,71,2070,4.026999999999999,0.14200000000000002,0.21800000000000003,0.027,0.652,0.14600000000000002,4,0,59,927,297,316,27,21,106,20,0,50,33,120,107,74,18,1,14,112,73,2,103,0.24300000000000002,424,0.37,0.389,0.759,2,24,0.923,0.07700000000000001,5,59,0.99,0,30.29,2025,116,South Atlantic League,High-A,700731-2025-116
2025,806223,Aidan Smith,player,5,Aidan Smith,Aidan,Smith,Aidan,A Smith,2498,BG,Bowling Green Hot Rods,Hot Rods,SAL,116,CF,Outfielder,OF,20,459,154,174,0,4,0.328,30,5,4,62,1840,4.009,0.115,0.312,0.031,0.371,0.15100000000000002,5,0,51,844,275,258,28,17,67,22,1,31,40,102,96,77,14,2,14,143,53,0,94,0.23700000000000002,397,0.33099999999999996,0.388,0.719,6,41,0.8720000000000001,0.128,4,59,0.7,0,28.36,2025,116,South Atlantic League,High-A,806223-2025-116
2025,702662,Dylan Dreiling,player,7,Dylan Dreiling,Dylan,Dreiling,Dylan,D Dreiling,6324,HCS,Hub City Spartanburgers,Spartanburgers,SAL,116,CF,Outfielder,OF,22,483,160,193,0,4,0.267,37,1,5,61,1975,4.089,0.12000000000000001,0.20900000000000002,0.025,0.5740000000000001,0.15500000000000003,3,1,87,764,125,323,19,31,91,15,2,55,23,110,137,50,21,4,12,101,58,2,95,0.226,420,0.319,0.381,0.7,5,15,0.75,0.25,5,62,0.6599999999999999,0,35,2025,116,South Atlantic League,High-A,702662-2025-116
2025,801075,Walker Janek,player,7,Walker Janek,Walker,Janek,Walker,W Janek,573,ASH,Asheville Tourists,Tourists,SAL,116,C,Catcher,C,22,399,155,145,0,2,0.33899999999999997,35,9,2,53,1528,3.8299999999999996,0.07500000000000001,0.266,0.03,0.28300000000000003,0.17,7,0,45,736,239,254,26,22,67,22,1,44,27,92,93,58,21,2,12,106,30,0,94,0.263,358,0.33299999999999996,0.43300000000000005,0.766,2,30,0.9380000000000001,0.063,2,46,0.72,0,29.830000000000002,2025,116,South Atlantic League,High-A,801075-2025-116
2025,701062,Alec Briley,player,9,Alec Briley,Alec,Briley,Alec,A Briley,580,WS,Winston-Salem Dash,Dash,SAL,116,1B,First Base,3B,24,438,152,193,0,5,0.29100000000000004,36,4,5,65,1603,3.66,0.089,0.265,0.025,0.33599999999999997,0.162,4,0,72,982,329,279,28,12,78,19,0,42,28,110,112,45,20,5,11,116,39,0,89,0.228,390,0.301,0.39,0.691,0,10,1,0,5,61,0.7,0,35.46,2025,116,South Atlantic League,High-A,701062-2025-116
2025,826164,Drew Vogel,player,9,Drew Vogel,Andrew,Vogel,Drew,D Vogel,573,ASH,Asheville Tourists,Tourists,SAL,116,3B,Third Base,SS,23,417,112,174,1,5,0.27,24,10,3,47,1665,3.993,0.094,0.374,0.026000000000000002,0.25,0.13,5,0,50,687,265,212,22,15,60,21,0,33,11,109,87,43,12,1,11,156,39,0,65,0.18,362,0.274,0.309,0.583,6,24,0.8,0.2,3,38,0.69,0,32.91,2025,116,South Atlantic League,High-A,826164-2025-116
2025,691252,Jhon Diaz,player,11,Jhon Diaz,Jhon,Diaz,Jhon,J Diaz,2498,BG,Bowling Green Hot Rods,Hot Rods,SAL,116,RF,Outfielder,CF,22,369,109,199,0,3,0.22,23,3,5,67,1285,3.4819999999999998,0.084,0.24100000000000002,0.027,0.348,0.14200000000000002,4,0,46,618,180,246,20,13,105,13,0,28,21,98,79,40,9,4,10,89,31,0,62,0.187,332,0.26,0.328,0.588,3,13,0.8130000000000001,0.188,5,40,1.33,0,33.2,2025,116,South Atlantic League,High-A,691252-2025-116
2025,692371,Lizandro Espinoza,player,11,Lizandro Espinoza,Lizandro,Espinoza,Lizandro,L Espinoza,432,ROM,Rome Emperors,Emperors,SAL,116,SS,Shortstop,SS,22,377,120,144,1,4,0.257,28,3,4,46,1313,3.483,0.06899999999999999,0.28400000000000003,0.027,0.24300000000000002,0.14900000000000002,3,0,54,710,239,241,34,14,70,16,0,31,22,85,102,45,15,3,10,107,26,0,69,0.201,343,0.261,0.35,0.611,13,20,0.606,0.394,4,35,0.69,0,34.3,2025,116,South Atlantic League,High-A,692371-2025-116
2025,815697,Arturo Disla,player,13,Arturo Disla,Arturo,Disla,Arturo,A Disla,6324,HCS,Hub City Spartanburgers,Spartanburgers,SAL,116,1B,First Base,1B,24,411,131,180,0,2,0.274,30,4,12,51,1535,3.735,0.08,0.231,0.022,0.347,0.129,7,1,56,847,272,279,21,18,101,10,0,42,31,99,95,34,21,0,9,95,33,1,83,0.223,372,0.29200000000000004,0.352,0.644,1,7,0.8750000000000001,0.125,12,36,1.06,0,41.33,2025,116,South Atlantic League,High-A,815697-2025-116
2025,828335,Titus Dumitru,player,13,Titus Dumitru,Titus,Dumitru,Titus,T Dumitru,477,GBO,Greensboro Grasshoppers,Grasshoppers,SAL,116,LF,Outfielder,OF,22,463,146,175,0,2,0.309,28,7,13,54,1854,4.004,0.095,0.255,0.019,0.373,0.12000000000000001,4,2,54,819,233,294,14,22,107,18,1,39,39,107,90,47,16,3,9,118,44,1,97,0.23700000000000002,410,0.32,0.356,0.6759999999999999,7,18,0.72,0.28,13,55,1.1900000000000002,0,45.56,2025,116,South Atlantic League,High-A,828335-2025-116
2025,692150,Émilien Pitre,player,13,Émilien Pitre,Emilien,Pitre,Émilien,É Pitre,2498,BG,Bowling Green Hot Rods,Hot Rods,SAL,116,2B,Second Base,2B,22,524,176,163,0,9,0.326,35,5,11,68,2025,3.8649999999999998,0.116,0.20400000000000001,0.017,0.5700000000000001,0.125,7,0,72,927,222,350,16,27,115,25,1,47,47,118,115,61,23,3,9,107,61,1,120,0.268,448,0.356,0.393,0.749,6,14,0.7,0.3,11,63,1,1,49.78,2025,116,South Atlantic League,High-A,692150-2025-116
2025,694214,Samuel Zavala,player,13,Samuel Zavala,Samuel,Zavala,Samuel,S Zavala,580,WS,Winston-Salem Dash,Dash,SAL,116,CF,Outfielder,CF,20,486,152,162,2,5,0.316,28,5,6,57,1954,4.021,0.134,0.21400000000000002,0.019,0.625,0.117,5,0,81,812,193,312,20,10,97,21,1,44,38,119,111,65,17,2,9,104,65,0,104,0.254,409,0.36,0.372,0.732,8,18,0.692,0.308,6,51,0.8700000000000001,0,45.44,2025,116,South Atlantic League,High-A,694214-2025-116
2025,683569,Jose Colmenares,player,17,Jose Colmenares,Jose,Colmenares,Jose,J Colmenares,427,JS,Jersey Shore BlueClaws,BlueClaws,SAL,116,SS,Shortstop,2B,23,371,122,160,1,2,0.279,31,6,5,38,1416,3.8169999999999997,0.10200000000000001,0.24800000000000003,0.022,0.41300000000000003,0.15700000000000003,6,0,48,690,218,235,18,17,81,17,1,34,19,93,83,42,19,4,8,92,38,1,71,0.21900000000000003,324,0.311,0.377,0.688,8,17,0.6799999999999999,0.32,5,43,0.98,0,40.5,2025,116,South Atlantic League,High-A,683569-2025-116
2025,805168,Alejandro Nunez,player,17,Alejandro Nunez,Alejandro,Nunez,Alejandro,A Nunez,573,ASH,Asheville Tourists,Tourists,SAL,116,2B,Second Base,SS,20,402,144,161,4,6,0.33999999999999997,29,4,4,58,1425,3.545,0.065,0.23900000000000002,0.02,0.271,0.131,7,0,59,834,246,274,22,20,75,25,0,39,33,94,101,44,19,2,8,96,26,0,97,0.269,360,0.321,0.4,0.721,9,22,0.71,0.29000000000000004,4,38,0.74,2,45,2025,116,South Atlantic League,High-A,805168-2025-116
2025,815089,Coby Morales,player,19,Coby Morales,Jacob,Morales,Coby,C Morales,537,HV,Hudson Valley Renegades,Renegades,SAL,116,1B,First Base,OF,23,382,130,159,0,2,0.324,28,5,8,49,1552,4.063,0.097,0.24100000000000002,0.018000000000000002,0.402,0.133,2,0,57,736,210,248,7,17,82,19,0,50,16,90,81,45,18,3,7,92,37,0,85,0.251,338,0.33199999999999996,0.385,0.717,3,15,0.8330000000000001,0.167,8,47,1.01,0,48.290000000000006,2025,116,South Atlantic League,High-A,815089-2025-116
2025,694742,Josh Moylan,player,19,Josh Moylan,Joshua,Moylan,Josh,J Moylan,537,HV,Hudson Valley Renegades,Renegades,SAL,116,1B,First Base,1B,22,452,131,157,0,4,0.318,31,8,7,45,1844,4.08,0.14200000000000002,0.29600000000000004,0.015,0.47800000000000004,0.128,4,0,53,784,284,246,13,20,77,19,0,43,21,114,86,46,21,3,7,134,64,0,83,0.221,376,0.34299999999999997,0.348,0.691,2,9,0.8180000000000001,0.182,7,50,0.9,0,53.71,2025,116,South Atlantic League,High-A,694742-2025-116
2025,702501,Eli Serrano III,player,19,Eli Serrano III,Eli,Serrano,Eli,E Serrano III,453,BRK,Brooklyn Cyclones,Cyclones,SAL,116,CF,Outfielder,OF,22,383,116,133,0,4,0.266,29,5,5,40,1451,3.789,0.131,0.201,0.018000000000000002,0.649,0.136,2,0,55,644,155,251,17,26,81,10,0,40,22,88,98,51,21,1,7,77,50,0,72,0.222,324,0.33199999999999996,0.358,0.69,3,9,0.75,0.25,5,46,0.8300000000000001,0,46.290000000000006,2025,116,South Atlantic League,High-A,702501-2025-116
2025,807511,Nelly Taylor,player,19,Nelly Taylor,Nelson,Taylor,Nelly,N Taylor,428,GVL,Greenville Drive,Drive,SAL,116,CF,Outfielder,OF,22,473,134,176,0,4,0.306,34,4,5,57,2028,4.288,0.171,0.281,0.015,0.609,0.133,3,1,60,795,260,255,28,16,68,23,0,34,26,108,104,62,24,3,7,133,81,2,83,0.21600000000000003,384,0.355,0.349,0.704,12,29,0.707,0.29300000000000004,5,41,0.65,0,54.86,2025,116,South Atlantic League,High-A,807511-2025-116
2025,695604,T.J. White,player,19,T.J. White,Treylen,White,T.J.,T White,426,WIL,Wilmington Blue Rocks,Blue Rocks,SAL,116,LF,Outfielder,OF,21,427,127,175,0,4,0.308,24,4,7,57,1639,3.8379999999999996,0.094,0.267,0.016,0.351,0.10600000000000001,7,0,52,779,247,267,27,16,85,15,1,47,24,106,95,30,15,2,7,114,40,0,87,0.231,377,0.308,0.33699999999999997,0.645,1,6,0.8570000000000001,0.14300000000000002,7,41,0.89,2,53.86,2025,116,South Atlantic League,High-A,695604-2025-116
2025,808265,Franklin Arias,player,24,Franklin Arias,Franklin,Arias,Franklin,F Arias,428,GVL,Greenville Drive,Drive,SAL,116,SS,Shortstop,SS,19,392,135,129,0,2,0.278,28,3,9,55,1240,3.1630000000000003,0.082,0.089,0.015,0.914,0.115,10,1,63,599,66,322,23,25,117,16,0,43,35,87,111,43,21,1,6,35,32,2,94,0.265,355,0.329,0.38,0.709,7,7,0.5,0.5,9,49,1.05,0,59.17,2025,116,South Atlantic League,High-A,808265-2025-116
2025,695517,Casey Cook,player,24,Casey Cook,Casey,Cook,Casey,C Cook,6324,HCS,Hub City Spartanburgers,Spartanburgers,SAL,116,2B,Second Base,OF,22,493,125,190,3,4,0.256,24,9,3,65,2002,4.061,0.10500000000000001,0.21500000000000002,0.012,0.491,0.089,5,0,74,836,188,326,28,26,111,16,1,47,23,119,128,57,16,2,6,106,52,1,87,0.20500000000000002,425,0.302,0.29400000000000004,0.596,12,29,0.707,0.29300000000000004,3,50,0.8700000000000001,0,70.83,2025,116,South Atlantic League,High-A,695517-2025-116
2025,698945,Anderson De Los Santos,player,24,Anderson De Los Santos,Anderson,De Los Santos,Anderson,A De Los Santos,488,ABD,Aberdeen IronBirds,IronBirds,SAL,116,3B,Third Base,SS,21,381,113,141,3,1,0.29300000000000004,25,9,7,44,1526,4.005,0.14400000000000002,0.21800000000000003,0.016,0.6629999999999999,0.131,5,0,44,673,187,234,27,16,75,14,0,30,28,103,87,35,15,4,6,83,55,0,72,0.23,313,0.36,0.361,0.721,5,19,0.7919999999999999,0.20800000000000002,7,44,0.8600000000000001,0,52.17,2025,116,South Atlantic League,High-A,698945-2025-116
2025,703198,Kenni Gomez,player,24,Kenni Gomez,Kenni,Gomez,Kenni,K Gomez,573,ASH,Asheville Tourists,Tourists,SAL,116,CF,Outfielder,OF,20,365,119,167,0,3,0.307,26,1,3,49,1290,3.534,0.055,0.274,0.016,0.2,0.117,5,0,53,751,244,244,22,20,70,18,0,39,22,89,95,34,18,2,6,100,20,1,79,0.232,341,0.274,0.349,0.623,7,22,0.759,0.24100000000000002,3,48,0.74,0,56.83,2025,116,South Atlantic League,High-A,703198-2025-116
2025,698933,Ronald Hernandez,player,24,Ronald Hernandez,Ronald,Hernandez,Ronald,R Hernandez,453,BRK,Brooklyn Cyclones,Cyclones,SAL,116,C,Catcher,C,21,393,114,158,0,4,0.278,23,7,8,38,1528,3.888,0.10700000000000001,0.21900000000000003,0.015,0.48800000000000004,0.112,6,3,49,740,214,258,16,15,102,14,2,32,28,101,80,47,14,3,6,86,42,0,76,0.224,340,0.318,0.33499999999999996,0.653,5,23,0.8210000000000001,0.17900000000000002,8,52,1.28,0,56.67,2025,116,South Atlantic League,High-A,698933-2025-116
2025,671956,Noah Myers,player,24,Noah Myers,Noah,Myers,Noah,N Myers,2498,BG,Bowling Green Hot Rods,Hot Rods,SAL,116,LF,Outfielder,OF,25,363,104,127,1,2,0.348,19,4,3,30,1518,4.1819999999999995,0.187,0.267,0.017,0.701,0.115,5,0,34,574,171,194,11,12,66,12,1,32,26,85,57,56,11,2,6,97,68,1,71,0.24700000000000003,288,0.395,0.361,0.756,1,31,0.969,0.031,3,43,1.1600000000000001,0,48,2025,116,South Atlantic League,High-A,671956-2025-116
2025,804858,Bryan Rincon,player,24,Bryan Rincon,Bryan,Rincon,Bryan,B Rincon,427,JS,Jersey Shore BlueClaws,BlueClaws,SAL,116,SS,Shortstop,SS,21,359,89,127,4,2,0.25,21,4,3,32,1552,4.3229999999999995,0.139,0.28700000000000003,0.017,0.48500000000000004,0.117,5,0,51,597,154,202,15,21,61,12,0,24,18,84,87,58,13,2,6,103,50,0,54,0.181,299,0.304,0.29800000000000004,0.602,5,40,0.889,0.111,3,31,0.7,0,49.83,2025,116,South Atlantic League,High-A,804858-2025-116
2025,805801,Nazzan Zanetello,player,24,Nazzan Zanetello,Nazzan,Zanetello,Nazzan,N Zanetello,428,GVL,Greenville Drive,Drive,SAL,116,2B,Second Base,SS,20,356,81,190,0,2,0.28300000000000003,18,7,0,33,1478,4.151999999999999,0.14600000000000002,0.371,0.017,0.394,0.10200000000000001,4,1,34,585,221,165,24,10,46,14,1,13,23,82,68,52,12,0,6,132,52,0,51,0.17300000000000001,295,0.309,0.275,0.584,3,17,0.8500000000000001,0.15000000000000002,0,30,0.6799999999999999,0,49.17,2025,116,South Atlantic League,High-A,805801-2025-116
2025,814431,Jackson Castillo,player,32,Jackson Castillo,Jackson,Castillo,Jackson,J Castillo,537,HV,Hudson Valley Renegades,Renegades,SAL,116,LF,Outfielder,OF,22,406,118,160,0,3,0.29900000000000004,22,4,6,52,1510,3.719,0.118,0.2,0.012,0.593,0.094,2,0,64,675,157,273,13,15,96,17,2,45,21,91,92,49,16,1,5,81,48,0,85,0.24200000000000002,351,0.33699999999999997,0.33599999999999997,0.6729999999999999,1,21,0.9550000000000001,0.045,6,47,1.04,0,70.2,2025,116,South Atlantic League,High-A,814431-2025-116
2025,701689,Vance Honeycutt,player,32,Vance Honeycutt,Robert,Honeycutt,Vance,V Honeycutt,488,ABD,Aberdeen IronBirds,IronBirds,SAL,116,CF,Outfielder,OF,22,436,103,171,2,0,0.309,23,3,0,38,1804,4.138,0.128,0.40800000000000003,0.011,0.315,0.10400000000000001,5,0,50,692,266,198,29,17,38,11,0,27,26,101,96,48,12,6,5,178,56,0,64,0.171,374,0.28400000000000003,0.275,0.559,7,32,0.8210000000000001,0.17900000000000002,0,24,0.4,1,74.8,2025,116,South Atlantic League,High-A,701689-2025-116
2025,823277,Cole McConnell,player,32,Cole McConnell,Cole,McConnell,Cole,C McConnell,580,WS,Winston-Salem Dash,Dash,SAL,116,LF,Outfielder,OF,24,358,93,145,0,1,0.316,17,10,2,29,1443,4.031000000000001,0.117,0.29900000000000004,0.014,0.393,0.089,4,0,41,660,194,198,5,10,76,15,0,28,23,87,56,42,12,0,5,107,42,0,66,0.21700000000000003,304,0.33099999999999996,0.306,0.637,6,5,0.455,0.545,2,28,1.36,1,60.8,2025,116,South Atlantic League,High-A,823277-2025-116
2025,806983,Yophery Rodriguez,player,32,Yophery Rodriguez,Yophery,Rodriguez,Yophery,Y Rodriguez,428,GVL,Greenville Drive,Drive,SAL,116,LF,Outfielder,CF,19,433,125,176,0,1,0.259,28,2,2,55,1609,3.7159999999999997,0.12000000000000001,0.187,0.012,0.642,0.116,1,0,65,758,167,298,42,22,88,22,0,31,28,101,129,44,17,6,5,81,52,2,81,0.21400000000000002,378,0.312,0.33099999999999996,0.643,6,10,0.625,0.375,2,48,0.6799999999999999,0,75.6,2025,116,South Atlantic League,High-A,806983-2025-116
2025,694222,Ambioris Tavarez,player,32,Ambioris Tavarez,Ambioris,Tavarez,Ambioris,A Tavarez,432,ROM,Rome Emperors,Emperors,SAL,116,2B,Second Base,SS,21,398,94,182,0,3,0.33299999999999996,13,9,6,44,1630,4.095,0.118,0.349,0.013000000000000001,0.33799999999999997,0.068,3,0,32,716,299,203,11,9,80,12,0,31,28,98,52,39,8,0,5,139,47,1,71,0.20900000000000002,339,0.319,0.277,0.596,3,15,0.8330000000000001,0.167,6,28,1.54,0,67.8,2025,116,South Atlantic League,High-A,694222-2025-116
2025,696264,Tyler Whitaker,player,32,Tyler Whitaker,Tyler,Whitaker,Tyler,T Whitaker,573,ASH,Asheville Tourists,Tourists,SAL,116,RF,Outfielder,OF,22,402,111,148,0,6,0.309,29,9,6,36,1622,4.035,0.117,0.34099999999999997,0.012,0.34299999999999997,0.126,2,0,40,674,243,209,32,9,60,18,2,32,16,107,81,41,20,4,5,137,47,0,68,0.2,340,0.308,0.326,0.634,4,16,0.8,0.2,6,44,0.74,0,68,2025,116,South Atlantic League,High-A,696264-2025-116
2025,805951,Boston Baro,player,38,Boston Baro,Boston,Baro,Boston,B Baro,453,BRK,Brooklyn Cyclones,Cyclones,SAL,116,SS,Shortstop,SS,20,433,126,173,0,6,0.274,25,3,6,57,1564,3.6119999999999997,0.07200000000000001,0.203,0.009,0.352,0.097,6,1,83,779,193,311,15,30,95,18,1,48,21,103,128,43,16,5,4,88,31,1,88,0.224,393,0.28200000000000003,0.321,0.603,2,28,0.933,0.067,6,38,0.74,0,98.25,2025,116,South Atlantic League,High-A,805951-2025-116
2025,701616,Caleb Lomavita,player,38,Caleb Lomavita,Caleb,Lomavita,Caleb,C Lomavita,426,WIL,Wilmington Blue Rocks,Blue Rocks,SAL,116,C,Catcher,C,22,409,132,148,0,6,0.33999999999999997,22,19,12,62,1415,3.46,0.046,0.203,0.01,0.229,0.088,4,0,50,764,201,286,21,12,103,13,1,41,45,99,83,32,16,2,4,83,19,0,100,0.275,363,0.33899999999999997,0.364,0.703,0,7,1,0,12,44,1.24,2,90.75,2025,116,South Atlantic League,High-A,701616-2025-116
2025,803172,Griff O'Ferrall,player,38,Griff O'Ferrall,James,O'Ferrall,Griff,G O'Ferrall,488,ABD,Aberdeen IronBirds,IronBirds,SAL,116,SS,Shortstop,SS,22,474,123,139,3,3,0.263,20,4,2,47,1859,3.9219999999999997,0.112,0.15000000000000002,0.008,0.746,0.07300000000000001,6,1,79,762,110,346,29,41,104,11,1,51,30,111,149,57,14,2,4,71,53,0,93,0.226,411,0.318,0.29900000000000004,0.617,7,42,0.8570000000000001,0.14300000000000002,2,38,0.7,0,102.75,2025,116,South Atlantic League,High-A,803172-2025-116
2025,802117,Patrick Clohisy,player,41,Patrick Clohisy,Patrick,Clohisy,Patrick,P Clohisy,432,ROM,Rome Emperors,Emperors,SAL,116,CF,Outfielder,OF,23,405,116,136,0,3,0.304,21,5,2,44,1506,3.719,0.111,0.188,0.007,0.592,0.082,3,0,60,736,190,279,17,21,94,15,0,37,35,92,98,50,16,2,3,76,45,0,87,0.24700000000000003,352,0.33799999999999997,0.32999999999999996,0.6679999999999999,13,60,0.8220000000000001,0.17800000000000002,2,27,0.96,0,117.33,2025,116,South Atlantic League,High-A,802117-2025-116
2025,691913,Jesus Castillo,player,42,Jesus Castillo,Jesus,Castillo,Jesus,J Castillo,477,GBO,Greensboro Grasshoppers,Grasshoppers,SAL,116,1B,First Base,SS,21,397,100,163,1,3,0.315,12,9,8,46,1462,3.6830000000000003,0.091,0.224,0.005,0.404,0.046,5,1,49,699,194,263,13,7,110,12,0,32,40,106,69,47,10,0,2,89,36,0,84,0.24100000000000002,348,0.326,0.28700000000000003,0.613,12,13,0.52,0.48000000000000004,8,28,1.59,0,174,2025,116,South Atlantic League,High-A,691913-2025-116
2025,703152,Anthony Gutierrez,player,42,Anthony Gutierrez,Anthony,Gutierrez,Anthony,A Gutierrez,6324,HCS,Hub City Spartanburgers,Spartanburgers,SAL,116,DH,Designated Hitter,CF,20,381,108,166,3,2,0.329,17,8,10,62,1251,3.2830000000000004,0.081,0.20700000000000002,0.005,0.392,0.062,5,1,46,674,202,263,20,22,88,9,0,43,35,89,88,53,15,0,2,79,31,1,87,0.258,337,0.33299999999999996,0.32,0.653,9,48,0.8420000000000001,0.15800000000000003,10,28,1,0,168.5,2025,116,South Atlantic League,High-A,703152-2025-116
2025,803745,Adrian Santana,player,42,Adrian Santana,Adrian,Santana,Adrian,A Santana,2498,BG,Bowling Green Hot Rods,Hot Rods,SAL,116,SS,Shortstop,SS,19,409,119,143,1,7,0.29300000000000004,17,1,10,69,1445,3.533,0.08600000000000001,0.12000000000000001,0.005,0.714,0.063,2,1,65,749,95,324,17,30,116,7,0,44,45,89,112,64,13,2,2,49,35,0,96,0.263,365,0.324,0.326,0.65,8,47,0.8550000000000001,0.14500000000000002,10,43,1.04,0,182.5,2025,116,South Atlantic League,High-A,803745-2025-116
2025,804614,Marco Vargas,player,45,Marco Vargas,Marco,Vargas,Marco,M Vargas,453,BRK,Brooklyn Cyclones,Cyclones,SAL,116,2B,Second Base,SS,20,408,105,162,0,4,0.304,14,1,5,45,1617,3.963,0.118,0.201,0.002,0.585,0.056,5,2,61,696,141,277,20,21,90,8,1,47,29,95,102,45,9,4,1,82,48,0,85,0.23900000000000002,355,0.328,0.29600000000000004,0.624,7,38,0.8440000000000001,0.15600000000000003,5,42,0.88,0,355,2025,116,South Atlantic League,High-A,804614-2025-116
2025,702140,Ruben Ibarra,player,1,Ruben Ibarra,Ruben,Ibarra,Ruben,R Ibarra,498,CHA,Chattanooga Lookouts,Lookouts,SOU,111,1B,First Base,1B,26,400,158,141,0,3,0.265,38,14,3,39,1644,4.109999999999999,0.118,0.258,0.053000000000000005,0.456,0.23800000000000002,4,0,33,789,254,236,34,16,75,24,0,39,15,104,83,49,17,0,21,103,47,0,78,0.232,336,0.348,0.47000000000000003,0.8180000000000001,0,0,,,3,69,0.9,0,16,2025,111,Southern League,Double-A,702140-2025-111
2025,681230,BJ Murray,player,2,BJ Murray,Bertram,Murray,BJ,B Murray,553,KNX,Knoxville Smokies,Smokies,SOU,111,1B,First Base,3B,25,537,185,224,0,6,0.267,38,5,9,70,2181,4.061,0.15500000000000003,0.192,0.037,0.806,0.17600000000000002,2,3,85,1004,235,346,20,32,102,32,0,47,28,125,137,62,18,0,20,103,83,0,107,0.24200000000000002,443,0.363,0.41800000000000004,0.7809999999999999,8,20,0.714,0.28600000000000003,9,89,0.74,0,22.150000000000002,2025,111,Southern League,Double-A,681230-2025-111
2025,696521,Garrett Spain,player,3,Garrett Spain,Garrett,Spain,Garrett,G Spain,5015,BLX,Biloxi Shuckers,Shuckers,SOU,111,RF,Outfielder,RF,24,486,162,224,0,8,0.251,37,9,6,68,1798,3.7,0.08,0.27,0.033,0.29800000000000004,0.17,3,0,65,984,290,307,38,24,91,20,1,40,28,120,127,58,17,4,16,131,39,0,89,0.20700000000000002,430,0.28200000000000003,0.377,0.659,7,6,0.462,0.538,6,67,0.72,0,26.88,2025,111,Southern League,Double-A,696521-2025-111
2025,689688,Ethan Workinger,player,3,Ethan Workinger,Ethan,Workinger,Ethan,E Workinger,6325,COL,Columbus Clingstones,Clingstones,SOU,111,RF,Outfielder,CF,23,493,170,199,0,2,0.24600000000000002,37,5,15,75,1876,3.8049999999999997,0.08700000000000001,0.183,0.032,0.47800000000000004,0.161,5,1,77,891,213,353,26,32,118,17,0,54,28,120,135,56,19,2,16,90,43,0,99,0.224,441,0.29900000000000004,0.385,0.6839999999999999,5,12,0.706,0.29400000000000004,15,70,0.8700000000000001,2,27.56,2025,111,Southern League,Double-A,689688-2025-111
2025,694580,Kemp Alderman,player,5,Kemp Alderman,Riley,Alderman,Kemp,K Alderman,4124,PNS,Pensacola Blue Wahoos,Blue Wahoos,SOU,111,RF,Outfielder,OF,22,454,184,173,0,5,0.33699999999999997,33,3,9,74,1611,3.548,0.07500000000000001,0.225,0.033,0.33299999999999996,0.165,3,0,41,848,242,315,17,11,130,23,0,51,42,110,69,56,13,5,15,102,34,0,116,0.28200000000000003,412,0.33699999999999997,0.447,0.7839999999999999,9,20,0.69,0.31,9,53,1.8800000000000001,0,27.47,2025,111,Southern League,Double-A,694580-2025-111
2025,680846,Pablo Aliendo,player,6,Pablo Aliendo,Pablo,Aliendo,Pablo,P Aliendo,553,KNX,Knoxville Smokies,Smokies,SOU,111,C,Catcher,C,24,390,125,188,0,4,0.28400000000000003,27,9,11,42,1479,3.792,0.062,0.349,0.033,0.17600000000000002,0.15000000000000002,6,0,58,841,322,221,15,12,64,21,0,38,13,96,85,40,14,0,13,136,24,0,72,0.20400000000000001,353,0.269,0.354,0.623,3,0,0,1,11,49,0.75,0,27.150000000000002,2025,111,Southern League,Double-A,680846-2025-111
2025,695692,Cooper Kinney,player,6,Cooper Kinney,Cooper,Kinney,Cooper,C Kinney,421,MTG,Montgomery Biscuits,Biscuits,SOU,111,2B,Second Base,2B,22,501,177,210,0,4,0.302,37,3,9,70,1875,3.7430000000000003,0.07200000000000001,0.25,0.026000000000000002,0.28800000000000003,0.14400000000000002,6,0,63,1005,307,337,15,25,123,22,0,53,36,117,103,54,21,3,13,125,36,0,111,0.24200000000000002,458,0.29900000000000004,0.386,0.6849999999999999,1,0,0,1,9,62,1.1900000000000002,0,35.230000000000004,2025,111,Southern League,Double-A,695692-2025-111
2025,687310,Will Simpson,player,8,Will Simpson,Will,Simpson,Will,W Simpson,421,MTG,Montgomery Biscuits,Biscuits,SOU,111,1B,First Base,1B,23,479,150,207,1,5,0.26,33,3,5,64,1934,4.038,0.088,0.228,0.025,0.385,0.133,13,1,83,851,222,325,28,21,100,20,1,47,25,118,132,46,21,0,12,109,42,0,93,0.21700000000000003,428,0.28900000000000003,0.35,0.639,3,8,0.727,0.273,5,49,0.76,0,35.67,2025,111,Southern League,Double-A,687310-2025-111
2025,694203,Denzer Guzman,player,9,Denzer Guzman,Denzer,Guzman,Denzer,D Guzman,559,RCT,Rocket City Trash Pandas,Trash Pandas,SOU,111,SS,Shortstop,3B,21,386,139,152,0,3,0.29800000000000004,35,7,7,55,1520,3.9379999999999997,0.10600000000000001,0.23800000000000002,0.028,0.446,0.17300000000000001,1,1,52,714,205,246,35,19,59,21,0,37,23,93,106,39,23,1,11,92,41,0,81,0.24200000000000002,335,0.33399999999999996,0.41500000000000004,0.749,3,8,0.727,0.273,7,53,0.56,0,30.459999999999997,2025,111,Southern League,Double-A,694203-2025-111
2025,675394,Johnny Olmstead,player,9,Johnny Olmstead,John,Olmstead,Johnny,J Olmstead,4124,PNS,Pensacola Blue Wahoos,Blue Wahoos,SOU,111,SS,Shortstop,3B,24,373,129,149,1,2,0.24600000000000002,28,4,5,42,1406,3.769,0.07200000000000001,0.166,0.028999999999999998,0.43500000000000005,0.15300000000000002,11,2,53,732,186,280,38,26,86,15,0,34,28,93,117,59,15,2,11,62,27,0,77,0.227,339,0.29000000000000004,0.381,0.6709999999999999,5,16,0.762,0.23800000000000002,5,35,0.74,0,30.82,2025,111,Southern League,Double-A,675394-2025-111
2025,680518,Zavier Warren,player,9,Zavier Warren,Zavier,Warren,Zavier,Z Warren,5015,BLX,Biloxi Shuckers,Shuckers,SOU,111,1B,First Base,1B,26,478,153,225,0,9,0.279,31,3,8,67,1932,4.042,0.111,0.23600000000000002,0.023,0.46900000000000003,0.14300000000000002,4,0,85,846,217,308,31,22,76,16,1,50,27,117,138,48,14,6,11,113,53,0,94,0.228,412,0.314,0.371,0.6849999999999999,2,11,0.8460000000000001,0.15400000000000003,8,67,0.55,1,37.46,2025,111,Southern League,Double-A,680518-2025-111
2025,687554,DJ Gladney,player,12,DJ Gladney,Damon,Gladney,DJ,D Gladney,247,BIR,Birmingham Barons,Barons,SOU,111,CF,Outfielder,OF,23,405,138,207,1,5,0.32,27,3,12,55,1458,3.6,0.052000000000000005,0.311,0.025,0.167,0.133,5,0,40,823,290,255,13,15,99,13,0,41,34,100,68,44,14,3,10,126,21,0,88,0.23500000000000001,375,0.277,0.368,0.645,6,8,0.5710000000000001,0.42900000000000005,12,45,1.46,0,37.5,2025,111,Southern League,Double-A,687554-2025-111
2025,687210,Nathan Martorella,player,12,Nathan Martorella,Nathan,Martorella,Nathan,N Martorella,4124,PNS,Pensacola Blue Wahoos,Blue Wahoos,SOU,111,1B,First Base,1B,24,394,115,166,0,3,0.229,26,3,6,48,1496,3.797,0.12200000000000001,0.19,0.025,0.64,0.135,3,0,60,681,177,268,40,25,74,11,0,41,17,94,125,39,16,0,10,75,48,3,69,0.203,340,0.305,0.33799999999999997,0.643,3,6,0.6669999999999999,0.33299999999999996,6,48,0.59,0,34,2025,111,Southern League,Double-A,687210-2025-111
2025,678173,David McCabe,player,12,David McCabe,David,McCabe,David,D McCabe,6325,COL,Columbus Clingstones,Clingstones,SOU,111,3B,Third Base,3B,25,435,161,141,0,5,0.347,34,1,6,57,1739,3.9979999999999998,0.133,0.20500000000000002,0.023,0.652,0.14800000000000002,3,0,61,794,199,287,13,25,82,19,0,58,29,105,99,54,23,1,10,89,58,2,106,0.28600000000000003,371,0.379,0.43400000000000005,0.8130000000000001,1,2,0.6669999999999999,0.33299999999999996,6,52,0.8300000000000001,0,37.1,2025,111,Southern League,Double-A,678173-2025-111
2025,684852,Geraldo Quintero,player,12,Geraldo Quintero,Geraldo,Quintero,Geraldo,G Quintero,6325,COL,Columbus Clingstones,Clingstones,SOU,111,LF,Outfielder,SS,23,399,120,153,0,4,0.252,25,7,1,43,1540,3.86,0.13,0.21800000000000003,0.025,0.598,0.14600000000000002,6,1,55,778,209,252,22,19,85,12,1,41,17,102,96,43,11,4,10,87,52,0,71,0.21200000000000002,335,0.327,0.358,0.6849999999999999,11,29,0.725,0.275,1,41,0.89,1,33.5,2025,111,Southern League,Double-A,684852-2025-111
2025,691442,Wilfred Veras,player,16,Wilfred Veras,Wilfred,Veras,Wilfred,W Veras,247,BIR,Birmingham Barons,Barons,SOU,111,RF,Outfielder,OF,22,464,134,238,0,6,0.29500000000000004,24,5,10,57,1791,3.86,0.093,0.3,0.019,0.309,0.112,4,1,53,897,367,277,15,13,108,15,0,38,35,111,81,40,11,4,9,139,43,0,88,0.21500000000000002,410,0.29300000000000004,0.327,0.62,8,16,0.6669999999999999,0.33299999999999996,10,53,1.33,0,45.56,2025,111,Southern League,Double-A,691442-2025-111
2025,695481,Jay Allen II,player,17,Jay Allen II,Jay,Allen II,Jay,J Allen II,498,CHA,Chattanooga Lookouts,Lookouts,SOU,111,CF,Outfielder,OF,22,482,145,199,2,5,0.29100000000000004,30,9,5,70,1859,3.8569999999999998,0.089,0.24500000000000002,0.017,0.364,0.116,8,0,64,858,264,312,19,27,106,17,0,39,40,118,110,54,19,3,8,118,43,1,96,0.227,423,0.308,0.34299999999999997,0.651,10,21,0.6769999999999999,0.323,5,60,0.96,0,52.879999999999995,2025,111,Southern League,Double-A,695481-2025-111
2025,681941,Jaylen Palmer,player,17,Jaylen Palmer,Jaylen,Palmer,Jaylen,J Palmer,553,KNX,Knoxville Smokies,Smokies,SOU,111,RF,Outfielder,SS,24,437,125,175,0,2,0.378,18,6,4,49,1737,3.9749999999999996,0.12100000000000001,0.35,0.018000000000000002,0.346,0.093,1,0,45,729,292,225,14,8,68,14,0,39,37,117,67,57,9,1,8,153,53,0,90,0.23900000000000002,376,0.34099999999999997,0.33199999999999996,0.6729999999999999,9,25,0.735,0.265,4,35,1.01,0,47,2025,111,Southern League,Double-A,681941-2025-111
2025,806198,Cooper Pratt,player,17,Cooper Pratt,Cooper,Pratt,Cooper,C Pratt,5015,BLX,Biloxi Shuckers,Shuckers,SOU,111,SS,Shortstop,SS,20,527,152,195,2,10,0.267,31,8,13,77,2048,3.8859999999999997,0.127,0.15200000000000002,0.015,0.8380000000000001,0.11,12,2,89,886,197,369,27,29,120,18,0,52,34,120,145,71,22,1,8,80,67,1,104,0.23800000000000002,437,0.34299999999999997,0.348,0.691,5,31,0.8610000000000001,0.139,13,62,0.8300000000000001,3,54.620000000000005,2025,111,Southern League,Double-A,806198-2025-111
2025,699393,Pedro Ramírez,player,17,Pedro Ramírez,Pedro,Ramírez,Pedro,P Ramírez,553,KNX,Knoxville Smokies,Smokies,SOU,111,3B,Third Base,2B,21,563,193,220,0,8,0.318,33,9,12,113,2182,3.8759999999999994,0.082,0.15100000000000002,0.014,0.541,0.10600000000000001,5,1,67,965,147,423,22,37,157,16,0,71,53,129,126,70,21,4,8,85,46,1,140,0.28,500,0.346,0.386,0.732,10,28,0.737,0.263,12,73,1.25,0,62.5,2025,111,Southern League,Double-A,699393-2025-111
2025,694966,Brayden Taylor,player,17,Brayden Taylor,Brayden,Taylor,Brayden,B Taylor,421,MTG,Montgomery Biscuits,Biscuits,SOU,111,3B,Third Base,SS,23,437,106,174,1,4,0.229,24,1,3,52,1883,4.309,0.14,0.277,0.018000000000000002,0.504,0.114,4,0,90,757,213,254,28,16,56,18,0,28,18,108,134,47,14,2,8,121,61,0,64,0.17300000000000001,370,0.28900000000000003,0.28600000000000003,0.5750000000000001,3,17,0.8500000000000001,0.15000000000000002,3,43,0.42000000000000004,0,46.25,2025,111,Southern League,Double-A,694966-2025-111
2025,814436,Ryan Galanie,player,22,Ryan Galanie,Ryan,Galanie,Ryan,R Galanie,247,BIR,Birmingham Barons,Barons,SOU,111,1B,First Base,3B,25,409,141,169,0,10,0.29500000000000004,28,5,8,65,1513,3.699,0.07100000000000001,0.15400000000000003,0.017,0.46,0.12100000000000001,9,1,79,756,183,312,19,23,94,15,0,43,39,98,121,49,19,2,7,63,29,1,97,0.266,365,0.32,0.386,0.706,2,12,0.8570000000000001,0.14300000000000002,8,71,0.7799999999999999,0,52.14,2025,111,Southern League,Double-A,814436-2025-111
2025,807742,Colton Ledbetter,player,22,Colton Ledbetter,Colton,Ledbetter,Colton,C Ledbetter,421,MTG,Montgomery Biscuits,Biscuits,SOU,111,RF,Outfielder,CF,23,535,176,178,1,12,0.33899999999999997,35,6,3,77,2099,3.923,0.095,0.23900000000000002,0.013000000000000001,0.398,0.114,3,2,84,1026,283,350,22,30,91,27,0,57,39,123,136,67,24,4,7,128,51,1,123,0.265,465,0.33699999999999997,0.378,0.715,11,37,0.771,0.229,3,49,0.6699999999999999,0,66.43,2025,111,Southern League,Double-A,807742-2025-111
2025,694420,Tatem Levins,player,22,Tatem Levins,Tatem,Levins,Tatem,T Levins,421,MTG,Montgomery Biscuits,Biscuits,SOU,111,C,Catcher,C,26,396,118,134,1,2,0.33499999999999996,28,8,3,32,1701,4.295,0.194,0.253,0.018000000000000002,0.77,0.14,0,0,30,593,164,211,12,10,84,18,2,32,23,100,52,50,20,1,7,100,77,1,75,0.24400000000000002,308,0.405,0.383,0.7879999999999999,0,2,1,0,3,54,1.62,0,44,2025,111,Southern League,Double-A,694420-2025-111
2025,807751,Ethan O'Donnell,player,22,Ethan O'Donnell,Ethan,O'Donnell,Ethan,E O'Donnell,498,CHA,Chattanooga Lookouts,Lookouts,SOU,111,CF,Outfielder,CF,23,503,138,211,10,8,0.314,22,7,5,81,2044,4.063999999999999,0.10700000000000001,0.256,0.014,0.41900000000000004,0.09,4,0,57,1035,316,313,17,19,120,15,0,48,37,125,93,59,13,2,7,129,54,1,100,0.23600000000000002,424,0.327,0.325,0.652,3,20,0.8700000000000001,0.13,5,56,1.29,0,60.57,2025,111,Southern League,Double-A,807751-2025-111
2025,686541,Drew Compton,player,26,Drew Compton,Andrew,Compton,Drew,D Compton,6325,COL,Columbus Clingstones,Clingstones,SOU,111,1B,First Base,3B,24,448,136,176,0,3,0.34199999999999997,27,1,7,61,1764,3.9379999999999997,0.1,0.261,0.009,0.385,0.09,4,0,51,820,222,285,25,19,90,13,0,56,31,112,95,38,22,1,4,117,45,1,100,0.251,399,0.326,0.34099999999999997,0.6669999999999999,0,2,1,0,7,33,0.9500000000000001,0,99.75,2025,111,Southern League,Double-A,686541-2025-111
2025,804645,Caden Connor,player,26,Caden Connor,Caden,Connor,Caden,C Connor,247,BIR,Birmingham Barons,Barons,SOU,111,LF,Outfielder,OF,24,390,124,146,2,3,0.309,24,0,12,56,1520,3.897,0.11,0.15100000000000002,0.01,0.729,0.096,5,1,45,649,91,288,19,27,106,8,0,42,41,95,91,39,19,1,4,59,43,0,91,0.266,342,0.345,0.363,0.708,1,10,0.909,0.091,12,43,1.1600000000000001,0,85.5,2025,111,Southern League,Double-A,804645-2025-111
2025,695490,Edwin Arroyo,player,28,Edwin Arroyo,Edwin,Arroyo,Edwin,E Arroyo,498,CHA,Chattanooga Lookouts,Lookouts,SOU,111,SS,Shortstop,2B,21,521,172,153,2,8,0.33899999999999997,30,7,5,77,1758,3.3739999999999997,0.07700000000000001,0.169,0.006,0.455,0.08600000000000001,4,1,70,972,211,386,12,31,141,10,0,66,56,120,113,63,23,4,3,88,40,0,132,0.28400000000000003,464,0.345,0.371,0.716,7,12,0.632,0.368,5,44,1.25,0,154.67,2025,111,Southern League,Double-A,695490-2025-111
2025,691858,Jared Serna,player,28,Jared Serna,Jared,Serna,Jared,J Serna,4124,PNS,Pensacola Blue Wahoos,Blue Wahoos,SOU,111,SS,Shortstop,SS,23,437,107,174,1,3,0.262,13,5,15,64,1648,3.771,0.096,0.15800000000000003,0.007,0.609,0.054000000000000006,4,1,56,736,175,321,24,24,131,9,1,43,33,101,104,51,8,2,3,69,42,1,86,0.223,386,0.305,0.277,0.582,10,15,0.6,0.4,15,28,1.26,0,128.67,2025,111,Southern League,Double-A,691858-2025-111
2025,703520,Brett Bateman,player,30,Brett Bateman,Brett,Bateman,Brett,B Bateman,553,KNX,Knoxville Smokies,Smokies,SOU,111,CF,Outfielder,OF,23,396,101,125,2,3,0.33899999999999997,11,1,1,43,1644,4.151999999999999,0.15400000000000003,0.20700000000000002,0.005,0.744,0.046,1,0,37,576,116,252,13,19,97,4,0,49,33,94,69,42,9,0,2,82,61,0,86,0.261,329,0.376,0.307,0.6829999999999999,6,19,0.76,0.24000000000000002,1,33,1.41,0,164.5,2025,111,Southern League,Double-A,703520-2025-111
2025,687144,Corey Joyce,player,30,Corey Joyce,Corey,Joyce,Corey,C Joyce,553,KNX,Knoxville Smokies,Smokies,SOU,111,2B,Second Base,SS,26,389,112,168,0,0,0.358,19,8,11,49,1534,3.943,0.14400000000000002,0.20800000000000002,0.005,0.691,0.07400000000000001,6,0,41,628,151,242,13,18,82,13,0,47,28,92,72,48,16,1,2,81,56,0,88,0.272,323,0.393,0.347,0.74,2,15,0.882,0.118,11,33,1.1400000000000001,2,161.5,2025,111,Southern League,Double-A,687144-2025-111
2025,800325,Luis Lara,player,30,Luis Lara,Luis,Lara,Luis,L Lara,5015,BLX,Biloxi Shuckers,Shuckers,SOU,111,CF,Outfielder,RF,20,612,176,190,0,5,0.312,37,8,7,64,2336,3.8169999999999997,0.14100000000000001,0.162,0.003,0.8690000000000001,0.08600000000000001,7,0,76,994,171,419,24,33,154,12,0,58,62,136,133,79,32,3,2,99,86,0,132,0.257,513,0.369,0.34299999999999997,0.712,7,44,0.8630000000000001,0.137,7,40,1.1600000000000001,0,256.5,2025,111,Southern League,Double-A,800325-2025-111
2025,695462,Cal Conley,player,33,Cal Conley,Calvin,Conley,Cal,C Conley,6325,COL,Columbus Clingstones,Clingstones,SOU,111,SS,Shortstop,SS,25,507,109,185,5,2,0.24700000000000003,14,3,18,65,1889,3.726,0.067,0.203,0.002,0.32999999999999996,0.041,7,0,56,1005,247,367,23,30,168,10,0,43,37,125,109,46,10,3,1,103,34,0,90,0.194,463,0.253,0.23500000000000001,0.48800000000000004,5,21,0.808,0.192,18,29,1.54,0,463,2025,111,Southern League,Double-A,695462-2025-111
2025,703185,Nelson Rada,player,33,Nelson Rada,Nelson,Rada,Nelson,N Rada,559,RCT,Rocket City Trash Pandas,Trash Pandas,SOU,111,CF,Outfielder,CF,19,388,109,102,4,1,0.366,15,10,2,39,1578,4.066999999999999,0.116,0.21100000000000002,0.003,0.549,0.055,0,0,30,685,190,251,6,22,102,9,1,44,37,93,58,48,13,1,1,82,45,0,91,0.277,328,0.38,0.33199999999999996,0.712,12,34,0.739,0.261,2,22,1.76,0,328,2025,111,Southern League,Double-A,703185-2025-111
2025,703151,William Bergolla Jr.,player,35,William Bergolla Jr.,William,Bergolla,William,W Bergolla Jr.,247,BIR,Birmingham Barons,Barons,SOU,111,SS,Shortstop,2B,20,551,162,218,21,2,0.301,21,5,11,111,1792,3.252,0.067,0.047,0,1.4229999999999998,0.047,7,0,89,903,60,483,19,44,192,11,1,67,60,125,152,70,19,2,0,26,37,0,139,0.28600000000000003,486,0.34199999999999997,0.33299999999999996,0.6749999999999999,11,40,0.7839999999999999,0.21600000000000003,11,36,1.26,0,,2025,111,Southern League,Double-A,703151-2025-111
2025,683344,Homer Bush Jr.,player,35,Homer Bush Jr.,Homer,Bush,Homer,H Bush Jr.,421,MTG,Montgomery Biscuits,Biscuits,SOU,111,CF,Outfielder,CF,23,546,170,164,8,5,0.375,20,11,1,59,2015,3.69,0.088,0.17900000000000002,0,0.49,0.059000000000000004,8,2,52,1095,280,387,24,35,134,12,1,49,80,121,111,69,12,8,0,98,48,0,142,0.301,472,0.375,0.36,0.735,12,57,0.8260000000000001,0.17400000000000002,1,45,1.21,2,,2025,111,Southern League,Double-A,683344-2025-111
2025,807747,Rikuu Nishida,player,35,Rikuu Nishida,Rikuu,Nishida,Rikuu,R Nishida,247,BIR,Birmingham Barons,Barons,SOU,111,RF,Outfielder,RF,24,502,124,141,8,2,0.327,11,14,5,68,2060,4.103999999999999,0.14900000000000002,0.137,0,1.087,0.034999999999999996,6,2,38,812,126,344,10,28,158,4,1,36,69,115,76,72,8,3,0,69,75,0,110,0.273,403,0.403,0.308,0.711,12,40,0.769,0.231,5,31,2.08,0,,2025,111,Southern League,Double-A,807747-2025-111
2025,693850,Kala'i Rosario,player,1,Kala'i Rosario,Kala'i,Rosario,Kala'i,K Rosario,3898,WCH,Wichita Wind Surge,Wind Surge,TEX,109,RF,Outfielder,OF,22,579,242,252,0,2,0.324,60,7,7,89,2387,4.122999999999999,0.126,0.275,0.043000000000000003,0.459,0.231,4,1,60,952,275,340,42,13,98,34,0,64,29,130,115,92,30,5,25,159,73,0,127,0.256,497,0.358,0.48700000000000004,0.8450000000000001,7,32,0.8210000000000001,0.17900000000000002,7,83,0.8500000000000001,0,19.88,2025,109,Texas League,Double-A,693850-2025-109
2025,693459,Kyler Fedko,player,2,Kyler Fedko,Kyler,Fedko,Kyler,K Fedko,3898,WCH,Wichita Wind Surge,Wind Surge,TEX,109,CF,Outfielder,LF,25,379,154,157,0,4,0.272,35,5,7,50,1539,4.061,0.15300000000000002,0.20800000000000002,0.053000000000000005,0.734,0.24000000000000002,3,1,60,614,160,237,23,16,59,19,0,42,18,88,99,62,15,0,20,79,58,0,79,0.253,312,0.375,0.494,0.8690000000000001,6,26,0.8130000000000001,0.188,7,58,0.6,0,15.6,2025,109,Texas League,Double-A,693459-2025-109
2025,683006,Chris Newell,player,2,Chris Newell,Christopher,Newell,Chris,C Newell,260,TUL,Tulsa Drillers,Drillers,TEX,109,CF,Outfielder,OF,24,549,199,221,0,6,0.325,45,3,3,63,2097,3.82,0.137,0.306,0.036,0.446,0.187,4,0,77,990,358,303,24,9,81,24,0,55,33,127,110,66,23,2,20,168,75,4,112,0.24100000000000002,465,0.346,0.42800000000000005,0.774,0,24,1,0,3,80,0.74,0,23.25,2025,109,Texas League,Double-A,683006-2025-109
2025,692416,Christian Cerda,player,4,Christian Cerda,Christian,Cerda,Christian,C Cerda,5368,AMA,Amarillo Sod Poodles,Sod Poodles,TEX,109,C,Catcher,C,22,383,144,165,4,5,0.24100000000000002,32,2,8,55,1482,3.8689999999999998,0.133,0.17500000000000002,0.047,0.761,0.21200000000000002,5,1,48,672,162,263,37,24,78,22,1,36,17,93,109,44,14,0,18,67,51,0,76,0.23700000000000002,321,0.33999999999999997,0.449,0.7889999999999999,0,1,1,0,8,49,0.72,0,17.830000000000002,2025,109,Texas League,Double-A,692416-2025-109
2025,688457,Gavin Cross,player,5,Gavin Cross,Gavin,Cross,Gavin,G Cross,1350,NWA,Northwest Arkansas Naturals,Naturals,TEX,109,RF,Outfielder,OF,24,507,192,233,1,6,0.29700000000000004,43,2,7,71,1888,3.724,0.065,0.264,0.034,0.24600000000000002,0.17200000000000001,4,0,75,933,276,338,23,30,98,32,0,40,40,114,128,75,23,3,17,134,33,0,112,0.24100000000000002,465,0.29100000000000004,0.41300000000000003,0.704,5,23,0.8210000000000001,0.17900000000000002,7,64,0.77,0,27.35,2025,109,Texas League,Double-A,688457-2025-109
2025,699912,Jose Fernandez,player,5,Jose Fernandez,Jose,Fernandez,Jose,J Fernandez,5368,AMA,Amarillo Sod Poodles,Sod Poodles,TEX,109,SS,Shortstop,DH,21,511,214,229,2,2,0.315,48,3,5,79,1841,3.603,0.063,0.20400000000000001,0.033,0.308,0.183,5,0,68,963,254,371,19,39,117,22,1,53,52,122,126,68,27,4,17,104,32,0,128,0.272,471,0.321,0.454,0.775,4,12,0.75,0.25,5,80,0.93,1,27.71,2025,109,Texas League,Double-A,699912-2025-109
2025,694673,Abimelec Ortiz,player,7,Abimelec Ortiz,Abimelec,Ortiz,Abimelec,A Ortiz,540,FRI,Frisco RoughRiders,RoughRiders,TEX,109,1B,First Base,1B,23,391,151,163,0,1,0.28600000000000003,35,6,5,44,1511,3.864,0.113,0.223,0.041,0.506,0.197,0,1,59,740,203,254,29,11,71,25,1,38,20,89,99,53,19,0,16,87,44,0,84,0.24700000000000003,340,0.34299999999999997,0.444,0.7869999999999999,1,3,0.75,0.25,5,56,0.72,0,21.25,2025,109,Texas League,Double-A,694673-2025-109
2025,695508,Cam Cauley,player,8,Cam Cauley,Cameron,Cauley,Cam,C Cauley,540,FRI,Frisco RoughRiders,RoughRiders,TEX,109,SS,Shortstop,CF,22,490,195,186,1,5,0.313,48,2,5,55,1823,3.72,0.096,0.24700000000000003,0.031,0.388,0.195,4,1,71,898,274,320,30,19,90,29,1,50,30,113,120,74,26,7,15,121,47,0,110,0.253,435,0.325,0.448,0.773,7,28,0.8,0.2,5,51,0.75,0,29,2025,109,Texas League,Double-A,695508-2025-109
2025,687730,Caleb Cali,player,9,Caleb Cali,Caleb,Cali,Caleb,C Cali,574,ARK,Arkansas Travelers,Travelers,TEX,109,3B,Third Base,3B,24,447,149,191,0,6,0.29400000000000004,32,3,2,48,1867,4.177,0.098,0.315,0.031,0.312,0.16,6,2,58,870,272,259,38,12,65,27,0,35,24,112,108,46,15,3,14,141,44,0,86,0.21800000000000003,394,0.29800000000000004,0.378,0.6759999999999999,10,9,0.47400000000000003,0.526,2,61,0.6,0,28.14,2025,109,Texas League,Double-A,687730-2025-109
2025,680636,Ramon Mendoza,player,9,Ramon Mendoza,Ramon,Mendoza,Ramon,R Mendoza,440,SPR,Springfield Cardinals,Cardinals,TEX,109,3B,Third Base,3B,24,404,151,138,1,4,0.32,29,5,5,43,1653,4.092,0.14900000000000002,0.198,0.034999999999999996,0.75,0.17700000000000002,7,0,54,682,184,259,23,15,75,21,0,46,25,105,92,59,13,2,14,80,60,0,92,0.275,334,0.39,0.452,0.8420000000000001,4,3,0.42900000000000005,0.5710000000000001,5,62,0.8200000000000001,0,23.86,2025,109,Texas League,Double-A,680636-2025-109
2025,672635,Luis Mieses,player,9,Luis Mieses,Luis,Mieses,Luis,L Mieses,540,FRI,Frisco RoughRiders,RoughRiders,TEX,109,RF,Outfielder,OF,25,428,153,189,0,2,0.263,31,1,8,69,1633,3.8149999999999995,0.07200000000000001,0.199,0.033,0.365,0.15500000000000003,1,0,73,884,232,311,28,27,91,18,0,48,26,109,128,45,15,2,14,85,31,1,92,0.234,394,0.29000000000000004,0.388,0.6779999999999999,2,1,0.33299999999999996,0.6669999999999999,8,54,0.71,0,28.14,2025,109,Texas League,Double-A,672635-2025-109
2025,694211,Manuel Pena,player,9,Manuel Pena,Manuel,Pena,Manuel,M Pena,5368,AMA,Amarillo Sod Poodles,Sod Poodles,TEX,109,1B,First Base,SS,21,470,201,165,0,6,0.346,44,3,7,65,1699,3.6149999999999998,0.051000000000000004,0.223,0.03,0.229,0.17200000000000001,10,1,59,896,241,338,19,23,111,19,2,61,44,106,101,68,27,3,14,105,24,0,126,0.28800000000000003,437,0.326,0.46,0.7859999999999999,2,2,0.5,0.5,7,52,1.1,0,31.21,2025,109,Texas League,Double-A,694211-2025-109
2025,678577,Junior Perez,player,9,Junior Perez,Junior,Perez,Junior,J Perez,237,MID,Midland RockHounds,RockHounds,TEX,109,CF,Outfielder,CF,23,405,135,168,3,3,0.255,34,3,3,42,1702,4.202,0.14100000000000001,0.28600000000000003,0.034999999999999996,0.491,0.198,9,0,55,735,254,229,19,16,71,20,1,30,17,95,90,50,15,5,14,116,57,0,68,0.201,339,0.318,0.398,0.716,3,16,0.8420000000000001,0.15800000000000003,3,53,0.7899999999999999,0,24.21,2025,109,Texas League,Double-A,678577-2025-109
2025,805346,Ben Ross,player,9,Ben Ross,Benjamin,Ross,Ben,B Ross,3898,WCH,Wichita Wind Surge,Wind Surge,TEX,109,SS,Shortstop,SS,24,490,154,217,0,8,0.257,32,3,6,68,1875,3.827,0.112,0.227,0.028999999999999998,0.495,0.14400000000000002,4,1,86,841,238,321,30,27,85,22,0,43,28,120,143,60,17,1,14,111,55,0,93,0.21900000000000003,424,0.308,0.363,0.6709999999999999,5,18,0.7829999999999999,0.21700000000000003,6,60,0.59,0,30.29,2025,109,Texas League,Double-A,805346-2025-109
2025,701648,Aaron Zavala,player,9,Aaron Zavala,Aaron,Zavala,Aaron,A Zavala,540,FRI,Frisco RoughRiders,RoughRiders,TEX,109,LF,Outfielder,OF,25,471,166,161,0,4,0.33699999999999997,36,6,1,37,1870,3.9699999999999998,0.14,0.29500000000000004,0.03,0.47500000000000003,0.17500000000000002,4,1,56,787,242,260,11,19,77,29,1,47,20,108,86,71,17,5,14,139,66,1,97,0.24600000000000002,395,0.359,0.42000000000000004,0.779,4,8,0.6669999999999999,0.33299999999999996,1,55,0.9,0,28.21,2025,109,Texas League,Double-A,701648-2025-109
2025,699024,Leo Bernal,player,16,Leo Bernal,Leonardo,Bernal,Leo,L Bernal,440,SPR,Springfield Cardinals,Cardinals,TEX,109,C,Catcher,C,21,455,156,191,2,4,0.274,32,3,9,90,1688,3.71,0.10800000000000001,0.169,0.028999999999999998,0.636,0.14600000000000002,8,1,60,820,184,325,31,32,104,19,2,50,27,107,123,58,19,0,13,77,49,0,98,0.24700000000000003,396,0.33199999999999996,0.394,0.726,3,13,0.8130000000000001,0.188,9,70,0.8500000000000001,1,30.459999999999997,2025,109,Texas League,Double-A,699024-2025-109
2025,691627,Ricardo Olivar,player,16,Ricardo Olivar,Ricardo,Olivar,Ricardo,R Olivar,3898,WCH,Wichita Wind Surge,Wind Surge,TEX,109,C,Catcher,C,23,407,145,172,0,3,0.29900000000000004,26,3,10,50,1657,4.071000000000001,0.12000000000000001,0.182,0.032,0.6619999999999999,0.14800000000000002,4,0,53,759,180,281,28,23,84,24,0,35,34,93,104,56,13,0,13,74,49,0,93,0.264,352,0.356,0.41200000000000003,0.768,3,13,0.8130000000000001,0.188,10,59,0.81,0,27.08,2025,109,Texas League,Double-A,691627-2025-109
2025,806964,Sebastian Walcott,player,16,Sebastian Walcott,Sebastian,Walcott,Sebastian,S Walcott,540,FRI,Frisco RoughRiders,RoughRiders,TEX,109,SS,Shortstop,SS,19,552,183,209,0,3,0.303,34,5,11,84,2108,3.8189999999999995,0.127,0.196,0.024,0.648,0.131,6,1,52,929,257,369,39,30,127,21,1,53,46,124,121,71,19,2,13,108,70,0,121,0.255,474,0.355,0.386,0.741,10,32,0.762,0.23800000000000002,11,59,1.05,0,36.46,2025,109,Texas League,Double-A,806964-2025-109
2025,676203,Marcos Castañon,player,19,Marcos Castañon,Marcos,Castañon,Marcos,M Castañon,510,SA,San Antonio Missions,Missions,TEX,109,2B,Second Base,SS,26,431,166,178,0,3,0.324,36,5,22,75,1556,3.61,0.07700000000000001,0.21800000000000003,0.028,0.351,0.15600000000000003,6,1,52,818,224,299,23,20,99,20,1,58,26,106,95,47,23,1,12,94,33,0,105,0.269,390,0.33199999999999996,0.42600000000000005,0.758,4,4,0.5,0.5,22,57,1.04,0,32.5,2025,109,Texas League,Double-A,676203-2025-109
2025,695521,Gavin Conticello,player,19,Gavin Conticello,Gavin,Conticello,Gavin,G Conticello,5368,AMA,Amarillo Sod Poodles,Sod Poodles,TEX,109,RF,Outfielder,3B,22,517,193,233,0,4,0.33699999999999997,43,10,8,81,1940,3.752,0.114,0.21300000000000002,0.023,0.536,0.16,2,0,77,1040,289,338,6,19,114,22,1,71,28,121,102,67,27,4,12,110,59,1,122,0.275,444,0.369,0.43500000000000005,0.804,5,4,0.444,0.556,8,67,1.12,0,37,2025,109,Texas League,Double-A,695521-2025-109
2025,694410,LuJames Groover,player,19,LuJames Groover,LuJames,Groover,LuJames,L Groover,5368,AMA,Amarillo Sod Poodles,Sod Poodles,TEX,109,3B,Third Base,1B,23,547,204,227,0,4,0.347,35,10,10,86,2097,3.8339999999999996,0.115,0.14400000000000002,0.022,0.7969999999999999,0.126,6,0,79,873,167,395,17,35,119,17,0,77,51,123,131,73,23,0,12,79,63,1,145,0.309,470,0.399,0.43400000000000005,0.8330000000000001,2,3,0.6,0.4,10,56,0.91,0,39.17,2025,109,Texas League,Double-A,694410-2025-109
2025,681377,Josh Hood,player,19,Josh Hood,Joshua,Hood,Josh,J Hood,574,ARK,Arkansas Travelers,Travelers,TEX,109,SS,Shortstop,SS,24,419,131,210,0,3,0.27,28,1,6,49,1597,3.8109999999999995,0.07400000000000001,0.303,0.028999999999999998,0.24400000000000002,0.135,2,0,55,793,236,260,41,10,75,18,0,40,21,108,106,47,16,0,12,127,31,1,79,0.20600000000000002,384,0.265,0.34099999999999997,0.606,5,18,0.7829999999999999,0.21700000000000003,6,49,0.71,0,32,2025,109,Texas League,Double-A,681377-2025-109
2025,686810,Brennan Milone,player,19,Brennan Milone,Brennan,Milone,Brennan,B Milone,237,MID,Midland RockHounds,RockHounds,TEX,109,1B,First Base,3B,24,395,137,160,0,2,0.29700000000000004,30,4,9,49,1589,4.023,0.129,0.225,0.03,0.5730000000000001,0.16,1,1,67,654,151,251,16,15,70,20,0,48,15,88,98,57,18,0,12,89,51,0,83,0.24600000000000002,338,0.349,0.405,0.754,2,5,0.714,0.28600000000000003,9,49,0.71,0,28.17,2025,109,Texas League,Double-A,686810-2025-109
2025,703804,Romeo Sanabria,player,19,Romeo Sanabria,Romeo,Sanabria,Romeo,R Sanabria,510,SA,San Antonio Missions,Missions,TEX,109,1B,First Base,1B,23,499,170,193,1,8,0.305,30,0,6,66,1896,3.8,0.07600000000000001,0.21400000000000002,0.024,0.355,0.119,5,1,71,934,219,354,18,30,119,18,0,70,28,119,119,54,18,0,12,107,38,3,116,0.257,452,0.309,0.376,0.6849999999999999,1,4,0.8,0.2,6,56,1,0,37.67,2025,109,Texas League,Double-A,703804-2025-109
2025,814791,Jared Sundstrom,player,19,Jared Sundstrom,Jared,Sundstrom,Jared,J Sundstrom,574,ARK,Arkansas Travelers,Travelers,TEX,109,RF,Outfielder,OF,24,489,164,231,0,2,0.29700000000000004,39,9,5,62,1801,3.6830000000000003,0.082,0.29700000000000004,0.025,0.276,0.15500000000000003,7,1,62,977,365,295,27,20,90,14,0,51,31,115,109,62,22,5,12,145,40,0,96,0.21900000000000003,438,0.29700000000000004,0.374,0.6709999999999999,4,35,0.897,0.10300000000000001,5,53,0.8300000000000001,0,36.5,2025,109,Texas League,Double-A,814791-2025-109
2025,694371,Tommy Troy,player,19,Tommy Troy,Thomas,Troy,Tommy,T Troy,5368,AMA,Amarillo Sod Poodles,Sod Poodles,TEX,109,2B,Second Base,LF,23,399,158,145,1,1,0.328,34,5,3,54,1475,3.697,0.12300000000000001,0.17500000000000002,0.03,0.7,0.17500000000000002,6,1,59,648,163,275,14,17,87,16,0,51,31,87,90,56,20,2,12,70,49,0,98,0.28600000000000003,343,0.382,0.461,0.8430000000000001,4,21,0.8400000000000001,0.16,3,47,0.97,0,28.58,2025,109,Texas League,Double-A,694371-2025-109
2025,678218,Brandon Valenzuela,player,19,Brandon Valenzuela,Brandon,Valenzuela,Brandon,B Valenzuela,510,SA,San Antonio Missions,Missions,TEX,109,C,Catcher,C,24,374,127,140,0,4,0.266,27,2,10,50,1483,3.965,0.10700000000000001,0.222,0.032,0.48200000000000004,0.15900000000000003,3,4,53,686,197,249,18,26,77,14,1,41,19,87,97,42,14,1,12,83,40,0,75,0.229,328,0.313,0.387,0.7,2,6,0.75,0.25,10,46,0.7899999999999999,0,27.330000000000002,2025,109,Texas League,Double-A,678218-2025-109
2025,680996,Luke Mann,player,28,Luke Mann,Luke,Mann,Luke,L Mann,237,MID,Midland RockHounds,RockHounds,TEX,109,3B,Third Base,3B,25,462,133,219,0,10,0.263,32,9,3,47,1841,3.985,0.113,0.301,0.024,0.374,0.14300000000000002,4,1,61,887,311,262,25,21,78,19,0,32,26,111,107,54,19,2,11,139,52,1,77,0.197,391,0.29900000000000004,0.33999999999999997,0.639,1,8,0.889,0.111,3,66,0.73,0,35.54,2025,109,Texas League,Double-A,680996-2025-109
2025,690971,Chase Davis,player,29,Chase Davis,Chase,Davis,Chase,C Davis,440,SPR,Springfield Cardinals,Cardinals,TEX,109,CF,Outfielder,OF,23,494,146,178,0,3,0.345,26,10,6,56,1991,4.03,0.136,0.29600000000000004,0.02,0.459,0.111,3,0,40,814,267,271,20,12,99,20,1,44,35,113,72,61,16,0,10,146,67,0,100,0.24200000000000002,414,0.358,0.353,0.711,2,9,0.8180000000000001,0.182,6,48,1.3800000000000001,0,41.4,2025,109,Texas League,Double-A,690971-2025-109
2025,703766,Dakota Harris,player,29,Dakota Harris,Dakota,Harris,Dakota,D Harris,440,SPR,Springfield Cardinals,Cardinals,TEX,109,3B,Third Base,SS,23,477,162,228,3,4,0.303,27,9,11,75,1651,3.461,0.055,0.17200000000000001,0.021,0.317,0.10800000000000001,5,0,62,941,228,360,18,24,141,11,0,55,49,117,104,67,17,0,10,82,26,1,115,0.264,435,0.316,0.372,0.688,6,23,0.7929999999999999,0.20700000000000002,11,49,1.36,0,43.5,2025,109,Texas League,Double-A,703766-2025-109
2025,692405,Jeremy Rivas,player,29,Jeremy Rivas,Jeremy,Rivas,Jeremy,J Rivas,440,SPR,Springfield Cardinals,Cardinals,TEX,109,SS,Shortstop,SS,22,487,136,208,0,1,0.272,28,10,10,58,1839,3.776,0.09899999999999999,0.277,0.021,0.356,0.115,10,0,60,928,330,293,31,17,98,19,0,48,20,116,108,57,17,1,10,135,48,1,87,0.20400000000000001,427,0.29800000000000004,0.319,0.617,8,21,0.724,0.276,10,50,0.91,1,42.7,2025,109,Texas League,Double-A,692405-2025-109
2025,681134,Caleb Roberts,player,29,Caleb Roberts,Caleb,Roberts,Caleb,C Roberts,5368,AMA,Amarillo Sod Poodles,Sod Poodles,TEX,109,LF,Outfielder,OF,25,437,147,192,0,5,0.29500000000000004,34,8,5,58,1711,3.9149999999999996,0.10300000000000001,0.23600000000000002,0.023,0.43700000000000006,0.15000000000000002,4,0,58,815,204,281,23,23,87,18,1,46,25,104,104,58,21,3,10,103,45,1,90,0.23700000000000002,379,0.327,0.388,0.715,3,8,0.727,0.273,5,57,0.8400000000000001,0,37.9,2025,109,Texas League,Double-A,681134-2025-109
2025,689531,Brett Squires,player,29,Brett Squires,Brett,Squires,Brett,B Squires,1350,NWA,Northwest Arkansas Naturals,Naturals,TEX,109,1B,First Base,3B,25,496,182,235,0,1,0.33299999999999996,44,4,2,63,1906,3.843,0.097,0.27,0.02,0.358,0.163,3,0,67,1019,348,310,18,20,95,29,0,55,26,116,105,51,26,8,10,134,48,0,110,0.24800000000000003,443,0.327,0.41100000000000003,0.738,4,18,0.8180000000000001,0.182,2,56,0.9,0,44.3,2025,109,Texas League,Double-A,689531-2025-109
2025,686438,Rubel Cespedes,player,34,Rubel Cespedes,Rubel,Cespedes,Rubel,R Cespedes,3898,WCH,Wichita Wind Surge,Wind Surge,TEX,109,3B,Third Base,3B,24,398,142,205,0,1,0.277,33,2,9,52,1500,3.769,0.088,0.168,0.023,0.522,0.15000000000000002,3,0,51,745,150,294,27,24,104,18,1,44,25,93,102,41,21,3,9,67,35,0,88,0.24400000000000002,360,0.314,0.394,0.708,1,1,0.5,0.5,9,53,1.02,0,40,2025,109,Texas League,Double-A,686438-2025-109
2025,677049,Josh Hatcher,player,34,Josh Hatcher,Joshua,Hatcher,Josh,J Hatcher,540,FRI,Frisco RoughRiders,RoughRiders,TEX,109,RF,Outfielder,OF,26,376,124,170,0,3,0.304,21,1,5,55,1312,3.489,0.034999999999999996,0.28200000000000003,0.024,0.12300000000000001,0.111,2,1,47,812,267,256,9,14,102,16,1,29,38,90,70,35,11,1,9,106,13,0,84,0.234,359,0.261,0.345,0.606,5,10,0.6669999999999999,0.33299999999999996,5,51,1.46,0,39.89,2025,109,Texas League,Double-A,677049-2025-109
2025,672696,Francisco Acuna,player,36,Francisco Acuna,Francisco,Acuna,Francisco,F Acuna,510,SA,San Antonio Missions,Missions,TEX,109,SS,Shortstop,SS,25,477,145,154,2,3,0.318,26,10,9,56,1915,4.015,0.113,0.222,0.017,0.509,0.10600000000000001,2,0,70,808,196,306,30,20,84,16,1,48,37,109,120,59,17,1,8,106,54,1,102,0.251,407,0.35,0.356,0.706,7,23,0.767,0.233,9,42,0.7,1,50.879999999999995,2025,109,Texas League,Double-A,672696-2025-109
2025,686638,Hunter Fitz-Gerald,player,36,Hunter Fitz-Gerald,Hunter,Fitz-Gerald,Hunter,H Fitz-Gerald,574,ARK,Arkansas Travelers,Travelers,TEX,109,1B,First Base,3B,24,399,140,189,0,0,0.347,33,4,6,49,1554,3.8949999999999996,0.093,0.28300000000000003,0.02,0.327,0.14,6,0,39,829,295,244,9,11,95,18,1,41,30,96,59,45,24,1,8,113,37,0,90,0.252,357,0.329,0.392,0.721,1,11,0.917,0.083,6,54,1.61,1,44.620000000000005,2025,109,Texas League,Double-A,686638-2025-109
2025,814299,Pascanel Ferreras,player,38,Pascanel Ferreras,Pascanel,Ferreras,Pascanel,P Ferreras,482,CC,Corpus Christi Hooks,Hooks,TEX,109,2B,Second Base,SS,23,454,148,156,0,1,0.316,33,6,8,51,1732,3.8149999999999995,0.093,0.24400000000000002,0.015,0.378,0.12300000000000001,6,0,47,851,233,295,23,22,105,17,0,42,39,113,92,43,23,3,7,111,42,0,98,0.24200000000000002,405,0.322,0.365,0.6869999999999999,9,11,0.55,0.45,8,42,1.1400000000000001,0,57.86,2025,109,Texas League,Double-A,814299-2025-109
2025,664332,Moisés Gómez,player,38,Moisés Gómez,Moises,Gomez,Moisés,M Gómez,510,SA,San Antonio Missions,Missions,TEX,109,RF,Outfielder,OF,26,444,143,176,0,6,0.317,36,6,7,60,1809,4.074,0.08600000000000001,0.28800000000000003,0.016,0.29700000000000004,0.132,4,2,80,901,298,272,26,23,52,22,1,51,17,110,129,40,27,2,7,128,38,1,91,0.231,394,0.304,0.363,0.6669999999999999,1,9,0.9,0.1,7,46,0.4,0,56.290000000000006,2025,109,Texas League,Double-A,664332-2025-109
2025,687981,John Rhodes,player,38,John Rhodes,John,Rhodes,John,J Rhodes,260,TUL,Tulsa Drillers,Drillers,TEX,109,1B,First Base,OF,24,430,106,191,0,2,0.258,19,6,11,53,1741,4.049,0.126,0.258,0.016,0.48600000000000004,0.092,4,0,54,757,231,259,33,18,82,12,1,36,23,108,105,45,11,1,7,111,54,0,72,0.196,368,0.307,0.28800000000000003,0.595,3,9,0.75,0.25,11,40,0.7799999999999999,0,52.57,2025,109,Texas League,Double-A,687981-2025-109
2025,811289,Spencer Nivens,player,41,Spencer Nivens,Spencer,Nivens,Spencer,S Nivens,1350,NWA,Northwest Arkansas Naturals,Naturals,TEX,109,LF,Outfielder,OF,23,515,151,210,0,9,0.312,28,0,5,70,2068,4.016,0.136,0.21200000000000002,0.012,0.642,0.096,4,0,85,868,233,336,25,19,98,17,0,64,28,125,129,52,20,2,6,109,70,1,109,0.25,436,0.348,0.346,0.694,3,14,0.8240000000000001,0.17600000000000002,5,57,0.76,0,72.66999999999999,2025,109,Texas League,Double-A,811289-2025-109
2025,668776,Devin Ortiz,player,41,Devin Ortiz,Devin,Ortiz,Devin,D Ortiz,510,SA,San Antonio Missions,Missions,TEX,109,3B,Third Base,3B,26,532,148,222,6,1,0.29300000000000004,22,6,12,81,2062,3.8759999999999994,0.098,0.182,0.011,0.536,0.07500000000000001,4,0,60,936,208,377,31,32,141,14,1,49,49,126,123,60,15,1,6,97,52,1,113,0.24200000000000002,467,0.325,0.317,0.642,4,19,0.8260000000000001,0.17400000000000002,12,40,1.1500000000000001,0,77.83,2025,109,Texas League,Double-A,668776-2025-109
2025,681036,Anthony Vilar,player,41,Anthony Vilar,Anthony,Vilar,Anthony,A Vilar,510,SA,San Antonio Missions,Missions,TEX,109,2B,Second Base,C,26,382,103,168,1,3,0.281,20,3,3,56,1573,4.117999999999999,0.128,0.264,0.016,0.48500000000000004,0.10800000000000001,1,0,48,692,198,228,19,18,75,16,0,29,23,100,85,38,11,3,6,101,49,0,68,0.20900000000000002,325,0.316,0.317,0.633,4,12,0.75,0.25,3,32,0.88,1,54.17,2025,109,Texas League,Double-A,681036-2025-109
2025,669413,Frainyer Chavez,player,44,Frainyer Chavez,Frainyer,Chavez,Frainyer,F Chavez,540,FRI,Frisco RoughRiders,RoughRiders,TEX,109,1B,First Base,2B,26,395,114,160,1,3,0.323,17,3,7,53,1610,4.0760000000000005,0.116,0.21800000000000003,0.013000000000000001,0.535,0.079,6,0,58,691,160,260,13,14,88,16,0,50,21,98,85,51,12,0,5,86,46,1,87,0.254,342,0.345,0.33299999999999996,0.6779999999999999,9,6,0.4,0.6,7,32,1.04,0,68.4,2025,109,Texas League,Double-A,669413-2025-109
2025,815039,Dustin Dickerson,player,44,Dustin Dickerson,Dustin,Dickerson,Dustin,D Dickerson,1350,NWA,Northwest Arkansas Naturals,Naturals,TEX,109,SS,Shortstop,SS,24,406,95,171,2,2,0.278,13,4,10,48,1790,4.409000000000001,0.14800000000000002,0.24100000000000002,0.012,0.612,0.07100000000000001,3,1,57,680,158,244,19,24,73,9,0,40,22,100,100,43,7,1,5,98,60,0,71,0.21000000000000002,338,0.33399999999999996,0.281,0.615,8,20,0.714,0.28600000000000003,10,21,0.73,0,67.6,2025,109,Texas League,Double-A,815039-2025-109
2025,690985,Colby Halter,player,44,Colby Halter,Colby,Halter,Colby,C Halter,237,MID,Midland RockHounds,RockHounds,TEX,109,2B,Second Base,2B,23,380,136,115,2,3,0.392,30,4,2,46,1525,4.013,0.132,0.268,0.013000000000000001,0.49,0.14300000000000002,2,0,43,723,225,224,14,11,66,10,1,45,34,89,68,54,19,6,5,102,50,1,90,0.28,321,0.381,0.42400000000000004,0.805,3,22,0.88,0.12000000000000001,2,47,0.97,0,64.2,2025,109,Texas League,Double-A,690985-2025-109
2025,683169,Sean McLain,player,44,Sean McLain,Sean,McLain,Sean,S McLain,260,TUL,Tulsa Drillers,Drillers,TEX,109,SS,Shortstop,SS,24,439,107,192,1,0,0.254,19,10,4,53,1751,3.989,0.109,0.21600000000000003,0.011,0.505,0.082,4,1,78,758,168,285,29,22,80,9,1,37,29,116,129,51,12,2,5,95,48,0,76,0.201,379,0.307,0.28200000000000003,0.589,5,10,0.6669999999999999,0.33299999999999996,4,37,0.62,1,75.8,2025,109,Texas League,Double-A,683169-2025-109
2025,681098,Bill Knight,player,48,Bill Knight,William,Knight,Bill,B Knight,574,ARK,Arkansas Travelers,Travelers,TEX,109,CF,Outfielder,OF,25,565,159,251,0,8,0.313,24,14,14,91,2075,3.673,0.08,0.20700000000000002,0.005,0.385,0.07,6,1,61,989,234,389,26,38,140,10,1,67,46,127,125,74,16,5,3,117,45,0,124,0.24900000000000003,498,0.324,0.319,0.643,10,44,0.8150000000000001,0.185,14,55,1.12,0,166,2025,109,Texas League,Double-A,681098-2025-109
2025,805834,Javi Vaz,player,48,Javi Vaz,Javier,Vaz,Javi,J Vaz,1350,NWA,Northwest Arkansas Naturals,Naturals,TEX,109,2B,Second Base,OF,24,468,126,144,11,4,0.278,20,11,6,76,1820,3.889,0.115,0.092,0.006,1.256,0.07,5,0,89,713,83,359,23,29,119,10,1,55,33,103,141,70,16,1,3,43,54,0,99,0.256,387,0.36,0.326,0.6859999999999999,3,25,0.893,0.10700000000000001,6,31,0.8400000000000001,1,129,2025,109,Texas League,Double-A,805834-2025-109
2025,691558,Yeiner Fernandez,player,50,Yeiner Fernandez,Yeiner,Fernandez,Yeiner,Y Fernandez,260,TUL,Tulsa Drillers,Drillers,TEX,109,C,Catcher,C,22,442,118,176,0,3,0.281,16,9,10,58,1674,3.7870000000000004,0.088,0.111,0.005,0.7959999999999999,0.051000000000000004,9,2,63,818,143,345,31,31,122,5,1,52,40,100,125,47,14,0,2,49,39,1,98,0.251,390,0.33099999999999996,0.303,0.634,2,2,0.5,0.5,10,37,0.98,0,195,2025,109,Texas League,Double-A,691558-2025-109
2025,677601,Keyber Rodriguez,player,50,Keyber Rodriguez,Keyber,Rodriguez,Keyber,K Rodriguez,540,FRI,Frisco RoughRiders,RoughRiders,TEX,109,3B,Third Base,SS,24,481,137,194,1,6,0.308,22,3,9,76,1783,3.7070000000000003,0.07700000000000001,0.189,0.004,0.40700000000000003,0.065,5,0,79,838,167,350,30,27,105,16,0,55,38,116,136,47,18,2,2,91,37,2,109,0.251,434,0.31,0.316,0.626,5,14,0.737,0.263,9,42,0.77,0,217,2025,109,Texas League,Double-A,677601-2025-109
2025,805891,Taylor Young,player,50,Taylor Young,Taylor,Young,Taylor,T Young,260,TUL,Tulsa Drillers,Drillers,TEX,109,2B,Second Base,2B,26,575,140,231,0,2,0.281,23,7,9,82,2335,4.061,0.139,0.15800000000000003,0.003,0.8790000000000001,0.056,8,2,94,866,136,397,19,30,141,18,0,53,42,133,143,79,21,0,2,91,80,0,113,0.233,486,0.348,0.28800000000000003,0.636,9,44,0.8300000000000001,0.17,9,41,0.99,0,243,2025,109,Texas League,Double-A,805891-2025-109
2025,687625,Kai Murphy,player,53,Kai Murphy,Kai,Murphy,Kai,K Murphy,510,SA,San Antonio Missions,Missions,TEX,109,LF,Outfielder,OF,24,379,85,149,0,4,0.271,11,8,6,61,1403,3.702,0.113,0.182,0.003,0.623,0.043000000000000003,3,0,46,680,176,259,16,17,109,4,1,40,26,101,79,34,9,1,1,69,43,0,71,0.21900000000000003,324,0.322,0.262,0.584,7,8,0.533,0.467,6,21,1.3800000000000001,0,324,2025,109,Texas League,Double-A,687625-2025-109
2025,800683,Blake Rambusch,player,54,Blake Rambusch,Blake,Rambusch,Blake,B Rambusch,574,ARK,Arkansas Travelers,Travelers,TEX,109,2B,Second Base,3B,25,393,110,129,0,3,0.316,16,5,5,42,1540,3.9189999999999996,0.115,0.15500000000000003,0,0.738,0.062,6,2,51,650,110,282,11,20,111,7,0,39,43,103,82,62,11,5,0,61,45,0,89,0.262,340,0.354,0.324,0.6779999999999999,3,34,0.919,0.081,5,27,1.35,0,,2025,109,Texas League,Double-A,800683-2025-109
