player_league_season_id,playerId,playerName,playerFullName,requested_season,requested_level,requested_league_id,requested_league_name,teamId,teamName,teamAbbrev,position,positionAbbrev,primaryPositionAbbrev,age,plateAppearances,bb_rate,k_rate,iso,babip,pitchesPerPlateAppearance,swing_miss_rate,hr_rate,xbh_rate,sb_attempt_rate,groundOutsToAirouts,complete_model_features
676203-2022-110,676203,Marcos Castañon,Marcos Castañon,2022,Low-A,110,California League,103,Lake Elsinore Storm,LE,Third Base,3B,SS,23,519,0.15414258188824662,0.2350674373795761,0.223,0.313,4.103999999999999,0.3083140877598152,0.04431599229287091,0.09248554913294797,0.005780346820809248,0.93,TRUE
692585-2022-110,692585,Yanquiel Fernández,Yanquiel Fernández,2022,Low-A,110,California League,259,Fresno Grizzlies,FRE,Outfielder,RF,RF,19,523,0.0745697896749522,0.2179732313575526,0.223,0.32999999999999996,3.581,0.2904191616766467,0.040152963671128104,0.11281070745697896,0.011472275334608031,1.26,TRUE
687529-2022-110,687529,Grant McCray,Grant McCray,2022,Low-A,110,California League,476,San Jose Giants,SJ,Outfielder,CF,CF,21,507,0.11439842209072978,0.29191321499013806,0.234,0.391,3.98,0.3470031545741325,0.04142011834319527,0.10059171597633136,0.08875739644970414,1.43,TRUE
672596-2022-110,672596,Robert Perez Jr.,Robert Perez Jr.,2022,Low-A,110,California League,515,Modesto Nuts,MOD,First Base,1B,LF,22,415,0.11566265060240964,0.26024096385542167,0.232,0.322,3.7230000000000003,0.3632707774798928,0.04819277108433735,0.09397590361445783,0.012048192771084338,0.9,TRUE
700337-2022-110,700337,Edgar Quero,Edgar Quero,2022,Low-A,110,California League,401,Inland Empire 66ers,IE,Catcher,C,C,19,515,0.141747572815534,0.1766990291262136,0.21800000000000003,0.36,3.9589999999999996,0.22693266832917705,0.03300970873786408,0.10485436893203884,0.03300970873786408,1.09,TRUE
691777-2022-110,691777,Max Muncy,Max Muncy,2022,Low-A,110,California League,524,Stockton Ports,STK,Shortstop,SS,3B,19,365,0.13972602739726028,0.29863013698630136,0.21700000000000003,0.29800000000000004,4.068,0.31209150326797386,0.043835616438356165,0.09041095890410959,0.030136986301369864,1.06,TRUE
678596-2022-110,678596,Yorlis Rodriguez,Yorlis Rodriguez,2022,Low-A,110,California League,476,San Jose Giants,SJ,Third Base,3B,SS,22,459,0.0392156862745098,0.19825708061002179,0.167,0.29000000000000004,3.3529999999999998,0.2787878787878788,0.034858387799564274,0.08278867102396514,0.008714596949891068,0.73,TRUE
691182-2022-110,691182,Adael Amador,Adael Amador,2022,Low-A,110,California League,259,Fresno Grizzlies,FRE,Shortstop,SS,2B,19,555,0.15675675675675677,0.12072072072072072,0.15400000000000003,0.312,3.631,0.16666666666666666,0.02702702702702703,0.07027027027027027,0.06846846846846846,1.6400000000000001,TRUE
690924-2022-110,690924,Braxton Fulford,Braxton Fulford,2022,Low-A,110,California League,259,Fresno Grizzlies,FRE,Catcher,C,DH,23,440,0.1159090909090909,0.20909090909090908,0.18,0.316,3.673,0.3017241379310345,0.03409090909090909,0.07727272727272727,0.03409090909090909,0.89,TRUE
678577-2022-110,678577,Junior Perez,Junior Perez,2022,Low-A,110,California League,524,Stockton Ports,STK,Outfielder,RF,CF,20,482,0.14522821576763487,0.3070539419087137,0.17600000000000002,0.347,4.106,0.36936936936936937,0.03112033195020747,0.07883817427385892,0.08091286307053942,0.74,TRUE
692348-2022-110,692348,Aeverson Arteaga,Aeverson Arteaga,2022,Low-A,110,California League,476,San Jose Giants,SJ,Shortstop,SS,SS,19,565,0.08672566371681416,0.2743362831858407,0.161,0.362,3.9189999999999996,0.3221110100090992,0.024778761061946902,0.09026548672566372,0.03008849557522124,0.62,TRUE
691285-2022-110,691285,Junior Franco,Junior Franco,2022,Low-A,110,California League,516,Visalia Rawhide,VIS,Outfielder,LF,OF,19,448,0.07366071428571429,0.25,0.15200000000000002,0.316,3.795,0.29318181818181815,0.03125,0.07589285714285714,0.08035714285714286,1.41,TRUE
682648-2022-110,682648,Juan Guerrero,Juan Guerrero,2022,Low-A,110,California League,259,Fresno Grizzlies,FRE,Outfielder,LF,SS,20,506,0.07707509881422925,0.16798418972332016,0.163,0.305,3.583,0.24461206896551724,0.02766798418972332,0.08300395256916997,0.05138339920948617,1,TRUE
695490-2022-110,695490,Edwin Arroyo,Edwin Arroyo,2022,Low-A,110,California League,515,Modesto Nuts,MOD,Shortstop,SS,2B,18,410,0.08536585365853659,0.21951219512195122,0.198,0.386,3.637,0.27365728900255754,0.03170731707317073,0.0951219512195122,0.06097560975609756,0.76,TRUE
682729-2022-110,682729,Jonatan Clase,Jonatan Clase,2022,Low-A,110,California League,515,Modesto Nuts,MOD,Outfielder,CF,LF,20,499,0.13026052104208416,0.2665330661322645,0.196,0.358,3.808,0.3113425925925926,0.026052104208416832,0.09218436873747494,0.13026052104208416,0.9,TRUE
678832-2022-110,678832,Yunior Garcia,Yunior Garcia,2022,Low-A,110,California League,526,Rancho Cucamonga Quakes,RC,First Base,1B,OF,20,377,0.08753315649867374,0.1989389920424403,0.20700000000000002,0.362,3.541,0.2961038961038961,0.034482758620689655,0.11140583554376658,0.005305039787798408,1.45,TRUE
694808-2022-110,694808,Zach Kokoska,Zach Kokoska,2022,Low-A,110,California League,259,Fresno Grizzlies,FRE,Outfielder,LF,OF,23,358,0.09497206703910614,0.20391061452513967,0.197,0.28400000000000003,3.8379999999999996,0.2679640718562874,0.036312849162011177,0.08659217877094973,0.05307262569832402,1,TRUE
691269-2022-110,691269,Adrian Placencia,Adrian Placencia,2022,Low-A,110,California League,401,Inland Empire 66ers,IE,Second Base,2B,SS,19,469,0.16204690831556504,0.302771855010661,0.17300000000000001,0.367,3.977,0.3891402714932127,0.02771855010660981,0.08102345415778252,0.06183368869936034,0.88,TRUE
682674-2022-110,682674,Victor Bericoto,Victor Bericoto,2022,Low-A,110,California League,476,San Jose Giants,SJ,Outfielder,RF,RF,20,487,0.11704312114989733,0.22176591375770022,0.13,0.326,3.823,0.2493573264781491,0.024640657084188913,0.063655030800821355,0.014373716632443531,1.52,TRUE
701618-2022-110,701618,Damon Keith,Damon Keith,2022,Low-A,110,California League,526,Rancho Cucamonga Quakes,RC,Outfielder,RF,RF,22,416,0.1658653846153846,0.2283653846153846,0.201,0.384,3.9709999999999996,0.25625920471281294,0.028846153846153848,0.09375,0.019230769230769232,1.3900000000000001,TRUE
682877-2022-110,682877,Juan Brito,Juan Brito,2022,Low-A,110,California League,259,Fresno Grizzlies,FRE,Second Base,2B,2B,20,497,0.15694164989939638,0.14285714285714285,0.184,0.319,3.9219999999999997,0.19557195571955718,0.022132796780684104,0.0925553319919517,0.052313883299798795,0.74,TRUE
668993-2022-110,668993,Justin Farmer,Justin Farmer,2022,Low-A,110,California League,103,Lake Elsinore Storm,LE,Outfielder,RF,OF,23,487,0.19507186858316222,0.2587268993839836,0.14600000000000002,0.3,4.172,0.28194993412384717,0.022587268993839837,0.06570841889117043,0.09034907597535935,0.74,TRUE
695670-2022-110,695670,Harry Ford,Harry Ford,2022,Low-A,110,California League,515,Modesto Nuts,MOD,Catcher,C,C,19,499,0.17635270541082165,0.23046092184368738,0.164,0.358,4.2,0.27735368956743,0.022044088176352707,0.07615230460921844,0.056112224448897796,1.1,TRUE
691177-2022-110,691177,Luis Rodriguez,Luis Rodriguez,2022,Low-A,110,California League,526,Rancho Cucamonga Quakes,RC,Outfielder,LF,CF,19,506,0.12845849802371542,0.3142292490118577,0.128,0.35,3.889,0.4028776978417266,0.021739130434782608,0.06324110671936758,0.007905138339920948,1.25,TRUE
691558-2022-110,691558,Yeiner Fernandez,Yeiner Fernandez,2022,Low-A,110,California League,526,Rancho Cucamonga Quakes,RC,Catcher,C,C,19,423,0.10874704491725769,0.13002364066193853,0.138,0.318,3.662,0.250936329588015,0.02364066193853428,0.06619385342789598,0.01182033096926714,1,TRUE
682643-2022-110,682643,Alexander Ramirez,Alexander Ramirez,2022,Low-A,110,California League,401,Inland Empire 66ers,IE,Outfielder,RF,OF,19,520,0.05961538461538462,0.3076923076923077,0.12200000000000001,0.326,3.648,0.36977186311787075,0.015384615384615385,0.07115384615384615,0.05576923076923077,1.1300000000000001,TRUE
683341-2022-110,683341,David Calabrese,David Calabrese,2022,Low-A,110,California League,401,Inland Empire 66ers,IE,Outfielder,CF,OF,19,488,0.10245901639344263,0.23770491803278687,0.137,0.317,3.867,0.2783625730994152,0.014344262295081968,0.07581967213114754,0.05737704918032787,0.9400000000000001,TRUE
702789-2022-110,702789,Austin Gauthier,Austin Gauthier,2022,Low-A,110,California League,526,Rancho Cucamonga Quakes,RC,Shortstop,SS,SS,23,397,0.2216624685138539,0.2040302267002519,0.14700000000000002,0.376,4.088,0.24087591240875914,0.015113350125944584,0.07052896725440806,0.027707808564231738,1.25,TRUE
672013-2022-110,672013,T.J. Schofield-Sam,T.J. Schofield-Sam,2022,Low-A,110,California League,524,Stockton Ports,STK,Third Base,3B,3B,21,454,0.048458149779735685,0.17400881057268722,0.115,0.304,3.564,0.21683673469387754,0.013215859030837005,0.07048458149779736,0.028634361233480177,1.41,TRUE
679751-2022-110,679751,Danny Bautista Jr.,Danny Bautista Jr.,2022,Low-A,110,California League,524,Stockton Ports,STK,Outfielder,LF,OF,21,423,0.08037825059101655,0.1702127659574468,0.117,0.315,3.702,0.20970042796005706,0.01182033096926714,0.07328605200945626,0.0425531914893617,1.27,TRUE
676004-2022-110,676004,Walking Cabrera,Walking Cabrera,2022,Low-A,110,California League,515,Modesto Nuts,MOD,Outfielder,RF,OF,21,422,0.0947867298578199,0.24170616113744076,0.12400000000000001,0.324,3.7230000000000003,0.32972972972972975,0.011848341232227487,0.08056872037914692,0.018957345971563982,0.75,TRUE
683102-2022-110,683102,Garrett Frechette,Garrett Frechette,2022,Low-A,110,California League,476,San Jose Giants,SJ,First Base,1B,1B,21,408,0.04656862745098039,0.24019607843137256,0.09,0.32999999999999996,3.618,0.28994082840236685,0.00980392156862745,0.056372549019607844,0.00980392156862745,1.05,TRUE
691186-2022-110,691186,Arol Vera,Arol Vera,2022,Low-A,110,California League,401,Inland Empire 66ers,IE,Shortstop,SS,SS,19,551,0.09618874773139746,0.27041742286751363,0.07400000000000001,0.28700000000000003,3.868,0.3026086956521739,0.007259528130671506,0.043557168784029036,0.047186932849364795,1.37,TRUE
691949-2022-110,691949,Jake Vogel,Jake Vogel,2022,Low-A,110,California League,526,Rancho Cucamonga Quakes,RC,Outfielder,CF,OF,20,499,0.10420841683366733,0.22244488977955912,0.1,0.31,3.86,0.24816625916870416,0.002004008016032064,0.06412825651302605,0.052104208416833664,0.7,TRUE
696045-2022-122,696045,Yosy Galan,Yosy Galan,2022,Low-A,122,Carolina League,485,Down East Wood Ducks,DE,Outfielder,LF,RF,21,394,0.09898477157360407,0.35279187817258884,0.223,0.271,4.185,0.37744533947065595,0.050761421319796954,0.09137055837563451,0.0583756345177665,0.9,TRUE
700246-2022-122,700246,Carson Williams,Carson Williams,2022,Low-A,122,Carolina League,233,Charleston RiverDogs,CHS,Shortstop,SS,SS,19,523,0.1089866156787763,0.32122370936902483,0.21900000000000003,0.354,3.9619999999999997,0.34572072072072074,0.036328871892925434,0.09751434034416825,0.07265774378585087,0.76,TRUE
687554-2022-122,687554,DJ Gladney,DJ Gladney,2022,Low-A,122,Carolina League,487,Kannapolis Cannon Ballers,KAN,First Base,1B,OF,20,460,0.09565217391304348,0.32608695652173914,0.194,0.33299999999999996,3.7830000000000004,0.3977777777777778,0.0391304347826087,0.08478260869565217,0.02391304347826087,0.88,TRUE
692221-2022-122,692221,Sammy Infante,Sammy Infante,2022,Low-A,122,Carolina League,436,Fredericksburg Nationals,FBG,Third Base,3B,SS,21,417,0.09592326139088729,0.30455635491606714,0.196,0.267,4.05,0.34210526315789475,0.0407673860911271,0.08872901678657075,0.045563549160671464,0.92,TRUE
691442-2022-122,691442,Wilfred Veras,Wilfred Veras,2022,Low-A,122,Carolina League,487,Kannapolis Cannon Ballers,KAN,First Base,1B,OF,19,433,0.06235565819861432,0.27251732101616627,0.188,0.33199999999999996,3.635,0.36655592469545956,0.03926096997690531,0.08775981524249422,0.011547344110854504,1.21,TRUE
682634-2022-122,682634,Kevin Alcántara,Kevin Alcántara,2022,Low-A,122,Carolina League,521,Myrtle Beach Pelicans,MB,Outfielder,CF,DH,19,495,0.1111111111111111,0.24848484848484848,0.17800000000000002,0.345,3.626,0.3337066069428891,0.030303030303030304,0.08080808080808081,0.03434343434343434,1,TRUE
681488-2022-122,681488,Logan Cerny,Logan Cerny,2022,Low-A,122,Carolina League,3712,Fayetteville Woodpeckers,FAY,Outfielder,CF,OF,22,372,0.12634408602150538,0.2956989247311828,0.21800000000000003,0.33699999999999997,4.123999999999999,0.3181818181818182,0.04032258064516129,0.09408602150537634,0.11290322580645161,0.45,TRUE
691616-2022-122,691616,Hedbert Perez,Hedbert Perez,2022,Low-A,122,Carolina League,249,Carolina Mudcats,CAR,Outfielder,LF,LF,19,441,0.06802721088435375,0.29931972789115646,0.17700000000000002,0.279,3.746,0.3687150837988827,0.034013605442176874,0.09070294784580499,0.034013605442176874,0.7799999999999999,TRUE
695770-2022-122,695770,Wes Kath,Wes Kath,2022,Low-A,122,Carolina League,487,Kannapolis Cannon Ballers,KAN,Third Base,3B,3B,19,449,0.133630289532294,0.32962138084632514,0.15900000000000003,0.347,3.9309999999999996,0.4033214709371293,0.028953229398663696,0.0757238307349666,0.004454342984409799,1.01,TRUE
682011-2022-122,682011,Tyler Miller,Tyler Miller,2022,Low-A,122,Carolina League,414,Salem Red Sox,SAL,First Base,1B,1B,22,480,0.07708333333333334,0.2708333333333333,0.119,0.276,3.573,0.3257199602780536,0.027083333333333334,0.05,0.05,0.8500000000000001,TRUE
682796-2022-122,682796,Eddinson Paulino,Eddinson Paulino,2022,Low-A,122,Carolina League,414,Salem Red Sox,SAL,Shortstop,SS,3B,19,539,0.11873840445269017,0.19480519480519481,0.203,0.314,3.651,0.24945295404814005,0.02411873840445269,0.10760667903525047,0.059369202226345084,0.8300000000000001,TRUE
678652-2022-122,678652,Jesus Chirinos,Jesus Chirinos,2022,Low-A,122,Carolina League,249,Carolina Mudcats,CAR,First Base,1B,C,20,480,0.14375,0.31666666666666665,0.12100000000000001,0.33999999999999997,4.004,0.39661016949152544,0.025,0.052083333333333336,0.008333333333333333,1.1400000000000001,TRUE
683170-2022-122,683170,Kadon Morton,Kadon Morton,2022,Low-A,122,Carolina League,478,Augusta GreenJackets,AUG,Outfielder,CF,CF,21,416,0.1346153846153846,0.33413461538461536,0.15600000000000003,0.33499999999999996,4.117999999999999,0.37283621837549935,0.028846153846153848,0.06490384615384616,0.040865384615384616,0.99,TRUE
676044-2022-122,676044,Bob Seymour,Bob Seymour,2022,Low-A,122,Carolina League,233,Charleston RiverDogs,CHS,First Base,1B,1B,23,410,0.12439024390243902,0.23902439024390243,0.181,0.352,3.9949999999999997,0.2741738066095471,0.02926829268292683,0.08780487804878048,0.03902439024390244,1.11,TRUE
701817-2022-122,701817,River Town,River Town,2022,Low-A,122,Carolina League,3705,Columbia Fireflies,COL,Outfielder,LF,OF,22,356,0.14606741573033707,0.1797752808988764,0.21300000000000002,0.276,4.07,0.19704433497536947,0.033707865168539325,0.09269662921348315,0.05898876404494382,0.9,TRUE
695600-2022-122,695600,Carter Jensen,Carter Jensen,2022,Low-A,122,Carolina League,3705,Columbia Fireflies,COL,Designated Hitter,DH,C,18,485,0.1711340206185567,0.21237113402061855,0.15500000000000003,0.275,4.202,0.24868421052631579,0.02268041237113402,0.07628865979381444,0.0288659793814433,0.72,TRUE
686863-2022-122,686863,Daniel Mateo,Daniel Mateo,2022,Low-A,122,Carolina League,485,Down East Wood Ducks,DE,Outfielder,CF,CF,20,407,0.051597051597051594,0.24324324324324326,0.138,0.33899999999999997,3.437,0.3393719806763285,0.02702702702702703,0.06142506142506143,0.13267813267813267,0.9,TRUE
681868-2022-122,681868,Ezequiel Pagan,Ezequiel Pagan,2022,Low-A,122,Carolina League,521,Myrtle Beach Pelicans,MB,Outfielder,LF,OF,21,438,0.091324200913242,0.13013698630136986,0.15100000000000002,0.317,3.8559999999999994,0.1743002544529262,0.02511415525114155,0.07077625570776255,0.03881278538812785,0.91,TRUE
696264-2022-122,696264,Tyler Whitaker,Tyler Whitaker,2022,Low-A,122,Carolina League,3712,Fayetteville Woodpeckers,FAY,Outfielder,RF,OF,19,515,0.07961165048543689,0.34951456310679613,0.126,0.275,3.9509999999999996,0.3475409836065574,0.021359223300970873,0.06407766990291262,0.038834951456310676,1.1500000000000001,TRUE
695604-2022-122,695604,T.J. White,T.J. White,2022,Low-A,122,Carolina League,436,Fredericksburg Nationals,FBG,Outfielder,LF,OF,18,382,0.11518324607329843,0.27225130890052357,0.17300000000000001,0.34299999999999997,4.031000000000001,0.30618401206636503,0.028795811518324606,0.08638743455497382,0.02356020942408377,1.33,TRUE
682633-2022-122,682633,Eduardo Garcia,Eduardo Garcia,2022,Low-A,122,Carolina League,249,Carolina Mudcats,CAR,Shortstop,SS,SS,19,372,0.051075268817204304,0.3279569892473118,0.14100000000000001,0.375,3.648,0.37447988904299584,0.026881720430107527,0.06989247311827956,0.043010752688172046,1.03,TRUE
691938-2022-122,691938,Willy Vasquez,Willy Vasquez,2022,Low-A,122,Carolina League,233,Charleston RiverDogs,CHS,Third Base,3B,3B,20,492,0.07317073170731707,0.25609756097560976,0.15400000000000003,0.33099999999999996,3.581,0.2905788876276958,0.02032520325203252,0.08130081300813008,0.056910569105691054,1.23,TRUE
689047-2022-122,689047,Jacob Wetzel,Jacob Wetzel,2022,Low-A,122,Carolina League,521,Myrtle Beach Pelicans,MB,Outfielder,RF,CF,22,408,0.14705882352941177,0.19607843137254902,0.137,0.24600000000000002,3.9899999999999998,0.23357664233576642,0.024509803921568627,0.061274509803921566,0.041666666666666664,1.07,TRUE
680631-2022-122,680631,Oneill Manzueta,Oneill Manzueta,2022,Low-A,122,Carolina League,233,Charleston RiverDogs,CHS,Outfielder,RF,RF,21,451,0.13968957871396895,0.31929046563192903,0.138,0.362,3.933,0.3824228028503563,0.019955654101995565,0.06651884700665188,0.017738359201773836,2.22,TRUE
682801-2022-122,682801,Noelberth Romero,Noelberth Romero,2022,Low-A,122,Carolina League,548,Delmarva Shorebirds,DEL,Third Base,3B,SS,20,418,0.07177033492822966,0.1937799043062201,0.117,0.267,3.5789999999999997,0.2538265306122449,0.0215311004784689,0.06220095693779904,0.05741626794258373,0.8500000000000001,TRUE
687071-2022-122,687071,Shane Sasaki,Shane Sasaki,2022,Low-A,122,Carolina League,233,Charleston RiverDogs,CHS,Outfielder,CF,CF,21,402,0.12189054726368159,0.22885572139303484,0.17300000000000001,0.41500000000000004,3.796,0.2536912751677852,0.022388059701492536,0.09701492537313433,0.12686567164179105,0.91,TRUE
682722-2022-122,682722,Isaac De León,Isaac De León,2022,Low-A,122,Carolina League,548,Delmarva Shorebirds,DEL,Third Base,3B,SS,20,401,0.16957605985037408,0.29925187032418954,0.14600000000000002,0.32999999999999996,4.1819999999999995,0.3593519882179676,0.0199501246882793,0.07481296758104738,0.012468827930174564,1.06,TRUE
691458-2022-122,691458,Blaze Jordan,Blaze Jordan,2022,Low-A,122,Carolina League,414,Salem Red Sox,SAL,Third Base,3B,3B,19,415,0.0891566265060241,0.1614457831325301,0.15900000000000003,0.329,3.776,0.2647058823529412,0.01927710843373494,0.0963855421686747,0.012048192771084338,1.1300000000000001,TRUE
678733-2022-122,678733,Guillermo Quintana,Guillermo Quintana,2022,Low-A,122,Carolina League,3705,Columbia Fireflies,COL,First Base,1B,C,21,483,0.11801242236024845,0.15734989648033126,0.10800000000000001,0.271,3.8939999999999997,0.22073170731707317,0.016563146997929608,0.060041407867494824,0.049689440993788817,0.7,TRUE
688500-2022-122,688500,Stephen Paolini,Stephen Paolini,2022,Low-A,122,Carolina League,478,Augusta GreenJackets,AUG,Outfielder,CF,CF,21,468,0.13675213675213677,0.27350427350427353,0.114,0.29900000000000004,4,0.30851063829787234,0.014957264957264958,0.05982905982905983,0.057692307692307696,0.8700000000000001,TRUE
701649-2022-122,701649,James Triantos,James Triantos,2022,Low-A,122,Carolina League,521,Myrtle Beach Pelicans,MB,Third Base,3B,2B,19,504,0.07738095238095238,0.16071428571428573,0.114,0.315,3.56,0.1926006528835691,0.013888888888888888,0.06349206349206349,0.04563492063492063,1.1500000000000001,TRUE
682900-2022-122,682900,Brainer Bonaci,Brainer Bonaci,2022,Low-A,122,Carolina League,414,Salem Red Sox,SAL,Second Base,2B,SS,19,494,0.18016194331983806,0.18016194331983806,0.12300000000000001,0.319,4.109,0.2147165259348613,0.012145748987854251,0.06275303643724696,0.06882591093117409,0.9500000000000001,TRUE
684222-2022-122,684222,Jorge Burgos,Jorge Burgos,2022,Low-A,122,Carolina League,481,Lynchburg Hillcats,LYN,Outfielder,RF,CF,19,459,0.12200435729847495,0.18518518518518517,0.10600000000000001,0.33699999999999997,3.88,0.2653061224489796,0.013071895424836602,0.058823529411764705,0.017429193899782137,1.41,TRUE
682679-2022-122,682679,Dayan Frias,Dayan Frias,2022,Low-A,122,Carolina League,481,Lynchburg Hillcats,LYN,Third Base,3B,3B,20,519,0.1252408477842004,0.24855491329479767,0.09,0.323,3.877,0.32292787944025836,0.011560693641618497,0.05009633911368015,0.025048169556840076,1.1900000000000002,TRUE
702416-2022-122,702416,Leosdany Molina,Leosdany Molina,2022,Low-A,122,Carolina League,3712,Fayetteville Woodpeckers,FAY,Shortstop,SS,IF,22,501,0.06387225548902195,0.22554890219560877,0.083,0.27,3.655,0.2857142857142857,0.011976047904191617,0.04790419161676647,0.05389221556886228,0.96,TRUE
684852-2022-122,684852,Geraldo Quintero,Geraldo Quintero,2022,Low-A,122,Carolina League,478,Augusta GreenJackets,AUG,Third Base,3B,SS,20,419,0.11455847255369929,0.16467780429594273,0.16,0.308,3.8019999999999996,0.23381770145310435,0.014319809069212411,0.0883054892601432,0.081145584725537,0.92,TRUE
680998-2022-122,680998,Branden Boissiere,Branden Boissiere,2022,Low-A,122,Carolina League,436,Fredericksburg Nationals,FBG,First Base,1B,OF,22,435,0.15172413793103448,0.25057471264367814,0.091,0.33499999999999996,3.9859999999999998,0.3207792207792208,0.011494252873563218,0.04827586206896552,0.006896551724137931,1.2,TRUE
695780-2022-122,695780,Jake Fox,Jake Fox,2022,Low-A,122,Carolina League,481,Lynchburg Hillcats,LYN,Second Base,2B,OF,19,470,0.1574468085106383,0.19148936170212766,0.126,0.307,4.1,0.18270571827057183,0.010638297872340425,0.07234042553191489,0.05106382978723404,0.6799999999999999,TRUE
694230-2022-122,694230,Hendry Mendez,Hendry Mendez,2022,Low-A,122,Carolina League,249,Carolina Mudcats,CAR,Outfielder,RF,OF,18,446,0.13901345291479822,0.15695067264573992,0.07400000000000001,0.28600000000000003,3.7830000000000004,0.15879828326180256,0.011210762331838564,0.03811659192825112,0.033632286995515695,2.56,TRUE
687526-2022-122,687526,Marcus Smith,Marcus Smith,2022,Low-A,122,Carolina League,485,Down East Wood Ducks,DE,Outfielder,RF,LF,21,385,0.17142857142857143,0.42337662337662335,0.083,0.353,4.659999999999999,0.39676840215439857,0.012987012987012988,0.03636363636363636,0.14285714285714285,1.35,TRUE
691185-2022-122,691185,Maximo Acosta,Maximo Acosta,2022,Low-A,122,Carolina League,485,Down East Wood Ducks,DE,Shortstop,SS,SS,19,456,0.08771929824561403,0.19078947368421054,0.09899999999999999,0.325,3.614,0.2548262548262548,0.008771929824561403,0.06798245614035088,0.1337719298245614,1.05,TRUE
693309-2022-122,693309,Isaiah Greene,Isaiah Greene,2022,Low-A,122,Carolina League,481,Lynchburg Hillcats,LYN,Outfielder,LF,OF,20,476,0.20378151260504201,0.23949579831932774,0.113,0.314,4.418,0.2509505703422053,0.008403361344537815,0.0546218487394958,0.09033613445378151,1.36,TRUE
702457-2022-122,702457,Colby Smelley,Colby Smelley,2022,Low-A,122,Carolina League,487,Kannapolis Cannon Ballers,KAN,Designated Hitter,DH,C,22,369,0.12195121951219512,0.23306233062330622,0.111,0.365,4.053999999999999,0.26878612716763006,0.01084010840108401,0.06775067750677506,0.0027100271002710027,0.9,TRUE
678841-2022-122,678841,Brandol Mezquita,Brandol Mezquita,2022,Low-A,122,Carolina League,478,Augusta GreenJackets,AUG,Outfielder,CF,OF,20,388,0.1056701030927835,0.2603092783505155,0.094,0.386,3.773,0.35694444444444445,0.007731958762886598,0.05412371134020619,0.04896907216494845,1.1,TRUE
686798-2022-122,686798,Yordys Valdes,Yordys Valdes,2022,Low-A,122,Carolina League,481,Lynchburg Hillcats,LYN,Shortstop,SS,SS,20,432,0.08564814814814815,0.20601851851851852,0.065,0.305,3.799,0.2623376623376623,0.006944444444444444,0.03935185185185185,0.046296296296296294,1.6500000000000001,TRUE
684712-2022-122,684712,Wilber Sanchez,Wilber Sanchez,2022,Low-A,122,Carolina League,487,Kannapolis Cannon Ballers,KAN,Shortstop,SS,SS,20,420,0.13095238095238096,0.22857142857142856,0.056,0.21300000000000002,3.8379999999999996,0.27933673469387754,0.004761904761904762,0.03333333333333333,0.10952380952380952,0.8700000000000001,TRUE
687667-2022-122,687667,Luis Valdez,Luis Valdez,2022,Low-A,122,Carolina League,548,Delmarva Shorebirds,DEL,Second Base,2B,SS,22,424,0.09198113207547169,0.2240566037735849,0.07200000000000001,0.355,3.568,0.24406332453825857,0.0047169811320754715,0.04481132075471698,0.1721698113207547,1.98,TRUE
696285-2022-122,696285,Jacob Young,Jacob Young,2022,Low-A,122,Carolina League,436,Fredericksburg Nationals,FBG,Outfielder,RF,CF,22,542,0.1088560885608856,0.15129151291512916,0.06899999999999999,0.313,3.668,0.17689530685920576,0.0036900369003690036,0.03690036900369004,0.1088560885608856,1.37,TRUE
683427-2022-122,683427,Omar Hernandez,Omar Hernandez,2022,Low-A,122,Carolina League,3705,Columbia Fireflies,COL,Catcher,C,C,20,359,0.07242339832869081,0.21727019498607242,0.063,0.302,3.565,0.2664624808575804,0.002785515320334262,0.04735376044568245,0.0584958217270195,1.07,TRUE
676811-2022-113,676811,Quincy Nieporte,Quincy Nieporte,2022,Double-A,113,Eastern League,106,Erie SeaWolves,ERI,First Base,1B,1B,27,518,0.07722007722007722,0.1640926640926641,0.266,0.263,3.867,0.20962888665997995,0.059845559845559844,0.11196911196911197,0.003861003861003861,0.63,TRUE
682619-2022-113,682619,Orelvis Martinez,Orelvis Martinez,2022,Double-A,113,Eastern League,463,New Hampshire Fisher Cats,NH,Shortstop,SS,2B,20,492,0.08130081300813008,0.2845528455284553,0.24200000000000002,0.21700000000000003,3.6870000000000003,0.3438485804416404,0.06097560975609756,0.09146341463414634,0.018292682926829267,0.63,TRUE
677595-2022-113,677595,Ronny Mauricio,Ronny Mauricio,2022,Double-A,113,Eastern League,505,Binghamton Rumble Ponies,BNG,Shortstop,SS,SS,21,541,0.04436229205175601,0.23105360443622922,0.21200000000000002,0.29300000000000004,3.566,0.2874762808349146,0.04805914972273567,0.09981515711645102,0.05730129390018484,1.1900000000000002,TRUE
687823-2022-113,687823,Aaron Shackelford,Aaron Shackelford,2022,Double-A,113,Eastern League,452,Altoona Curve,ALT,First Base,1B,SS,25,443,0.09029345372460497,0.28893905191873587,0.259,0.28300000000000003,3.8559999999999994,0.3312883435582822,0.05869074492099323,0.11286681715575621,0.029345372460496615,1,TRUE
667472-2022-113,667472,Dane Myers,Dane Myers,2022,Double-A,113,Eastern League,106,Erie SeaWolves,ERI,First Base,1B,CF,26,442,0.05203619909502263,0.2669683257918552,0.23800000000000002,0.315,3.8389999999999995,0.2716049382716049,0.05656108597285068,0.10180995475113122,0.05429864253393665,1.1,TRUE
600902-2022-113,600902,Wilson Garcia,Wilson Garcia,2022,Double-A,113,Eastern League,547,Harrisburg Senators,HBG,Designated Hitter,DH,1B,28,500,0.058,0.172,0.21600000000000003,0.301,3.252,0.2202020202020202,0.048,0.1,0.002,0.98,TRUE
686668-2022-113,686668,Brenton Doyle,Brenton Doyle,2022,Double-A,113,Eastern League,538,Hartford Yard Goats,HFD,Outfielder,CF,CF,24,507,0.045364891518737675,0.3116370808678501,0.20400000000000001,0.314,3.566,0.36503067484662577,0.045364891518737675,0.09270216962524655,0.05128205128205128,1.22,TRUE
669911-2022-113,669911,Michael Toglia,Michael Toglia,2022,Double-A,113,Eastern League,538,Hartford Yard Goats,HFD,First Base,1B,1B,23,420,0.12142857142857143,0.30238095238095236,0.231,0.28600000000000003,4.193,0.327741935483871,0.05476190476190476,0.0880952380952381,0.01904761904761905,0.89,TRUE
666149-2022-113,666149,Tyler Fitzgerald,Tyler Fitzgerald,2022,Double-A,113,Eastern League,3410,Richmond Flying Squirrels,RIC,Shortstop,SS,2B,24,519,0.07129094412331406,0.32947976878612717,0.196,0.31,3.8939999999999997,0.3510848126232742,0.04046242774566474,0.08477842003853564,0.04046242774566474,0.46,TRUE
687019-2022-113,687019,Andrés Alvarez,Andrés Alvarez,2022,Double-A,113,Eastern League,452,Altoona Curve,ALT,Third Base,3B,SS,25,443,0.14446952595936793,0.27765237020316025,0.20900000000000002,0.265,4.242,0.31912144702842377,0.045146726862302484,0.07900677200902935,0.04966139954853273,0.7899999999999999,TRUE
683146-2022-113,683146,Brett Baty,Brett Baty,2022,Double-A,113,Eastern League,505,Binghamton Rumble Ponies,BNG,Third Base,3B,3B,22,394,0.116751269035533,0.24873096446700507,0.232,0.39,3.9699999999999998,0.2896551724137931,0.048223350253807105,0.10406091370558376,0.012690355329949238,1.62,TRUE
665846-2022-113,665846,Jesús Bastidas,Jesús Bastidas,2022,Double-A,113,Eastern League,1956,Somerset Patriots,SOM,Second Base,2B,SS,23,449,0.08463251670378619,0.2561247216035635,0.187,0.28900000000000003,3.673,0.3078730904817861,0.0400890868596882,0.08240534521158129,0.0400890868596882,0.6,TRUE
685382-2022-113,685382,Andrew Navigato,Andrew Navigato,2022,Double-A,113,Eastern League,106,Erie SeaWolves,ERI,Second Base,2B,SS,24,405,0.06172839506172839,0.17530864197530865,0.194,0.263,3.637,0.23809523809523808,0.044444444444444446,0.08395061728395062,0.03950617283950617,0.7799999999999999,TRUE
687588-2022-113,687588,Micah Pries,Micah Pries,2022,Double-A,113,Eastern League,402,Akron RubberDucks,AKR,First Base,1B,1B,24,504,0.08333333333333333,0.23214285714285715,0.20800000000000002,0.32,3.685,0.2634730538922156,0.03571428571428571,0.10317460317460317,0.047619047619047616,1.01,TRUE
683011-2022-113,683011,Anthony Volpe,Anthony Volpe,2022,Double-A,113,Eastern League,1956,Somerset Patriots,SOM,Shortstop,SS,SS,21,497,0.11468812877263582,0.17706237424547283,0.22,0.272,3.9699999999999998,0.21899441340782122,0.03621730382293763,0.10663983903420524,0.1006036217303823,0.46,TRUE
682266-2022-113,682266,Brett Auerbach,Brett Auerbach,2022,Double-A,113,Eastern League,3410,Richmond Flying Squirrels,RIC,Second Base,2B,C,23,425,0.11294117647058824,0.32,0.17700000000000002,0.29400000000000004,4.056,0.3161559888579387,0.04,0.07529411764705882,0.042352941176470586,0.89,TRUE
685313-2022-113,685313,Elijah Dunham,Elijah Dunham,2022,Double-A,113,Eastern League,1956,Somerset Patriots,SOM,Outfielder,LF,OF,24,485,0.12164948453608247,0.21237113402061855,0.2,0.28800000000000003,3.742,0.2762364294330519,0.03505154639175258,0.09484536082474226,0.09072164948453608,0.99,TRUE
683766-2022-113,683766,Christian Koss,Christian Koss,2022,Double-A,113,Eastern League,546,Portland Sea Dogs,POR,Shortstop,SS,2B,24,532,0.046992481203007516,0.2575187969924812,0.17,0.324,3.758,0.29288321167883213,0.03195488721804511,0.08270676691729323,0.039473684210526314,1.25,TRUE
665560-2022-113,665560,Jhailyn Ortiz,Jhailyn Ortiz,2022,Double-A,113,Eastern League,522,Reading Fightin Phils,REA,Outfielder,RF,RF,23,505,0.08514851485148515,0.32673267326732675,0.17900000000000002,0.33199999999999996,3.9559999999999995,0.3783783783783784,0.033663366336633666,0.08712871287128712,0.02178217821782178,0.6699999999999999,TRUE
678009-2022-113,678009,Parker Meadows,Parker Meadows,2022,Double-A,113,Eastern League,106,Erie SeaWolves,ERI,Outfielder,CF,CF,22,489,0.10633946830265849,0.18404907975460122,0.191,0.309,3.98,0.23935558112773303,0.032719836400818,0.08793456032719836,0.03885480572597137,0.71,TRUE
674330-2022-113,674330,Zac Cook,Zac Cook,2022,Double-A,113,Eastern League,463,New Hampshire Fisher Cats,NH,Outfielder,CF,OF,24,394,0.06598984771573604,0.383248730964467,0.171,0.281,3.944,0.41397849462365593,0.03807106598984772,0.06852791878172589,0.04568527918781726,0.75,TRUE
669898-2022-113,669898,Andrew Daschbach,Andrew Daschbach,2022,Double-A,113,Eastern League,418,Bowie Baysox,BOW,First Base,1B,1B,24,402,0.13681592039800994,0.41044776119402987,0.17,0.314,4.313,0.4573643410852713,0.03731343283582089,0.06467661691542288,0.004975124378109453,0.75,TRUE
681370-2022-113,681370,Hudson Haskin,Hudson Haskin,2022,Double-A,113,Eastern League,418,Bowie Baysox,BOW,Outfielder,CF,OF,23,466,0.09227467811158799,0.2167381974248927,0.191,0.313,3.62,0.2519480519480519,0.032188841201716736,0.08798283261802575,0.017167381974248927,1.06,TRUE
680862-2022-113,680862,Willie MacIver,Willie MacIver,2022,Double-A,113,Eastern League,538,Hartford Yard Goats,HFD,Catcher,C,C,25,396,0.09343434343434344,0.2676767676767677,0.182,0.28400000000000003,3.8459999999999996,0.3206806282722513,0.03787878787878788,0.08333333333333333,0.03282828282828283,1.1300000000000001,TRUE
687401-2022-113,687401,Joey Ortiz,Joey Ortiz,2022,Double-A,113,Eastern League,418,Bowie Baysox,BOW,Shortstop,SS,SS,23,485,0.08453608247422681,0.1670103092783505,0.186,0.29800000000000004,3.8489999999999998,0.17861482381530985,0.030927835051546393,0.09690721649484536,0.006185567010309278,0.9400000000000001,TRUE
671655-2022-113,671655,George Valera,George Valera,2022,Double-A,113,Eastern League,402,Akron RubberDucks,AKR,Outfielder,RF,LF,21,387,0.1343669250645995,0.25839793281653745,0.20600000000000002,0.33199999999999996,4,0.3125,0.03875968992248062,0.09043927648578812,0.015503875968992248,1.1300000000000001,TRUE
625506-2022-113,625506,Aldrem Corredor,Aldrem Corredor,2022,Double-A,113,Eastern League,522,Reading Fightin Phils,REA,First Base,1B,1B,26,455,0.11648351648351649,0.2153846153846154,0.135,0.28800000000000003,3.965,0.22486772486772486,0.03076923076923077,0.054945054945054944,0,1.27,TRUE
693307-2022-113,693307,Dillon Dingler,Dillon Dingler,2022,Double-A,113,Eastern League,106,Erie SeaWolves,ERI,Catcher,C,C,23,448,0.10044642857142858,0.31919642857142855,0.181,0.33499999999999996,4.129,0.34620024125452353,0.03125,0.08705357142857142,0.002232142857142857,0.8200000000000001,TRUE
672823-2022-113,672823,Sebastian Espino,Sebastian Espino,2022,Double-A,113,Eastern League,463,New Hampshire Fisher Cats,NH,Outfielder,RF,P,22,380,0.05789473684210526,0.4368421052631579,0.184,0.28600000000000003,3.9179999999999997,0.46824408468244083,0.03684210526315789,0.09210526315789473,0.015789473684210527,0.9500000000000001,TRUE
663604-2022-113,663604,Brandon Lockridge,Brandon Lockridge,2022,Double-A,113,Eastern League,1956,Somerset Patriots,SOM,Outfielder,CF,LF,25,464,0.07758620689655173,0.26939655172413796,0.14800000000000002,0.29100000000000004,3.6470000000000002,0.33631284916201115,0.03017241379310345,0.07112068965517242,0.047413793103448273,0.98,TRUE
666165-2022-113,666165,Blake Sabol,Blake Sabol,2022,Double-A,113,Eastern League,452,Altoona Curve,ALT,Catcher,C,C,24,412,0.09223300970873786,0.25970873786407767,0.20500000000000002,0.355,3.752,0.3062068965517241,0.03398058252427184,0.10194174757281553,0.02669902912621359,1,TRUE
668845-2022-113,668845,Aaron Schunk,Aaron Schunk,2022,Double-A,113,Eastern League,538,Hartford Yard Goats,HFD,Third Base,3B,SS,24,497,0.07243460764587525,0.23138832997987926,0.169,0.312,3.5389999999999997,0.24974515800203873,0.028169014084507043,0.09456740442655935,0.01609657947686117,0.96,TRUE
669398-2022-113,669398,Gage Workman,Gage Workman,2022,Double-A,113,Eastern League,106,Erie SeaWolves,ERI,Shortstop,SS,3B,22,515,0.06601941747572816,0.4,0.189,0.359,4.045,0.3758139534883721,0.027184466019417475,0.1029126213592233,0.07572815533980583,0.8,TRUE
682239-2022-113,682239,Luke Ritter,Luke Ritter,2022,Double-A,113,Eastern League,505,Binghamton Rumble Ponies,BNG,Third Base,3B,2B,25,425,0.10823529411764705,0.3129411764705882,0.171,0.29500000000000004,3.8189999999999995,0.31092436974789917,0.03058823529411765,0.07764705882352942,0.021176470588235293,0.99,TRUE
677587-2022-113,677587,Brayan Rocchio,Brayan Rocchio,2022,Double-A,113,Eastern League,402,Akron RubberDucks,AKR,Shortstop,SS,SS,21,432,0.09722222222222222,0.1875,0.166,0.302,3.782,0.24968632371392724,0.03009259259259259,0.08101851851851852,0.041666666666666664,0.9,TRUE
677588-2022-113,677588,José Tena,José Tena,2022,Double-A,113,Eastern League,402,Akron RubberDucks,AKR,Shortstop,SS,DH,21,550,0.045454545454545456,0.2509090909090909,0.14700000000000002,0.33199999999999996,3.8359999999999994,0.27767857142857144,0.023636363636363636,0.08,0.023636363636363636,1.58,TRUE
666152-2022-113,666152,David Hamilton,David Hamilton,2022,Double-A,113,Eastern League,546,Portland Sea Dogs,POR,Second Base,2B,3B,24,531,0.10546139359698682,0.224105461393597,0.15100000000000002,0.312,3.9339999999999997,0.21705426356589147,0.022598870056497175,0.0696798493408663,0.14689265536723164,0.55,TRUE
676847-2022-113,676847,Shane Matheny,Shane Matheny,2022,Double-A,113,Eastern League,3410,Richmond Flying Squirrels,RIC,Outfielder,CF,3B,26,382,0.1518324607329843,0.3010471204188482,0.162,0.36,4.127999999999999,0.33070866141732286,0.031413612565445025,0.06806282722513089,0.010471204188481676,0.8500000000000001,TRUE
620442-2022-113,620442,Wendell Rijo,Wendell Rijo,2022,Double-A,113,Eastern League,522,Reading Fightin Phils,REA,Third Base,3B,2B,26,395,0.10379746835443038,0.21518987341772153,0.17800000000000002,0.317,3.668,0.2681744749596123,0.030379746835443037,0.09113924050632911,0.07848101265822785,0.8600000000000001,TRUE
676667-2022-113,676667,Justin Connell,Justin Connell,2022,Double-A,113,Eastern League,547,Harrisburg Senators,HBG,Outfielder,RF,OF,23,379,0.1266490765171504,0.2928759894459103,0.167,0.313,4.087,0.31277533039647576,0.029023746701846966,0.079155672823219,0.03430079155672823,0.8400000000000001,TRUE
666126-2022-113,666126,Carlos Cortes,Carlos Cortes,2022,Double-A,113,Eastern League,505,Binghamton Rumble Ponies,BNG,Outfielder,LF,RF,25,374,0.09358288770053476,0.26737967914438504,0.17200000000000001,0.307,4.151999999999999,0.27217125382262997,0.029411764705882353,0.0855614973262032,0.00267379679144385,0.58,TRUE
671271-2022-113,671271,Jeisson Rosario,Jeisson Rosario,2022,Double-A,113,Eastern League,1956,Somerset Patriots,SOM,Outfielder,CF,OF,22,433,0.14780600461893764,0.18937644341801385,0.166,0.28400000000000003,3.88,0.2733516483516483,0.025404157043879907,0.07852193995381063,0.04387990762124711,1.04,TRUE
665782-2022-113,665782,Luis De Los Santos,Luis De Los Santos,2022,Double-A,113,Eastern League,463,New Hampshire Fisher Cats,NH,Shortstop,SS,3B,24,449,0.0757238307349666,0.22048997772828507,0.131,0.32,3.67,0.2939068100358423,0.022271714922048998,0.06904231625835189,0.024498886414253896,1.58,TRUE
678894-2022-113,678894,Liover Peguero,Liover Peguero,2022,Double-A,113,Eastern League,452,Altoona Curve,ALT,Shortstop,SS,SS,21,521,0.05566218809980806,0.21305182341650672,0.128,0.316,3.608,0.2806652806652807,0.019193857965451054,0.0710172744721689,0.06525911708253358,1,TRUE
667663-2022-113,667663,Hunter Stovall,Hunter Stovall,2022,Double-A,113,Eastern League,538,Hartford Yard Goats,HFD,Shortstop,SS,2B,25,435,0.07816091954022988,0.20919540229885059,0.15300000000000002,0.325,3.726,0.21799746514575413,0.020689655172413793,0.0896551724137931,0.034482758620689655,1.1,TRUE
669707-2022-113,669707,Jared Triolo,Jared Triolo,2022,Double-A,113,Eastern League,452,Altoona Curve,ALT,Third Base,3B,SS,24,495,0.12727272727272726,0.17575757575757575,0.136,0.33299999999999996,3.885,0.20070838252656434,0.01818181818181818,0.0707070707070707,0.05858585858585859,0.75,TRUE
676280-2022-113,676280,Tyler Dearden,Tyler Dearden,2022,Double-A,113,Eastern League,546,Portland Sea Dogs,POR,Outfielder,LF,OF,23,376,0.13031914893617022,0.27393617021276595,0.133,0.357,3.947,0.2868965517241379,0.02127659574468085,0.06648936170212766,0.005319148936170213,0.96,TRUE
686659-2022-113,686659,Julian Escobedo,Julian Escobedo,2022,Double-A,113,Eastern League,402,Akron RubberDucks,AKR,Outfielder,CF,CF,24,439,0.09111617312072894,0.1958997722095672,0.111,0.255,3.904,0.2621231979030144,0.015945330296127564,0.05922551252847381,0.04783599088838269,0.8400000000000001,TRUE
669002-2022-113,669002,Connor Scott,Connor Scott,2022,Double-A,113,Eastern League,452,Altoona Curve,ALT,Outfielder,RF,LF,22,424,0.07783018867924528,0.2169811320754717,0.14200000000000002,0.305,3.6670000000000003,0.2816020025031289,0.01650943396226415,0.08490566037735849,0.03773584905660377,0.8300000000000001,TRUE
687714-2022-113,687714,Jackson Cluff,Jackson Cluff,2022,Double-A,113,Eastern League,547,Harrisburg Senators,HBG,Shortstop,SS,SS,25,406,0.08620689655172414,0.31527093596059114,0.115,0.28,3.8649999999999998,0.28366013071895424,0.014778325123152709,0.06896551724137931,0.029556650246305417,0.39,TRUE
670208-2022-113,670208,Matt Fraizer,Matt Fraizer,2022,Double-A,113,Eastern League,452,Altoona Curve,ALT,Outfielder,CF,CF,24,480,0.07291666666666667,0.2375,0.114,0.28200000000000003,3.748,0.2857142857142857,0.0125,0.06458333333333334,0.03958333333333333,0.73,TRUE
682177-2022-113,682177,Daniel Schneemann,Daniel Schneemann,2022,Double-A,113,Eastern League,402,Akron RubberDucks,AKR,Third Base,3B,CF,25,436,0.10550458715596331,0.22706422018348624,0.08700000000000001,0.255,3.9219999999999997,0.2356687898089172,0.013761467889908258,0.04357798165137615,0.05504587155963303,1.2,TRUE
696281-2022-113,696281,Wyatt Young,Wyatt Young,2022,Double-A,113,Eastern League,505,Binghamton Rumble Ponies,BNG,Second Base,2B,SS,22,434,0.12903225806451613,0.20506912442396313,0.12300000000000001,0.32,4.114999999999999,0.19710906701708278,0.013824884792626729,0.06912442396313365,0.016129032258064516,1.29,TRUE
668667-2022-113,668667,Daniel Cabrera,Daniel Cabrera,2022,Double-A,113,Eastern League,106,Erie SeaWolves,ERI,Outfielder,RF,OF,23,400,0.1,0.2,0.09899999999999999,0.24900000000000003,3.77,0.25289017341040465,0.0125,0.055,0.015,1.44,TRUE
686555-2022-113,686555,Isaac Collins,Isaac Collins,2022,Double-A,113,Eastern League,538,Hartford Yard Goats,HFD,Second Base,2B,LF,24,448,0.12946428571428573,0.20089285714285715,0.125,0.278,3.8819999999999997,0.254421768707483,0.011160714285714286,0.07366071428571429,0.08482142857142858,0.97,TRUE
693409-2022-113,693409,César Prieto,César Prieto,2022,Double-A,113,Eastern League,418,Bowie Baysox,BOW,Third Base,3B,3B,23,389,0.038560411311053984,0.14910025706940874,0.092,0.29400000000000004,3.638,0.17539267015706805,0.010282776349614395,0.06683804627249357,0.017994858611825194,1.27,TRUE
686639-2022-113,686639,Jack Dunn,Jack Dunn,2022,Double-A,113,Eastern League,547,Harrisburg Senators,HBG,Outfielder,CF,SS,25,403,0.12158808933002481,0.20099255583126552,0.07600000000000001,0.312,4.074,0.23884892086330936,0.007444168734491315,0.04962779156327544,0.03970223325062035,1.29,TRUE
666695-2022-113,666695,Jonathan Guzmán,Jonathan Guzmán,2022,Double-A,113,Eastern League,522,Reading Fightin Phils,REA,Shortstop,SS,SS,22,440,0.05454545454545454,0.25,0.067,0.223,3.766,0.26218097447795824,0.006818181818181818,0.038636363636363635,0.031818181818181815,1.12,TRUE
657075-2022-113,657075,Jeremy Vasquez,Jeremy Vasquez,2022,Double-A,113,Eastern League,505,Binghamton Rumble Ponies,BNG,First Base,1B,1B,25,415,0.10602409638554217,0.1710843373493976,0.079,0.28600000000000003,3.824,0.2059238363892807,0.007228915662650603,0.05542168674698795,0,1,TRUE
683364-2022-123,683364,Carlos Dominguez,Carlos Dominguez,2022,Low-A,123,Florida State League,507,St. Lucie Mets,SLU,Outfielder,RF,OF,22,444,0.08333333333333333,0.38963963963963966,0.192,0.359,3.9589999999999996,0.40308370044052866,0.04504504504504504,0.07882882882882883,0.07207207207207207,0.74,TRUE
691456-2022-123,691456,Manuel Sequera,Manuel Sequera,2022,Low-A,123,Florida State League,570,Lakeland Flying Tigers,LAK,Shortstop,SS,SS,19,491,0.04073319755600815,0.2240325865580448,0.19,0.263,3.542,0.2865384615384615,0.038696537678207736,0.09775967413441955,0.018329938900203666,0.71,TRUE
684519-2022-123,684519,Omar De Los Santos,Omar De Los Santos,2022,Low-A,123,Florida State League,507,St. Lucie Mets,SLU,Outfielder,LF,OF,22,478,0.07322175732217573,0.3158995815899582,0.188,0.38,3.6919999999999997,0.41290983606557374,0.03347280334728033,0.09205020920502092,0.17782426778242677,1.23,TRUE
678742-2022-123,678742,Rainer Nunez,Rainer Nunez,2022,Low-A,123,Florida State League,424,Dunedin Blue Jays,DUN,First Base,1B,1B,21,384,0.036458333333333336,0.21354166666666666,0.183,0.346,3.513,0.31137724550898205,0.0390625,0.09114583333333333,0,0.91,TRUE
687749-2022-123,687749,Jase Bowen,Jase Bowen,2022,Low-A,123,Florida State League,3390,Bradenton Marauders,BRD,Outfielder,CF,RF,21,417,0.09112709832134293,0.2637889688249401,0.17200000000000001,0.356,3.691,0.3253333333333333,0.03357314148681055,0.07913669064748201,0.05275779376498801,1.06,TRUE
683550-2022-123,683550,Marcos Cabrera,Marcos Cabrera,2022,Low-A,123,Florida State League,587,Tampa Tarpons,TAM,Third Base,3B,SS,20,390,0.11794871794871795,0.37948717948717947,0.163,0.29400000000000004,3.997,0.4132334581772784,0.035897435897435895,0.0641025641025641,0.06923076923076923,0.89,TRUE
678803-2022-123,678803,Anthony Garcia,Anthony Garcia,2022,Low-A,123,Florida State League,587,Tampa Tarpons,TAM,First Base,1B,RF,21,384,0.21614583333333334,0.40625,0.17400000000000002,0.34099999999999997,4.5,0.4457831325301205,0.036458333333333336,0.059895833333333336,0.06770833333333333,0.77,TRUE
693850-2022-123,693850,Kala'i Rosario,Kala'i Rosario,2022,Low-A,123,Florida State League,509,Fort Myers Mighty Mussels,FTM,Outfielder,RF,OF,19,419,0.081145584725537,0.324582338902148,0.169,0.34099999999999997,3.967,0.3563218390804598,0.028639618138424822,0.08591885441527446,0.021479713603818614,1.1,TRUE
686577-2022-123,686577,Keoni Cavaco,Keoni Cavaco,2022,Low-A,123,Florida State League,509,Fort Myers Mighty Mussels,FTM,Third Base,3B,SS,21,396,0.05555555555555555,0.3484848484848485,0.166,0.33199999999999996,3.864,0.4032059186189889,0.027777777777777776,0.08585858585858586,0.027777777777777776,0.99,TRUE
683493-2022-123,683493,William Lugo,William Lugo,2022,Low-A,123,Florida State League,507,St. Lucie Mets,SLU,Third Base,3B,SS,20,357,0.10364145658263306,0.25210084033613445,0.166,0.33499999999999996,3.807,0.33429394812680113,0.028011204481792718,0.08403361344537816,0,0.8300000000000001,TRUE
681433-2022-123,681433,Noah Cardenas,Noah Cardenas,2022,Low-A,123,Florida State League,509,Fort Myers Mighty Mussels,FTM,Catcher,C,C,22,401,0.18204488778054864,0.1745635910224439,0.15200000000000002,0.308,4.154999999999999,0.17747440273037543,0.022443890274314215,0.06982543640897755,0.0399002493765586,0.8600000000000001,TRUE
696135-2022-123,696135,Kahlil Watson,Kahlil Watson,2022,Low-A,123,Florida State League,479,Jupiter Hammerheads,JUP,Shortstop,SS,RF,19,358,0.07541899441340782,0.3547486033519553,0.164,0.346,3.9219999999999997,0.37228260869565216,0.025139664804469275,0.08379888268156424,0.05307262569832402,1.08,TRUE
680918-2022-123,680918,Brady Allen,Brady Allen,2022,Low-A,123,Florida State League,479,Jupiter Hammerheads,JUP,Outfielder,RF,RF,22,450,0.12222222222222222,0.26222222222222225,0.114,0.33699999999999997,4.009,0.27455919395465994,0.017777777777777778,0.057777777777777775,0.015555555555555555,0.97,TRUE
682625-2022-123,682625,Antonio Gomez,Antonio Gomez,2022,Low-A,123,Florida State League,587,Tampa Tarpons,TAM,Catcher,C,C,20,370,0.0945945945945946,0.2702702702702703,0.117,0.33499999999999996,3.941,0.31283422459893045,0.021621621621621623,0.05405405405405406,0.010810810810810811,1.45,TRUE
691789-2022-123,691789,Izaac Pacheco,Izaac Pacheco,2022,Low-A,123,Florida State League,570,Lakeland Flying Tigers,LAK,Third Base,3B,SS,19,371,0.10242587601078167,0.215633423180593,0.14800000000000002,0.328,3.728,0.2510402219140083,0.0215633423180593,0.08355795148247978,0.0431266846361186,0.8,TRUE
683061-2022-123,683061,Alexander Vargas,Alexander Vargas,2022,Low-A,123,Florida State League,587,Tampa Tarpons,TAM,Shortstop,SS,SS,20,431,0.08120649651972157,0.2853828306264501,0.10800000000000001,0.271,3.9579999999999997,0.3041526374859708,0.018561484918793503,0.05568445475638051,0.09280742459396751,0.7899999999999999,TRUE
682656-2022-123,682656,Sergio Campana,Sergio Campana,2022,Low-A,123,Florida State League,3390,Bradenton Marauders,BRD,Outfielder,CF,OF,20,393,0.13486005089058525,0.3816793893129771,0.113,0.358,3.9619999999999997,0.42419825072886297,0.017811704834605598,0.05597964376590331,0.10432569974554708,1.09,TRUE
691907-2022-123,691907,Tsung-Che Cheng,Tsung-Che Cheng,2022,Low-A,123,Florida State League,3390,Bradenton Marauders,BRD,Shortstop,SS,SS,20,458,0.13755458515283842,0.2074235807860262,0.14800000000000002,0.33999999999999997,4.083,0.24171779141104294,0.013100436681222707,0.08296943231441048,0.0851528384279476,1.1,TRUE
691449-2022-123,691449,Roberto Campos,Roberto Campos,2022,Low-A,123,Florida State League,570,Lakeland Flying Tigers,LAK,Outfielder,CF,RF,19,448,0.08928571428571429,0.21651785714285715,0.127,0.326,3.578,0.31425091352009743,0.011160714285714286,0.08035714285714286,0.022321428571428572,1.7,TRUE
694425-2022-123,694425,Justice Bigbie,Justice Bigbie,2022,Low-A,123,Florida State League,570,Lakeland Flying Tigers,LAK,First Base,1B,OF,23,372,0.07526881720430108,0.239247311827957,0.1,0.346,3.675,0.29971181556195964,0.005376344086021506,0.06451612903225806,0.016129032258064516,1.3800000000000001,TRUE
695653-2022-123,695653,Noah Miller,Noah Miller,2022,Low-A,123,Florida State League,509,Fort Myers Mighty Mussels,FTM,Shortstop,SS,SS,19,469,0.16204690831556504,0.2345415778251599,0.068,0.28700000000000003,4.1979999999999995,0.22871664548919948,0.0042643923240938165,0.03837953091684435,0.06396588486140725,0.7799999999999999,TRUE
692405-2022-123,692405,Jeremy Rivas,Jeremy Rivas,2022,Low-A,123,Florida State League,279,Palm Beach Cardinals,PMB,Shortstop,SS,SS,19,471,0.07855626326963906,0.2208067940552017,0.056,0.316,3.864,0.2906857727737973,0.004246284501061571,0.040339702760084924,0.029723991507430998,1.06,TRUE
692497-2022-123,692497,Estiven Machado,Estiven Machado,2022,Low-A,123,Florida State League,424,Dunedin Blue Jays,DUN,Shortstop,SS,SS,19,380,0.1,0.25526315789473686,0.083,0.365,3.7870000000000004,0.2606707317073171,0.002631578947368421,0.060526315789473685,0.02368421052631579,1.8900000000000001,TRUE
656484-2022-117,656484,Tristan Gray,Tristan Gray,2022,Triple-A,117,International League,234,Durham Bulls,DUR,Shortstop,SS,SS,26,500,0.06,0.318,0.262,0.259,3.8619999999999997,0.38026819923371646,0.066,0.108,0.012,0.6799999999999999,TRUE
623507-2022-117,623507,Josh Lester,Josh Lester,2022,Triple-A,117,International League,512,Toledo Mud Hens,TOL,First Base,1B,1B,27,621,0.0821256038647343,0.22061191626409019,0.233,0.271,3.8019999999999996,0.30290791599353795,0.04669887278582931,0.11272141706924316,0.01610305958132045,0.91,TRUE
669742-2022-117,669742,Darick Hall,Darick Hall,2022,Triple-A,117,International League,1410,Lehigh Valley IronPigs,LHV,First Base,1B,1B,26,443,0.09480812641083522,0.22573363431151242,0.274,0.268,3.682,0.2850182704019488,0.06320541760722348,0.11738148984198646,0.01580135440180587,1.29,TRUE
676551-2022-117,676551,Brewer Hicklen,Brewer Hicklen,2022,Triple-A,117,International League,541,Omaha Storm Chasers,OMA,Outfielder,RF,RF,26,559,0.1037567084078712,0.3613595706618962,0.254,0.36,3.9119999999999995,0.39009287925696595,0.05008944543828265,0.11091234347048301,0.06618962432915922,0.75,TRUE
594953-2022-117,594953,Daniel Palka,Daniel Palka,2022,Triple-A,117,International League,552,Syracuse Mets,SYR,First Base,1B,LF,30,445,0.10786516853932585,0.23595505617977527,0.24300000000000002,0.29400000000000004,3.807,0.2835820895522388,0.058426966292134834,0.09887640449438202,0.0044943820224719105,1.4,TRUE
592622-2022-117,592622,Mark Payton,Mark Payton,2022,Triple-A,117,International League,494,Charlotte Knights,CLT,Outfielder,CF,OF,30,539,0.10018552875695733,0.14100185528756956,0.24600000000000002,0.301,3.8049999999999997,0.19695431472081218,0.04638218923933209,0.11317254174397032,0.03896103896103896,0.9500000000000001,TRUE
572138-2022-117,572138,Jon Singleton,Jon Singleton,2022,Triple-A,117,International League,556,Nashville Sounds,NAS,First Base,1B,1B,30,581,0.20137693631669534,0.27710843373493976,0.21500000000000002,0.273,4.361,0.296259842519685,0.04130808950086059,0.08261617900172118,0.0068846815834767644,0.6,TRUE
668901-2022-117,668901,Mark Vientos,Mark Vientos,2022,Triple-A,117,International League,552,Syracuse Mets,SYR,Third Base,3B,1B,22,427,0.10304449648711944,0.2857142857142857,0.23800000000000002,0.35,3.9579999999999997,0.32960199004975127,0.05620608899297424,0.09601873536299765,0.00468384074941452,1.87,TRUE
663609-2022-117,663609,Luken Baker,Luken Baker,2022,Triple-A,117,International League,235,Memphis Redbirds,MEM,First Base,1B,1B,25,513,0.07212475633528265,0.25146198830409355,0.166,0.265,3.8319999999999994,0.2971602434077079,0.04093567251461988,0.0682261208576998,0,0.77,TRUE
656024-2022-117,656024,Carlos Pérez,Carlos Pérez,2022,Triple-A,117,International League,494,Charlotte Knights,CLT,Catcher,C,C,25,465,0.07311827956989247,0.08602150537634409,0.196,0.234,3.5589999999999997,0.1484771573604061,0.04516129032258064,0.08387096774193549,0.008602150537634409,0.81,TRUE
676475-2022-117,676475,Alec Burleson,Alec Burleson,2022,Triple-A,117,International League,235,Memphis Redbirds,MEM,Outfielder,LF,1B,23,470,0.06170212765957447,0.1425531914893617,0.201,0.35,3.489,0.2110762800417973,0.0425531914893617,0.09787234042553192,0.00851063829787234,1.1300000000000001,TRUE
608841-2022-117,608841,Joey Meneses,Joey Meneses,2022,Triple-A,117,International League,534,Rochester Red Wings,ROC,First Base,1B,1B,30,414,0.07729468599033816,0.21497584541062803,0.203,0.321,3.7830000000000004,0.2545691906005222,0.04830917874396135,0.08454106280193237,0.0024154589371980675,1.11,TRUE
643271-2022-117,643271,Narciso Crook,Narciso Crook,2022,Triple-A,117,International League,451,Iowa Cubs,IOW,Outfielder,RF,OF,26,409,0.08801955990220049,0.30317848410757947,0.232,0.34199999999999997,3.88,0.38402061855670105,0.04645476772616137,0.10513447432762836,0.04645476772616137,1.36,TRUE
676733-2022-117,676733,Mason Martin,Mason Martin,2022,Triple-A,117,International League,484,Indianapolis Indians,IND,First Base,1B,1B,23,541,0.09611829944547134,0.3585951940850277,0.2,0.29900000000000004,4.098,0.4117073170731707,0.03512014787430684,0.09796672828096119,0.027726432532347505,1.04,TRUE
672724-2022-117,672724,Oswald Peraza,Oswald Peraza,2022,Triple-A,117,International League,531,Scranton/Wilkes-Barre RailRiders,SWB,Shortstop,SS,2B,22,429,0.07925407925407925,0.2331002331002331,0.189,0.302,3.618,0.2920353982300885,0.04428904428904429,0.08158508158508158,0.08857808857808858,0.74,TRUE
621514-2022-117,621514,Christin Stewart,Christin Stewart,2022,Triple-A,117,International League,533,Worcester Red Sox,WOR,Outfielder,LF,LF,28,409,0.1491442542787286,0.31784841075794623,0.21300000000000002,0.319,4.337,0.35,0.04645476772616137,0.08312958435207823,0.02689486552567237,0.44,TRUE
669065-2022-117,669065,Kyle Stowers,Kyle Stowers,2022,Triple-A,117,International League,568,Norfolk Tides,NOR,Outfielder,CF,1B,24,407,0.11056511056511056,0.25552825552825553,0.264,0.317,3.9139999999999997,0.3064312736443884,0.04668304668304668,0.12530712530712532,0.012285012285012284,1.1600000000000001,TRUE
666018-2022-117,666018,Jonathan Aranda,Jonathan Aranda,2022,Triple-A,117,International League,234,Durham Bulls,DUR,First Base,1B,1B,24,465,0.0967741935483871,0.21505376344086022,0.203,0.377,4.037,0.1969111969111969,0.03870967741935484,0.0967741935483871,0.008602150537634409,1.25,TRUE
670113-2022-117,670113,Jim Haley,Jim Haley,2022,Triple-A,117,International League,234,Durham Bulls,DUR,First Base,1B,3B,27,420,0.08333333333333333,0.2976190476190476,0.20900000000000002,0.29200000000000004,3.6,0.3246268656716418,0.04285714285714286,0.0880952380952381,0.04285714285714286,1.21,TRUE
676059-2022-117,676059,Jordan Westburg,Jordan Westburg,2022,Triple-A,117,International League,568,Norfolk Tides,NOR,Shortstop,SS,3B,23,413,0.10653753026634383,0.2179176755447942,0.23500000000000001,0.318,3.8859999999999997,0.2796610169491525,0.043583535108958835,0.11138014527845036,0.029055690072639227,0.81,TRUE
681807-2022-117,681807,David Fry,David Fry,2022,Triple-A,117,International League,445,Columbus Clippers,COL,Third Base,3B,RF,26,479,0.081419624217119,0.19206680584551147,0.194,0.28500000000000003,3.5989999999999998,0.2554161915621437,0.03549060542797495,0.09603340292275574,0.0041753653444676405,0.98,TRUE
660613-2022-117,660613,Ronaldo Hernández,Ronaldo Hernández,2022,Triple-A,117,International League,533,Worcester Red Sox,WOR,Catcher,C,C,24,439,0.04783599088838269,0.20956719817767655,0.19,0.29500000000000004,3.5149999999999997,0.3055555555555556,0.0387243735763098,0.10022779043280182,0.00683371298405467,1.1500000000000001,TRUE
676724-2022-117,676724,Jared Young,Jared Young,2022,Triple-A,117,International League,451,Iowa Cubs,IOW,First Base,1B,1B,26,455,0.08791208791208792,0.24175824175824176,0.19,0.271,3.655,0.28606658446362515,0.03736263736263736,0.08791208791208792,0.01098901098901099,1.1500000000000001,TRUE
680837-2022-117,680837,Ryan Fitzgerald,Ryan Fitzgerald,2022,Triple-A,117,International League,533,Worcester Red Sox,WOR,Third Base,3B,3B,28,520,0.09423076923076923,0.25961538461538464,0.181,0.269,3.8559999999999994,0.3050672182006205,0.03076923076923077,0.08846153846153847,0.021153846153846155,0.7899999999999999,TRUE
670156-2022-117,670156,Miles Mastrobuoni,Miles Mastrobuoni,2022,Triple-A,117,International League,234,Durham Bulls,DUR,Second Base,2B,3B,26,573,0.1099476439790576,0.16579406631762653,0.17,0.34199999999999997,4.161999999999999,0.17837235228539577,0.027923211169284468,0.08900523560209424,0.04537521815008726,1.03,TRUE
664057-2022-117,664057,Andrew Stevenson,Andrew Stevenson,2022,Triple-A,117,International League,534,Rochester Red Wings,ROC,Outfielder,CF,CF,28,604,0.076158940397351,0.2251655629139073,0.17800000000000002,0.34299999999999997,3.7319999999999998,0.2643884892086331,0.026490066225165563,0.09271523178807947,0.076158940397351,1.22,TRUE
643603-2022-117,643603,Tyler White,Tyler White,2022,Triple-A,117,International League,431,Gwinnett Stripers,GWN,First Base,1B,1B,31,437,0.16018306636155608,0.20137299771167047,0.182,0.255,4.387,0.21846553966189858,0.036613272311212815,0.07093821510297482,0.013729977116704805,0.58,TRUE
607430-2022-117,607430,John Andreoli,John Andreoli,2022,Triple-A,117,International League,1960,St. Paul Saints,STP,Outfielder,LF,RF,32,421,0.18527315914489312,0.35629453681710216,0.17800000000000002,0.27,4.582,0.32503660322108346,0.035629453681710214,0.0665083135391924,0.052256532066508314,0.81,TRUE
593528-2022-117,593528,Jorge Bonifacio,Jorge Bonifacio,2022,Triple-A,117,International League,1410,Lehigh Valley IronPigs,LHV,Outfielder,LF,RF,29,444,0.10585585585585586,0.28153153153153154,0.167,0.312,4.101,0.291220556745182,0.033783783783783786,0.07432432432432433,0.02252252252252252,0.36,TRUE
680814-2022-117,680814,Peyton Burdick,Peyton Burdick,2022,Triple-A,117,International League,564,Jacksonville Jumbo Shrimp,JAX,Outfielder,CF,CF,25,430,0.12325581395348838,0.27906976744186046,0.195,0.272,3.8349999999999995,0.37440191387559807,0.03488372093023256,0.08372093023255814,0.037209302325581395,0.7799999999999999,TRUE
676628-2022-117,676628,Mark Contreras,Mark Contreras,2022,Triple-A,117,International League,1960,St. Paul Saints,STP,Outfielder,CF,OF,27,423,0.08747044917257683,0.29550827423167847,0.181,0.311,3.719,0.3287671232876712,0.03546099290780142,0.08747044917257683,0.0591016548463357,1.02,TRUE
664314-2022-117,664314,Estevan Florial,Estevan Florial,2022,Triple-A,117,International League,531,Scranton/Wilkes-Barre RailRiders,SWB,Outfielder,CF,LF,24,461,0.11713665943600868,0.3036876355748373,0.199,0.398,4.085,0.354916067146283,0.03253796095444685,0.10412147505422993,0.10629067245119306,1,TRUE
656514-2022-117,656514,Adam Haseley,Adam Haseley,2022,Triple-A,117,International League,494,Charlotte Knights,CLT,Outfielder,CF,CF,26,463,0.06911447084233262,0.16846652267818574,0.17200000000000001,0.259,3.7470000000000003,0.2116788321167883,0.032397408207343416,0.08207343412526998,0.04535637149028078,1.22,TRUE
680438-2022-117,680438,Robert Neustrom,Robert Neustrom,2022,Triple-A,117,International League,568,Norfolk Tides,NOR,Outfielder,LF,OF,25,409,0.07090464547677261,0.1687041564792176,0.17700000000000002,0.24300000000000002,3.8659999999999997,0.23045267489711935,0.03667481662591687,0.08312958435207823,0.039119804400977995,0.74,TRUE
680118-2022-117,680118,Dairon Blanco,Dairon Blanco,2022,Triple-A,117,International League,541,Omaha Storm Chasers,OMA,Outfielder,CF,CF,29,414,0.08454106280193237,0.23671497584541062,0.186,0.371,3.6670000000000003,0.31265822784810127,0.033816425120772944,0.0893719806763285,0.12560386473429952,1.2,TRUE
663478-2022-117,663478,Brendon Davis,Brendon Davis,2022,Triple-A,117,International League,512,Toledo Mud Hens,TOL,Third Base,3B,SS,24,430,0.12790697674418605,0.24186046511627907,0.17700000000000002,0.28400000000000003,4.051,0.3318077803203661,0.03255813953488372,0.08139534883720931,0.023255813953488372,0.7,TRUE
680737-2022-117,680737,Michael Helman,Michael Helman,2022,Triple-A,117,International League,1960,St. Paul Saints,STP,Second Base,2B,CF,26,415,0.0963855421686747,0.1927710843373494,0.166,0.281,3.889,0.2336328626444159,0.033734939759036145,0.07710843373493977,0.08433734939759036,0.8,TRUE
650339-2022-117,650339,Jermaine Palacios,Jermaine Palacios,2022,Triple-A,117,International League,1960,St. Paul Saints,STP,Shortstop,SS,SS,25,428,0.0794392523364486,0.2383177570093458,0.17900000000000002,0.35,3.9579999999999997,0.29655990510083036,0.03271028037383177,0.09813084112149532,0.04906542056074766,1.47,TRUE
676625-2022-117,676625,Rylan Bannon,Rylan Bannon,2022,Triple-A,117,International League,431,Gwinnett Stripers,GWN,Third Base,3B,3B,26,411,0.1435523114355231,0.24330900243309003,0.17300000000000001,0.31,4.287,0.24581005586592178,0.031630170316301706,0.07785888077858881,0.0267639902676399,0.8200000000000001,TRUE
666164-2022-117,666164,Blake Rutherford,Blake Rutherford,2022,Triple-A,117,International League,494,Charlotte Knights,CLT,Outfielder,LF,LF,25,467,0.044967880085653104,0.1948608137044968,0.15700000000000003,0.315,3.36,0.27074235807860264,0.027837259100642397,0.08779443254817987,0.027837259100642397,1.1800000000000002,TRUE
668930-2022-117,668930,Brice Turang,Brice Turang,2022,Triple-A,117,International League,556,Nashville Sounds,NAS,Shortstop,SS,2B,22,603,0.1077943615257048,0.1956882255389718,0.126,0.34199999999999997,4.05,0.21157495256166983,0.02155887230514096,0.06467661691542288,0.05970149253731343,1.1300000000000001,TRUE
669008-2022-117,669008,Ronnie Dawson,Ronnie Dawson,2022,Triple-A,117,International League,416,Louisville Bats,LOU,Outfielder,LF,LF,27,448,0.09375,0.25,0.14200000000000002,0.324,4.002,0.27262931034482757,0.024553571428571428,0.07589285714285714,0.03125,1.22,TRUE
664770-2022-117,664770,Nathan Lukes,Nathan Lukes,2022,Triple-A,117,International League,422,Buffalo Bisons,BUF,Outfielder,CF,RF,27,484,0.09710743801652892,0.18388429752066116,0.14,0.33599999999999997,3.645,0.19506726457399104,0.022727272727272728,0.07644628099173553,0.047520661157024795,1.23,TRUE
578570-2022-117,578570,Juniel Querecuto,Juniel Querecuto,2022,Triple-A,117,International League,416,Louisville Bats,LOU,Shortstop,SS,3B,29,432,0.06712962962962964,0.18518518518518517,0.161,0.29400000000000004,4.042,0.22146118721461186,0.02546296296296296,0.09259259259259259,0.034722222222222224,1.03,TRUE
622569-2022-117,622569,Pablo Reyes,Pablo Reyes,2022,Triple-A,117,International League,556,Nashville Sounds,NAS,Second Base,2B,OF,28,432,0.09027777777777778,0.1550925925925926,0.166,0.305,4.058,0.2018716577540107,0.02546296296296296,0.09259259259259259,0.05092592592592592,0.71,TRUE
670298-2022-117,670298,Kramer Robertson,Kramer Robertson,2022,Triple-A,117,International League,235,Memphis Redbirds,MEM,Shortstop,SS,2B,27,514,0.16342412451361868,0.20038910505836577,0.12400000000000001,0.29400000000000004,4.29,0.2458808618504436,0.021400778210116732,0.054474708171206226,0.07392996108949416,1.6500000000000001,TRUE
655996-2022-117,655996,Cristian Santana,Cristian Santana,2022,Triple-A,117,International League,416,Louisville Bats,LOU,Third Base,3B,3B,25,504,0.06944444444444445,0.2222222222222222,0.12000000000000001,0.33099999999999996,3.9959999999999996,0.302158273381295,0.021825396825396824,0.06547619047619048,0.00992063492063492,1.07,TRUE
670097-2022-117,670097,Zack Short,Zack Short,2022,Triple-A,117,International League,512,Toledo Mud Hens,TOL,Shortstop,SS,SS,27,559,0.15742397137745975,0.26654740608228983,0.14400000000000002,0.308,4.247,0.284640171858217,0.01967799642218247,0.07692307692307693,0.028622540250447227,0.71,TRUE
664051-2022-117,664051,Mitchell Tolman,Mitchell Tolman,2022,Triple-A,117,International League,445,Columbus Clippers,COL,Second Base,2B,2B,28,423,0.11583924349881797,0.20094562647754138,0.17300000000000001,0.29800000000000004,4.239000000000001,0.24714828897338403,0.026004728132387706,0.08983451536643026,0.018912529550827423,1.3900000000000001,TRUE
642197-2022-117,642197,Jamie Westbrook,Jamie Westbrook,2022,Triple-A,117,International League,512,Toledo Mud Hens,TOL,Designated Hitter,DH,2B,27,511,0.10567514677103718,0.15655577299412915,0.128,0.28700000000000003,3.779,0.24947807933194155,0.021526418786692758,0.06457925636007827,0.005870841487279843,1.09,TRUE
642215-2022-117,642215,Weston Wilson,Weston Wilson,2022,Triple-A,117,International League,556,Nashville Sounds,NAS,Third Base,3B,3B,27,462,0.08441558441558442,0.28354978354978355,0.13,0.302,4.0649999999999995,0.2909698996655518,0.023809523809523808,0.06926406926406926,0.045454545454545456,0.98,TRUE
663662-2022-117,663662,Daz Cameron,Daz Cameron,2022,Triple-A,117,International League,512,Toledo Mud Hens,TOL,Outfielder,CF,RF,25,430,0.08604651162790698,0.28604651162790695,0.15100000000000002,0.322,4.009,0.27112232030264816,0.023255813953488372,0.08372093023255814,0.053488372093023255,0.6799999999999999,TRUE
666137-2022-117,666137,Khalil Lee,Khalil Lee,2022,Triple-A,117,International League,552,Syracuse Mets,SYR,Outfielder,CF,CF,24,418,0.11244019138755981,0.33253588516746413,0.15500000000000003,0.314,4.091,0.337612323491656,0.023923444976076555,0.08373205741626795,0.04066985645933014,1.1800000000000002,TRUE
669738-2022-117,669738,Jake Noll,Jake Noll,2022,Triple-A,117,International League,534,Rochester Red Wings,ROC,Second Base,2B,2B,28,423,0.04728132387706856,0.18203309692671396,0.15900000000000003,0.29400000000000004,3.525,0.29118329466357307,0.02364066193853428,0.09219858156028368,0.014184397163120567,0.8500000000000001,TRUE
605486-2022-117,605486,Cory Spangenberg,Cory Spangenberg,2022,Triple-A,117,International League,235,Memphis Redbirds,MEM,Third Base,3B,2B,31,414,0.06521739130434782,0.32608695652173914,0.14900000000000002,0.33499999999999996,3.9059999999999997,0.32524271844660196,0.024154589371980676,0.07729468599033816,0.04106280193236715,1.34,TRUE
642162-2022-117,642162,Pat Valaika,Pat Valaika,2022,Triple-A,117,International League,431,Gwinnett Stripers,GWN,Second Base,2B,SS,29,466,0.0815450643776824,0.20600858369098712,0.126,0.28700000000000003,3.693,0.2636363636363636,0.02145922746781116,0.07081545064377683,0.006437768240343348,0.71,TRUE
686823-2022-117,686823,Will Brennan,Will Brennan,2022,Triple-A,117,International League,445,Columbus Clippers,COL,Outfielder,CF,LF,24,433,0.07621247113163972,0.12240184757505773,0.15500000000000003,0.34199999999999997,3.61,0.1865482233502538,0.020785219399538105,0.09237875288683603,0.03695150115473441,1.1,TRUE
641512-2022-117,641512,Ben DeLuzio,Ben DeLuzio,2022,Triple-A,117,International League,235,Memphis Redbirds,MEM,Outfielder,CF,CF,27,408,0.08823529411764706,0.22303921568627452,0.15100000000000002,0.347,3.8409999999999997,0.26294277929155313,0.022058823529411766,0.07598039215686274,0.08823529411764706,1.1800000000000002,TRUE
687867-2022-117,687867,Clay Dungan,Clay Dungan,2022,Triple-A,117,International League,541,Omaha Storm Chasers,OMA,Second Base,2B,2B,26,515,0.0912621359223301,0.1941747572815534,0.126,0.24500000000000002,3.8119999999999994,0.20396270396270397,0.017475728155339806,0.06796116504854369,0.036893203883495145,0.8300000000000001,TRUE
640460-2022-117,640460,Dustin Peterson,Dustin Peterson,2022,Triple-A,117,International League,1410,Lehigh Valley IronPigs,LHV,Outfielder,RF,LF,27,448,0.09821428571428571,0.22767857142857142,0.135,0.303,3.8149999999999995,0.26052631578947366,0.020089285714285716,0.07589285714285714,0.017857142857142856,1.1600000000000001,TRUE
621545-2022-117,621545,Zach Remillard,Zach Remillard,2022,Triple-A,117,International League,494,Charlotte Knights,CLT,Shortstop,SS,2B,28,491,0.11608961303462322,0.2219959266802444,0.12000000000000001,0.354,3.908,0.24971878515185603,0.018329938900203666,0.06109979633401222,0.05295315682281059,0.96,TRUE
680552-2022-117,680552,Travis Swaggerty,Travis Swaggerty,2022,Triple-A,117,International League,484,Indianapolis Indians,IND,Outfielder,CF,OF,24,458,0.12445414847161572,0.2554585152838428,0.14600000000000002,0.33699999999999997,3.8409999999999997,0.3161764705882353,0.019650655021834062,0.06986899563318777,0.05458515283842795,1.3900000000000001,TRUE
678225-2022-117,678225,Ji Hwan Bae,Ji Hwan Bae,2022,Triple-A,117,International League,484,Indianapolis Indians,IND,Second Base,2B,CF,22,473,0.1014799154334038,0.16913319238900634,0.14100000000000001,0.33799999999999997,3.8139999999999996,0.17942857142857144,0.016913319238900635,0.07822410147991543,0.080338266384778,1.1800000000000002,TRUE
624417-2022-117,624417,Bryson Brigman,Bryson Brigman,2022,Triple-A,117,International League,564,Jacksonville Jumbo Shrimp,JAX,Second Base,2B,SS,27,413,0.053268765133171914,0.22033898305084745,0.118,0.308,3.709,0.25526315789473686,0.01937046004842615,0.06295399515738499,0.029055690072639227,1.1900000000000002,TRUE
675925-2022-117,675925,Cullen Large,Cullen Large,2022,Triple-A,117,International League,422,Buffalo Bisons,BUF,Outfielder,RF,2B,26,468,0.10256410256410256,0.27136752136752135,0.127,0.326,3.9939999999999998,0.27376861397479957,0.014957264957264958,0.07264957264957266,0.017094017094017096,1.04,TRUE
675649-2022-117,675649,Brian Miller,Brian Miller,2022,Triple-A,117,International League,564,Jacksonville Jumbo Shrimp,JAX,Outfielder,LF,OF,26,452,0.08185840707964602,0.17035398230088494,0.14200000000000002,0.34099999999999997,3.664,0.21905940594059406,0.015486725663716814,0.07743362831858407,0.07079646017699115,1.1800000000000002,TRUE
622668-2022-117,622668,Ivan Castillo,Ivan Castillo,2022,Triple-A,117,International League,541,Omaha Storm Chasers,OMA,Shortstop,SS,2B,27,447,0.10067114093959731,0.1185682326621924,0.10500000000000001,0.264,3.64,0.1743002544529262,0.013422818791946308,0.06487695749440715,0.029082774049217,0.8200000000000001,TRUE
661411-2022-117,661411,Lorenzo Cedrola,Lorenzo Cedrola,2022,Triple-A,117,International League,416,Louisville Bats,LOU,Outfielder,CF,CF,24,504,0.025793650793650792,0.16666666666666666,0.088,0.316,3.387,0.2131979695431472,0.007936507936507936,0.057539682539682536,0.041666666666666664,0.96,TRUE
656734-2022-117,656734,Evan Mendoza,Evan Mendoza,2022,Triple-A,117,International League,235,Memphis Redbirds,MEM,Shortstop,SS,3B,26,421,0.1330166270783848,0.1330166270783848,0.07800000000000001,0.281,3.9759999999999995,0.17018469656992086,0.009501187648456057,0.047505938242280284,0.0498812351543943,0.75,TRUE
677954-2022-117,677954,Jordan Groshans,Jordan Groshans,2022,Triple-A,117,International League,564,Jacksonville Jumbo Shrimp,JAX,Third Base,3B,SS,22,412,0.13106796116504854,0.15776699029126215,0.068,0.316,3.8419999999999996,0.2134502923976608,0.007281553398058253,0.043689320388349516,0.007281553398058253,1.05,TRUE
691503-2022-117,691503,Yolbert Sanchez,Yolbert Sanchez,2022,Triple-A,117,International League,494,Charlotte Knights,CLT,Second Base,2B,SS,25,479,0.05636743215031315,0.14822546972860126,0.061,0.325,3.507,0.189873417721519,0.006263048016701462,0.04175365344467641,0.04175365344467641,1.6300000000000001,TRUE
592261-2022-117,592261,Delino DeShields,Delino DeShields,2022,Triple-A,117,International League,431,Gwinnett Stripers,GWN,Outfielder,CF,CF,29,426,0.1807511737089202,0.27230046948356806,0.045,0.326,4.126999999999999,0.29898403483309144,0.002347417840375587,0.03051643192488263,0.107981220657277,0.99,TRUE
691016-2022-118,691016,Tyler Soderstrom,Tyler Soderstrom,2022,High-A,118,Midwest League,499,Lansing Lugnuts,LAN,First Base,1B,LF,20,371,0.07816711590296496,0.2668463611859838,0.254,0.306,3.8299999999999996,0.27474150664697194,0.05390835579514825,0.11320754716981132,0,1.05,TRUE
678413-2022-118,678413,Alexfri Planez,Alexfri Planez,2022,High-A,118,Midwest League,437,Lake County Captains,LC,Outfielder,RF,OF,20,371,0.0431266846361186,0.2398921832884097,0.225,0.281,3.588,0.29506008010680906,0.05121293800539083,0.1078167115902965,0.0215633423180593,0.98,TRUE
682947-2022-118,682947,Jose Ramos,Jose Ramos,2022,High-A,118,Midwest League,456,Great Lakes Loons,GL,Outfielder,CF,CF,21,407,0.09582309582309582,0.32678132678132676,0.227,0.322,3.924,0.37662337662337664,0.04668304668304668,0.10073710073710074,0.004914004914004914,1.1300000000000001,TRUE
683172-2022-118,683172,Joe Naranjo,Joe Naranjo,2022,High-A,118,Midwest League,437,Lake County Captains,LC,First Base,1B,1B,21,514,0.15953307392996108,0.25486381322957197,0.17900000000000002,0.29500000000000004,4.161,0.29845814977973567,0.03501945525291829,0.07198443579766536,0.011673151750972763,0.8700000000000001,TRUE
676002-2022-118,676002,Juan Carlos Negret,Juan Carlos Negret,2022,High-A,118,Midwest League,565,Quad Cities River Bandits,QC,Outfielder,RF,CF,23,377,0.09283819628647215,0.2493368700265252,0.21900000000000003,0.24300000000000002,3.7,0.3333333333333333,0.04774535809018567,0.09283819628647215,0.002652519893899204,0.47000000000000003,TRUE
677673-2022-118,677673,Imanol Vargas,Imanol Vargas,2022,High-A,118,Midwest League,456,Great Lakes Loons,GL,First Base,1B,OF,24,470,0.1702127659574468,0.30851063829787234,0.199,0.384,4.277,0.36073619631901843,0.03829787234042553,0.08297872340425531,0.010638297872340425,0.88,TRUE
680799-2022-118,680799,Seth Gray,Seth Gray,2022,High-A,118,Midwest League,492,Cedar Rapids Kernels,CR,Third Base,3B,3B,24,480,0.09583333333333334,0.3229166666666667,0.15300000000000002,0.348,3.94,0.36225596529284165,0.03333333333333333,0.06458333333333334,0.0375,1.1800000000000002,TRUE
686770-2022-118,686770,Dillan Shrum,Dillan Shrum,2022,High-A,118,Midwest League,565,Quad Cities River Bandits,QC,First Base,1B,1B,24,383,0.13577023498694518,0.3368146214099217,0.232,0.34299999999999997,4.248,0.34750733137829914,0.04177545691906005,0.10182767624020887,0.0026109660574412533,0.6599999999999999,TRUE
669336-2022-118,669336,Joe Gray Jr.,Joe Gray Jr.,2022,High-A,118,Midwest League,572,Wisconsin Timber Rattlers,WIS,Outfielder,RF,OF,22,527,0.0967741935483871,0.33586337760910817,0.16,0.267,4.078,0.3800947867298578,0.028462998102466792,0.07590132827324478,0.036053130929791274,0.75,TRUE
678760-2022-118,678760,Eddys Leonard,Eddys Leonard,2022,High-A,118,Midwest League,456,Great Lakes Loons,GL,Shortstop,SS,SS,21,566,0.07950530035335689,0.21024734982332155,0.171,0.317,3.4959999999999996,0.2806171648987464,0.026501766784452298,0.09010600706713781,0.014134275618374558,0.89,TRUE
685087-2022-118,685087,Jordan Nwogu,Jordan Nwogu,2022,High-A,118,Midwest League,550,South Bend Cubs,SB,Outfielder,CF,OF,23,378,0.09788359788359788,0.23809523809523808,0.234,0.317,3.844,0.29218106995884774,0.03968253968253968,0.10317460317460317,0.06613756613756613,0.8,TRUE
686523-2022-118,686523,Peyton Wilson,Peyton Wilson,2022,High-A,118,Midwest League,565,Quad Cities River Bandits,QC,Second Base,2B,2B,22,390,0.10512820512820513,0.24871794871794872,0.188,0.33499999999999996,3.8689999999999998,0.28475033738191635,0.035897435897435895,0.08461538461538462,0.0641025641025641,1.1900000000000002,TRUE
687724-2022-118,687724,Jake Holton,Jake Holton,2022,High-A,118,Midwest League,582,West Michigan Whitecaps,WM,First Base,1B,1B,24,470,0.15106382978723404,0.1829787234042553,0.168,0.306,4.043,0.2118421052631579,0.027659574468085105,0.07446808510638298,0.02127659574468085,1.46,TRUE
695292-2022-118,695292,L.J. Jones,L.J. Jones,2022,High-A,118,Midwest League,443,Peoria Chiefs,PEO,Designated Hitter,DH,OF,23,440,0.07045454545454545,0.20454545454545456,0.188,0.305,3.561,0.28983688833124216,0.029545454545454545,0.10681818181818181,0.006818181818181818,1.1500000000000001,TRUE
681357-2022-118,681357,Cody Morissette,Cody Morissette,2022,High-A,118,Midwest League,554,Beloit Sky Carp,BEL,Second Base,2B,SS,22,379,0.0870712401055409,0.23746701846965698,0.167,0.275,3.8939999999999997,0.26339969372128635,0.03430079155672823,0.079155672823219,0.013192612137203167,0.74,TRUE
682818-2022-118,682818,Yohendrick Piñango,Yohendrick Piñango,2022,High-A,118,Midwest League,550,South Bend Cubs,SB,Outfielder,LF,LF,20,495,0.06060606060606061,0.17777777777777778,0.14400000000000002,0.28400000000000003,3.762,0.2127872127872128,0.026262626262626262,0.07878787878787878,0.030303030303030304,1.08,TRUE
686958-2022-118,686958,Jose Torres,Jose Torres,2022,High-A,118,Midwest League,459,Dayton Dragons,DAY,Second Base,2B,SS,22,437,0.06407322654462243,0.2654462242562929,0.14400000000000002,0.29100000000000004,3.808,0.302071973827699,0.029748283752860413,0.06636155606407322,0.06864988558352403,0.6799999999999999,TRUE
668860-2022-118,668860,Kale Emshoff,Kale Emshoff,2022,High-A,118,Midwest League,565,Quad Cities River Bandits,QC,Catcher,C,C,24,415,0.09397590361445783,0.3566265060240964,0.15200000000000002,0.33699999999999997,4.108,0.4114888628370457,0.02891566265060241,0.0746987951807229,0.00963855421686747,0.39,TRUE
665820-2022-118,665820,Wander Javier,Wander Javier,2022,High-A,118,Midwest League,492,Cedar Rapids Kernels,CR,Shortstop,SS,SS,23,432,0.06944444444444445,0.2986111111111111,0.15300000000000002,0.275,3.7359999999999998,0.337431693989071,0.027777777777777776,0.07175925925925926,0.018518518518518517,0.9500000000000001,TRUE
687152-2022-118,687152,Darrien Miller,Darrien Miller,2022,High-A,118,Midwest League,572,Wisconsin Timber Rattlers,WIS,Catcher,C,C,21,381,0.12860892388451445,0.2204724409448819,0.164,0.267,4.06,0.22388059701492538,0.031496062992125984,0.06561679790026247,0.01837270341207349,0.7899999999999999,TRUE
683357-2022-118,683357,Owen Caissie,Owen Caissie,2022,High-A,118,Midwest League,550,South Bend Cubs,SB,Outfielder,RF,RF,19,433,0.11547344110854503,0.2863741339491917,0.14800000000000002,0.35,3.947,0.29986962190352023,0.025404157043879907,0.07621247113163972,0.03926096997690531,1.1900000000000002,TRUE
668698-2022-118,668698,Todd Lott,Todd Lott,2022,High-A,118,Midwest League,443,Peoria Chiefs,PEO,Outfielder,RF,OF,24,367,0.051771117166212535,0.2888283378746594,0.165,0.347,3.698,0.32634338138925295,0.02997275204359673,0.08446866485013624,0.02452316076294278,1.04,TRUE
676509-2022-118,676509,Josh Crouch,Josh Crouch,2022,High-A,118,Midwest League,582,West Michigan Whitecaps,WM,Catcher,C,C,23,382,0.09947643979057591,0.14659685863874344,0.15500000000000003,0.319,3.6359999999999997,0.2288021534320323,0.02617801047120419,0.08376963350785341,0.002617801047120419,0.9,TRUE
677577-2022-118,677577,Ynmanol Mariñez,Ynmanol Mariñez,2022,High-A,118,Midwest League,554,Beloit Sky Carp,BEL,Third Base,3B,SS,21,460,0.058695652173913045,0.25,0.118,0.33099999999999996,3.693,0.3200455580865604,0.021739130434782608,0.058695652173913045,0.008695652173913044,1.1500000000000001,TRUE
669442-2022-118,669442,Alerick Soularie,Alerick Soularie,2022,High-A,118,Midwest League,492,Cedar Rapids Kernels,CR,Second Base,2B,OF,22,389,0.12339331619537275,0.27249357326478146,0.15500000000000003,0.29800000000000004,3.761,0.34167893961708395,0.02570694087403599,0.07197943444730077,0.05912596401028278,0.96,TRUE
678218-2022-118,678218,Brandon Valenzuela,Brandon Valenzuela,2022,High-A,118,Midwest League,584,Fort Wayne TinCaps,FW,Catcher,C,C,21,413,0.15254237288135594,0.23002421307506055,0.139,0.256,4.0169999999999995,0.26695526695526695,0.024213075060532687,0.06295399515738499,0.002421307506053269,0.7799999999999999,TRUE
678391-2022-118,678391,Jorbit Vivas,Jorbit Vivas,2022,High-A,118,Midwest League,456,Great Lakes Loons,GL,Second Base,2B,3B,21,570,0.11052631578947368,0.10175438596491228,0.132,0.28500000000000003,3.4749999999999996,0.17027863777089783,0.017543859649122806,0.06315789473684211,0.005263157894736842,0.96,TRUE
680518-2022-118,680518,Zavier Warren,Zavier Warren,2022,High-A,118,Midwest League,572,Wisconsin Timber Rattlers,WIS,Third Base,3B,1B,23,419,0.0883054892601432,0.19331742243436753,0.161,0.253,3.8019999999999996,0.22721268163804492,0.02386634844868735,0.09069212410501193,0.016706443914081145,0.8700000000000001,TRUE
689750-2022-118,689750,Jacob Buchberger,Jacob Buchberger,2022,High-A,118,Midwest League,443,Peoria Chiefs,PEO,Third Base,3B,3B,24,394,0.10406091370558376,0.20812182741116753,0.126,0.312,3.741,0.28717201166180756,0.02284263959390863,0.05583756345177665,0.04314720812182741,0.92,TRUE
678648-2022-118,678648,Herard Gonzalez,Herard Gonzalez,2022,High-A,118,Midwest League,565,Quad Cities River Bandits,QC,Second Base,2B,SS,21,483,0.13457556935817805,0.2360248447204969,0.12300000000000001,0.306,4.004,0.2717391304347826,0.018633540372670808,0.051759834368530024,0.045548654244306416,1.1400000000000001,TRUE
702315-2022-118,702315,Bennett Hostetler,Bennett Hostetler,2022,High-A,118,Midwest League,554,Beloit Sky Carp,BEL,Catcher,C,C,24,421,0.07363420427553444,0.21377672209026127,0.127,0.28,3.622,0.2849740932642487,0.021377672209026127,0.0665083135391924,0.007125890736342043,1.06,TRUE
682621-2022-118,682621,Gabriel Rodriguez,Gabriel Rodriguez,2022,High-A,118,Midwest League,437,Lake County Captains,LC,Third Base,3B,SS,20,361,0.09418282548476455,0.1994459833795014,0.14400000000000002,0.321,3.717,0.28,0.024930747922437674,0.07202216066481995,0.01662049861495845,1.29,TRUE
672537-2022-118,672537,Dalvy Rosario,Dalvy Rosario,2022,High-A,118,Midwest League,554,Beloit Sky Carp,BEL,Third Base,3B,OF,21,467,0.05139186295503212,0.2505353319057816,0.129,0.318,3.525,0.2787068004459309,0.019271948608137045,0.06852248394004283,0.07494646680942184,0.72,TRUE
669360-2022-118,669360,Trei Cruz,Trei Cruz,2022,High-A,118,Midwest League,582,West Michigan Whitecaps,WM,Shortstop,SS,CF,23,467,0.16274089935760172,0.23768736616702354,0.132,0.301,3.844,0.29335071707953064,0.017130620985010708,0.06638115631691649,0.04068522483940043,0.8300000000000001,TRUE
693459-2022-118,693459,Kyler Fedko,Kyler Fedko,2022,High-A,118,Midwest League,492,Cedar Rapids Kernels,CR,Outfielder,RF,LF,22,366,0.10655737704918032,0.1885245901639344,0.14400000000000002,0.269,3.9539999999999997,0.21009771986970685,0.02185792349726776,0.07377049180327869,0.030054644808743168,0.8500000000000001,TRUE
678285-2022-118,678285,Fabian Pertuz,Fabian Pertuz,2022,High-A,118,Midwest League,550,South Bend Cubs,SB,Shortstop,SS,SS,21,461,0.04772234273318872,0.2668112798264642,0.133,0.311,3.738,0.31643002028397565,0.01735357917570499,0.0824295010845987,0.03470715835140998,0.6799999999999999,TRUE
678746-2022-118,678746,Diego Hernandez,Diego Hernandez,2022,High-A,118,Midwest League,565,Quad Cities River Bandits,QC,Outfielder,CF,OF,21,371,0.07277628032345014,0.1940700808625337,0.139,0.33699999999999997,3.4739999999999998,0.2840909090909091,0.018867924528301886,0.07547169811320754,0.09433962264150944,1.76,TRUE
686845-2022-118,686845,Tommy Jew,Tommy Jew,2022,High-A,118,Midwest League,443,Peoria Chiefs,PEO,Outfielder,CF,CF,24,378,0.10317460317460317,0.31746031746031744,0.109,0.277,3.741,0.3835021707670043,0.018518518518518517,0.05555555555555555,0.09259259259259259,0.63,TRUE
671976-2022-118,671976,Tristan Peters,Tristan Peters,2022,High-A,118,Midwest League,572,Wisconsin Timber Rattlers,WIS,Outfielder,LF,CF,22,383,0.1174934725848564,0.15926892950391644,0.17900000000000002,0.351,4.093999999999999,0.21359223300970873,0.018276762402088774,0.09660574412532637,0.04960835509138381,1.02,TRUE
690984-2022-118,690984,Petey Halpin,Petey Halpin,2022,High-A,118,Midwest League,437,Lake County Captains,LC,Outfielder,CF,CF,20,434,0.10368663594470046,0.2119815668202765,0.12300000000000001,0.32999999999999996,3.963,0.2169576059850374,0.013824884792626729,0.07142857142857142,0.052995391705069124,1.12,TRUE
681468-2022-118,681468,Corey Rosier,Corey Rosier,2022,High-A,118,Midwest League,584,Fort Wayne TinCaps,FW,Outfielder,LF,RF,22,373,0.1447721179624665,0.18230563002680966,0.133,0.318,3.761,0.2206896551724138,0.0160857908847185,0.05630026809651475,0.09919571045576407,1.1600000000000001,TRUE
672882-2022-118,672882,Ismael Alcantara,Ismael Alcantara,2022,High-A,118,Midwest League,456,Great Lakes Loons,GL,Outfielder,CF,CF,23,361,0.05817174515235457,0.2659279778393352,0.097,0.24700000000000003,3.753,0.30745341614906835,0.013850415512465374,0.04986149584487535,0.04709141274238227,1.42,TRUE
677731-2022-118,677731,Francisco Hernandez,Francisco Hernandez,2022,High-A,118,Midwest League,443,Peoria Chiefs,PEO,Second Base,2B,3B,22,364,0.12637362637362637,0.27472527472527475,0.113,0.303,4.0249999999999995,0.32450331125827814,0.013736263736263736,0.06318681318681318,0.06043956043956044,1.27,TRUE
683748-2022-118,683748,Victor Mesa Jr.,Victor Mesa Jr.,2022,High-A,118,Midwest League,554,Beloit Sky Carp,BEL,Outfielder,CF,RF,20,525,0.10095238095238095,0.19047619047619047,0.10200000000000001,0.29600000000000004,3.8339999999999996,0.27350427350427353,0.009523809523809525,0.06476190476190476,0.02666666666666667,1,TRUE
696140-2022-118,696140,Ethan Murray,Ethan Murray,2022,High-A,118,Midwest League,572,Wisconsin Timber Rattlers,WIS,Shortstop,SS,SS,22,360,0.09444444444444444,0.26944444444444443,0.114,0.28600000000000003,3.881,0.3037593984962406,0.013888888888888888,0.06944444444444445,0.05,1.08,TRUE
677605-2022-118,677605,Luis Verdugo,Luis Verdugo,2022,High-A,118,Midwest League,550,South Bend Cubs,SB,Third Base,3B,3B,21,422,0.10900473933649289,0.16587677725118483,0.12000000000000001,0.316,3.9219999999999997,0.2175141242937853,0.011848341232227487,0.07819905213270142,0.018957345971563982,0.98,TRUE
673062-2022-118,673062,Jarryd Dale,Jarryd Dale,2022,High-A,118,Midwest League,584,Fort Wayne TinCaps,FW,Shortstop,SS,SS,21,519,0.14258188824662812,0.2504816955684008,0.08,0.269,3.933,0.2910958904109589,0.007707129094412331,0.046242774566473986,0.06551059730250482,0.97,TRUE
701162-2022-118,701162,Ben Malgeri,Ben Malgeri,2022,High-A,118,Midwest League,582,West Michigan Whitecaps,WM,Outfielder,CF,RF,22,462,0.12337662337662338,0.2510822510822511,0.097,0.324,4.006,0.25742574257425743,0.008658008658008658,0.05194805194805195,0.04329004329004329,1.08,TRUE
686475-2022-118,686475,Tyler Tolbert,Tyler Tolbert,2022,High-A,118,Midwest League,565,Quad Cities River Bandits,QC,Shortstop,SS,SS,24,517,0.10638297872340426,0.24177949709864605,0.116,0.29700000000000004,3.741,0.2845714285714286,0.007736943907156673,0.06576402321083172,0.11605415860735009,1.1300000000000001,TRUE
683494-2022-118,683494,Euribiel Angeles,Euribiel Angeles,2022,High-A,118,Midwest League,499,Lansing Lugnuts,LAN,Shortstop,SS,3B,20,388,0.04381443298969072,0.14948453608247422,0.07400000000000001,0.325,3.3019999999999996,0.1620795107033639,0.005154639175257732,0.05670103092783505,0.03608247422680412,0.8200000000000001,TRUE
689456-2022-118,689456,Austin Murr,Austin Murr,2022,High-A,118,Midwest League,582,West Michigan Whitecaps,WM,Outfielder,LF,LF,23,467,0.12205567451820129,0.11777301927194861,0.07200000000000001,0.253,3.927,0.13001383125864455,0.004282655246252677,0.05353319057815846,0.02569593147751606,1.05,TRUE
683083-2022-118,683083,Nasim Nuñez,Nasim Nuñez,2022,High-A,118,Midwest League,554,Beloit Sky Carp,BEL,Shortstop,SS,2B,21,378,0.18783068783068782,0.2724867724867725,0.07700000000000001,0.365,4.3919999999999995,0.2572741194486983,0.005291005291005291,0.042328042328042326,0.15873015873015872,1.26,TRUE
649810-2022-126,649810,Dariel Gomez,Dariel Gomez,2022,High-A,126,Northwest League,403,Everett AquaSox,EVE,First Base,1B,1B,25,470,0.11702127659574468,0.3468085106382979,0.24900000000000003,0.29400000000000004,4.149,0.37640449438202245,0.05531914893617021,0.10212765957446808,0.002127659574468085,1,TRUE
678681-2022-126,678681,Luis Toribio,Luis Toribio,2022,High-A,126,Northwest League,461,Eugene Emeralds,EUG,First Base,1B,SS,21,437,0.11899313501144165,0.3524027459954233,0.22,0.28200000000000003,4.071000000000001,0.37098844672657255,0.04805491990846682,0.09153318077803203,0,1.24,TRUE
669477-2022-126,669477,Casey Schmitt,Casey Schmitt,2022,High-A,126,Northwest League,461,Eugene Emeralds,EUG,Third Base,3B,LF,23,383,0.10966057441253264,0.2245430809399478,0.201,0.319,3.8409999999999997,0.28469241773962806,0.044386422976501305,0.0835509138381201,0.007832898172323759,0.8200000000000001,TRUE
685388-2022-126,685388,Colin Simpson,Colin Simpson,2022,High-A,126,Northwest League,486,Spokane Indians,SPO,First Base,1B,C,25,373,0.09651474530831099,0.20911528150134048,0.23,0.34299999999999997,3.8949999999999996,0.2827298050139276,0.045576407506702415,0.10187667560321716,0.021447721179624665,0.6,TRUE
682622-2022-126,682622,Noelvi Marte,Noelvi Marte,2022,High-A,126,Northwest League,403,Everett AquaSox,EVE,Shortstop,SS,RF,20,394,0.1065989847715736,0.2131979695431472,0.187,0.321,3.8499999999999996,0.24817518248175183,0.03807106598984772,0.08629441624365482,0.048223350253807105,0.8200000000000001,TRUE
691021-2022-126,691021,A.J. Vukovich,A.J. Vukovich,2022,High-A,126,Northwest League,419,Hillsboro Hops,HIL,Third Base,3B,OF,20,448,0.04017857142857143,0.234375,0.17700000000000002,0.32999999999999996,3.5109999999999997,0.27122641509433965,0.033482142857142856,0.09598214285714286,0.08705357142857142,1.09,TRUE
687346-2022-126,687346,Gabe Matthews,Gabe Matthews,2022,High-A,126,Northwest League,460,Tri-City Dust Devils,TRI,First Base,1B,1B,24,475,0.1368421052631579,0.2926315789473684,0.17500000000000002,0.307,4.211,0.32984901277584205,0.029473684210526315,0.08421052631578947,0.008421052631578947,0.9400000000000001,TRUE
682646-2022-126,682646,Jairo Pomares,Jairo Pomares,2022,High-A,126,Northwest League,461,Eugene Emeralds,EUG,Outfielder,LF,OF,21,386,0.09326424870466321,0.3290155440414508,0.183,0.362,3.777,0.3526170798898072,0.03626943005181347,0.08808290155440414,0,0.7899999999999999,TRUE
666183-2022-126,666183,Hunter Bishop,Hunter Bishop,2022,High-A,126,Northwest League,461,Eugene Emeralds,EUG,Outfielder,CF,OF,24,358,0.08659217877094973,0.3268156424581006,0.171,0.328,3.8459999999999996,0.37370753323485967,0.036312849162011177,0.07262569832402235,0.061452513966480445,1.05,TRUE
676678-2022-126,676678,PK Morris,PK Morris,2022,High-A,126,Northwest League,435,Vancouver Canadians,VAN,First Base,1B,1B,23,361,0.11634349030470914,0.2853185595567867,0.199,0.307,4.294,0.2632450331125828,0.036011080332409975,0.09418282548476455,0.00554016620498615,0.7899999999999999,TRUE
681466-2022-126,681466,James Parker,James Parker,2022,High-A,126,Northwest League,403,Everett AquaSox,EVE,Shortstop,SS,SS,22,423,0.10401891252955082,0.32860520094562645,0.163,0.308,3.905,0.36795994993742176,0.030732860520094562,0.07801418439716312,0.014184397163120567,0.7,TRUE
679734-2022-126,679734,Julio Carreras,Julio Carreras,2022,High-A,126,Northwest League,486,Spokane Indians,SPO,Shortstop,SS,SS,22,450,0.06888888888888889,0.23555555555555555,0.184,0.367,3.4779999999999998,0.3069544364508393,0.024444444444444446,0.1111111111111111,0.04888888888888889,0.81,TRUE
677599-2022-126,677599,Miguel Hiraldo,Miguel Hiraldo,2022,High-A,126,Northwest League,435,Vancouver Canadians,VAN,Second Base,2B,3B,21,428,0.0630841121495327,0.29439252336448596,0.15100000000000002,0.307,3.71,0.352549889135255,0.02570093457943925,0.0794392523364486,0.07710280373831775,1.01,TRUE
682641-2022-126,682641,Luis Matos,Luis Matos,2022,High-A,126,Northwest League,461,Eugene Emeralds,EUG,Outfielder,CF,RF,20,407,0.06633906633906633,0.1597051597051597,0.133,0.226,3.383,0.253671562082777,0.02702702702702703,0.06388206388206388,0.0343980343980344,0.61,TRUE
691728-2022-126,691728,Zac Veen,Zac Veen,2022,High-A,126,Northwest League,486,Spokane Indians,SPO,Outfielder,RF,LF,20,400,0.125,0.225,0.17,0.33199999999999996,4.005,0.30144167758846657,0.0275,0.0825,0.135,1.26,TRUE
669208-2022-126,669208,Ryan Bliss,Ryan Bliss,2022,High-A,126,Northwest League,419,Hillsboro Hops,HIL,Shortstop,SS,2B,22,484,0.08884297520661157,0.24380165289256198,0.129,0.268,3.8489999999999998,0.31378935939196523,0.02066115702479339,0.06611570247933884,0.08884297520661157,0.8300000000000001,TRUE
700032-2022-126,700032,Victor Labrada,Victor Labrada,2022,High-A,126,Northwest League,403,Everett AquaSox,EVE,Outfielder,CF,CF,22,463,0.10583153347732181,0.2894168466522678,0.14200000000000002,0.323,3.944,0.2943305186972256,0.02159827213822894,0.06695464362850972,0.0755939524838013,0.98,TRUE
679754-2022-126,679754,Alberto Rodriguez,Alberto Rodriguez,2022,High-A,126,Northwest League,403,Everett AquaSox,EVE,Outfielder,RF,OF,21,527,0.09487666034155598,0.2618595825426945,0.136,0.348,3.8609999999999998,0.2883771929824561,0.018975332068311195,0.0777988614800759,0.018975332068311195,0.98,TRUE
673990-2022-126,673990,Andy Thomas,Andy Thomas,2022,High-A,126,Northwest League,461,Eugene Emeralds,EUG,Catcher,C,C,24,367,0.15803814713896458,0.24795640326975477,0.14200000000000002,0.308,4.139,0.24190800681431004,0.027247956403269755,0.06267029972752043,0.0027247956403269754,1.11,TRUE
681134-2022-126,681134,Caleb Roberts,Caleb Roberts,2022,High-A,126,Northwest League,419,Hillsboro Hops,HIL,Outfielder,LF,OF,22,465,0.12903225806451613,0.2731182795698925,0.14700000000000002,0.32,4.053999999999999,0.2841596130592503,0.01935483870967742,0.07741935483870968,0.047311827956989246,1.1,TRUE
677347-2022-126,677347,Kyren Paris,Kyren Paris,2022,High-A,126,Northwest League,460,Tri-City Dust Devils,TRI,Shortstop,SS,2B,20,392,0.125,0.29846938775510207,0.15900000000000003,0.32999999999999996,3.8979999999999997,0.33783783783783783,0.02040816326530612,0.07908163265306123,0.08163265306122448,0.81,TRUE
675440-2022-126,675440,Mike Peabody,Mike Peabody,2022,High-A,126,Northwest League,460,Tri-City Dust Devils,TRI,Outfielder,LF,OF,23,363,0.09366391184573003,0.29201101928374656,0.127,0.278,3.8759999999999994,0.3711484593837535,0.02203856749311295,0.06060606060606061,0.049586776859504134,1.46,TRUE
678837-2022-126,678837,Bladimir Restituyo,Bladimir Restituyo,2022,High-A,126,Northwest League,486,Spokane Indians,SPO,Outfielder,CF,SS,20,423,0.026004728132387706,0.20567375886524822,0.126,0.33699999999999997,3.1559999999999997,0.28519417475728154,0.018912529550827423,0.06855791962174941,0.07565011820330969,1.22,TRUE
669671-2022-126,669671,Justin Lavey,Justin Lavey,2022,High-A,126,Northwest League,403,Everett AquaSox,EVE,Second Base,2B,2B,24,368,0.09782608695652174,0.3179347826086957,0.127,0.33499999999999996,3.9779999999999998,0.31309904153354634,0.016304347826086956,0.07336956521739131,0.06793478260869565,1.32,TRUE
677647-2022-126,677647,Eddy Diaz,Eddy Diaz,2022,High-A,126,Northwest League,486,Spokane Indians,SPO,Second Base,2B,SS,22,431,0.06960556844547564,0.20185614849187936,0.109,0.322,3.4359999999999995,0.24933333333333332,0.01160092807424594,0.06264501160092807,0.11600928074245939,1.1,TRUE
691011-2022-126,691011,Drew Romo,Drew Romo,2022,High-A,126,Northwest League,486,Spokane Indians,SPO,Catcher,C,C,20,420,0.08333333333333333,0.19285714285714287,0.118,0.306,3.548,0.23673469387755103,0.011904761904761904,0.06904761904761905,0.05,0.8200000000000001,TRUE
668577-2022-126,668577,Osmy Gregorio,Osmy Gregorio,2022,High-A,126,Northwest League,460,Tri-City Dust Devils,TRI,Shortstop,SS,2B,24,486,0.06584362139917696,0.257201646090535,0.081,0.346,3.724,0.2676991150442478,0.00411522633744856,0.053497942386831275,0.06172839506172839,2.04,TRUE
677610-2022-126,677610,D'Shawn Knowles,D'Shawn Knowles,2022,High-A,126,Northwest League,460,Tri-City Dust Devils,TRI,Outfielder,CF,OF,21,365,0.08767123287671233,0.27671232876712326,0.053000000000000005,0.33499999999999996,3.9179999999999997,0.2852852852852853,0.0027397260273972603,0.03561643835616438,0.04657534246575343,1.6600000000000001,TRUE
641829-2022-112,641829,Jason Martin,Jason Martin,2022,Triple-A,112,Pacific Coast League,238,Oklahoma City Dodgers,OKC,Outfielder,RF,CF,26,544,0.125,0.24816176470588236,0.279,0.33199999999999996,4.006,0.28338430173292556,0.058823529411764705,0.11397058823529412,0.02389705882352941,1.34,TRUE
667452-2022-112,667452,Corey Julks,Corey Julks,2022,Triple-A,112,Pacific Coast League,5434,Sugar Land Space Cowboys,SUG,Third Base,3B,LF,26,590,0.09491525423728814,0.21694915254237288,0.233,0.301,3.925,0.24301964839710444,0.05254237288135593,0.09491525423728814,0.04576271186440678,0.8300000000000001,TRUE
542208-2022-112,542208,Carlos Pérez,Carlos Pérez,2022,Triple-A,112,Pacific Coast League,342,Albuquerque Isotopes,ABQ,Designated Hitter,DH,C,31,522,0.10344827586206896,0.19157088122605365,0.27,0.258,4.092,0.18295218295218296,0.05938697318007663,0.11494252873563218,0,0.5700000000000001,TRUE
656448-2022-112,656448,Stone Garrett,Stone Garrett,2022,Triple-A,112,Pacific Coast League,2310,Reno Aces,RNO,Outfielder,RF,CF,26,440,0.075,0.23863636363636365,0.29300000000000004,0.302,3.8109999999999995,0.2947976878612717,0.06363636363636363,0.12272727272727273,0.038636363636363635,0.6799999999999999,TRUE
686676-2022-112,686676,Korey Lee,Korey Lee,2022,Triple-A,112,Pacific Coast League,5434,Sugar Land Space Cowboys,SUG,Catcher,C,C,23,446,0.08071748878923767,0.28475336322869954,0.24500000000000002,0.281,3.881,0.32788671023965144,0.05605381165919283,0.10538116591928251,0.02914798206278027,0.9,TRUE
676116-2022-112,676116,Ryan Noda,Ryan Noda,2022,Triple-A,112,Pacific Coast League,238,Oklahoma City Dodgers,OKC,First Base,1B,1B,26,574,0.1602787456445993,0.28222996515679444,0.21600000000000003,0.33899999999999997,4.246,0.3107177974434612,0.04355400696864112,0.08536585365853659,0.041811846689895474,0.91,TRUE
656449-2022-112,656449,Jake Gatewood,Jake Gatewood,2022,Triple-A,112,Pacific Coast League,561,Salt Lake Bees,SL,First Base,1B,1B,26,428,0.053738317757009345,0.32710280373831774,0.228,0.258,3.984,0.405997693194925,0.0514018691588785,0.10046728971962617,0.011682242990654205,0.72,TRUE
666703-2022-112,666703,Eguy Rosario,Eguy Rosario,2022,Triple-A,112,Pacific Coast League,4904,El Paso Chihuahuas,ELP,Second Base,2B,3B,22,564,0.10460992907801418,0.19326241134751773,0.22,0.325,3.86,0.27228682170542634,0.03900709219858156,0.10638297872340426,0.051418439716312055,0.75,TRUE
592144-2022-112,592144,Wynton Bernard,Wynton Bernard,2022,Triple-A,112,Pacific Coast League,342,Albuquerque Isotopes,ABQ,Outfielder,CF,CF,31,475,0.08210526315789474,0.14105263157894737,0.256,0.353,3.6670000000000003,0.2098159509202454,0.04421052631578947,0.12631578947368421,0.07368421052631578,1.55,TRUE
683737-2022-112,683737,Michael Busch,Michael Busch,2022,Triple-A,112,Pacific Coast League,238,Oklahoma City Dodgers,OKC,Second Base,2B,1B,24,504,0.0992063492063492,0.25992063492063494,0.21400000000000002,0.327,3.9499999999999997,0.265658747300216,0.041666666666666664,0.10515873015873016,0.00992063492063492,0.98,TRUE
669200-2022-112,669200,Mason McCoy,Mason McCoy,2022,Triple-A,112,Pacific Coast League,529,Tacoma Rainiers,TAC,Shortstop,SS,2B,27,503,0.09940357852882704,0.2584493041749503,0.21700000000000003,0.311,3.96,0.2852153667054715,0.041749502982107355,0.09741550695825049,0.04970178926441352,0.9,TRUE
663796-2022-112,663796,Coco Montes,Coco Montes,2022,Triple-A,112,Pacific Coast League,342,Albuquerque Isotopes,ABQ,Second Base,2B,2B,25,479,0.10438413361169102,0.27348643006263046,0.226,0.351,3.9519999999999995,0.3069306930693069,0.04175365344467641,0.10647181628392484,0.029227557411273485,0.6799999999999999,TRUE
656403-2022-112,656403,Drew Ellis,Drew Ellis,2022,Triple-A,112,Pacific Coast League,529,Tacoma Rainiers,TAC,Third Base,3B,3B,26,468,0.1581196581196581,0.25,0.229,0.269,4.3549999999999995,0.2725118483412322,0.0405982905982906,0.10256410256410256,0.019230769230769232,0.53,TRUE
605504-2022-112,605504,Dillon Thomas,Dillon Thomas,2022,Triple-A,112,Pacific Coast League,561,Salt Lake Bees,SL,Outfielder,RF,LF,29,492,0.11382113821138211,0.258130081300813,0.196,0.344,4.0569999999999995,0.32749178532311063,0.036585365853658534,0.08739837398373984,0.02032520325203252,1.1800000000000002,TRUE
621573-2022-112,621573,Austin Dean,Austin Dean,2022,Triple-A,112,Pacific Coast League,105,Sacramento River Cats,SAC,Outfielder,RF,LF,28,438,0.0867579908675799,0.2146118721461187,0.199,0.313,3.705,0.20509383378016086,0.03881278538812785,0.08904109589041095,0.0273972602739726,0.71,TRUE
546994-2022-112,546994,C.J. Hinojosa,C.J. Hinojosa,2022,Triple-A,112,Pacific Coast League,4904,El Paso Chihuahuas,ELP,Shortstop,SS,2B,27,519,0.08670520231213873,0.16570327552986513,0.191,0.322,3.626,0.20169851380042464,0.03275529865125241,0.1001926782273603,0.019267822736030827,0.9,TRUE
694175-2022-112,694175,Pedro León,Pedro León,2022,Triple-A,112,Pacific Coast League,5434,Sugar Land Space Cowboys,SUG,Outfielder,CF,RF,24,504,0.14087301587301587,0.2876984126984127,0.203,0.306,4.188,0.31167400881057267,0.03373015873015873,0.09325396825396826,0.1111111111111111,0.8400000000000001,TRUE
678246-2022-112,678246,Miguel Vargas,Miguel Vargas,2022,Triple-A,112,Pacific Coast League,238,Oklahoma City Dodgers,OKC,Third Base,3B,3B,22,520,0.13653846153846153,0.14615384615384616,0.20800000000000002,0.33099999999999996,3.9149999999999996,0.20734341252699784,0.032692307692307694,0.10192307692307692,0.04038461538461539,0.63,TRUE
625510-2022-112,625510,Erick Mejia,Erick Mejia,2022,Triple-A,112,Pacific Coast League,529,Tacoma Rainiers,TAC,Third Base,3B,P,27,521,0.09404990403071017,0.19769673704414586,0.17200000000000001,0.303,3.908,0.2031413612565445,0.028790786948176585,0.09021113243761997,0.04990403071017274,1.11,TRUE
670128-2022-112,670128,Taylor Kohlwey,Taylor Kohlwey,2022,Triple-A,112,Pacific Coast League,4904,El Paso Chihuahuas,ELP,Outfielder,LF,LF,27,587,0.11584327086882454,0.15502555366269166,0.14600000000000002,0.34099999999999997,3.8309999999999995,0.18092428711897737,0.018739352640545145,0.08006814310051108,0.020442930153321975,0.97,TRUE
671218-2022-112,671218,Heliot Ramos,Heliot Ramos,2022,Triple-A,112,Pacific Coast League,105,Sacramento River Cats,SAC,Outfielder,CF,LF,22,475,0.0863157894736842,0.23578947368421052,0.12200000000000001,0.28300000000000003,3.8819999999999997,0.30612244897959184,0.023157894736842106,0.061052631578947365,0.02526315789473684,1.2,TRUE
682073-2022-112,682073,David Hensley,David Hensley,2022,Triple-A,112,Pacific Coast League,5434,Sugar Land Space Cowboys,SUG,Shortstop,SS,OF,26,464,0.1724137931034483,0.22198275862068967,0.17900000000000002,0.383,4.124999999999999,0.2260596546310832,0.021551724137931036,0.09482758620689655,0.05818965517241379,1.86,TRUE
621008-2022-112,621008,Alex De Goti,Alex De Goti,2022,Triple-A,112,Pacific Coast League,5434,Sugar Land Space Cowboys,SUG,Shortstop,SS,SS,27,577,0.1265164644714038,0.18024263431542462,0.12300000000000001,0.301,3.953,0.22253258845437615,0.01559792027729636,0.06932409012131716,0.01733102253032929,0.93,TRUE
664954-2022-112,664954,Brett Sullivan,Brett Sullivan,2022,Triple-A,112,Pacific Coast League,4904,El Paso Chihuahuas,ELP,Catcher,C,C,28,475,0.08,0.12210526315789473,0.15900000000000003,0.302,3.524,0.11585365853658537,0.018947368421052633,0.09052631578947369,0.00631578947368421,0.71,TRUE
682183-2022-112,682183,Drew Avans,Drew Avans,2022,Triple-A,112,Pacific Coast League,238,Oklahoma City Dodgers,OKC,Outfielder,CF,LF,26,504,0.12103174603174603,0.25595238095238093,0.14400000000000002,0.387,4.095,0.26297968397291194,0.013888888888888888,0.07142857142857142,0.09325396825396826,1.08,TRUE
670148-2022-112,670148,Nate Mondou,Nate Mondou,2022,Triple-A,112,Pacific Coast League,400,Las Vegas Aviators,LV,Second Base,2B,2B,27,449,0.10244988864142539,0.18485523385300667,0.14800000000000002,0.33999999999999997,3.9549999999999996,0.18441558441558442,0.015590200445434299,0.08908685968819599,0.004454342984409799,0.8700000000000001,TRUE
676900-2022-112,676900,Ryan Dorow,Ryan Dorow,2022,Triple-A,112,Pacific Coast League,102,Round Rock Express,RR,Shortstop,SS,SS,26,424,0.10377358490566038,0.22877358490566038,0.116,0.303,3.8369999999999997,0.2680965147453083,0.014150943396226415,0.0660377358490566,0.01179245283018868,0.8,TRUE
657088-2022-112,657088,Forrest Wall,Forrest Wall,2022,Triple-A,112,Pacific Coast League,529,Tacoma Rainiers,TAC,Outfielder,CF,LF,26,467,0.08993576017130621,0.2676659528907923,0.1,0.349,4.193,0.24210526315789474,0.01284796573875803,0.055674518201284794,0.13704496788008566,1.08,TRUE
666150-2022-112,666150,Dominic Fletcher,Dominic Fletcher,2022,Triple-A,112,Pacific Coast League,2310,Reno Aces,RNO,Outfielder,CF,RF,24,449,0.0935412026726058,0.19599109131403117,0.15200000000000002,0.369,3.8349999999999995,0.19161676646706588,0.011135857461024499,0.0935412026726058,0.024498886414253896,1.04,TRUE
668723-2022-112,668723,Ryan Vilade,Ryan Vilade,2022,Triple-A,112,Pacific Coast League,342,Albuquerque Isotopes,ABQ,Outfielder,RF,RF,23,430,0.12093023255813953,0.16046511627906976,0.10300000000000001,0.29100000000000004,3.626,0.2,0.011627906976744186,0.05581395348837209,0.037209302325581395,1.22,TRUE
642221-2022-112,642221,Kean Wong,Kean Wong,2022,Triple-A,112,Pacific Coast League,561,Salt Lake Bees,SL,Third Base,3B,2B,27,565,0.1079646017699115,0.22123893805309736,0.07,0.33999999999999997,3.9379999999999997,0.25821596244131456,0.005309734513274336,0.04424778761061947,0.0831858407079646,1.4,TRUE
681715-2022-116,681715,Heriberto Hernández,Heriberto Hernández,2022,High-A,116,South Atlantic League,2498,Bowling Green Hot Rods,BG,Outfielder,LF,LF,22,494,0.13562753036437247,0.31376518218623484,0.24300000000000002,0.346,4.1499999999999995,0.3787878787878788,0.048582995951417005,0.10728744939271255,0.016194331983805668,0.89,TRUE
671113-2022-116,671113,Zach Daniels,Zach Daniels,2022,High-A,116,South Atlantic League,573,Asheville Tourists,ASH,Outfielder,LF,OF,23,412,0.11650485436893204,0.308252427184466,0.24000000000000002,0.371,4.002,0.3671052631578947,0.055825242718446605,0.09466019417475728,0.06553398058252427,1.59,TRUE
676205-2022-116,676205,Tyler Hardman,Tyler Hardman,2022,High-A,116,South Atlantic League,537,Hudson Valley Renegades,HV,Third Base,3B,1B,23,447,0.0894854586129754,0.3042505592841163,0.21700000000000003,0.33299999999999996,3.9819999999999998,0.32138442521631644,0.049217002237136466,0.0894854586129754,0.040268456375838924,0.91,TRUE
683593-2022-116,683593,Dariel Lopez,Dariel Lopez,2022,High-A,116,South Atlantic League,477,Greensboro Grasshoppers,GBO,Third Base,3B,SS,20,420,0.05,0.25476190476190474,0.189,0.348,3.5709999999999997,0.2880710659898477,0.04523809523809524,0.08333333333333333,0.023809523809523808,1.57,TRUE
682868-2022-116,682868,Bryan Ramos,Bryan Ramos,2022,High-A,116,South Atlantic League,580,Winston-Salem Dash,WS,Third Base,3B,3B,20,433,0.09237875288683603,0.16397228637413394,0.196,0.29100000000000004,3.7319999999999998,0.25591098748261476,0.04387990762124711,0.08314087759815242,0.0023094688221709007,0.8400000000000001,TRUE
686677-2022-116,686677,Landon Stephens,Landon Stephens,2022,High-A,116,South Atlantic League,432,Rome Braves,ROM,Outfielder,LF,1B,24,392,0.1377551020408163,0.2729591836734694,0.231,0.268,3.9919999999999995,0.3530150753768844,0.04846938775510204,0.08928571428571429,0.01020408163265306,0.69,TRUE
683090-2022-116,683090,Matthew Lugo,Matthew Lugo,2022,High-A,116,South Atlantic League,428,Greenville Drive,GVL,Shortstop,SS,LF,21,512,0.068359375,0.1953125,0.21200000000000002,0.32999999999999996,3.502,0.27766990291262134,0.03515625,0.103515625,0.052734375,0.9400000000000001,TRUE
676288-2022-116,676288,Baron Radcliff,Baron Radcliff,2022,High-A,116,South Atlantic League,427,Jersey Shore BlueClaws,JS,Outfielder,LF,OF,23,408,0.14705882352941177,0.39950980392156865,0.202,0.389,4.346,0.4107142857142857,0.041666666666666664,0.08333333333333333,0.0196078431372549,1.22,TRUE
682848-2022-116,682848,Endy Rodríguez,Endy Rodríguez,2022,High-A,116,South Atlantic League,477,Greensboro Grasshoppers,GBO,Catcher,C,C,22,370,0.11351351351351352,0.20810810810810812,0.24200000000000002,0.351,3.8539999999999996,0.23186344238975817,0.043243243243243246,0.11351351351351352,0.016216216216216217,0.64,TRUE
695257-2022-116,695257,Billy Cook,Billy Cook,2022,High-A,116,South Atlantic League,488,Aberdeen IronBirds,ABD,Outfielder,RF,CF,23,437,0.07780320366132723,0.3180778032036613,0.201,0.29800000000000004,3.8719999999999994,0.352803738317757,0.034324942791762014,0.09610983981693363,0.06636155606407322,0.65,TRUE
678900-2022-116,678900,Alexander Ovalles,Alexander Ovalles,2022,High-A,116,South Atlantic League,2498,Bowling Green Hot Rods,BG,First Base,1B,OF,21,368,0.11684782608695653,0.20652173913043478,0.21000000000000002,0.316,4.159999999999999,0.2661290322580645,0.03804347826086957,0.09510869565217392,0.03804347826086957,1.42,TRUE
695336-2022-116,695336,Thomas Saggese,Thomas Saggese,2022,High-A,116,South Atlantic League,448,Hickory Crawdads,HIC,Second Base,2B,LF,20,419,0.06921241050119331,0.2243436754176611,0.17900000000000002,0.372,3.8139999999999996,0.2424581005586592,0.03341288782816229,0.09069212410501193,0.03341288782816229,0.8600000000000001,TRUE
700242-2022-116,700242,Trey Sweeney,Trey Sweeney,2022,High-A,116,South Atlantic League,537,Hudson Valley Renegades,HV,Shortstop,SS,SS,22,458,0.12882096069868995,0.23580786026200873,0.17400000000000002,0.29700000000000004,3.9019999999999997,0.24769433465085638,0.03056768558951965,0.07860262008733625,0.06768558951965066,0.8200000000000001,TRUE
683227-2022-116,683227,Cody Freeman,Cody Freeman,2022,High-A,116,South Atlantic League,448,Hickory Crawdads,HIC,Catcher,C,3B,21,436,0.09174311926605505,0.16055045871559634,0.132,0.251,3.8919999999999995,0.19225251076040173,0.02981651376146789,0.05504587155963303,0.02981651376146789,1.1700000000000002,TRUE
669386-2022-116,669386,Trevor Hauver,Trevor Hauver,2022,High-A,116,South Atlantic League,448,Hickory Crawdads,HIC,Outfielder,LF,2B,23,359,0.19220055710306408,0.25069637883008355,0.196,0.26,4.44,0.2600732600732601,0.036211699164345405,0.07520891364902507,0.008356545961002786,1.09,TRUE
670868-2022-116,670868,Abrahan Gutierrez,Abrahan Gutierrez,2022,High-A,116,South Atlantic League,477,Greensboro Grasshoppers,GBO,Catcher,C,C,22,441,0.11791383219954649,0.25396825396825395,0.15400000000000003,0.33099999999999996,3.9979999999999998,0.25204359673024523,0.027210884353741496,0.07709750566893424,0.013605442176870748,1.02,TRUE
672635-2022-116,672635,Luis Mieses,Luis Mieses,2022,High-A,116,South Atlantic League,580,Winston-Salem Dash,WS,Outfielder,RF,OF,22,451,0.05321507760532151,0.15964523281596452,0.167,0.313,3.503,0.25178389398572887,0.026607538802660754,0.10199556541019955,0,0.96,TRUE
685121-2022-116,685121,Beau Philip,Beau Philip,2022,High-A,116,South Atlantic League,432,Rome Braves,ROM,Third Base,3B,P,23,449,0.13808463251670378,0.29175946547884185,0.12000000000000001,0.3,3.9059999999999997,0.33022636484687085,0.026726057906458798,0.0467706013363029,0.035634743875278395,1.2,TRUE
677060-2022-116,677060,Chad Stevens,Chad Stevens,2022,High-A,116,South Atlantic League,573,Asheville Tourists,ASH,Shortstop,SS,2B,23,359,0.08356545961002786,0.28133704735376047,0.168,0.321,3.9139999999999997,0.2984441301272984,0.033426183844011144,0.0807799442896936,0.04735376044568245,0.8700000000000001,TRUE
694497-2022-116,694497,Evan Carter,Evan Carter,2022,High-A,116,South Atlantic League,448,Hickory Crawdads,HIC,Outfielder,CF,CF,19,447,0.1319910514541387,0.16778523489932887,0.189,0.329,4.002,0.21522693997071743,0.024608501118568233,0.087248322147651,0.08501118568232663,0.76,TRUE
695587-2022-116,695587,Bryson Horne,Bryson Horne,2022,High-A,116,South Atlantic League,432,Rome Braves,ROM,First Base,1B,1B,23,413,0.07990314769975787,0.26634382566585957,0.14500000000000002,0.314,3.8349999999999995,0.2880371660859466,0.026634382566585957,0.07506053268765134,0.012106537530266344,1.11,TRUE
670919-2022-116,670919,Luis Santana,Luis Santana,2022,High-A,116,South Atlantic League,573,Asheville Tourists,ASH,Second Base,2B,2B,22,396,0.09595959595959595,0.17424242424242425,0.17500000000000002,0.34299999999999997,3.702,0.25072463768115943,0.027777777777777776,0.09090909090909091,0.03787878787878788,1.42,TRUE
694377-2022-116,694377,Nick Yorke,Nick Yorke,2022,High-A,116,South Atlantic League,428,Greenville Drive,GVL,Second Base,2B,3B,20,373,0.08847184986595175,0.2520107238605898,0.134,0.28800000000000003,4.1419999999999995,0.2967189728958631,0.029490616621983913,0.058981233243967826,0.032171581769437,1.02,TRUE
701648-2022-116,701648,Aaron Zavala,Aaron Zavala,2022,High-A,116,South Atlantic League,448,Hickory Crawdads,HIC,Outfielder,RF,OF,22,375,0.18133333333333335,0.21066666666666667,0.164,0.344,4.156999999999999,0.24570446735395188,0.029333333333333333,0.064,0.04,0.76,TRUE
671276-2022-116,671276,Yasel Antuna,Yasel Antuna,2022,High-A,116,South Atlantic League,426,Wilmington Blue Rocks,WIL,Outfielder,LF,SS,22,415,0.17349397590361446,0.21204819277108433,0.136,0.28300000000000003,4.306,0.22493224932249323,0.024096385542168676,0.05783132530120482,0.07710843373493977,0.71,TRUE
682685-2022-116,682685,Cristian Gonzalez,Cristian Gonzalez,2022,High-A,116,South Atlantic League,573,Asheville Tourists,ASH,Shortstop,SS,SS,20,445,0.0651685393258427,0.2853932584269663,0.12200000000000001,0.302,3.5189999999999997,0.3561320754716981,0.02247191011235955,0.0651685393258427,0.006741573033707865,1.1800000000000002,TRUE
687431-2022-116,687431,Hudson Head,Hudson Head,2022,High-A,116,South Atlantic League,477,Greensboro Grasshoppers,GBO,Outfielder,CF,CF,21,420,0.11190476190476191,0.3357142857142857,0.15300000000000002,0.354,4.151999999999999,0.3371647509578544,0.023809523809523808,0.07380952380952381,0.05,1.11,TRUE
665827-2022-116,665827,Harvin Mendoza,Harvin Mendoza,2022,High-A,116,South Atlantic League,580,Winston-Salem Dash,WS,First Base,1B,1B,23,410,0.0951219512195122,0.20243902439024392,0.116,0.20700000000000002,3.9339999999999997,0.2572759022118743,0.024390243902439025,0.04878048780487805,0,1.05,TRUE
677068-2022-116,677068,Tyler Osik,Tyler Osik,2022,High-A,116,South Atlantic League,580,Winston-Salem Dash,WS,Designated Hitter,DH,1B,25,359,0.08913649025069638,0.21448467966573817,0.15300000000000002,0.38,3.947,0.27685325264750377,0.027855153203342618,0.07242339832869081,0.013927576601671309,1.73,TRUE
688403-2022-116,688403,Michael Sandle,Michael Sandle,2022,High-A,116,South Atlantic League,573,Asheville Tourists,ASH,Outfielder,CF,OF,23,524,0.07633587786259542,0.21374045801526717,0.134,0.33199999999999996,3.679,0.25876288659793817,0.019083969465648856,0.07251908396946564,0.04961832061068702,0.89,TRUE
669451-2022-116,669451,Chris Seise,Chris Seise,2022,High-A,116,South Atlantic League,448,Hickory Crawdads,HIC,Designated Hitter,DH,SS,23,388,0.09536082474226804,0.32216494845360827,0.139,0.352,3.961,0.3569482288828338,0.02577319587628866,0.06701030927835051,0.03865979381443299,1.76,TRUE
675961-2022-116,675961,Alika Williams,Alika Williams,2022,High-A,116,South Atlantic League,2498,Bowling Green Hot Rods,BG,Shortstop,SS,SS,23,380,0.12368421052631579,0.17894736842105263,0.136,0.28900000000000003,4.171,0.21513353115727002,0.02631578947368421,0.05789473684210526,0.02368421052631579,0.65,TRUE
669363-2022-116,669363,Jacob Gonzalez,Jacob Gonzalez,2022,High-A,116,South Atlantic League,477,Greensboro Grasshoppers,GBO,First Base,1B,3B,24,373,0.07238605898123325,0.13136729222520108,0.126,0.305,3.614,0.2034383954154728,0.024128686327077747,0.06166219839142091,0.00804289544235925,0.96,TRUE
665850-2022-116,665850,Cristian Inoa,Cristian Inoa,2022,High-A,116,South Atlantic League,448,Hickory Crawdads,HIC,First Base,1B,2B,22,409,0.08557457212713937,0.1882640586797066,0.14400000000000002,0.325,3.6109999999999998,0.23636363636363636,0.022004889975550123,0.08068459657701711,0.017114914425427872,0.55,TRUE
694812-2022-116,694812,Tyler McDonough,Tyler McDonough,2022,High-A,116,South Atlantic League,428,Greenville Drive,GVL,Outfielder,CF,2B,23,517,0.09284332688588008,0.31334622823984526,0.127,0.33399999999999996,4.015,0.3149113660062565,0.017408123791102514,0.06963249516441006,0.05029013539651837,1.34,TRUE
681941-2022-116,681941,Jaylen Palmer,Jaylen Palmer,2022,High-A,116,South Atlantic League,453,Brooklyn Cyclones,BRK,Outfielder,CF,SS,21,377,0.13262599469496023,0.38992042440318303,0.14,0.308,4.149,0.40635451505016723,0.023872679045092837,0.0636604774535809,0.06631299734748011,1.29,TRUE
688682-2022-116,688682,Cooper Bowman,Cooper Bowman,2022,High-A,116,South Atlantic League,537,Hudson Valley Renegades,HV,Second Base,2B,2B,22,364,0.1510989010989011,0.2664835164835165,0.137,0.28600000000000003,4.401000000000001,0.25925925925925924,0.02197802197802198,0.06593406593406594,0.11263736263736264,1.25,TRUE
682182-2022-116,682182,J.C. Correa,J.C. Correa,2022,High-A,116,South Atlantic League,573,Asheville Tourists,ASH,Catcher,C,SS,23,453,0.08167770419426049,0.07947019867549669,0.136,0.317,3.545,0.125,0.017660044150110375,0.08388520971302428,0.006622516556291391,1.1400000000000001,TRUE
665989-2022-116,665989,Shervyen Newton,Shervyen Newton,2022,High-A,116,South Atlantic League,453,Brooklyn Cyclones,BRK,Shortstop,SS,SS,23,378,0.10317460317460317,0.3544973544973545,0.131,0.303,3.8939999999999997,0.3855932203389831,0.021164021164021163,0.06349206349206349,0.005291005291005291,1.22,TRUE
672692-2022-116,672692,Jose Peroza,Jose Peroza,2022,High-A,116,South Atlantic League,453,Brooklyn Cyclones,BRK,Second Base,2B,3B,22,459,0.10457516339869281,0.23965141612200436,0.128,0.351,3.63,0.30313588850174217,0.017429193899782137,0.0718954248366013,0.010893246187363835,1.04,TRUE
688449-2022-116,688449,TT Bowens,TT Bowens,2022,High-A,116,South Atlantic League,488,Aberdeen IronBirds,ABD,First Base,1B,1B,24,434,0.15207373271889402,0.2903225806451613,0.14400000000000002,0.36,4.0969999999999995,0.3370165745856354,0.016129032258064516,0.07373271889400922,0.009216589861751152,1.62,TRUE
686601-2022-116,686601,Drew Campbell,Drew Campbell,2022,High-A,116,South Atlantic League,432,Rome Braves,ROM,Outfielder,CF,CF,24,413,0.08958837772397095,0.21307506053268765,0.10600000000000001,0.33599999999999997,3.828,0.28236607142857145,0.01694915254237288,0.05084745762711865,0.053268765133171914,1.37,TRUE
668752-2022-116,668752,Duke Ellis,Duke Ellis,2022,High-A,116,South Atlantic League,580,Winston-Salem Dash,WS,Outfielder,LF,CF,24,432,0.10416666666666667,0.25,0.118,0.364,3.9099999999999997,0.29506172839506173,0.016203703703703703,0.0625,0.13425925925925927,1.43,TRUE
666141-2022-116,666141,Drew Mendoza,Drew Mendoza,2022,High-A,116,South Atlantic League,426,Wilmington Blue Rocks,WIL,First Base,1B,3B,24,392,0.09948979591836735,0.30357142857142855,0.10800000000000001,0.29200000000000004,3.8949999999999996,0.354796320630749,0.017857142857142856,0.05612244897959184,0.007653061224489796,0.88,TRUE
681159-2022-116,681159,Ethan Wilson,Ethan Wilson,2022,High-A,116,South Atlantic League,427,Jersey Shore BlueClaws,JS,Outfielder,RF,OF,22,458,0.0611353711790393,0.20305676855895197,0.10600000000000001,0.28800000000000003,4.138,0.2145922746781116,0.015283842794759825,0.06331877729257641,0.06986899563318777,0.8700000000000001,TRUE
681286-2022-116,681286,JT Schwartz,JT Schwartz,2022,High-A,116,South Atlantic League,453,Brooklyn Cyclones,BRK,First Base,1B,1B,22,455,0.1010989010989011,0.1956043956043956,0.128,0.33599999999999997,4.066,0.19103773584905662,0.013186813186813187,0.07692307692307693,0.013186813186813187,0.8400000000000001,TRUE
678362-2022-116,678362,Gilberto Jimenez,Gilberto Jimenez,2022,High-A,116,South Atlantic League,428,Greenville Drive,GVL,Outfielder,RF,OF,21,409,0.044009779951100246,0.24449877750611246,0.097,0.351,3.4349999999999996,0.3170454545454545,0.012224938875305624,0.061124694376528114,0.07090464547677261,1.6700000000000002,TRUE
676045-2022-116,676045,Casey Martin,Casey Martin,2022,High-A,116,South Atlantic League,427,Jersey Shore BlueClaws,JS,Shortstop,SS,SS,23,431,0.05104408352668213,0.23433874709976799,0.101,0.227,3.589,0.2904761904761905,0.01160092807424594,0.06496519721577726,0.04408352668213457,0.49,TRUE
672750-2022-116,672750,Ricardo Méndez,Ricardo Méndez,2022,High-A,116,South Atlantic League,426,Wilmington Blue Rocks,WIL,Outfielder,CF,CF,22,358,0.06983240223463687,0.2011173184357542,0.092,0.277,3.567,0.220949263502455,0.013966480446927373,0.05307262569832402,0.061452513966480445,1.42,TRUE
672566-2022-116,672566,José Sánchez,José Sánchez,2022,High-A,116,South Atlantic League,426,Wilmington Blue Rocks,WIL,Third Base,3B,SS,21,452,0.09955752212389381,0.18584070796460178,0.085,0.279,3.7680000000000002,0.23202170963364993,0.011061946902654867,0.05088495575221239,0.011061946902654867,0.98,TRUE
677601-2022-116,677601,Keyber Rodriguez,Keyber Rodriguez,2022,High-A,116,South Atlantic League,448,Hickory Crawdads,HIC,Third Base,3B,SS,21,412,0.0825242718446602,0.21844660194174756,0.07300000000000001,0.314,3.58,0.2543046357615894,0.009708737864077669,0.043689320388349516,0.02912621359223301,1.23,TRUE
689822-2022-116,689822,Matt Rudick,Matt Rudick,2022,High-A,116,South Atlantic League,453,Brooklyn Cyclones,BRK,Outfielder,LF,OF,23,366,0.12295081967213115,0.15846994535519127,0.117,0.28700000000000003,3.9779999999999998,0.18949044585987262,0.00819672131147541,0.06830601092896176,0.060109289617486336,0.76,TRUE
702250-2022-116,702250,Jared Carr,Jared Carr,2022,High-A,116,South Atlantic League,427,Jersey Shore BlueClaws,JS,Outfielder,CF,OF,23,432,0.10648148148148148,0.27546296296296297,0.057,0.311,3.9979999999999998,0.2823086574654956,0.004629629629629629,0.037037037037037035,0.05787037037037037,1.43,TRUE
672479-2022-116,672479,Aldenis Sanchez,Aldenis Sanchez,2022,High-A,116,South Atlantic League,537,Hudson Valley Renegades,HV,Outfielder,LF,OF,23,363,0.11570247933884298,0.2892561983471074,0.051000000000000004,0.379,3.758,0.3157076205287714,0.0027548209366391185,0.03305785123966942,0.11294765840220386,2.05,TRUE
656666-2022-111,656666,Drew Lugbauer,Drew Lugbauer,2022,Double-A,111,Southern League,430,Mississippi Braves,MIS,First Base,1B,1B,25,555,0.13513513513513514,0.38198198198198197,0.23,0.312,4.101,0.44665461121157324,0.05045045045045045,0.09549549549549549,0,0.73,TRUE
665052-2022-111,665052,Griffin Conine,Griffin Conine,2022,Double-A,111,Southern League,4124,Pensacola Blue Wahoos,PNS,Outfielder,RF,RF,24,496,0.14919354838709678,0.3689516129032258,0.22,0.308,4.002,0.39539748953974896,0.04838709677419355,0.08266129032258064,0.004032258064516129,1.35,TRUE
666632-2022-111,666632,Yonathan Perlaza,Yonathan Perlaza,2022,Double-A,111,Southern League,553,Tennessee Smokies,TNS,Outfielder,RF,2B,23,547,0.1316270566727605,0.23217550274223034,0.23600000000000002,0.302,3.923,0.304178814382896,0.04204753199268738,0.113345521023766,0.038391224862888484,0.9,TRUE
670286-2022-111,670286,Craig Dedelow,Craig Dedelow,2022,Double-A,111,Southern League,247,Birmingham Barons,BIR,Outfielder,RF,OF,27,449,0.12026726057906459,0.38530066815144765,0.23500000000000001,0.347,4.178,0.4167539267015707,0.04899777282850779,0.0935412026726058,0.031180400890868598,0.5,TRUE
668664-2022-111,668664,Chase Strumpf,Chase Strumpf,2022,Double-A,111,Southern League,553,Tennessee Smokies,TNS,Second Base,2B,3B,24,486,0.15020576131687244,0.3333333333333333,0.226,0.33599999999999997,4.08,0.3709677419354839,0.043209876543209874,0.09259259259259259,0.00823045267489712,0.73,TRUE
687478-2022-111,687478,Cam Devanney,Cam Devanney,2022,Double-A,111,Southern League,5015,Biloxi Shuckers,BLX,Shortstop,SS,SS,25,459,0.09368191721132897,0.20915032679738563,0.224,0.28900000000000003,3.728,0.2834285714285714,0.04357298474945534,0.10675381263616558,0.017429193899782137,0.7799999999999999,TRUE
670237-2022-111,670237,Jake Slaughter,Jake Slaughter,2022,Double-A,111,Southern League,553,Tennessee Smokies,TNS,Third Base,3B,SS,25,386,0.09585492227979274,0.21502590673575128,0.24100000000000002,0.33199999999999996,3.909,0.2506631299734748,0.05181347150259067,0.09844559585492228,0.09326424870466321,1.01,TRUE
673461-2022-111,673461,Yoelqui Céspedes,Yoelqui Céspedes,2022,Double-A,111,Southern League,247,Birmingham Barons,BIR,Outfielder,CF,OF,24,512,0.056640625,0.30078125,0.17900000000000002,0.349,3.4259999999999997,0.3976449275362319,0.033203125,0.091796875,0.087890625,0.92,TRUE
686759-2022-111,686759,TJ Hopkins,TJ Hopkins,2022,Double-A,111,Southern League,498,Chattanooga Lookouts,CHA,Outfielder,LF,CF,25,425,0.09411764705882353,0.2752941176470588,0.20400000000000001,0.327,3.929,0.3050430504305043,0.04,0.09411764705882353,0.02588235294117647,0.77,TRUE
680574-2022-111,680574,Matt McLain,Matt McLain,2022,Double-A,111,Southern League,498,Chattanooga Lookouts,CHA,Shortstop,SS,2B,22,452,0.15486725663716813,0.2809734513274336,0.221,0.3,4.239000000000001,0.32952924393723254,0.03761061946902655,0.09513274336283185,0.06637168141592921,0.8500000000000001,TRUE
670224-2022-111,670224,Kameron Misner,Kameron Misner,2022,Double-A,111,Southern League,421,Montgomery Biscuits,MTG,Outfielder,CF,CF,24,510,0.16862745098039217,0.30392156862745096,0.181,0.356,4.335,0.3732162458836443,0.03137254901960784,0.08235294117647059,0.07647058823529412,0.7899999999999999,TRUE
686894-2022-111,686894,Joey Wiemer,Joey Wiemer,2022,Double-A,111,Southern League,5015,Biloxi Shuckers,BLX,Outfielder,RF,RF,23,374,0.09090909090909091,0.30213903743315507,0.198,0.319,3.794,0.3955321944809461,0.040106951871657755,0.09358288770053476,0.06951871657754011,1.07,TRUE
689172-2022-111,689172,Brett Wisely,Brett Wisely,2022,Double-A,111,Southern League,421,Montgomery Biscuits,MTG,Second Base,2B,2B,23,500,0.124,0.208,0.186,0.329,3.824,0.2819332566168009,0.03,0.088,0.084,0.69,TRUE
669326-2022-111,669326,Bryce Teodosio,Bryce Teodosio,2022,Double-A,111,Southern League,559,Rocket City Trash Pandas,RCT,Outfielder,CF,LF,23,425,0.1011764705882353,0.3905882352941176,0.14100000000000001,0.3,3.8519999999999994,0.409035409035409,0.03294117647058824,0.05647058823529412,0.07764705882352942,1,TRUE
682192-2022-111,682192,Paul McIntosh,Paul McIntosh,2022,Double-A,111,Southern League,4124,Pensacola Blue Wahoos,PNS,Catcher,C,C,24,383,0.14360313315926893,0.195822454308094,0.20800000000000002,0.29700000000000004,4.185,0.27366863905325445,0.033942558746736295,0.10182767624020887,0.0391644908616188,1.26,TRUE
666186-2022-111,666186,Thomas Dillard,Thomas Dillard,2022,Double-A,111,Southern League,5015,Biloxi Shuckers,BLX,First Base,1B,C,24,516,0.1569767441860465,0.30426356589147285,0.15800000000000003,0.33699999999999997,4.149,0.3806262230919765,0.023255813953488372,0.08139534883720931,0.031007751937984496,0.88,TRUE
672279-2022-111,672279,Michael Siani,Michael Siani,2022,Double-A,111,Southern League,498,Chattanooga Lookouts,CHA,Outfielder,CF,CF,22,531,0.12052730696798493,0.1694915254237288,0.15100000000000002,0.28900000000000003,3.913,0.20248868778280543,0.022598870056497175,0.07156308851224105,0.11487758945386065,1.04,TRUE
680589-2022-111,680589,Felix Valerio,Felix Valerio,2022,Double-A,111,Southern League,5015,Biloxi Shuckers,BLX,Second Base,2B,SS,21,480,0.1,0.16666666666666666,0.129,0.24900000000000003,4.077,0.2032967032967033,0.025,0.058333333333333334,0.08125,0.76,TRUE
668787-2022-111,668787,Bryce Ball,Bryce Ball,2022,Double-A,111,Southern League,553,Tennessee Smokies,TNS,First Base,1B,1B,23,562,0.12277580071174377,0.21530249110320285,0.14,0.32999999999999996,3.897,0.27094105480868663,0.019572953736654804,0.07829181494661921,0.008896797153024912,1.02,TRUE
670867-2022-111,670867,Kevin Maitan,Kevin Maitan,2022,Double-A,111,Southern League,559,Rocket City Trash Pandas,RCT,Third Base,3B,SS,22,450,0.09111111111111111,0.3111111111111111,0.138,0.371,4.004,0.35365853658536583,0.024444444444444446,0.07111111111111111,0.013333333333333334,1.72,TRUE
679563-2022-111,679563,José Rodríguez,José Rodríguez,2022,Double-A,111,Southern League,247,Birmingham Barons,BIR,Shortstop,SS,SS,21,484,0.07851239669421488,0.13636363636363635,0.15000000000000002,0.308,3.649,0.21645021645021645,0.022727272727272728,0.07851239669421488,0.10330578512396695,1.1400000000000001,TRUE
687859-2022-111,687859,Troy Johnston,Troy Johnston,2022,Double-A,111,Southern League,4124,Pensacola Blue Wahoos,PNS,First Base,1B,RF,25,376,0.0851063829787234,0.18882978723404256,0.15800000000000003,0.33699999999999997,3.6119999999999997,0.24458204334365324,0.026595744680851064,0.08244680851063829,0.007978723404255319,0.8300000000000001,TRUE
663692-2022-111,663692,Jalen Miller,Jalen Miller,2022,Double-A,111,Southern League,430,Mississippi Braves,MIS,Designated Hitter,DH,2B,25,379,0.1266490765171504,0.22427440633245382,0.15300000000000002,0.29500000000000004,3.741,0.3029891304347826,0.021108179419525065,0.08443271767810026,0.05804749340369393,0.8400000000000001,TRUE
641945-2022-111,641945,Preston Palmeiro,Preston Palmeiro,2022,Double-A,111,Southern League,559,Rocket City Trash Pandas,RCT,Designated Hitter,DH,1B,27,463,0.10151187904967603,0.1771058315334773,0.135,0.308,3.639,0.265375854214123,0.017278617710583154,0.08423326133909287,0.0064794816414686825,0.96,TRUE
670869-2022-111,670869,Livan Soto,Livan Soto,2022,Double-A,111,Southern League,559,Rocket City Trash Pandas,RCT,Shortstop,SS,SS,22,543,0.13075506445672191,0.1878453038674033,0.081,0.345,3.808,0.21360255047821466,0.011049723756906077,0.04419889502762431,0.04788213627992634,0.8200000000000001,TRUE
664697-2022-111,664697,Cobie Fletcher-Vance,Cobie Fletcher-Vance,2022,Double-A,111,Southern League,4124,Pensacola Blue Wahoos,PNS,Third Base,3B,SS,24,436,0.06422018348623854,0.1536697247706422,0.081,0.279,3.5759999999999996,0.2227432590855803,0.009174311926605505,0.05504587155963303,0.011467889908256881,0.8700000000000001,TRUE
676629-2022-111,676629,Riley Delgado,Riley Delgado,2022,Double-A,111,Southern League,430,Mississippi Braves,MIS,Third Base,3B,SS,27,412,0.07524271844660194,0.1383495145631068,0.057,0.315,3.9659999999999997,0.16470588235294117,0.0048543689320388345,0.038834951456310676,0.009708737864077669,1.1900000000000002,TRUE
660681-2022-109,660681,Leandro Cedeño,Leandro Cedeño,2022,Double-A,109,Texas League,5368,Amarillo Sod Poodles,AMA,First Base,1B,1B,23,479,0.08768267223382047,0.23382045929018788,0.254,0.352,3.8959999999999995,0.29278794402583425,0.06263048016701461,0.10020876826722339,0,1.3800000000000001,TRUE
669899-2022-109,669899,Ryan Ward,Ryan Ward,2022,Double-A,109,Texas League,260,Tulsa Drillers,TUL,Outfielder,LF,LF,24,506,0.07707509881422925,0.22924901185770752,0.231,0.281,3.749,0.2776595744680851,0.05533596837944664,0.09486166007905138,0.011857707509881422,0.81,TRUE
681624-2022-109,681624,Andy Pages,Andy Pages,2022,Double-A,109,Texas League,260,Tulsa Drillers,TUL,Outfielder,RF,CF,21,571,0.1085814360770578,0.24518388791593695,0.232,0.271,4.1259999999999994,0.25300171526586623,0.04553415061295972,0.10157618213660245,0.01576182136602452,0.52,TRUE
688760-2022-109,688760,Blaine Crim,Blaine Crim,2022,Double-A,109,Texas League,540,Frisco RoughRiders,FRI,First Base,1B,1B,25,531,0.09227871939736347,0.1544256120527307,0.21300000000000002,0.304,3.557,0.23094170403587444,0.04519774011299435,0.09416195856873823,0.007532956685499058,0.7799999999999999,TRUE
686781-2022-109,686781,Brandon Lewis,Brandon Lewis,2022,Double-A,109,Texas League,260,Tulsa Drillers,TUL,First Base,1B,1B,23,436,0.06422018348623854,0.33715596330275227,0.229,0.257,3.908,0.39328277356446373,0.05504587155963303,0.09862385321100918,0.0022935779816513763,1.06,TRUE
666143-2022-109,666143,Joe Rizzo,Joe Rizzo,2022,Double-A,109,Texas League,574,Arkansas Travelers,ARK,Third Base,3B,3B,24,540,0.08888888888888889,0.19074074074074074,0.191,0.311,3.715,0.24792626728110598,0.03888888888888889,0.09444444444444444,0.005555555555555556,0.77,TRUE
676595-2022-109,676595,Jake Scheiner,Jake Scheiner,2022,Double-A,109,Texas League,574,Arkansas Travelers,ARK,First Base,1B,3B,26,568,0.12852112676056338,0.20950704225352113,0.203,0.28600000000000003,4.074,0.2833969465648855,0.03697183098591549,0.09683098591549295,0.007042253521126761,0.74,TRUE
688869-2022-109,688869,Justin Dirden,Justin Dirden,2022,Double-A,109,Texas League,482,Corpus Christi Hooks,CC,Outfielder,CF,RF,24,407,0.10073710073710074,0.23095823095823095,0.29200000000000004,0.391,3.769,0.3003708281829419,0.04914004914004914,0.14004914004914004,0.022113022113022112,0.74,TRUE
687799-2022-109,687799,Cade Marlowe,Cade Marlowe,2022,Double-A,109,Texas League,574,Arkansas Travelers,ARK,Outfielder,CF,OF,25,518,0.10617760617760617,0.25675675675675674,0.192,0.369,3.8219999999999996,0.31714876033057854,0.03861003861003861,0.08108108108108109,0.0888030888030888,1,TRUE
668832-2022-109,668832,Kyle McCann,Kyle McCann,2022,Double-A,109,Texas League,237,Midland RockHounds,MID,Catcher,C,C,24,430,0.12325581395348838,0.33488372093023255,0.21100000000000002,0.329,4.077,0.4164588528678304,0.046511627906976744,0.08837209302325581,0.004651162790697674,1.4,TRUE
674671-2022-109,674671,Robbie Glendinning,Robbie Glendinning,2022,Double-A,109,Texas League,1350,Northwest Arkansas Naturals,NWA,First Base,1B,SS,26,518,0.14478764478764478,0.32432432432432434,0.187,0.363,4.276000000000001,0.3536977491961415,0.03667953667953668,0.07915057915057915,0.02702702702702703,0.96,TRUE
691023-2022-109,691023,Jordan Walker,Jordan Walker,2022,Double-A,109,Texas League,440,Springfield Cardinals,SPR,Third Base,3B,RF,20,536,0.10820895522388059,0.21641791044776118,0.20400000000000001,0.365,3.5759999999999996,0.3246231155778894,0.03544776119402985,0.09888059701492537,0.05037313432835821,1.21,TRUE
694376-2022-109,694376,Shay Whitcomb,Shay Whitcomb,2022,Double-A,109,Texas League,482,Corpus Christi Hooks,CC,Second Base,2B,3B,23,506,0.07114624505928854,0.32608695652173914,0.18,0.29300000000000004,3.8559999999999994,0.3582554517133956,0.037549407114624504,0.08498023715415019,0.043478260869565216,0.98,TRUE
687957-2022-109,687957,Dustin Harris,Dustin Harris,2022,Double-A,109,Texas League,540,Frisco RoughRiders,FRI,Outfielder,LF,LF,22,382,0.1099476439790576,0.193717277486911,0.21500000000000002,0.279,4.016,0.23544973544973544,0.04450261780104712,0.09162303664921466,0.06282722513089005,0.54,TRUE
666397-2022-109,666397,Edouard Julien,Edouard Julien,2022,Double-A,109,Texas League,3898,Wichita Wind Surge,WCH,Second Base,2B,2B,23,508,0.19291338582677164,0.24606299212598426,0.19,0.393,4.268,0.222509702457956,0.03346456692913386,0.07677165354330709,0.051181102362204724,1.1500000000000001,TRUE
666197-2022-109,666197,Grae Kessinger,Grae Kessinger,2022,Double-A,109,Texas League,482,Corpus Christi Hooks,CC,Shortstop,SS,3B,24,500,0.138,0.226,0.15400000000000003,0.24700000000000003,3.9959999999999996,0.28140096618357485,0.032,0.062,0.066,0.65,TRUE
665890-2022-109,665890,Seuly Matias,Seuly Matias,2022,Double-A,109,Texas League,1350,Northwest Arkansas Naturals,NWA,Outfielder,RF,OF,23,414,0.11594202898550725,0.3357487922705314,0.199,0.312,4.087,0.4075425790754258,0.03864734299516908,0.0821256038647343,0.016908212560386472,0.7799999999999999,TRUE
677800-2022-109,677800,Wilyer Abreu,Wilyer Abreu,2022,Double-A,109,Texas League,482,Corpus Christi Hooks,CC,Outfielder,CF,RF,23,411,0.1897810218978102,0.26277372262773724,0.21000000000000002,0.325,4.327999999999999,0.2935251798561151,0.0364963503649635,0.0948905109489051,0.058394160583941604,0.62,TRUE
672478-2022-109,672478,Jordan Diaz,Jordan Diaz,2022,Double-A,109,Texas League,237,Midland RockHounds,MID,Designated Hitter,DH,2B,21,407,0.05405405405405406,0.14987714987714987,0.187,0.348,3.447,0.21604139715394566,0.036855036855036855,0.10073710073710074,0,1.6500000000000001,TRUE
679822-2022-109,679822,Justin Foscue,Justin Foscue,2022,Double-A,109,Texas League,540,Frisco RoughRiders,FRI,Second Base,2B,2B,23,460,0.09782608695652174,0.14347826086956522,0.195,0.308,3.8219999999999996,0.17101827676240208,0.03260869565217391,0.10217391304347827,0.015217391304347827,0.62,TRUE
660857-2022-109,660857,Yorman Rodriguez,Yorman Rodriguez,2022,Double-A,109,Texas League,510,San Antonio Missions,SA,First Base,1B,1B,24,540,0.07037037037037037,0.1537037037037037,0.14300000000000002,0.303,3.617,0.2098635886673662,0.027777777777777776,0.07407407407407407,0.012962962962962963,0.99,TRUE
669722-2022-109,669722,Logan Davidson,Logan Davidson,2022,Double-A,109,Texas League,237,Midland RockHounds,MID,Shortstop,SS,1B,24,484,0.10950413223140495,0.2768595041322314,0.15300000000000002,0.33199999999999996,3.717,0.3263157894736842,0.028925619834710745,0.0743801652892562,0.010330578512396695,1.31,TRUE
676113-2022-109,676113,Zach DeLoach,Zach DeLoach,2022,Double-A,109,Texas League,574,Arkansas Travelers,ARK,Outfielder,RF,RF,23,499,0.14228456913827656,0.23847695390781562,0.15100000000000002,0.324,3.9019999999999997,0.3019517795637199,0.028056112224448898,0.06412825651302605,0.01002004008016032,0.7799999999999999,TRUE
689288-2022-109,689288,Matt Koperniak,Matt Koperniak,2022,Double-A,109,Texas League,440,Springfield Cardinals,SPR,Outfielder,LF,LF,24,437,0.09153318077803203,0.18764302059496568,0.15300000000000002,0.33099999999999996,3.794,0.23756218905472637,0.032036613272311214,0.06636155606407322,0.034324942791762014,1.34,TRUE
680716-2022-109,680716,Jonathan Ornelas,Jonathan Ornelas,2022,Double-A,109,Texas League,540,Frisco RoughRiders,FRI,Shortstop,SS,SS,22,580,0.07758620689655173,0.20862068965517241,0.126,0.365,3.753,0.26844919786096255,0.02413793103448276,0.06206896551724138,0.034482758620689655,1.24,TRUE
670231-2022-109,670231,John Rave,John Rave,2022,Double-A,109,Texas League,1350,Northwest Arkansas Naturals,NWA,Outfielder,CF,RF,24,461,0.13665943600867678,0.24945770065075923,0.15200000000000002,0.33199999999999996,4.377,0.30036188178528345,0.03036876355748373,0.06290672451193059,0.06073752711496746,1.06,TRUE
680869-2022-109,680869,Zack Gelof,Zack Gelof,2022,Double-A,109,Texas League,237,Midland RockHounds,MID,Second Base,2B,3B,22,402,0.11691542288557213,0.2736318407960199,0.167,0.358,4.119,0.30614973262032086,0.03233830845771144,0.07711442786069651,0.02736318407960199,0.99,TRUE
678489-2022-109,678489,Jorge Barrosa,Jorge Barrosa,2022,Double-A,109,Texas League,5368,Amarillo Sod Poodles,AMA,Outfielder,CF,CF,21,510,0.12745098039215685,0.1568627450980392,0.161,0.314,4.143,0.16241299303944315,0.023529411764705882,0.08627450980392157,0.06470588235294118,1.06,TRUE
666124-2022-109,666124,Luke Berryhill,Luke Berryhill,2022,Double-A,109,Texas League,482,Corpus Christi Hooks,CC,Catcher,C,C,24,432,0.14583333333333334,0.2824074074074074,0.15300000000000002,0.348,4.393999999999999,0.33676092544987146,0.027777777777777776,0.06944444444444445,0.016203703703703703,0.92,TRUE
674646-2022-109,674646,Tucker Bradley,Tucker Bradley,2022,Double-A,109,Texas League,1350,Northwest Arkansas Naturals,NWA,Outfielder,LF,OF,24,460,0.11956521739130435,0.1826086956521739,0.162,0.346,3.828,0.24453024453024452,0.02608695652173913,0.08043478260869565,0.05434782608695652,0.9400000000000001,TRUE
679845-2022-109,679845,Nick Loftin,Nick Loftin,2022,Double-A,109,Texas League,1350,Northwest Arkansas Naturals,NWA,Outfielder,CF,3B,23,425,0.10588235294117647,0.13411764705882354,0.15200000000000002,0.28800000000000003,3.546,0.19791666666666666,0.02823529411764706,0.07058823529411765,0.06588235294117648,0.8600000000000001,TRUE
687659-2022-109,687659,Kaden Polcovich,Kaden Polcovich,2022,Double-A,109,Texas League,574,Arkansas Travelers,ARK,Second Base,2B,2B,23,524,0.11259541984732824,0.22519083969465647,0.14400000000000002,0.301,3.8589999999999995,0.278125,0.022900763358778626,0.07061068702290077,0.03816793893129771,0.6699999999999999,TRUE
666452-2022-109,666452,Eduardo Diaz,Eduardo Diaz,2022,Double-A,109,Texas League,5368,Amarillo Sod Poodles,AMA,Outfielder,LF,CF,24,466,0.06223175965665236,0.24892703862660945,0.16,0.33599999999999997,3.62,0.34723788049605414,0.023605150214592276,0.09227467811158799,0.045064377682403435,0.91,TRUE
689374-2022-109,689374,Jake Means,Jake Means,2022,Double-A,109,Texas League,1350,Northwest Arkansas Naturals,NWA,Third Base,3B,3B,26,430,0.11395348837209303,0.27674418604651163,0.14700000000000002,0.272,3.9,0.2921646746347942,0.02558139534883721,0.07674418604651163,0.02558139534883721,0.8500000000000001,TRUE
691026-2022-109,691026,Masyn Winn,Masyn Winn,2022,Double-A,109,Texas League,440,Springfield Cardinals,SPR,Shortstop,SS,SS,20,403,0.12406947890818859,0.21339950372208435,0.17400000000000002,0.308,3.9949999999999997,0.22446043165467625,0.02729528535980149,0.09181141439205956,0.08188585607940446,0.8200000000000001,TRUE
677223-2022-109,677223,Jack Larsen,Jack Larsen,2022,Double-A,109,Texas League,574,Arkansas Travelers,ARK,Outfielder,RF,OF,27,528,0.13636363636363635,0.20265151515151514,0.138,0.32999999999999996,3.847,0.26046511627906976,0.01893939393939394,0.07196969696969698,0.01893939393939394,0.97,TRUE
642736-2022-109,642736,Domingo Leyba,Domingo Leyba,2022,Double-A,109,Texas League,510,San Antonio Missions,SA,Second Base,2B,SS,26,444,0.13288288288288289,0.1373873873873874,0.14200000000000002,0.28700000000000003,4.232,0.1733149931224209,0.02252252252252252,0.07207207207207207,0.02927927927927928,0.6599999999999999,TRUE
663618-2022-109,663618,Josh Stowers,Josh Stowers,2022,Double-A,109,Texas League,540,Frisco RoughRiders,FRI,Outfielder,CF,RF,25,419,0.11694510739856802,0.28162291169451076,0.15200000000000002,0.3,4.041,0.33969465648854963,0.02386634844868735,0.07637231503579953,0.06443914081145585,0.54,TRUE
687005-2022-109,687005,Kellen Strahm,Kellen Strahm,2022,Double-A,109,Texas League,540,Frisco RoughRiders,FRI,Outfielder,RF,RF,25,433,0.15011547344110854,0.21939953810623555,0.13,0.345,4.085,0.2503793626707132,0.023094688221709007,0.06004618937644342,0.02771362586605081,1.86,TRUE
656431-2022-109,656431,Ti'Quan Forbes,Ti'Quan Forbes,2022,Double-A,109,Texas League,5368,Amarillo Sod Poodles,AMA,Third Base,3B,3B,25,386,0.05181347150259067,0.25129533678756477,0.125,0.33199999999999996,3.655,0.32486631016042783,0.023316062176165803,0.06217616580310881,0.031088082901554404,1.37,TRUE
667442-2022-109,667442,Connor Hollis,Connor Hollis,2022,Double-A,109,Texas League,510,San Antonio Missions,SA,Third Base,3B,2B,27,480,0.12916666666666668,0.19375,0.136,0.41300000000000003,3.929,0.236318407960199,0.01875,0.07083333333333333,0.06458333333333334,1.61,TRUE
624523-2022-109,624523,Riley Unroe,Riley Unroe,2022,Double-A,109,Texas League,574,Arkansas Travelers,ARK,Shortstop,SS,2B,26,434,0.1359447004608295,0.195852534562212,0.136,0.32,3.8409999999999997,0.24278215223097113,0.018433179723502304,0.06912442396313365,0.06912442396313365,0.76,TRUE
657144-2022-109,657144,Justin Yurchak,Justin Yurchak,2022,Double-A,109,Texas League,260,Tulsa Drillers,TUL,First Base,1B,3B,25,451,0.11751662971175167,0.1352549889135255,0.117,0.318,3.9309999999999996,0.1806108897742364,0.017738359201773836,0.06651884700665188,0.0066518847006651885,0.89,TRUE
680709-2022-109,680709,Nick Dunn,Nick Dunn,2022,Double-A,109,Texas League,440,Springfield Cardinals,SPR,Second Base,2B,3B,25,472,0.13347457627118645,0.08898305084745763,0.12000000000000001,0.28700000000000003,3.8979999999999997,0.11290322580645161,0.014830508474576272,0.06567796610169492,0.014830508474576272,0.7799999999999999,TRUE
680577-2022-109,680577,DaShawn Keirsey Jr.,DaShawn Keirsey Jr.,2022,Double-A,109,Texas League,3898,Wichita Wind Surge,WCH,Outfielder,CF,CF,25,468,0.06837606837606838,0.23076923076923078,0.125,0.344,3.662,0.27157894736842103,0.014957264957264958,0.07692307692307693,0.1047008547008547,1.37,TRUE
672359-2022-109,672359,Tirso Ornelas,Tirso Ornelas,2022,Double-A,109,Texas League,510,San Antonio Missions,SA,Outfielder,LF,LF,22,492,0.08739837398373984,0.17276422764227642,0.12000000000000001,0.34199999999999997,4.008,0.18577981651376146,0.014227642276422764,0.07520325203252033,0.018292682926829267,1.4,TRUE
682079-2022-109,682079,Chase Calabuig,Chase Calabuig,2022,Double-A,109,Texas League,237,Midland RockHounds,MID,Outfielder,LF,OF,26,434,0.10829493087557604,0.12903225806451613,0.12400000000000001,0.353,3.728,0.15994236311239193,0.013824884792626729,0.07603686635944701,0.009216589861751152,1.44,TRUE
668885-2022-109,668885,Austin Martin,Austin Martin,2022,Double-A,109,Texas League,3898,Wichita Wind Surge,WCH,Shortstop,SS,RF,23,406,0.11576354679802955,0.1330049261083744,0.07400000000000001,0.28,3.7119999999999997,0.18940609951845908,0.0049261083743842365,0.04433497536945813,0.0960591133004926,1.21,TRUE
667749-2022-109,667749,Juan Fernandez,Juan Fernandez,2022,Double-A,109,Texas League,510,San Antonio Missions,SA,First Base,1B,C,23,431,0.07888631090487239,0.16705336426914152,0.047,0.33199999999999996,3.606,0.2087912087912088,0,0.037122969837587005,0.030162412993039442,1.43,TRUE
699073-2023-110,699073,Thayron Liranzo,Thayron Liranzo,2023,Low-A,110,California League,526,Rancho Cucamonga Quakes,RC,Catcher,C,C,19,418,0.1674641148325359,0.2679425837320574,0.29000000000000004,0.33499999999999996,4.0360000000000005,0.3487394957983193,0.05741626794258373,0.11961722488038277,0.007177033492822967,1.53,TRUE
676038-2023-110,676038,Skyler Messinger,Skyler Messinger,2023,Low-A,110,California League,259,Fresno Grizzlies,FRE,Third Base,3B,3B,24,435,0.12413793103448276,0.2597701149425287,0.21700000000000003,0.318,3.9749999999999996,0.29291553133514986,0.041379310344827586,0.09195402298850575,0.01839080459770115,1.1,TRUE
695521-2023-110,695521,Gavin Conticello,Gavin Conticello,2023,Low-A,110,California League,516,Visalia Rawhide,VIS,Third Base,3B,3B,20,427,0.1053864168618267,0.2224824355971897,0.192,0.24700000000000003,3.92,0.2574123989218329,0.0351288056206089,0.08899297423887588,0.03981264637002342,0.7799999999999999,TRUE
703607-2023-110,703607,Henry Bolte,Henry Bolte,2023,Low-A,110,California League,524,Stockton Ports,STK,Outfielder,RF,CF,19,491,0.12627291242362526,0.3340122199592668,0.164,0.382,3.8959999999999995,0.3860684769775679,0.028513238289205704,0.07331975560081466,0.0835030549898167,3,TRUE
699061-2023-110,699061,Rayne Doncon,Rayne Doncon,2023,Low-A,110,California League,526,Rancho Cucamonga Quakes,RC,Third Base,3B,3B,19,473,0.07610993657505286,0.21775898520084566,0.15200000000000002,0.24800000000000003,3.55,0.29789719626168226,0.02959830866807611,0.07610993657505286,0.010570824524312896,0.76,TRUE
694214-2023-110,694214,Samuel Zavala,Samuel Zavala,2023,Low-A,110,California League,103,Lake Elsinore Storm,LE,Outfielder,CF,CF,18,459,0.19389978213507625,0.2636165577342048,0.184,0.356,4.3790000000000004,0.33473389355742295,0.030501089324618737,0.0784313725490196,0.05664488017429194,0.56,TRUE
681044-2023-110,681044,EJ Andrews Jr.,EJ Andrews Jr.,2023,Low-A,110,California League,259,Fresno Grizzlies,FRE,Outfielder,RF,OF,22,404,0.1188118811881188,0.31435643564356436,0.17300000000000001,0.29000000000000004,4.0249999999999995,0.34411764705882353,0.03217821782178218,0.07425742574257425,0.03712871287128713,0.8,TRUE
682732-2023-110,682732,Gabriel Moncada,Gabriel Moncada,2023,Low-A,110,California League,515,Modesto Nuts,MOD,First Base,1B,1B,21,424,0.12028301886792453,0.2641509433962264,0.17400000000000002,0.33499999999999996,4.007,0.3281045751633987,0.02830188679245283,0.08962264150943396,0.0047169811320754715,0.89,TRUE
701864-2023-110,701864,Griffin Doersching,Griffin Doersching,2023,Low-A,110,California League,103,Lake Elsinore Storm,LE,First Base,1B,1B,24,392,0.16071428571428573,0.24744897959183673,0.17600000000000002,0.29200000000000004,3.9519999999999995,0.3328402366863905,0.02806122448979592,0.08673469387755102,0.00510204081632653,0.51,TRUE
681377-2023-110,681377,Josh Hood,Josh Hood,2023,Low-A,110,California League,515,Modesto Nuts,MOD,Third Base,3B,SS,22,444,0.11036036036036036,0.20270270270270271,0.14300000000000002,0.33699999999999997,3.8779999999999997,0.2556291390728477,0.024774774774774775,0.07207207207207207,0.0472972972972973,0.8200000000000001,TRUE
689909-2023-110,689909,Jadiel Sanchez,Jadiel Sanchez,2023,Low-A,110,California League,401,Inland Empire 66ers,IE,Outfielder,RF,OF,22,443,0.10609480812641084,0.14446952595936793,0.17800000000000002,0.326,3.693,0.18741976893453144,0.024830699774266364,0.08126410835214447,0.024830699774266364,0.8400000000000001,TRUE
684109-2023-110,684109,Jesus Bugarin,Jesus Bugarin,2023,Low-A,110,California League,259,Fresno Grizzlies,FRE,Outfielder,CF,OF,21,477,0.023060796645702306,0.26834381551362685,0.118,0.33999999999999997,3.153,0.34787018255578095,0.020964360587002098,0.06079664570230608,0.039832285115303984,1.6500000000000001,TRUE
682630-2023-110,682630,Alvin Guzman,Alvin Guzman,2023,Low-A,110,California League,516,Visalia Rawhide,VIS,Outfielder,CF,P,21,382,0.10732984293193717,0.387434554973822,0.137,0.367,3.8659999999999997,0.4067055393586006,0.02356020942408377,0.06282722513089005,0.0968586387434555,0.89,TRUE
681201-2023-110,681201,Tanner O'Tremba,Tanner O'Tremba,2023,Low-A,110,California League,476,San Jose Giants,SJ,Outfielder,RF,OF,23,359,0.10863509749303621,0.20891364902506965,0.168,0.33799999999999997,3.8549999999999995,0.30124223602484473,0.022284122562674095,0.08635097493036212,0.052924791086350974,0.99,TRUE
694196-2023-110,694196,Diego Velasquez,Diego Velasquez,2023,Low-A,110,California League,476,San Jose Giants,SJ,Shortstop,SS,SS,19,517,0.10831721470019343,0.15860735009671179,0.136,0.344,3.654,0.2424916573971079,0.015473887814313346,0.07930367504835589,0.05609284332688588,1.42,TRUE
694203-2023-110,694203,Denzer Guzman,Denzer Guzman,2023,Low-A,110,California League,401,Inland Empire 66ers,IE,Shortstop,SS,3B,19,472,0.08898305084745763,0.2775423728813559,0.131,0.328,3.8939999999999997,0.3008423586040915,0.014830508474576272,0.07415254237288135,0.025423728813559324,0.88,TRUE
692222-2023-110,692222,Jose Izarra,Jose Izarra,2023,Low-A,110,California League,526,Rancho Cucamonga Quakes,RC,Shortstop,SS,SS,21,455,0.09010989010989011,0.31868131868131866,0.113,0.319,3.9579999999999997,0.3345323741007194,0.015384615384615385,0.06153846153846154,0.02857142857142857,0.64,TRUE
686744-2023-110,686744,Jake Snider,Jake Snider,2023,Low-A,110,California League,259,Fresno Grizzlies,FRE,Outfielder,LF,CF,25,447,0.12304250559284116,0.2080536912751678,0.14100000000000001,0.329,3.8189999999999995,0.2369109947643979,0.013422818791946308,0.06935123042505593,0.053691275167785234,1.53,TRUE
683665-2023-110,683665,Alexander Suarez,Alexander Suarez,2023,Low-A,110,California League,476,San Jose Giants,SJ,Outfielder,LF,CF,21,404,0.054455445544554455,0.2722772277227723,0.10700000000000001,0.33099999999999996,3.762,0.3096446700507614,0.01485148514851485,0.054455445544554455,0.06683168316831684,0.9,TRUE
699912-2023-110,699912,Jose Fernandez,Jose Fernandez,2023,Low-A,110,California League,516,Visalia Rawhide,VIS,Shortstop,SS,DH,19,394,0.07868020304568528,0.233502538071066,0.115,0.33299999999999996,3.5909999999999997,0.31145251396648044,0.012690355329949238,0.06852791878172589,0.027918781725888325,1.23,TRUE
702284-2023-110,702284,Cole Young,Cole Young,2023,Low-A,110,California League,515,Modesto Nuts,MOD,Shortstop,SS,2B,19,376,0.14361702127659576,0.13829787234042554,0.162,0.303,3.8459999999999996,0.17876106194690267,0.013297872340425532,0.0851063829787234,0.05851063829787234,0.97,TRUE
700164-2023-110,700164,Bryant Betancourt,Bryant Betancourt,2023,Low-A,110,California League,259,Fresno Grizzlies,FRE,First Base,1B,C,19,450,0.09555555555555556,0.16444444444444445,0.084,0.28700000000000003,3.602,0.19151846785225718,0.008888888888888889,0.05333333333333334,0.0044444444444444444,0.8300000000000001,TRUE
698916-2023-110,698916,Rosman Verdugo,Rosman Verdugo,2023,Low-A,110,California League,103,Lake Elsinore Storm,LE,Shortstop,SS,SS,18,472,0.09745762711864407,0.2627118644067797,0.112,0.304,3.765,0.31143552311435524,0.006355932203389831,0.07838983050847458,0.048728813559322036,0.6599999999999999,TRUE
703185-2023-110,703185,Nelson Rada,Nelson Rada,2023,Low-A,110,California League,401,Inland Empire 66ers,IE,Outfielder,CF,CF,17,540,0.13518518518518519,0.1814814814814815,0.07100000000000001,0.348,3.789,0.2241953385127636,0.003703703703703704,0.03888888888888889,0.12222222222222222,2.4099999999999997,TRUE
692374-2023-110,692374,Jose Ramos,Jose Ramos,2023,Low-A,110,California League,476,San Jose Giants,SJ,Shortstop,SS,SS,20,368,0.09510869565217392,0.23641304347826086,0.101,0.28,3.785,0.2895622895622896,0.005434782608695652,0.0625,0.08967391304347826,1.27,TRUE
699232-2023-110,699232,Anderdson Rojas,Anderdson Rojas,2023,Low-A,110,California League,516,Visalia Rawhide,VIS,Outfielder,LF,2B,19,419,0.031026252983293555,0.16467780429594273,0.097,0.29500000000000004,3.2119999999999997,0.22872340425531915,0.00477326968973747,0.06682577565632458,0.0405727923627685,1.08,TRUE
671080-2023-110,671080,Jeremy Arocho,Jeremy Arocho,2023,Low-A,110,California League,401,Inland Empire 66ers,IE,Second Base,2B,SS,24,388,0.20103092783505155,0.15206185567010308,0.063,0.31,4.1419999999999995,0.17422867513611615,0.002577319587628866,0.030927835051546393,0.13144329896907217,1.34,TRUE
805737-2023-110,805737,Bjay Cooke,Bjay Cooke,2023,Low-A,110,California League,524,Stockton Ports,STK,Shortstop,SS,SS,20,391,0.11253196930946291,0.39641943734015345,0.032,0.349,4.205,0.381021897810219,0.0025575447570332483,0.023017902813299233,0.05370843989769821,1.77,TRUE
700321-2023-110,700321,Andy Perez,Andy Perez,2023,Low-A,110,California League,259,Fresno Grizzlies,FRE,Third Base,3B,SS,19,502,0.03386454183266932,0.14741035856573706,0.07100000000000001,0.28500000000000003,3.135,0.1874310915104741,0.00199203187250996,0.04780876494023904,0.06374501992031872,1.2,TRUE
683529-2023-110,683529,Milkar Perez,Milkar Perez,2023,Low-A,110,California League,515,Modesto Nuts,MOD,Third Base,3B,3B,21,382,0.13089005235602094,0.24345549738219896,0.097,0.374,4.01,0.22552447552447552,0.002617801047120419,0.07329842931937172,0.005235602094240838,1.44,TRUE
684494-2023-122,684494,Jeremy Celedonio,Jeremy Celedonio,2023,Low-A,122,Carolina League,478,Augusta GreenJackets,AUG,Outfielder,RF,OF,21,356,0.15730337078651685,0.4353932584269663,0.198,0.314,4.1739999999999995,0.5071315372424723,0.047752808988764044,0.06741573033707865,0.0449438202247191,1.1300000000000001,TRUE
689531-2023-122,689531,Brett Squires,Brett Squires,2023,Low-A,122,Carolina League,3705,Columbia Fireflies,COL,First Base,1B,3B,23,511,0.12915851272015655,0.2857142857142857,0.167,0.361,4.043,0.3821532492725509,0.029354207436399216,0.07436399217221135,0.07827788649706457,0.7799999999999999,TRUE
685776-2023-122,685776,Stiven Acevedo,Stiven Acevedo,2023,Low-A,122,Carolina League,548,Delmarva Shorebirds,DEL,Outfielder,CF,OF,20,434,0.08064516129032258,0.2995391705069124,0.17300000000000001,0.317,3.8,0.3523809523809524,0.03225806451612903,0.08294930875576037,0.10138248847926268,1.05,TRUE
701778-2023-122,701778,Jace Avina,Jace Avina,2023,Low-A,122,Carolina League,249,Carolina Mudcats,CAR,Outfielder,LF,LF,20,399,0.14035087719298245,0.2957393483709273,0.20900000000000002,0.32,3.9699999999999998,0.34120734908136485,0.03508771929824561,0.09523809523809523,0.03258145363408521,0.52,TRUE
800060-2023-122,800060,Xavier Isaac,Xavier Isaac,2023,Low-A,122,Carolina League,233,Charleston RiverDogs,CHS,First Base,1B,1B,19,376,0.14893617021276595,0.2127659574468085,0.196,0.314,3.8909999999999996,0.3252032520325203,0.034574468085106384,0.0851063829787234,0.026595744680851064,1.07,TRUE
696513-2023-122,696513,Andy Garriola,Andy Garriola,2023,Low-A,122,Carolina League,521,Myrtle Beach Pelicans,MB,Outfielder,LF,OF,23,416,0.04567307692307692,0.1971153846153846,0.15400000000000003,0.254,3.637,0.26727509778357234,0.028846153846153848,0.08413461538461539,0.03365384615384615,0.8500000000000001,TRUE
801600-2023-122,801600,Bryce Willits,Bryce Willits,2023,Low-A,122,Carolina League,487,Kannapolis Cannon Ballers,KAN,Third Base,3B,3B,23,365,0.12602739726027398,0.2136986301369863,0.168,0.311,3.8299999999999996,0.1993517017828201,0.03287671232876712,0.07671232876712329,0.019178082191780823,0.91,TRUE
702726-2023-122,702726,Luke Adams,Luke Adams,2023,Low-A,122,Carolina League,249,Carolina Mudcats,CAR,Third Base,3B,3B,19,440,0.17272727272727273,0.225,0.168,0.29200000000000004,4.3,0.24587706146926536,0.025,0.07272727272727272,0.09090909090909091,0.8200000000000001,TRUE
691410-2023-122,691410,Jose Devers,Jose Devers,2023,Low-A,122,Carolina League,481,Lynchburg Hillcats,LYN,Shortstop,SS,SS,20,458,0.10480349344978165,0.20087336244541484,0.14600000000000002,0.3,3.8779999999999997,0.26353790613718414,0.024017467248908297,0.06768558951965066,0.0982532751091703,1.54,TRUE
691476-2023-122,691476,Luis Encarnacion,Luis Encarnacion,2023,Low-A,122,Carolina League,3712,Fayetteville Woodpeckers,FAY,First Base,1B,2B,20,402,0.07711442786069651,0.20398009950248755,0.12300000000000001,0.28400000000000003,3.388,0.2979539641943734,0.024875621890547265,0.06218905472636816,0.03233830845771144,1.34,TRUE
695692-2023-122,695692,Cooper Kinney,Cooper Kinney,2023,Low-A,122,Carolina League,233,Charleston RiverDogs,CHS,Second Base,2B,2B,20,505,0.08316831683168317,0.21188118811881188,0.118,0.33699999999999997,3.5959999999999996,0.25933831376734257,0.019801980198019802,0.06732673267326733,0.015841584158415842,1.1300000000000001,TRUE
691797-2023-122,691797,Ryan Spikes,Ryan Spikes,2023,Low-A,122,Carolina League,233,Charleston RiverDogs,CHS,Shortstop,SS,2B,20,501,0.10179640718562874,0.3073852295409182,0.129,0.304,3.7800000000000002,0.34611288604898827,0.01996007984031936,0.06187624750499002,0.0718562874251497,0.81,TRUE
699213-2023-122,699213,Gleider Figuereo,Gleider Figuereo,2023,Low-A,122,Carolina League,485,Down East Wood Ducks,DE,Third Base,3B,SS,19,450,0.09333333333333334,0.29333333333333333,0.10400000000000001,0.29900000000000004,3.773,0.3034134007585335,0.02,0.051111111111111114,0.024444444444444446,1.1300000000000001,TRUE
699816-2023-122,699816,Jackson Loftin,Jackson Loftin,2023,Low-A,122,Carolina League,3712,Fayetteville Woodpeckers,FAY,Shortstop,SS,SS,23,450,0.10888888888888888,0.2222222222222222,0.10800000000000001,0.255,3.8159999999999994,0.2538860103626943,0.02,0.051111111111111114,0.14888888888888888,0.7,TRUE
701424-2023-122,701424,JoJo Blackmon,JoJo Blackmon,2023,Low-A,122,Carolina League,485,Down East Wood Ducks,DE,Outfielder,CF,OF,20,388,0.12371134020618557,0.37628865979381443,0.14800000000000002,0.33699999999999997,4.063999999999999,0.4142194744976816,0.020618556701030927,0.06958762886597938,0.11082474226804123,1.6700000000000002,TRUE
802991-2023-122,802991,E.J. Exposito,E.J. Exposito,2023,Low-A,122,Carolina League,478,Augusta GreenJackets,AUG,Second Base,2B,SS,22,449,0.1358574610244989,0.3028953229398664,0.12000000000000001,0.29400000000000004,4.071000000000001,0.32281553398058255,0.017817371937639197,0.062360801781737196,0.062360801781737196,0.63,TRUE
699393-2023-122,699393,Pedro Ramírez,Pedro Ramírez,2023,Low-A,122,Carolina League,521,Myrtle Beach Pelicans,MB,Second Base,2B,2B,19,414,0.11835748792270531,0.17149758454106281,0.138,0.307,3.807,0.1937244201909959,0.01932367149758454,0.07246376811594203,0.057971014492753624,1.32,TRUE
682662-2023-122,682662,Rafael Morel,Rafael Morel,2023,Low-A,122,Carolina League,521,Myrtle Beach Pelicans,MB,Outfielder,RF,SS,21,391,0.1278772378516624,0.24040920716112532,0.093,0.346,3.867,0.25295109612141653,0.017902813299232736,0.043478260869565216,0.0639386189258312,1.1900000000000002,TRUE
691497-2023-122,691497,Lizandro Rodriguez,Lizandro Rodriguez,2023,Low-A,122,Carolina League,3705,Columbia Fireflies,COL,Second Base,2B,SS,20,486,0.10082304526748971,0.2222222222222222,0.113,0.29700000000000004,3.8989999999999996,0.2519954389965792,0.01440329218106996,0.059670781893004114,0.059670781893004114,0.9500000000000001,TRUE
694222-2023-122,694222,Ambioris Tavarez,Ambioris Tavarez,2023,Low-A,122,Carolina League,478,Augusta GreenJackets,AUG,Shortstop,SS,SS,19,480,0.09166666666666666,0.4083333333333333,0.12000000000000001,0.388,3.8459999999999996,0.4450800915331808,0.014583333333333334,0.06458333333333334,0.08541666666666667,0.8200000000000001,TRUE
686404-2023-122,686404,Wuilfredo Antunez,Wuilfredo Antunez,2023,Low-A,122,Carolina League,481,Lynchburg Hillcats,LYN,Outfielder,RF,CF,21,384,0.1015625,0.1875,0.14500000000000002,0.33099999999999996,3.8179999999999996,0.24427480916030533,0.015625,0.078125,0.044270833333333336,0.6,TRUE
698945-2023-122,698945,Anderson De Los Santos,Anderson De Los Santos,2023,Low-A,122,Carolina League,548,Delmarva Shorebirds,DEL,Third Base,3B,SS,19,419,0.07398568019093078,0.24821002386634844,0.111,0.29300000000000004,3.74,0.2622107969151671,0.014319809069212411,0.06682577565632458,0.0477326968973747,0.75,TRUE
691252-2023-122,691252,Jhon Diaz,Jhon Diaz,2023,Low-A,122,Carolina League,233,Charleston RiverDogs,CHS,Outfielder,RF,CF,20,392,0.10714285714285714,0.2602040816326531,0.14400000000000002,0.314,3.7119999999999997,0.3304221251819505,0.015306122448979591,0.07908163265306123,0.061224489795918366,1.1700000000000002,TRUE
695744-2023-122,695744,Ian Moller,Ian Moller,2023,Low-A,122,Carolina League,485,Down East Wood Ducks,DE,Catcher,C,C,20,394,0.1598984771573604,0.28426395939086296,0.10400000000000001,0.267,4.099,0.2895622895622896,0.015228426395939087,0.050761421319796954,0.02284263959390863,0.81,TRUE
699144-2023-122,699144,Luis Ravelo,Luis Ravelo,2023,Low-A,122,Carolina League,414,Salem Red Sox,SAL,Shortstop,SS,SS,19,444,0.11486486486486487,0.28378378378378377,0.08600000000000001,0.3,3.721,0.35257214554579674,0.013513513513513514,0.0472972972972973,0.02702702702702703,0.9400000000000001,TRUE
699130-2023-122,699130,Jadher Areinamo,Jadher Areinamo,2023,Low-A,122,Carolina League,249,Carolina Mudcats,CAR,Second Base,2B,2B,19,420,0.04047619047619048,0.12380952380952381,0.101,0.33899999999999997,3.5759999999999996,0.1687192118226601,0.009523809523809525,0.07380952380952381,0.05,0.8400000000000001,TRUE
694227-2023-122,694227,Danyer Cueva,Danyer Cueva,2023,Low-A,122,Carolina League,485,Down East Wood Ducks,DE,Shortstop,SS,SS,19,411,0.051094890510948905,0.3333333333333333,0.092,0.33599999999999997,3.4619999999999997,0.3863898500576701,0.009732360097323601,0.05596107055961071,0.031630170316301706,1.3800000000000001,TRUE
694183-2023-122,694183,Cristian Hernández,Cristian Hernández,2023,Low-A,122,Carolina League,521,Myrtle Beach Pelicans,MB,Shortstop,SS,SS,19,431,0.09048723897911833,0.2737819025522042,0.07800000000000001,0.309,3.9419999999999997,0.3470319634703196,0.009280742459396751,0.04408352668213457,0.07424593967517401,1.2,TRUE
805763-2023-122,805763,Drake Logan,Drake Logan,2023,Low-A,122,Carolina League,487,Kannapolis Cannon Ballers,KAN,Outfielder,RF,3B,22,370,0.12972972972972974,0.43513513513513513,0.07,0.40900000000000003,4.143,0.4125984251968504,0.010810810810810811,0.03513513513513514,0.03513513513513514,1.2,TRUE
692453-2023-122,692453,Roismar Quintana,Roismar Quintana,2023,Low-A,122,Carolina League,436,Fredericksburg Nationals,FBG,First Base,1B,OF,20,373,0.11796246648793565,0.27882037533512066,0.09,0.359,4.026999999999999,0.3319615912208505,0.010723860589812333,0.04825737265415549,0,1.53,TRUE
684976-2023-122,684976,Johnathon Thomas,Johnathon Thomas,2023,Low-A,122,Carolina League,436,Fredericksburg Nationals,FBG,Outfielder,RF,OF,23,385,0.09090909090909091,0.24155844155844156,0.07100000000000001,0.303,3.782,0.2959770114942529,0.01038961038961039,0.03896103896103896,0.2,1.01,TRUE
691405-2023-122,691405,Juan Benjamin,Juan Benjamin,2023,Low-A,122,Carolina League,481,Lynchburg Hillcats,LYN,Second Base,2B,SS,20,413,0.11864406779661017,0.19612590799031476,0.07500000000000001,0.34099999999999997,3.748,0.2528248587570621,0.007263922518159807,0.048426150121065374,0.08232445520581114,1.1800000000000002,TRUE
694182-2023-122,694182,Armando Cruz,Armando Cruz,2023,Low-A,122,Carolina League,436,Fredericksburg Nationals,FBG,Shortstop,SS,SS,19,372,0.08333333333333333,0.18010752688172044,0.06,0.228,3.524,0.2671641791044776,0.008064516129032258,0.03494623655913978,0.03763440860215054,0.8600000000000001,TRUE
678706-2023-122,678706,Reivaj Garcia,Reivaj Garcia,2023,Low-A,122,Carolina League,521,Myrtle Beach Pelicans,MB,Second Base,2B,SS,21,415,0.09879518072289156,0.1710843373493976,0.098,0.366,3.73,0.1875,0.007228915662650603,0.06506024096385542,0.06987951807228916,1.84,TRUE
694187-2023-122,694187,Daniel Vazquez,Daniel Vazquez,2023,Low-A,122,Carolina League,3705,Columbia Fireflies,COL,Shortstop,SS,SS,19,471,0.1316348195329087,0.22717622080679406,0.065,0.29500000000000004,3.794,0.31092436974789917,0.006369426751592357,0.040339702760084924,0.08917197452229299,0.81,TRUE
677356-2023-122,677356,Carter Young,Carter Young,2023,Low-A,122,Carolina League,548,Delmarva Shorebirds,DEL,Shortstop,SS,SS,22,388,0.11597938144329897,0.26804123711340205,0.083,0.328,3.943,0.27800269905533065,0.007731958762886598,0.04896907216494845,0.023195876288659795,0.63,TRUE
683539-2023-122,683539,Cristopher Barete,Cristopher Barete,2023,Low-A,122,Carolina League,233,Charleston RiverDogs,CHS,Outfielder,LF,CF,21,370,0.08378378378378379,0.25675675675675674,0.067,0.345,3.705,0.35185185185185186,0.005405405405405406,0.043243243243243246,0.0891891891891892,1.61,TRUE
680519-2023-122,680519,Mario Camilletti,Mario Camilletti,2023,Low-A,122,Carolina League,487,Kannapolis Cannon Ballers,KAN,Second Base,2B,2B,24,434,0.1935483870967742,0.16129032258064516,0.08600000000000001,0.354,4.356999999999999,0.16296296296296298,0.004608294930875576,0.0576036866359447,0.002304147465437788,1.27,TRUE
699126-2023-122,699126,Gregory Barrios,Gregory Barrios,2023,Low-A,122,Carolina League,249,Carolina Mudcats,CAR,Shortstop,SS,SS,19,445,0.05393258426966292,0.1348314606741573,0.07100000000000001,0.266,3.3009999999999997,0.1793193717277487,0.0022471910112359553,0.05393258426966292,0.0898876404494382,0.65,TRUE
686956-2023-122,686956,Adam Crampton,Adam Crampton,2023,Low-A,122,Carolina League,548,Delmarva Shorebirds,DEL,Shortstop,SS,SS,22,411,0.08029197080291971,0.25547445255474455,0.06,0.27,3.8779999999999997,0.26295336787564766,0.0024330900243309003,0.0413625304136253,0.058394160583941604,0.7899999999999999,TRUE
802415-2023-122,802415,Chandler Simpson,Chandler Simpson,2023,Low-A,122,Carolina League,233,Charleston RiverDogs,CHS,Outfielder,CF,LF,22,397,0.09571788413098237,0.08816120906801007,0.048,0.317,3.564,0.1057347670250896,0,0.0327455919395466,0.23425692695214106,1.07,TRUE
696100-2023-113,696100,Hunter Goodman,Hunter Goodman,2023,Double-A,113,Eastern League,538,Hartford Yard Goats,HFD,Outfielder,LF,C,23,400,0.1025,0.245,0.28400000000000003,0.252,3.987,0.2930298719772404,0.0625,0.1225,0,0.74,TRUE
695257-2023-113,695257,Billy Cook,Billy Cook,2023,Double-A,113,Eastern League,418,Bowie Baysox,BOW,Outfielder,RF,CF,24,501,0.08383233532934131,0.249500998003992,0.20600000000000002,0.29000000000000004,3.792,0.2890792291220557,0.04790419161676647,0.08383233532934131,0.0658682634730539,0.47000000000000003,TRUE
678926-2023-113,678926,Carlos De La Cruz,Carlos De La Cruz,2023,Double-A,113,Eastern League,522,Reading Fightin Phils,REA,First Base,1B,OF,23,582,0.09278350515463918,0.27491408934707906,0.194,0.327,3.77,0.35539437896645515,0.041237113402061855,0.0859106529209622,0.005154639175257732,1.27,TRUE
686554-2023-113,686554,Oliver Dunn,Oliver Dunn,2023,Double-A,113,Eastern League,522,Reading Fightin Phils,REA,Second Base,2B,3B,25,505,0.16237623762376238,0.27524752475247527,0.23500000000000001,0.357,4.075,0.30597014925373134,0.041584158415841586,0.10297029702970296,0.041584158415841586,1.1,TRUE
671913-2023-113,671913,Damiano Palmegiani,Damiano Palmegiani,2023,Double-A,113,Eastern League,463,New Hampshire Fisher Cats,NH,Third Base,3B,3B,23,461,0.12581344902386118,0.27114967462039047,0.21400000000000002,0.312,4.072,0.2936708860759494,0.04121475054229935,0.09761388286334056,0.013015184381778741,0.7799999999999999,TRUE
683770-2023-113,683770,Will Robertson,Will Robertson,2023,Double-A,113,Eastern League,463,New Hampshire Fisher Cats,NH,Outfielder,LF,LF,25,412,0.0970873786407767,0.2645631067961165,0.24200000000000002,0.29200000000000004,3.847,0.31203931203931207,0.04611650485436893,0.11407766990291263,0.02912621359223301,0.6799999999999999,TRUE
677570-2023-113,677570,Aaron Bracho,Aaron Bracho,2023,Double-A,113,Eastern League,402,Akron RubberDucks,AKR,Second Base,2B,SS,22,424,0.11556603773584906,0.22877358490566038,0.196,0.28200000000000003,4.223999999999999,0.24133663366336633,0.04245283018867924,0.08018867924528301,0.01179245283018868,0.46,TRUE
672361-2023-113,672361,Agustin Ruiz,Agustin Ruiz,2023,Double-A,113,Eastern League,505,Binghamton Rumble Ponies,BNG,Outfielder,RF,RF,23,423,0.09692671394799054,0.31678486997635935,0.198,0.257,3.9619999999999997,0.3333333333333333,0.0425531914893617,0.08037825059101655,0.004728132387706856,0.59,TRUE
685301-2023-113,685301,Matt Gorski,Matt Gorski,2023,Double-A,113,Eastern League,452,Altoona Curve,ALT,Outfielder,CF,1B,25,396,0.06818181818181818,0.255050505050505,0.199,0.278,3.697,0.3503267973856209,0.04292929292929293,0.08838383838383838,0.05808080808080808,0.71,TRUE
680693-2023-113,680693,Grant Lavigne,Grant Lavigne,2023,Double-A,113,Eastern League,538,Hartford Yard Goats,HFD,First Base,1B,1B,23,534,0.1441947565543071,0.26591760299625467,0.171,0.29100000000000004,3.9939999999999998,0.33798604187437686,0.031835205992509365,0.07303370786516854,0.011235955056179775,1.09,TRUE
687981-2023-113,687981,John Rhodes,John Rhodes,2023,Double-A,113,Eastern League,418,Bowie Baysox,BOW,Outfielder,LF,OF,22,468,0.11324786324786325,0.26282051282051283,0.194,0.281,3.9319999999999995,0.2902843601895735,0.03632478632478633,0.08974358974358974,0.019230769230769232,0.8300000000000001,TRUE
681159-2023-113,681159,Ethan Wilson,Ethan Wilson,2023,Double-A,113,Eastern League,522,Reading Fightin Phils,REA,Outfielder,LF,OF,23,463,0.06695464362850972,0.23758099352051837,0.193,0.29400000000000004,3.937,0.2698249227600412,0.0367170626349892,0.09503239740820735,0.04103671706263499,0.88,TRUE
691176-2023-113,691176,Jasson Domínguez,Jasson Domínguez,2023,Double-A,113,Eastern League,1956,Somerset Patriots,SOM,Outfielder,CF,RF,20,507,0.15187376725838264,0.2564102564102564,0.16,0.327,3.9349999999999996,0.27944325481798715,0.029585798816568046,0.07100591715976332,0.08678500986193294,1.08,TRUE
678837-2023-113,678837,Bladimir Restituyo,Bladimir Restituyo,2023,Double-A,113,Eastern League,538,Hartford Yard Goats,HFD,Outfielder,CF,SS,21,456,0.017543859649122806,0.18859649122807018,0.15600000000000003,0.28800000000000003,3.064,0.2786343612334802,0.03289473684210526,0.07894736842105263,0.05043859649122807,1.03,TRUE
669360-2023-113,669360,Trei Cruz,Trei Cruz,2023,Double-A,113,Eastern League,106,Erie SeaWolves,ERI,Outfielder,CF,CF,24,538,0.15055762081784388,0.23605947955390336,0.15700000000000003,0.265,4.053999999999999,0.29411764705882354,0.026022304832713755,0.0724907063197026,0.027881040892193308,0.7799999999999999,TRUE
687724-2023-113,687724,Jake Holton,Jake Holton,2023,Double-A,113,Eastern League,106,Erie SeaWolves,ERI,First Base,1B,1B,25,463,0.1468682505399568,0.1468682505399568,0.15600000000000003,0.264,3.94,0.2055800293685756,0.03023758099352052,0.06263498920086392,0.0021598272138228943,1.2,TRUE
666177-2023-113,666177,Carter Aldrete,Carter Aldrete,2023,Double-A,113,Eastern League,3410,Richmond Flying Squirrels,RIC,Third Base,3B,2B,25,409,0.07579462102689487,0.26405867970660146,0.161,0.275,3.9759999999999995,0.30284301606922126,0.03178484107579462,0.08312958435207823,0.007334963325183374,0.96,TRUE
663979-2023-113,663979,Kyle Datres,Kyle Datres,2023,Double-A,113,Eastern League,538,Hartford Yard Goats,HFD,Second Base,2B,3B,27,380,0.1394736842105263,0.23684210526315788,0.168,0.308,4.111,0.3111455108359133,0.034210526315789476,0.06578947368421052,0.07105263157894737,1.35,TRUE
679821-2023-113,679821,Rowdey Jordan,Rowdey Jordan,2023,Double-A,113,Eastern League,505,Binghamton Rumble Ponies,BNG,Second Base,2B,OF,24,509,0.12770137524557956,0.22789783889980353,0.15900000000000003,0.281,4.041,0.25646794150731156,0.025540275049115914,0.07662082514734773,0.068762278978389,0.77,TRUE
701162-2023-113,701162,Ben Malgeri,Ben Malgeri,2023,Double-A,113,Eastern League,106,Erie SeaWolves,ERI,Outfielder,CF,RF,23,389,0.10282776349614396,0.3033419023136247,0.18,0.313,4.018,0.34759358288770054,0.033419023136246784,0.08740359897172237,0.05398457583547558,0.88,TRUE
700242-2023-113,700242,Trey Sweeney,Trey Sweeney,2023,Double-A,113,Eastern League,1956,Somerset Patriots,SOM,Shortstop,SS,SS,23,472,0.13771186440677965,0.1906779661016949,0.15900000000000003,0.29400000000000004,3.9789999999999996,0.22897800776196636,0.02754237288135593,0.07415254237288135,0.057203389830508475,0.53,TRUE
694377-2023-113,694377,Nick Yorke,Nick Yorke,2023,Double-A,113,Eastern League,546,Portland Sea Dogs,POR,Second Base,2B,3B,21,506,0.1007905138339921,0.24110671936758893,0.167,0.33899999999999997,4.101,0.2893923789907312,0.025691699604743084,0.08498023715415019,0.045454545454545456,1.01,TRUE
676762-2023-113,676762,Frankie Tostado,Frankie Tostado,2023,Double-A,113,Eastern League,547,Harrisburg Senators,HBG,First Base,1B,RF,25,419,0.07637231503579953,0.16706443914081145,0.14100000000000001,0.261,3.8329999999999997,0.29654403567447046,0.028639618138424822,0.06921241050119331,0.007159904534606206,1.06,TRUE
682657-2023-113,682657,Angel Martínez,Angel Martínez,2023,Double-A,113,Eastern League,402,Akron RubberDucks,AKR,Second Base,2B,LF,21,437,0.08466819221967964,0.18993135011441648,0.14600000000000002,0.28200000000000003,3.8379999999999996,0.2148962148962149,0.02517162471395881,0.06864988558352403,0.029748283752860413,0.72,TRUE
673990-2023-113,673990,Andy Thomas,Andy Thomas,2023,Double-A,113,Eastern League,3410,Richmond Flying Squirrels,RIC,Catcher,C,C,25,448,0.125,0.23883928571428573,0.134,0.279,3.8729999999999998,0.2672521957340025,0.024553571428571428,0.0625,0.013392857142857142,0.92,TRUE
682877-2023-113,682877,Juan Brito,Juan Brito,2023,Double-A,113,Eastern League,402,Akron RubberDucks,AKR,Second Base,2B,2B,21,374,0.12834224598930483,0.16844919786096257,0.168,0.31,3.917,0.1994219653179191,0.026737967914438502,0.0855614973262032,0.026737967914438502,0.56,TRUE
672692-2023-113,672692,Jose Peroza,Jose Peroza,2023,Double-A,113,Eastern League,505,Binghamton Rumble Ponies,BNG,Third Base,3B,3B,23,404,0.10396039603960396,0.3069306930693069,0.163,0.345,4.0169999999999995,0.3281807372175981,0.024752475247524754,0.0891089108910891,0.012376237623762377,0.8200000000000001,TRUE
671271-2023-113,671271,Jeisson Rosario,Jeisson Rosario,2023,Double-A,113,Eastern League,1956,Somerset Patriots,SOM,Outfielder,RF,OF,23,429,0.18181818181818182,0.29603729603729606,0.137,0.307,4.221,0.36103896103896105,0.023310023310023312,0.06293706293706294,0.037296037296037296,0.8700000000000001,TRUE
690984-2023-113,690984,Petey Halpin,Petey Halpin,2023,Double-A,113,Eastern League,402,Akron RubberDucks,AKR,Outfielder,CF,CF,21,510,0.09215686274509804,0.24705882352941178,0.128,0.311,3.933,0.26226226226226224,0.01764705882352941,0.07058823529411765,0.027450980392156862,0.8600000000000001,TRUE
689651-2023-113,689651,Phillip Sikes,Phillip Sikes,2023,Double-A,113,Eastern League,546,Portland Sea Dogs,POR,Outfielder,CF,OF,24,476,0.09243697478991597,0.3067226890756303,0.12300000000000001,0.29200000000000004,4.154999999999999,0.28484848484848485,0.018907563025210083,0.06302521008403361,0.09663865546218488,0.42000000000000004,TRUE
687019-2023-113,687019,Andrés Alvarez,Andrés Alvarez,2023,Double-A,113,Eastern League,452,Altoona Curve,ALT,Shortstop,SS,SS,26,380,0.07894736842105263,0.2578947368421053,0.13,0.273,3.8709999999999996,0.30758426966292135,0.021052631578947368,0.07105263157894737,0.018421052631578946,0.96,TRUE
670208-2023-113,670208,Matt Fraizer,Matt Fraizer,2023,Double-A,113,Eastern League,452,Altoona Curve,ALT,Outfielder,RF,CF,25,486,0.08847736625514403,0.2139917695473251,0.10500000000000001,0.314,4,0.22162162162162163,0.01646090534979424,0.05555555555555555,0.04938271604938271,0.9,TRUE
690987-2023-113,690987,Robert Hassell III,Robert Hassell III,2023,Double-A,113,Eastern League,547,Harrisburg Senators,HBG,Outfielder,CF,CF,21,476,0.1092436974789916,0.31932773109243695,0.09899999999999999,0.33099999999999996,4.0760000000000005,0.2976190476190476,0.01680672268907563,0.05042016806722689,0.037815126050420166,1.72,TRUE
676024-2023-113,676024,Donta' Williams,Donta' Williams,2023,Double-A,113,Eastern League,418,Bowie Baysox,BOW,Outfielder,CF,OF,24,408,0.13970588235294118,0.2818627450980392,0.128,0.265,4.191,0.3150684931506849,0.0196078431372549,0.06372549019607843,0.08333333333333333,1.09,TRUE
672642-2023-113,672642,Steward Berroa,Steward Berroa,2023,Double-A,113,Eastern League,463,New Hampshire Fisher Cats,NH,Outfielder,CF,RF,24,396,0.14393939393939395,0.2676767676767677,0.14200000000000002,0.377,4.109,0.2790014684287812,0.017676767676767676,0.07575757575757576,0.13383838383838384,1.34,TRUE
805367-2023-113,805367,Chase Meidroth,Chase Meidroth,2023,Double-A,113,Eastern League,546,Portland Sea Dogs,POR,Third Base,3B,2B,21,396,0.14898989898989898,0.19696969696969696,0.12000000000000001,0.315,4.263,0.16938110749185667,0.017676767676767676,0.06060606060606061,0.025252525252525252,1.54,TRUE
681468-2023-113,681468,Corey Rosier,Corey Rosier,2023,Double-A,113,Eastern League,546,Portland Sea Dogs,POR,Outfielder,RF,RF,23,400,0.0825,0.215,0.15400000000000003,0.354,3.705,0.23347398030942335,0.0175,0.0875,0.14,0.99,TRUE
657010-2023-113,657010,Madison Stokes,Madison Stokes,2023,Double-A,113,Eastern League,522,Reading Fightin Phils,REA,Shortstop,SS,SS,27,431,0.14849187935034802,0.27610208816705334,0.128,0.3,3.8909999999999996,0.2772543741588156,0.016241299303944315,0.06960556844547564,0.018561484918793503,0.8200000000000001,TRUE
686793-2023-113,686793,J.T. Arruda,J.T. Arruda,2023,Double-A,113,Eastern League,547,Harrisburg Senators,HBG,Second Base,2B,SS,25,458,0.1615720524017467,0.2576419213973799,0.101,0.311,4.151,0.2905317769130999,0.013100436681222707,0.05021834061135371,0.0851528384279476,0.97,TRUE
701634-2023-113,701634,Connor Kokx,Connor Kokx,2023,Double-A,113,Eastern League,402,Akron RubberDucks,AKR,Outfielder,LF,OF,23,390,0.12051282051282051,0.22564102564102564,0.083,0.3,3.885,0.2413793103448276,0.007692307692307693,0.05384615384615385,0.08717948717948718,0.8200000000000001,TRUE
696281-2023-113,696281,Wyatt Young,Wyatt Young,2023,Double-A,113,Eastern League,505,Binghamton Rumble Ponies,BNG,Shortstop,SS,SS,23,377,0.13793103448275862,0.21485411140583555,0.05,0.271,4.058,0.1853035143769968,0.005305039787798408,0.029177718832891247,0.04774535809018567,0.74,TRUE
683616-2023-123,683616,Rodolfo Nolasco,Rodolfo Nolasco,2023,Low-A,123,Florida State League,3390,Bradenton Marauders,BRD,Outfielder,LF,OF,21,444,0.15990990990990991,0.34234234234234234,0.226,0.29500000000000004,3.921,0.4074074074074074,0.04504504504504504,0.09234234234234234,0.03153153153153153,1.1900000000000002,TRUE
691858-2023-123,691858,Jared Serna,Jared Serna,2023,Low-A,123,Florida State League,587,Tampa Tarpons,TAM,Second Base,2B,SS,21,443,0.09029345372460497,0.16930022573363432,0.2,0.306,3.77,0.24550898203592814,0.04288939051918736,0.09255079006772009,0.056433408577878104,1.1500000000000001,TRUE
683079-2023-123,683079,Omar Martinez,Omar Martinez,2023,Low-A,123,Florida State League,587,Tampa Tarpons,TAM,Catcher,C,C,21,444,0.15090090090090091,0.24774774774774774,0.194,0.305,3.941,0.28516129032258064,0.04054054054054054,0.07882882882882883,0.02027027027027027,1.01,TRUE
699302-2023-123,699302,Héctor Rodríguez,Héctor Rodríguez,2023,Low-A,123,Florida State League,450,Daytona Tortugas,DBT,Outfielder,CF,LF,19,444,0.060810810810810814,0.1891891891891892,0.21700000000000003,0.33499999999999996,3.453,0.27473684210526317,0.036036036036036036,0.10810810810810811,0.0518018018018018,1.06,TRUE
702906-2023-123,702906,Wilfredo Lara,Wilfredo Lara,2023,Low-A,123,Florida State League,507,St. Lucie Mets,SLU,Third Base,3B,3B,19,409,0.12224938875305623,0.2176039119804401,0.188,0.315,3.633,0.2869318181818182,0.034229828850855744,0.08557457212713937,0.05623471882640587,0.63,TRUE
686438-2023-123,686438,Rubel Cespedes,Rubel Cespedes,2023,Low-A,123,Florida State League,509,Fort Myers Mighty Mussels,FTM,First Base,1B,3B,22,476,0.10504201680672269,0.21218487394957983,0.164,0.273,3.8529999999999998,0.2715909090909091,0.0273109243697479,0.0861344537815126,0.008403361344537815,1.07,TRUE
682627-2023-123,682627,Jose De La Cruz,Jose De La Cruz,2023,Low-A,123,Florida State League,570,Lakeland Flying Tigers,LAK,Outfielder,RF,OF,21,381,0.12073490813648294,0.31496062992125984,0.15400000000000003,0.33799999999999997,3.9319999999999995,0.4087193460490463,0.031496062992125984,0.06824146981627296,0.013123359580052493,0.93,TRUE
694184-2023-123,694184,Cristian Santana,Cristian Santana,2023,Low-A,123,Florida State League,570,Lakeland Flying Tigers,LAK,Third Base,3B,SS,19,419,0.2171837708830549,0.27684964200477324,0.15600000000000003,0.194,4.425,0.3179271708683473,0.028639618138424822,0.057279236276849645,0.026252983293556086,0.25,TRUE
694185-2023-123,694185,Danny De Andrade,Danny De Andrade,2023,Low-A,123,Florida State League,509,Fort Myers Mighty Mussels,FTM,Shortstop,SS,SS,19,475,0.12210526315789473,0.2168421052631579,0.15200000000000002,0.29400000000000004,3.888,0.22540473225404734,0.023157894736842106,0.07368421052631578,0.05052631578947368,0.6599999999999999,TRUE
691627-2023-123,691627,Ricardo Olivar,Ricardo Olivar,2023,Low-A,123,Florida State League,509,Fort Myers Mighty Mussels,FTM,Catcher,C,C,21,449,0.13140311804008908,0.2071269487750557,0.167,0.354,4.007,0.23803363518758086,0.022271714922048998,0.08908685968819599,0.028953229398663696,1.1300000000000001,TRUE
701398-2023-123,701398,Sal Stewart,Sal Stewart,2023,Low-A,123,Florida State League,450,Daytona Tortugas,DBT,Third Base,3B,1B,19,387,0.17054263565891473,0.1524547803617571,0.15500000000000003,0.3,4.193999999999999,0.2134670487106017,0.025839793281653745,0.07493540051679587,0.03617571059431524,1.54,TRUE
699115-2023-123,699115,Carlos Jorge,Carlos Jorge,2023,Low-A,123,Florida State League,450,Daytona Tortugas,DBT,Second Base,2B,SS,19,356,0.13202247191011235,0.19662921348314608,0.188,0.356,3.8759999999999994,0.2795031055900621,0.025280898876404494,0.08146067415730338,0.10674157303370786,0.88,TRUE
691927-2023-123,691927,Enmanuel Terrero,Enmanuel Terrero,2023,Low-A,123,Florida State League,3390,Bradenton Marauders,BRD,Outfielder,LF,CF,20,361,0.13019390581717452,0.25761772853185594,0.14300000000000002,0.354,3.762,0.30363036303630364,0.0221606648199446,0.060941828254847646,0.08310249307479224,1.45,TRUE
695491-2023-123,695491,Joshua Báez,Joshua Báez,2023,Low-A,123,Florida State League,279,Palm Beach Cardinals,PMB,Outfielder,RF,RF,20,358,0.12569832402234637,0.3407821229050279,0.164,0.33699999999999997,4.053,0.3663220088626292,0.019553072625698324,0.08659217877094973,0.0893854748603352,0.52,TRUE
800231-2023-123,800231,Won-Bin Cho,Won-Bin Cho,2023,Low-A,123,Florida State League,279,Palm Beach Cardinals,PMB,Outfielder,RF,OF,19,452,0.1415929203539823,0.2168141592920354,0.119,0.34099999999999997,3.8519999999999994,0.2650273224043716,0.015486725663716814,0.05752212389380531,0.09513274336283185,1.22,TRUE
692371-2023-123,692371,Lizandro Espinoza,Lizandro Espinoza,2023,Low-A,123,Florida State League,279,Palm Beach Cardinals,PMB,Shortstop,SS,SS,20,413,0.09443099273607748,0.2566585956416465,0.10600000000000001,0.23600000000000002,3.54,0.31361760660247595,0.01694915254237288,0.05569007263922518,0.048426150121065374,0.54,TRUE
693808-2023-123,693808,Daury Arias,Daury Arias,2023,Low-A,123,Florida State League,587,Tampa Tarpons,TAM,Outfielder,CF,CF,21,418,0.13875598086124402,0.20574162679425836,0.101,0.27,3.773,0.30566037735849055,0.014354066985645933,0.05263157894736842,0.028708133971291867,1.46,TRUE
694202-2023-123,694202,Manuel Beltre,Manuel Beltre,2023,Low-A,123,Florida State League,424,Dunedin Blue Jays,DUN,Shortstop,SS,SS,19,431,0.11136890951276102,0.1925754060324826,0.109,0.28,3.666,0.2696011004126547,0.013921113689095127,0.06496519721577726,0.03248259860788863,0.81,TRUE
702253-2023-123,702253,Cam Collier,Cam Collier,2023,Low-A,123,Florida State League,450,Daytona Tortugas,DBT,Third Base,3B,3B,18,461,0.12364425162689804,0.2299349240780911,0.11,0.317,3.9179999999999997,0.2624544349939247,0.013015184381778741,0.06290672451193059,0.013015184381778741,1.55,TRUE
694200-2023-123,694200,Ariel Almonte,Ariel Almonte,2023,Low-A,123,Florida State League,450,Daytona Tortugas,DBT,Outfielder,RF,OF,19,383,0.10966057441253264,0.3472584856396867,0.096,0.317,4.103999999999999,0.36488340192043894,0.013054830287206266,0.05483028720626632,0.010443864229765013,1.1300000000000001,TRUE
691588-2023-123,691588,Ian Lewis Jr.,Ian Lewis Jr.,2023,Low-A,123,Florida State League,479,Jupiter Hammerheads,JUP,Second Base,2B,SS,20,477,0.09224318658280922,0.20545073375262055,0.109,0.28,3.771,0.3071965628356606,0.010482180293501049,0.06289308176100629,0.09014675052410902,1.4,TRUE
689355-2023-123,689355,Brett Roberts,Brett Roberts,2023,Low-A,123,Florida State League,479,Jupiter Hammerheads,JUP,Outfielder,RF,SS,22,373,0.058981233243967826,0.2064343163538874,0.113,0.33499999999999996,3.5789999999999997,0.24702380952380953,0.013404825737265416,0.06702412868632708,0.058981233243967826,0.76,TRUE
702283-2023-123,702283,Tucker Toman,Tucker Toman,2023,Low-A,123,Florida State League,424,Dunedin Blue Jays,DUN,Third Base,3B,SS,19,503,0.12524850894632206,0.268389662027833,0.10500000000000001,0.28900000000000003,4.012,0.3251121076233184,0.009940357852882704,0.0636182902584493,0.015904572564612324,1.1800000000000002,TRUE
700931-2023-123,700931,Seth Stephenson,Seth Stephenson,2023,Low-A,123,Florida State League,570,Lakeland Flying Tigers,LAK,Outfielder,CF,OF,22,437,0.08466819221967964,0.2036613272311213,0.12200000000000001,0.351,3.648,0.24694708276797828,0.009153318077803204,0.06636155606407322,0.17162471395881007,0.9500000000000001,TRUE
691601-2023-123,691601,Brenny Escanio,Brenny Escanio,2023,Low-A,123,Florida State League,587,Tampa Tarpons,TAM,Shortstop,SS,SS,20,476,0.14285714285714285,0.25,0.07300000000000001,0.304,4.088,0.27986348122866894,0.0063025210084033615,0.037815126050420166,0.05672268907563025,0.71,TRUE
694193-2023-123,694193,Victor Acosta,Victor Acosta,2023,Low-A,123,Florida State League,450,Daytona Tortugas,DBT,Shortstop,SS,SS,19,411,0.09975669099756691,0.20681265206812652,0.10400000000000001,0.327,3.6719999999999997,0.246684350132626,0.004866180048661801,0.06569343065693431,0.0340632603406326,1.08,TRUE
683152-2023-123,683152,Michael Curialle,Michael Curialle,2023,Low-A,123,Florida State League,279,Palm Beach Cardinals,PMB,Third Base,3B,SS,22,457,0.11159737417943107,0.2363238512035011,0.116,0.382,3.963,0.2798552472858866,0.00437636761487965,0.07658643326039387,0.037199124726477024,1.21,TRUE
696291-2023-123,696291,Jordan McCants,Jordan McCants,2023,Low-A,123,Florida State League,479,Jupiter Hammerheads,JUP,Third Base,3B,SS,21,483,0.09937888198757763,0.2712215320910973,0.061,0.316,3.9459999999999997,0.29799107142857145,0.004140786749482402,0.037267080745341616,0.08281573498964803,1.58,TRUE
701437-2023-123,701437,Jaden Rudd,Jaden Rudd,2023,Low-A,123,Florida State League,424,Dunedin Blue Jays,DUN,Outfielder,CF,OF,20,426,0.16666666666666666,0.25586854460093894,0.07600000000000001,0.29200000000000004,4.171,0.27111111111111114,0.004694835680751174,0.04225352112676056,0.05868544600938967,1.07,TRUE
692944-2023-123,692944,Kevin Villavicencio,Kevin Villavicencio,2023,Low-A,123,Florida State League,507,St. Lucie Mets,SLU,Second Base,2B,SS,19,380,0.06315789473684211,0.1763157894736842,0.066,0.29000000000000004,3.561,0.2344632768361582,0.005263157894736842,0.042105263157894736,0.07894736842105263,1.21,TRUE
702708-2023-123,702708,Emaarion Boyd,Emaarion Boyd,2023,Low-A,123,Florida State League,566,Clearwater Threshers,CLR,Outfielder,LF,LF,19,403,0.08684863523573201,0.1488833746898263,0.061,0.313,3.5159999999999996,0.20444444444444446,0.0024813895781637717,0.034739454094292806,0.18362282878411912,2.11,TRUE
691913-2023-123,691913,Jesus Castillo,Jesus Castillo,2023,Low-A,123,Florida State League,3390,Bradenton Marauders,BRD,First Base,1B,SS,19,506,0.2015810276679842,0.18774703557312253,0.042,0.27,3.984,0.24829467939972716,0.001976284584980237,0.023715415019762844,0.09486166007905138,1.1,TRUE
701010-2023-123,701010,Roque Salinas,Roque Salinas,2023,Low-A,123,Florida State League,424,Dunedin Blue Jays,DUN,Outfielder,RF,OF,20,417,0.050359712230215826,0.12470023980815348,0.063,0.29500000000000004,3.29,0.18674698795180722,0.002398081534772182,0.045563549160671464,0.014388489208633094,1.1700000000000002,TRUE
691594-2023-123,691594,Javier Sanoja,Javier Sanoja,2023,Low-A,123,Florida State League,479,Jupiter Hammerheads,JUP,Outfielder,CF,3B,20,434,0.07142857142857142,0.07373271889400922,0.093,0.33099999999999996,3.588,0.11513583441138421,0.002304147465437788,0.06221198156682028,0.10829493087557604,1.1,TRUE
666915-2023-117,666915,Bobby Dalbec,Bobby Dalbec,2023,Triple-A,117,International League,533,Worcester Red Sox,WOR,Third Base,3B,1B,28,493,0.12981744421906694,0.34279918864097364,0.28800000000000003,0.364,4.263999999999999,0.4269535673839185,0.06693711967545639,0.10141987829614604,0.04056795131845842,0.6599999999999999,TRUE
642215-2023-117,642215,Weston Wilson,Weston Wilson,2023,Triple-A,117,International League,1410,Lehigh Valley IronPigs,LHV,Shortstop,SS,3B,28,544,0.13786764705882354,0.26838235294117646,0.257,0.307,4.226,0.3,0.05698529411764706,0.0974264705882353,0.06985294117647059,0.97,TRUE
664332-2023-117,664332,Moisés Gómez,Moisés Gómez,2023,Triple-A,117,International League,235,Memphis Redbirds,MEM,Outfielder,RF,OF,24,567,0.06878306878306878,0.31746031746031744,0.226,0.28700000000000003,3.843,0.35993349958437243,0.05291005291005291,0.09347442680776014,0.010582010582010581,0.45,TRUE
656484-2023-117,656484,Tristan Gray,Tristan Gray,2023,Triple-A,117,International League,234,Durham Bulls,DUR,Shortstop,SS,SS,27,525,0.08761904761904762,0.3161904761904762,0.25,0.29200000000000004,3.88,0.375,0.05714285714285714,0.10666666666666667,0.009523809523809525,0.55,TRUE
664314-2023-117,664314,Estevan Florial,Estevan Florial,2023,Triple-A,117,International League,531,Scranton/Wilkes-Barre RailRiders,SWB,Outfielder,CF,LF,25,482,0.13692946058091288,0.2987551867219917,0.281,0.362,4.139,0.3555070883315158,0.058091286307053944,0.11410788381742738,0.07261410788381743,0.89,TRUE
678877-2023-117,678877,Jhonkensy Noel,Jhonkensy Noel,2023,Triple-A,117,International League,445,Columbus Clippers,COL,Outfielder,LF,RF,21,585,0.08376068376068375,0.24786324786324787,0.2,0.24900000000000003,3.9739999999999998,0.30595138306789604,0.046153846153846156,0.08547008547008547,0.006837606837606838,0.93,TRUE
666464-2023-117,666464,Jerar Encarnacion,Jerar Encarnacion,2023,Triple-A,117,International League,564,Jacksonville Jumbo Shrimp,JAX,Outfielder,RF,RF,25,516,0.1511627906976744,0.3875968992248062,0.224,0.348,4.226999999999999,0.4160659114315139,0.050387596899224806,0.08527131782945736,0.015503875968992248,1.32,TRUE
666018-2023-117,666018,Jonathan Aranda,Jonathan Aranda,2023,Triple-A,117,International League,234,Durham Bulls,DUR,Second Base,2B,1B,25,434,0.14746543778801843,0.20046082949308755,0.275,0.387,4.442,0.21447368421052632,0.0576036866359447,0.11059907834101383,0.009216589861751152,0.88,TRUE
665953-2023-117,665953,Andrés Chaparro,Andrés Chaparro,2023,Triple-A,117,International League,531,Scranton/Wilkes-Barre RailRiders,SWB,Third Base,3B,1B,24,601,0.10815307820299501,0.21797004991680533,0.197,0.277,3.907,0.28380782918149466,0.04159733777038269,0.08485856905158069,0.0066555740432612314,0.63,TRUE
680814-2023-117,680814,Peyton Burdick,Peyton Burdick,2023,Triple-A,117,International League,564,Jacksonville Jumbo Shrimp,JAX,Outfielder,RF,CF,26,492,0.11585365853658537,0.36585365853658536,0.229,0.311,4.043,0.3786802030456853,0.04878048780487805,0.09349593495934959,0.028455284552845527,0.62,TRUE
663905-2023-117,663905,Travis Blankenhorn,Travis Blankenhorn,2023,Triple-A,117,International League,534,Rochester Red Wings,ROC,First Base,1B,RF,26,455,0.11208791208791209,0.24175824175824176,0.254,0.307,3.921,0.28705882352941176,0.05054945054945055,0.11428571428571428,0.004395604395604396,1.1,TRUE
623507-2023-117,623507,Josh Lester,Josh Lester,2023,Triple-A,117,International League,568,Norfolk Tides,NOR,Third Base,3B,1B,28,470,0.06595744680851064,0.25957446808510637,0.21800000000000003,0.302,3.713,0.3127035830618892,0.04893617021276596,0.09787234042553192,0.00425531914893617,0.81,TRUE
669234-2023-117,669234,Justyn-Henry Malloy,Justyn-Henry Malloy,2023,Triple-A,117,International League,512,Toledo Mud Hens,TOL,Third Base,3B,RF,23,611,0.18003273322422259,0.24877250409165302,0.197,0.354,4.343999999999999,0.28355196770938446,0.03764320785597381,0.08019639934533551,0.009819967266775777,0.69,TRUE
677595-2023-117,677595,Ronny Mauricio,Ronny Mauricio,2023,Triple-A,117,International League,552,Syracuse Mets,SYR,Second Base,2B,SS,22,532,0.06578947368421052,0.18233082706766918,0.21400000000000002,0.323,3.635,0.23716632443531827,0.043233082706766915,0.10526315789473684,0.05827067669172932,1.32,TRUE
666632-2023-117,666632,Yonathan Perlaza,Yonathan Perlaza,2023,Triple-A,117,International League,451,Iowa Cubs,IOW,Outfielder,LF,2B,24,543,0.13996316758747698,0.21915285451197053,0.24900000000000003,0.33599999999999997,3.8689999999999998,0.3216432865731463,0.0423572744014733,0.12154696132596685,0.03314917127071823,0.97,TRUE
665180-2023-117,665180,Ruben Cardenas,Ruben Cardenas,2023,Triple-A,117,International League,234,Durham Bulls,DUR,Outfielder,RF,OF,25,550,0.11272727272727273,0.2636363636363636,0.20600000000000002,0.33799999999999997,3.929,0.30740037950664134,0.04,0.09272727272727273,0.03636363636363636,0.63,TRUE
670223-2023-117,670223,Matt Mervis,Matt Mervis,2023,Triple-A,117,International League,451,Iowa Cubs,IOW,First Base,1B,1B,25,441,0.15192743764172337,0.22675736961451248,0.251,0.327,4.0569999999999995,0.3175355450236967,0.049886621315192746,0.10430839002267574,0.006802721088435374,0.6799999999999999,TRUE
608703-2023-117,608703,Matt Reynolds,Matt Reynolds,2023,Triple-A,117,International League,416,Louisville Bats,LOU,Second Base,2B,3B,32,515,0.11650485436893204,0.2737864077669903,0.24800000000000003,0.33199999999999996,4.045,0.28685714285714287,0.04271844660194175,0.12233009708737864,0.015533980582524271,0.8400000000000001,TRUE
670237-2023-117,670237,Jake Slaughter,Jake Slaughter,2023,Triple-A,117,International League,451,Iowa Cubs,IOW,Third Base,3B,SS,26,432,0.10648148148148148,0.27546296296296297,0.24000000000000002,0.29100000000000004,3.8749999999999996,0.3350582147477361,0.05092592592592592,0.10185185185185185,0.05092592592592592,1.24,TRUE
657562-2023-117,657562,Patrick Dorrian,Patrick Dorrian,2023,Triple-A,117,International League,556,Nashville Sounds,NAS,Second Base,2B,2B,27,407,0.08353808353808354,0.31203931203931207,0.227,0.301,4.034,0.3852760736196319,0.051597051597051594,0.09828009828009827,0.0171990171990172,1.1900000000000002,TRUE
670224-2023-117,670224,Kameron Misner,Kameron Misner,2023,Triple-A,117,International League,234,Durham Bulls,DUR,Outfielder,CF,CF,25,519,0.17533718689788053,0.3583815028901734,0.233,0.33899999999999997,4.393,0.3904255319148936,0.04046242774566474,0.09826589595375723,0.05202312138728324,0.69,TRUE
681393-2023-117,681393,Connor Norby,Connor Norby,2023,Triple-A,117,International League,568,Norfolk Tides,NOR,Second Base,2B,1B,23,633,0.09004739336492891,0.21642969984202212,0.193,0.347,3.7870000000000004,0.2437603993344426,0.03317535545023697,0.10110584518167456,0.022116903633491312,0.92,TRUE
642197-2023-117,642197,Jamie Westbrook,Jamie Westbrook,2023,Triple-A,117,International League,531,Scranton/Wilkes-Barre RailRiders,SWB,Second Base,2B,2B,28,496,0.1350806451612903,0.16330645161290322,0.202,0.322,3.8569999999999998,0.23210161662817552,0.04233870967741935,0.08266129032258064,0.020161290322580645,1.29,TRUE
622682-2023-117,622682,Victor Reyes,Victor Reyes,2023,Triple-A,117,International League,494,Charlotte Knights,CLT,Outfielder,RF,CF,28,546,0.06593406593406594,0.2271062271062271,0.183,0.33099999999999996,3.8789999999999996,0.25650224215246636,0.03663003663003663,0.09157509157509157,0.007326007326007326,1.52,TRUE
678009-2023-117,678009,Parker Meadows,Parker Meadows,2023,Triple-A,117,International League,512,Toledo Mud Hens,TOL,Outfielder,CF,CF,23,517,0.1102514506769826,0.2379110251450677,0.21800000000000003,0.305,4.081,0.24559585492227978,0.0367504835589942,0.10251450676982592,0.04061895551257253,0.64,TRUE
691026-2023-117,691026,Masyn Winn,Masyn Winn,2023,Triple-A,117,International League,235,Memphis Redbirds,MEM,Shortstop,SS,SS,21,498,0.08835341365461848,0.16666666666666666,0.187,0.318,3.8009999999999997,0.18531889290012032,0.03614457831325301,0.08032128514056225,0.03815261044176707,0.75,TRUE
650331-2023-117,650331,Lewin Díaz,Lewin Díaz,2023,Triple-A,117,International League,568,Norfolk Tides,NOR,First Base,1B,1B,26,483,0.12422360248447205,0.19668737060041408,0.17400000000000002,0.306,4.298,0.23169398907103825,0.035196687370600416,0.07867494824016563,0.004140786749482402,0.6,TRUE
666152-2023-117,666152,David Hamilton,David Hamilton,2023,Triple-A,117,International League,533,Worcester Red Sox,WOR,Shortstop,SS,3B,25,469,0.1513859275053305,0.232409381663113,0.191,0.29700000000000004,4.032,0.2223667100130039,0.03624733475479744,0.07889125799573561,0.1513859275053305,0.6,TRUE
680881-2023-117,680881,Niko Hulsizer,Niko Hulsizer,2023,Triple-A,117,International League,234,Durham Bulls,DUR,Outfielder,LF,OF,26,473,0.14799154334038056,0.3298097251585624,0.191,0.29600000000000004,4.186,0.40669856459330145,0.035940803382663845,0.08456659619450317,0.02748414376321353,0.6699999999999999,TRUE
700932-2023-117,700932,Kyle Manzardo,Kyle Manzardo,2023,Triple-A,117,International League,445,Columbus Clippers,COL,First Base,1B,1B,22,405,0.13333333333333333,0.19506172839506172,0.233,0.261,4.074,0.2074074074074074,0.04197530864197531,0.1111111111111111,0.0049382716049382715,0.51,TRUE
594953-2023-117,594953,Daniel Palka,Daniel Palka,2023,Triple-A,117,International League,552,Syracuse Mets,SYR,First Base,1B,LF,31,412,0.09223300970873786,0.23300970873786409,0.183,0.275,3.9339999999999997,0.3342140026420079,0.0412621359223301,0.08009708737864078,0.012135922330097087,1.08,TRUE
609280-2023-117,609280,Miguel Andujar,Miguel Andujar,2023,Triple-A,117,International League,484,Indianapolis Indians,IND,First Base,1B,DH,28,465,0.1010752688172043,0.11827956989247312,0.198,0.358,3.71,0.19923857868020303,0.034408602150537634,0.1032258064516129,0.017204301075268817,0.75,TRUE
663662-2023-117,663662,Daz Cameron,Daz Cameron,2023,Triple-A,117,International League,568,Norfolk Tides,NOR,Outfielder,CF,RF,26,446,0.09641255605381166,0.21300448430493274,0.184,0.307,3.8739999999999997,0.24838292367399742,0.03587443946188341,0.08744394618834081,0.06502242152466367,0.7,TRUE
641470-2023-117,641470,Zack Collins,Zack Collins,2023,Triple-A,117,International League,445,Columbus Clippers,COL,Designated Hitter,DH,C,28,495,0.1414141414141414,0.3212121212121212,0.184,0.359,4.248,0.35129068462401797,0.03232323232323232,0.09090909090909091,0.010101010101010102,0.73,TRUE
694355-2023-117,694355,Tyler Gentry,Tyler Gentry,2023,Triple-A,117,International League,541,Omaha Storm Chasers,OMA,Outfielder,RF,OF,24,572,0.14160839160839161,0.22202797202797203,0.168,0.309,4.287,0.2633832976445396,0.027972027972027972,0.08041958041958042,0.02972027972027972,1,TRUE
669699-2023-117,669699,Braden Shewmake,Braden Shewmake,2023,Triple-A,117,International League,431,Gwinnett Stripers,GWN,Second Base,2B,SS,25,526,0.0741444866920152,0.19771863117870722,0.17300000000000001,0.264,3.548,0.28826291079812205,0.030418250950570342,0.08935361216730038,0.053231939163498096,0.96,TRUE
664057-2023-117,664057,Andrew Stevenson,Andrew Stevenson,2023,Triple-A,117,International League,1960,St. Paul Saints,STP,Outfielder,CF,CF,29,470,0.08936170212765958,0.20638297872340425,0.20400000000000001,0.383,3.674,0.265179677819083,0.03404255319148936,0.09787234042553192,0.10425531914893617,0.98,TRUE
676070-2023-117,676070,Jacob Amaya,Jacob Amaya,2023,Triple-A,117,International League,564,Jacksonville Jumbo Shrimp,JAX,Shortstop,SS,SS,24,566,0.12367491166077739,0.1872791519434629,0.15500000000000003,0.28800000000000003,3.8979999999999997,0.18693693693693694,0.026501766784452298,0.07597173144876325,0.014134275618374558,1.23,TRUE
666126-2023-117,666126,Carlos Cortes,Carlos Cortes,2023,Triple-A,117,International League,552,Syracuse Mets,SYR,Outfielder,LF,RF,26,442,0.14705882352941177,0.20135746606334842,0.187,0.274,4.146999999999999,0.25227568270481143,0.033936651583710405,0.08597285067873303,0.011312217194570135,0.8500000000000001,TRUE
605361-2023-117,605361,Nick Martini,Nick Martini,2023,Triple-A,117,International League,416,Louisville Bats,LOU,Outfielder,LF,RF,33,417,0.14388489208633093,0.20863309352517986,0.20600000000000002,0.325,4.103,0.2324561403508772,0.03597122302158273,0.09112709832134293,0.002398081534772182,0.7799999999999999,TRUE
675986-2023-117,675986,Canaan Smith-Njigba,Canaan Smith-Njigba,2023,Triple-A,117,International League,484,Indianapolis Indians,IND,Outfielder,LF,CF,24,445,0.11910112359550562,0.2651685393258427,0.193,0.364,4.191,0.3111668757841907,0.033707865168539325,0.09887640449438202,0.058426966292134834,1.8800000000000001,TRUE
660620-2023-117,660620,Jonathan Araúz,Jonathan Araúz,2023,Triple-A,117,International League,552,Syracuse Mets,SYR,Shortstop,SS,2B,24,415,0.13253012048192772,0.21686746987951808,0.17600000000000002,0.276,4.1899999999999995,0.24209078404401652,0.033734939759036145,0.0746987951807229,0.004819277108433735,0.75,TRUE
623520-2023-117,623520,David Bote,David Bote,2023,Triple-A,117,International League,451,Iowa Cubs,IOW,Shortstop,SS,3B,30,425,0.12470588235294118,0.22588235294117648,0.197,0.311,3.8559999999999994,0.299738219895288,0.03294117647058824,0.1011764705882353,0.018823529411764704,1.02,TRUE
693304-2023-117,693304,Nick Gonzales,Nick Gonzales,2023,Triple-A,117,International League,484,Indianapolis Indians,IND,Second Base,2B,3B,24,443,0.11963882618510158,0.26636568848758463,0.225,0.369,3.905,0.31285551763367464,0.03160270880361174,0.11060948081264109,0.01580135440180587,0.9400000000000001,TRUE
689288-2023-117,689288,Matt Koperniak,Matt Koperniak,2023,Triple-A,117,International League,235,Memphis Redbirds,MEM,Outfielder,LF,LF,25,422,0.10426540284360189,0.14454976303317535,0.15600000000000003,0.29300000000000004,3.969,0.2033678756476684,0.03317535545023697,0.06635071090047394,0.023696682464454975,1.28,TRUE
687588-2023-117,687588,Micah Pries,Micah Pries,2023,Triple-A,117,International League,445,Columbus Clippers,COL,First Base,1B,1B,25,464,0.10129310344827586,0.21767241379310345,0.192,0.272,4.006,0.2628696604600219,0.03017241379310345,0.09698275862068965,0.015086206896551725,1.01,TRUE
687823-2023-117,687823,Aaron Shackelford,Aaron Shackelford,2023,Triple-A,117,International League,484,Indianapolis Indians,IND,First Base,1B,SS,26,425,0.1388235294117647,0.28941176470588237,0.183,0.29400000000000004,3.9619999999999997,0.3371647509578544,0.03294117647058824,0.08,0.021176470588235293,0.56,TRUE
664068-2023-117,664068,Scott Kingery,Scott Kingery,2023,Triple-A,117,International League,1410,Lehigh Valley IronPigs,LHV,Shortstop,SS,SS,29,466,0.10300429184549356,0.28969957081545067,0.15600000000000003,0.328,3.961,0.31938325991189426,0.027896995708154508,0.07296137339055794,0.0536480686695279,0.6799999999999999,TRUE
670148-2023-117,670148,Nate Mondou,Nate Mondou,2023,Triple-A,117,International League,494,Charlotte Knights,CLT,First Base,1B,2B,28,465,0.14838709677419354,0.1913978494623656,0.165,0.316,4.153,0.23345367027677497,0.02795698924731183,0.07956989247311828,0.025806451612903226,0.61,TRUE
682515-2023-117,682515,Logan Porter,Logan Porter,2023,Triple-A,117,International League,541,Omaha Storm Chasers,OMA,Catcher,C,C,27,448,0.13392857142857142,0.25223214285714285,0.14500000000000002,0.29100000000000004,4.045,0.2868421052631579,0.029017857142857144,0.06473214285714286,0.004464285714285714,0.8500000000000001,TRUE
578570-2023-117,578570,Juniel Querecuto,Juniel Querecuto,2023,Triple-A,117,International League,235,Memphis Redbirds,MEM,Second Base,2B,3B,30,440,0.09090909090909091,0.22954545454545455,0.14900000000000002,0.33099999999999996,3.8859999999999997,0.24354657687991021,0.029545454545454545,0.06818181818181818,0.029545454545454545,0.63,TRUE
642020-2023-117,642020,Chuckie Robinson,Chuckie Robinson,2023,Triple-A,117,International League,416,Louisville Bats,LOU,Catcher,C,C,28,413,0.0774818401937046,0.1864406779661017,0.16,0.33199999999999996,3.6559999999999997,0.29739336492890994,0.031476997578692496,0.07506053268765134,0.021791767554479417,1.6600000000000001,TRUE
682177-2023-117,682177,Daniel Schneemann,Daniel Schneemann,2023,Triple-A,117,International League,445,Columbus Clippers,COL,Third Base,3B,CF,26,484,0.12190082644628099,0.2066115702479339,0.169,0.321,3.8779999999999997,0.28055878928987193,0.026859504132231406,0.09090909090909091,0.04132231404958678,1.33,TRUE
672463-2023-117,672463,Rafael Lantigua,Rafael Lantigua,2023,Triple-A,117,International League,422,Buffalo Bisons,BUF,Outfielder,LF,2B,25,578,0.1695501730103806,0.185121107266436,0.163,0.366,3.9339999999999997,0.259297520661157,0.020761245674740483,0.08996539792387544,0.06401384083044982,1.4,TRUE
670113-2023-117,670113,Jim Haley,Jim Haley,2023,Triple-A,117,International League,1410,Lehigh Valley IronPigs,LHV,First Base,1B,3B,28,410,0.08292682926829269,0.22926829268292684,0.15900000000000003,0.309,3.8609999999999998,0.28192161820480405,0.026829268292682926,0.07804878048780488,0.046341463414634146,1.06,TRUE
686531-2023-117,686531,Andre Lipcius,Andre Lipcius,2023,Triple-A,117,International League,512,Toledo Mud Hens,TOL,First Base,1B,2B,25,419,0.12410501193317422,0.1766109785202864,0.14700000000000002,0.311,4.303,0.23095238095238096,0.026252983293556086,0.06921241050119331,0.00477326968973747,0.75,TRUE
664901-2023-117,664901,Danny Mendick,Danny Mendick,2023,Triple-A,117,International League,552,Syracuse Mets,SYR,Third Base,3B,SS,29,425,0.10823529411764705,0.1411764705882353,0.14200000000000002,0.311,3.762,0.1873198847262248,0.02588235294117647,0.07058823529411765,0.03764705882352941,0.93,TRUE
687462-2023-117,687462,Spencer Horwitz,Spencer Horwitz,2023,Triple-A,117,International League,422,Buffalo Bisons,BUF,First Base,1B,1B,25,484,0.16115702479338842,0.1487603305785124,0.15800000000000003,0.386,3.9919999999999995,0.1910902696365768,0.02066115702479339,0.08471074380165289,0.022727272727272728,0.8700000000000001,TRUE
672279-2023-117,672279,Michael Siani,Michael Siani,2023,Triple-A,117,International League,235,Memphis Redbirds,MEM,Outfielder,CF,CF,23,493,0.15415821501014199,0.23732251521298176,0.12200000000000001,0.29300000000000004,4.176,0.275820170109356,0.018255578093306288,0.058823529411764705,0.05476673427991886,0.98,TRUE
687093-2023-117,687093,Vaughn Grissom,Vaughn Grissom,2023,Triple-A,117,International League,431,Gwinnett Stripers,GWN,Shortstop,SS,2B,22,468,0.11965811965811966,0.14102564102564102,0.171,0.376,3.731,0.21680876979293545,0.017094017094017096,0.10256410256410256,0.03205128205128205,0.98,TRUE
680700-2023-117,680700,Richie Palacios,Richie Palacios,2023,Triple-A,117,International League,235,Memphis Redbirds,MEM,Outfielder,CF,2B,26,464,0.15732758620689655,0.1314655172413793,0.126,0.276,4.034,0.19098457888493475,0.017241379310344827,0.0668103448275862,0.032327586206896554,1.26,TRUE
570560-2023-117,570560,Yolmer Sánchez,Yolmer Sánchez,2023,Triple-A,117,International League,431,Gwinnett Stripers,GWN,Third Base,3B,3B,31,481,0.18503118503118504,0.2203742203742204,0.114,0.29800000000000004,4.277,0.25567502986857826,0.016632016632016633,0.05197505197505198,0.014553014553014554,0.64,TRUE
669392-2023-117,669392,Samad Taylor,Samad Taylor,2023,Triple-A,117,International League,541,Omaha Storm Chasers,OMA,Second Base,2B,LF,24,414,0.15942028985507245,0.20531400966183574,0.164,0.373,4.193,0.2565982404692082,0.01932367149758454,0.08454106280193237,0.1280193236714976,0.81,TRUE
647351-2023-117,647351,Abraham Toro,Abraham Toro,2023,Triple-A,117,International League,556,Nashville Sounds,NAS,Third Base,3B,1B,26,414,0.11835748792270531,0.17632850241545894,0.17900000000000002,0.33999999999999997,4.13,0.21782178217821782,0.01932367149758454,0.1111111111111111,0.024154589371980676,0.7899999999999999,TRUE
657088-2023-117,657088,Forrest Wall,Forrest Wall,2023,Triple-A,117,International League,431,Gwinnett Stripers,GWN,Outfielder,CF,LF,27,411,0.12652068126520682,0.21897810218978103,0.14700000000000002,0.351,4.2090000000000005,0.20478325859491778,0.019464720194647202,0.072992700729927,0.145985401459854,1.1500000000000001,TRUE
669364-2023-117,669364,Xavier Edwards,Xavier Edwards,2023,Triple-A,117,International League,564,Jacksonville Jumbo Shrimp,JAX,Second Base,2B,2B,23,433,0.12009237875288684,0.06928406466512702,0.10500000000000001,0.364,3.4059999999999997,0.11029411764705882,0.016166281755196306,0.053117782909930716,0.08314087759815242,0.99,TRUE
664670-2023-117,664670,Alejo Lopez,Alejo Lopez,2023,Triple-A,117,International League,416,Louisville Bats,LOU,Second Base,2B,2B,27,558,0.14157706093189965,0.13620071684587814,0.118,0.33399999999999996,3.9389999999999996,0.17885375494071146,0.012544802867383513,0.06989247311827956,0.03942652329749104,1.2,TRUE
665922-2023-117,665922,Símon Muzziotti,Símon Muzziotti,2023,Triple-A,117,International League,1410,Lehigh Valley IronPigs,LHV,Outfielder,LF,CF,24,524,0.08587786259541985,0.15458015267175573,0.10800000000000001,0.34299999999999997,3.731,0.17961654894046417,0.013358778625954198,0.06297709923664122,0.07251908396946564,1.33,TRUE
677587-2023-117,677587,Brayan Rocchio,Brayan Rocchio,2023,Triple-A,117,International League,445,Columbus Clippers,COL,Shortstop,SS,SS,22,537,0.11173184357541899,0.12290502793296089,0.14100000000000001,0.312,3.8209999999999997,0.21451104100946372,0.01303538175046555,0.0856610800744879,0.0595903165735568,0.99,TRUE
686765-2023-117,686765,Nick Sogard,Nick Sogard,2023,Triple-A,117,International League,533,Worcester Red Sox,WOR,Third Base,3B,3B,25,460,0.13695652173913042,0.17173913043478262,0.125,0.316,4.0169999999999995,0.1797432239657632,0.015217391304347827,0.06739130434782609,0.05217391304347826,0.88,TRUE
677954-2023-117,677954,Jordan Groshans,Jordan Groshans,2023,Triple-A,117,International League,564,Jacksonville Jumbo Shrimp,JAX,Third Base,3B,SS,23,528,0.125,0.17424242424242425,0.08700000000000001,0.29200000000000004,3.8919999999999995,0.20735785953177258,0.011363636363636364,0.05113636363636364,0,1.25,TRUE
671088-2023-117,671088,Tanner Morris,Tanner Morris,2023,Triple-A,117,International League,422,Buffalo Bisons,BUF,Second Base,2B,SS,25,411,0.14841849148418493,0.19708029197080293,0.113,0.35,4.012,0.18947368421052632,0.014598540145985401,0.06569343065693431,0.004866180048661801,1.32,TRUE
668723-2023-117,668723,Ryan Vilade,Ryan Vilade,2023,Triple-A,117,International League,484,Indianapolis Indians,IND,Outfielder,CF,RF,24,511,0.12524461839530332,0.24853228962818003,0.111,0.367,3.9299999999999997,0.25432900432900435,0.011741682974559686,0.06457925636007827,0.021526418786692758,0.99,TRUE
570481-2023-117,570481,Erik González,Erik González,2023,Triple-A,117,International League,494,Charlotte Knights,CLT,Shortstop,SS,2B,31,493,0.06490872210953347,0.21095334685598377,0.088,0.34099999999999997,3.4789999999999996,0.2841993637327678,0.010141987829614604,0.056795131845841784,0.014198782961460446,1.82,TRUE
663968-2023-117,663968,Jake Mangum,Jake Mangum,2023,Triple-A,117,International League,564,Jacksonville Jumbo Shrimp,JAX,Outfielder,CF,CF,27,515,0.05436893203883495,0.1766990291262136,0.127,0.356,3.449,0.22684310018903592,0.009708737864077669,0.08155339805825243,0.04271844660194175,1.24,TRUE
678545-2023-117,678545,Osleivis Basabe,Osleivis Basabe,2023,Triple-A,117,International League,234,Durham Bulls,DUR,Shortstop,SS,SS,22,426,0.07276995305164319,0.15492957746478872,0.13,0.344,3.5989999999999998,0.22727272727272727,0.009389671361502348,0.08215962441314555,0.051643192488262914,1.48,TRUE
671117-2023-117,671117,Darren Baker,Darren Baker,2023,Triple-A,117,International League,534,Rochester Red Wings,ROC,Second Base,2B,2B,24,448,0.08705357142857142,0.16964285714285715,0.067,0.329,3.877,0.17438692098092642,0.006696428571428571,0.03794642857142857,0.05357142857142857,1.78,TRUE
686490-2023-117,686490,Cam Eden,Cam Eden,2023,Triple-A,117,International League,422,Buffalo Bisons,BUF,Outfielder,CF,CF,25,460,0.09782608695652174,0.24782608695652175,0.07600000000000001,0.35,3.9539999999999997,0.2794292508917955,0.006521739130434782,0.05,0.12391304347826088,1.51,TRUE
621006-2023-117,621006,Richie Martin Jr.,Richie Martin Jr.,2023,Triple-A,117,International League,534,Rochester Red Wings,ROC,Shortstop,SS,SS,28,425,0.11529411764705882,0.24235294117647058,0.097,0.29300000000000004,4.1739999999999995,0.2585551330798479,0.007058823529411765,0.06352941176470588,0.08235294117647059,0.97,TRUE
670298-2023-117,670298,Kramer Robertson,Kramer Robertson,2023,Triple-A,117,International League,235,Memphis Redbirds,MEM,Third Base,3B,2B,28,510,0.1588235294117647,0.22549019607843138,0.056,0.276,4.259,0.2719406674907293,0.0058823529411764705,0.03333333333333333,0.052941176470588235,1.3,TRUE
691503-2023-117,691503,Yolbert Sanchez,Yolbert Sanchez,2023,Triple-A,117,International League,494,Charlotte Knights,CLT,Third Base,3B,SS,26,445,0.06292134831460675,0.16853932584269662,0.062,0.321,3.645,0.1980319803198032,0.006741573033707865,0.04044943820224719,0.02696629213483146,1.1500000000000001,TRUE
693850-2023-118,693850,Kala'i Rosario,Kala'i Rosario,2023,High-A,118,Midwest League,492,Cedar Rapids Kernels,CR,Outfielder,RF,OF,20,530,0.14150943396226415,0.2962264150943396,0.21600000000000003,0.33599999999999997,4.1,0.3412042502951594,0.03962264150943396,0.09622641509433963,0.007547169811320755,0.8600000000000001,TRUE
676002-2023-118,676002,Juan Carlos Negret,Juan Carlos Negret,2023,High-A,118,Midwest League,565,Quad Cities River Bandits,QC,Outfielder,RF,CF,24,464,0.09267241379310345,0.26939655172413796,0.18,0.251,3.9219999999999997,0.3718220338983051,0.040948275862068964,0.07543103448275862,0.008620689655172414,0.6699999999999999,TRUE
805346-2023-118,805346,Ben Ross,Ben Ross,2023,High-A,118,Midwest League,492,Cedar Rapids Kernels,CR,Third Base,3B,SS,22,457,0.09846827133479212,0.2538293216630197,0.21500000000000002,0.28400000000000003,3.8449999999999998,0.2957575757575758,0.04157549234135667,0.10065645514223195,0.02188183807439825,0.54,TRUE
680918-2023-118,680918,Brady Allen,Brady Allen,2023,High-A,118,Midwest League,582,West Michigan Whitecaps,WM,Outfielder,RF,RF,23,503,0.12326043737574553,0.24453280318091453,0.21000000000000002,0.322,3.988,0.2850877192982456,0.03578528827037773,0.10139165009940358,0.011928429423459244,1.1500000000000001,TRUE
702140-2023-118,702140,Ruben Ibarra,Ruben Ibarra,2023,High-A,118,Midwest League,459,Dayton Dragons,DAY,First Base,1B,1B,24,402,0.11691542288557213,0.24378109452736318,0.203,0.276,3.8729999999999998,0.32075471698113206,0.04477611940298507,0.07960199004975124,0.0024875621890547263,1.1400000000000001,TRUE
680756-2023-118,680756,Mat Nelson,Mat Nelson,2023,High-A,118,Midwest League,459,Dayton Dragons,DAY,Catcher,C,C,24,364,0.10714285714285714,0.2774725274725275,0.201,0.26,3.8959999999999995,0.3289665211062591,0.04945054945054945,0.07417582417582418,0.016483516483516484,0.8,TRUE
687210-2023-118,687210,Nathan Martorella,Nathan Martorella,2023,High-A,118,Midwest League,584,Fort Wayne TinCaps,FW,First Base,1B,1B,22,483,0.15113871635610765,0.18012422360248448,0.191,0.28600000000000003,3.8159999999999994,0.24766977363515313,0.033126293995859216,0.08902691511387163,0.016563146997929608,1.03,TRUE
691181-2023-118,691181,Emmanuel Rodriguez,Emmanuel Rodriguez,2023,High-A,118,Midwest League,492,Cedar Rapids Kernels,CR,Outfielder,CF,CF,20,455,0.2021978021978022,0.2945054945054945,0.223,0.33199999999999996,4.292,0.30446927374301674,0.035164835164835165,0.08351648351648351,0.054945054945054944,0.9,TRUE
665989-2023-118,665989,Shervyen Newton,Shervyen Newton,2023,High-A,118,Midwest League,565,Quad Cities River Bandits,QC,First Base,1B,SS,24,366,0.10109289617486339,0.3251366120218579,0.21000000000000002,0.29800000000000004,4.066,0.35319148936170214,0.040983606557377046,0.09562841530054644,0.01092896174863388,1.1900000000000002,TRUE
687221-2023-118,687221,Dalton Rushing,Dalton Rushing,2023,High-A,118,Midwest League,456,Great Lakes Loons,GL,Catcher,C,C,22,381,0.1889763779527559,0.2440944881889764,0.224,0.276,4.023999999999999,0.2593220338983051,0.03937007874015748,0.08923884514435695,0.0026246719160104987,0.97,TRUE
690988-2023-118,690988,Austin Hendrick,Austin Hendrick,2023,High-A,118,Midwest League,459,Dayton Dragons,DAY,Outfielder,RF,OF,22,516,0.07364341085271318,0.35852713178294576,0.131,0.29800000000000004,3.731,0.40744368266405484,0.027131782945736434,0.06201550387596899,0.046511627906976744,0.41000000000000003,TRUE
690291-2023-118,690291,Jace Jung,Jace Jung,2023,High-A,118,Midwest League,582,West Michigan Whitecaps,WM,Second Base,2B,3B,22,366,0.15300546448087432,0.226775956284153,0.21100000000000002,0.303,4.055,0.26527570789865873,0.03825136612021858,0.09289617486338798,0.01639344262295082,0.73,TRUE
695490-2023-118,695490,Edwin Arroyo,Edwin Arroyo,2023,High-A,118,Midwest League,459,Dayton Dragons,DAY,Shortstop,SS,2B,19,534,0.0898876404494382,0.20973782771535582,0.17900000000000002,0.29700000000000004,3.601,0.2628398791540785,0.024344569288389514,0.09176029962546817,0.06554307116104868,0.88,TRUE
674976-2023-118,674976,Griffin Lockwood-Powell,Griffin Lockwood-Powell,2023,High-A,118,Midwest League,456,Great Lakes Loons,GL,First Base,1B,C,25,395,0.1518987341772152,0.22025316455696203,0.198,0.281,4.353999999999999,0.22575516693163752,0.03291139240506329,0.09367088607594937,0.005063291139240506,0.69,TRUE
805300-2023-118,805300,Jakob Marsee,Jakob Marsee,2023,High-A,118,Midwest League,584,Fort Wayne TinCaps,FW,Outfielder,CF,CF,22,499,0.1743486973947896,0.16432865731462926,0.15200000000000002,0.313,4.082,0.15375,0.026052104208416832,0.06412825651302605,0.10020040080160321,0.7,TRUE
679788-2023-118,679788,Jack Rogers,Jack Rogers,2023,High-A,118,Midwest League,459,Dayton Dragons,DAY,Outfielder,LF,LF,24,421,0.10451306413301663,0.33729216152019004,0.201,0.383,3.9189999999999996,0.32101910828025476,0.030878859857482184,0.0997624703087886,0.047505938242280284,1.44,TRUE
682634-2023-118,682634,Kevin Alcántara,Kevin Alcántara,2023,High-A,118,Midwest League,550,South Bend Cubs,SB,Outfielder,CF,DH,20,408,0.07598039215686274,0.23774509803921567,0.181,0.353,3.7159999999999997,0.30759651307596514,0.029411764705882353,0.09803921568627451,0.04656862745098039,1.36,TRUE
699625-2023-118,699625,Jimmy Crooks,Jimmy Crooks,2023,High-A,118,Midwest League,443,Peoria Chiefs,PEO,Catcher,C,C,21,477,0.1090146750524109,0.21174004192872117,0.162,0.329,3.66,0.2847769028871391,0.025157232704402517,0.0880503144654088,0.006289308176100629,1.51,TRUE
688457-2023-118,688457,Gavin Cross,Gavin Cross,2023,High-A,118,Midwest League,565,Quad Cities River Bandits,QC,Outfielder,CF,OF,22,407,0.10319410319410319,0.27764127764127766,0.17700000000000002,0.262,3.993,0.31752305665349145,0.029484029484029485,0.08845208845208845,0.06388206388206388,0.93,TRUE
691789-2023-118,691789,Izaac Pacheco,Izaac Pacheco,2023,High-A,118,Midwest League,582,West Michigan Whitecaps,WM,Third Base,3B,SS,20,508,0.09251968503937008,0.31496062992125984,0.14100000000000001,0.29200000000000004,4.096,0.32146389713155293,0.023622047244094488,0.07283464566929133,0.013779527559055118,0.56,TRUE
678577-2023-118,678577,Junior Perez,Junior Perez,2023,High-A,118,Midwest League,499,Lansing Lugnuts,LAN,Outfielder,CF,CF,21,493,0.10344827586206896,0.30425963488843816,0.15400000000000003,0.33199999999999996,4.127999999999999,0.32623318385650224,0.02434077079107505,0.08316430020283976,0.10141987829614604,0.6799999999999999,TRUE
682679-2023-118,682679,Dayan Frias,Dayan Frias,2023,High-A,118,Midwest League,437,Lake County Captains,LC,Third Base,3B,3B,21,397,0.12846347607052896,0.20906801007556675,0.166,0.309,3.8109999999999995,0.2532005689900427,0.027707808564231738,0.08060453400503778,0.027707808564231738,0.9,TRUE
669336-2023-118,669336,Joe Gray Jr.,Joe Gray Jr.,2023,High-A,118,Midwest League,572,Wisconsin Timber Rattlers,WIS,Outfielder,CF,OF,23,440,0.06136363636363636,0.23636363636363636,0.129,0.306,3.909,0.30699774266365687,0.025,0.0659090909090909,0.05454545454545454,0.6,TRUE
695600-2023-118,695600,Carter Jensen,Carter Jensen,2023,High-A,118,Midwest League,565,Quad Cities River Bandits,QC,Catcher,C,C,19,497,0.1851106639839034,0.2414486921529175,0.15300000000000002,0.267,4.141,0.2551813471502591,0.022132796780684104,0.07042253521126761,0.02414486921529175,0.77,TRUE
701618-2023-118,701618,Damon Keith,Damon Keith,2023,High-A,118,Midwest League,456,Great Lakes Loons,GL,Outfielder,RF,RF,23,439,0.10022779043280182,0.3325740318906606,0.14400000000000002,0.33299999999999996,3.909,0.34308510638297873,0.025056947608200455,0.07517084282460136,0.015945330296127564,1,TRUE
691024-2023-118,691024,Cayden Wallace,Cayden Wallace,2023,High-A,118,Midwest League,565,Quad Cities River Bandits,QC,Third Base,3B,3B,21,428,0.09813084112149532,0.21962616822429906,0.17,0.319,3.792,0.2702020202020202,0.02336448598130841,0.08878504672897196,0.04906542056074766,1.21,TRUE
690976-2023-118,690976,Alex Freeland,Alex Freeland,2023,High-A,118,Midwest League,456,Great Lakes Loons,GL,Shortstop,SS,2B,21,461,0.1301518438177874,0.2841648590021692,0.12200000000000001,0.33199999999999996,4.116999999999999,0.3269461077844311,0.019522776572668113,0.06073752711496746,0.08459869848156182,0.8600000000000001,TRUE
681142-2023-118,681142,Justice Thompson,Justice Thompson,2023,High-A,118,Midwest League,459,Dayton Dragons,DAY,Outfielder,CF,OF,22,394,0.1218274111675127,0.29949238578680204,0.15900000000000003,0.352,4.089,0.34758620689655173,0.02284263959390863,0.08121827411167512,0.03553299492385787,0.8600000000000001,TRUE
672613-2023-118,672613,Eliezer Alfonzo,Eliezer Alfonzo,2023,High-A,118,Midwest League,582,West Michigan Whitecaps,WM,Catcher,C,C,23,395,0.07088607594936709,0.07088607594936709,0.10700000000000001,0.266,3.618,0.125,0.020253164556962026,0.05569620253164557,0,0.9,TRUE
682997-2023-118,682997,Tyler Callihan,Tyler Callihan,2023,High-A,118,Midwest League,459,Dayton Dragons,DAY,Second Base,2B,LF,23,447,0.08277404921700224,0.232662192393736,0.138,0.3,3.6149999999999998,0.26857142857142857,0.017897091722595078,0.07606263982102908,0.06487695749440715,0.8300000000000001,TRUE
695780-2023-118,695780,Jake Fox,Jake Fox,2023,High-A,118,Midwest League,437,Lake County Captains,LC,Outfielder,CF,OF,20,453,0.09933774834437085,0.22737306843267108,0.14200000000000002,0.322,3.8649999999999998,0.21366459627329193,0.017660044150110375,0.07947019867549669,0.03090507726269316,0.54,TRUE
695653-2023-118,695653,Noah Miller,Noah Miller,2023,High-A,118,Midwest League,492,Cedar Rapids Kernels,CR,Shortstop,SS,SS,20,526,0.11026615969581749,0.20532319391634982,0.117,0.271,3.897,0.23751387347391786,0.015209125475285171,0.06273764258555133,0.028517110266159697,1.08,TRUE
691001-2023-118,691001,Robert Moore,Robert Moore,2023,High-A,118,Midwest League,572,Wisconsin Timber Rattlers,WIS,Second Base,2B,2B,21,563,0.09769094138543517,0.19182948490230906,0.129,0.28,3.8219999999999996,0.22988505747126436,0.014209591474245116,0.07815275310834814,0.06927175843694494,0.8600000000000001,TRUE
804588-2023-118,804588,Bubba Alleyne,Bubba Alleyne,2023,High-A,118,Midwest League,456,Great Lakes Loons,GL,Outfielder,LF,OF,24,402,0.08208955223880597,0.2562189054726368,0.12300000000000001,0.255,3.868,0.3247978436657682,0.017412935323383085,0.06467661691542288,0.07960199004975124,0.69,TRUE
683494-2023-118,683494,Euribiel Angeles,Euribiel Angeles,2023,High-A,118,Midwest League,499,Lansing Lugnuts,LAN,Second Base,2B,3B,21,415,0.02650602409638554,0.13493975903614458,0.118,0.3,3.113,0.1717877094972067,0.016867469879518072,0.06987951807228916,0.05783132530120482,1.36,TRUE
684222-2023-118,684222,Jorge Burgos,Jorge Burgos,2023,High-A,118,Midwest League,437,Lake County Captains,LC,Outfielder,RF,CF,20,370,0.11351351351351352,0.22702702702702704,0.118,0.29900000000000004,3.9619999999999997,0.22442748091603054,0.01891891891891892,0.062162162162162166,0.008108108108108109,1.05,TRUE
702472-2023-118,702472,Austin Callahan,Austin Callahan,2023,High-A,118,Midwest League,459,Dayton Dragons,DAY,Third Base,3B,3B,22,403,0.0794044665012407,0.2878411910669975,0.17300000000000001,0.352,3.653,0.3341772151898734,0.017369727047146403,0.11166253101736973,0.009925558312655087,0.74,TRUE
690903-2023-118,690903,Lucas Dunn,Lucas Dunn,2023,High-A,118,Midwest League,584,Fort Wayne TinCaps,FW,Second Base,2B,2B,24,479,0.11691022964509394,0.2546972860125261,0.109,0.304,3.9579999999999997,0.3062645011600928,0.014613778705636743,0.05636743215031315,0.054279749478079335,1.02,TRUE
672861-2023-118,672861,Carlos Luis,Carlos Luis,2023,High-A,118,Midwest League,584,Fort Wayne TinCaps,FW,Designated Hitter,DH,SS,23,358,0.06424581005586592,0.20949720670391062,0.11,0.28400000000000003,3.804,0.22388059701492538,0.019553072625698324,0.061452513966480445,0,1.59,TRUE
687152-2023-118,687152,Darrien Miller,Darrien Miller,2023,High-A,118,Midwest League,572,Wisconsin Timber Rattlers,WIS,Catcher,C,C,22,372,0.11559139784946236,0.20430107526881722,0.136,0.275,4.061999999999999,0.21906354515050167,0.01881720430107527,0.07526881720430108,0.013440860215053764,0.7799999999999999,TRUE
691740-2023-118,691740,Daniel Susac,Daniel Susac,2023,High-A,118,Midwest League,499,Lansing Lugnuts,LAN,Catcher,C,C,22,410,0.0951219512195122,0.2146341463414634,0.134,0.381,3.751,0.22589531680440772,0.01707317073170732,0.07317073170731707,0.01951219512195122,1.82,TRUE
694976-2023-118,694976,Osvaldo Tovalin,Osvaldo Tovalin,2023,High-A,118,Midwest League,443,Peoria Chiefs,PEO,Third Base,3B,3B,23,466,0.0407725321888412,0.16952789699570817,0.118,0.276,3.513,0.1995249406175772,0.015021459227467811,0.07296137339055794,0.023605150214592276,1.45,TRUE
805891-2023-118,805891,Taylor Young,Taylor Young,2023,High-A,118,Midwest League,456,Great Lakes Loons,GL,Second Base,2B,2B,24,545,0.15045871559633028,0.20550458715596331,0.117,0.309,4.257,0.19176319176319176,0.012844036697247707,0.060550458715596334,0.11192660550458716,0.7799999999999999,TRUE
691558-2023-118,691558,Yeiner Fernandez,Yeiner Fernandez,2023,High-A,118,Midwest League,456,Great Lakes Loons,GL,Catcher,C,C,20,433,0.10854503464203233,0.12933025404157045,0.10200000000000001,0.303,3.8819999999999997,0.21391076115485563,0.013856812933025405,0.053117782909930716,0.013856812933025405,1.1700000000000002,TRUE
691788-2023-118,691788,Joe Mack,Joe Mack,2023,High-A,118,Midwest League,554,Beloit Sky Carp,BEL,Catcher,C,C,20,503,0.08349900596421471,0.2345924453280318,0.06899999999999999,0.28,3.777,0.28415300546448086,0.011928429423459244,0.03777335984095427,0,1.37,TRUE
682818-2023-118,682818,Yohendrick Piñango,Yohendrick Piñango,2023,High-A,118,Midwest League,550,South Bend Cubs,SB,Outfielder,LF,LF,21,439,0.09111617312072894,0.16400911161731208,0.10200000000000001,0.28500000000000003,3.8129999999999997,0.21345707656612528,0.01366742596810934,0.05922551252847381,0.04783599088838269,0.75,TRUE
701817-2023-118,701817,River Town,River Town,2023,High-A,118,Midwest League,565,Quad Cities River Bandits,QC,Outfielder,LF,OF,23,357,0.11484593837535013,0.15406162464985995,0.096,0.309,3.759,0.16570327552986513,0.01680672268907563,0.04481792717086835,0.06722689075630252,1.07,TRUE
805834-2023-118,805834,Javi Vaz,Javi Vaz,2023,High-A,118,Midwest League,565,Quad Cities River Bandits,QC,Second Base,2B,OF,22,388,0.12628865979381443,0.08247422680412371,0.12000000000000001,0.28300000000000003,4.052,0.08860759493670886,0.015463917525773196,0.061855670103092786,0.07216494845360824,0.81,TRUE
691449-2023-118,691449,Roberto Campos,Roberto Campos,2023,High-A,118,Midwest League,582,West Michigan Whitecaps,WM,Outfielder,CF,RF,20,371,0.07547169811320754,0.2183288409703504,0.139,0.32,3.582,0.27886056971514245,0.013477088948787063,0.0862533692722372,0.016172506738544475,1.12,TRUE
691268-2023-118,691268,Yiddi Cappe,Yiddi Cappe,2023,High-A,118,Midwest League,554,Beloit Sky Carp,BEL,Second Base,2B,SS,20,536,0.033582089552238806,0.19029850746268656,0.088,0.263,3.3689999999999998,0.25867195242814667,0.009328358208955223,0.061567164179104475,0.05037313432835821,0.8600000000000001,TRUE
802407-2023-118,802407,Joe Lampe,Joe Lampe,2023,High-A,118,Midwest League,437,Lake County Captains,LC,Outfielder,CF,OF,22,459,0.11764705882352941,0.19389978213507625,0.097,0.28700000000000003,3.8099999999999996,0.21506682867557717,0.010893246187363835,0.054466230936819175,0.04793028322440087,0.93,TRUE
690902-2023-118,690902,Ben Metzinger,Ben Metzinger,2023,High-A,118,Midwest League,572,Wisconsin Timber Rattlers,WIS,Third Base,3B,3B,24,375,0.14666666666666667,0.31733333333333336,0.094,0.345,4.232,0.297427652733119,0.013333333333333334,0.05333333333333334,0.0026666666666666666,0.81,TRUE
681868-2023-118,681868,Ezequiel Pagan,Ezequiel Pagan,2023,High-A,118,Midwest League,550,South Bend Cubs,SB,Outfielder,RF,OF,22,429,0.09090909090909091,0.15384615384615385,0.10400000000000001,0.351,3.8319999999999994,0.191969887076537,0.011655011655011656,0.06293706293706294,0.05128205128205128,1.06,TRUE
695370-2023-118,695370,Thomas Francisco,Thomas Francisco,2023,High-A,118,Midwest League,443,Peoria Chiefs,PEO,First Base,1B,1B,24,389,0.061696658097686374,0.16195372750642673,0.096,0.265,3.545,0.22253521126760564,0.010282776349614395,0.06426735218508997,0.017994858611825194,0.7899999999999999,TRUE
691191-2023-118,691191,Jose Salas,Jose Salas,2023,High-A,118,Midwest League,492,Cedar Rapids Kernels,CR,Second Base,2B,2B,20,372,0.07258064516129033,0.260752688172043,0.082,0.252,3.543,0.2753846153846154,0.010752688172043012,0.04838709677419355,0.08333333333333333,0.9,TRUE
682618-2023-118,682618,Misael Urbina,Misael Urbina,2023,High-A,118,Midwest League,492,Cedar Rapids Kernels,CR,Outfielder,LF,OF,21,412,0.11893203883495146,0.2645631067961165,0.101,0.24600000000000002,4.061,0.2559774964838256,0.009708737864077669,0.06067961165048544,0.021844660194174758,0.7899999999999999,TRUE
679751-2023-118,679751,Danny Bautista Jr.,Danny Bautista Jr.,2023,High-A,118,Midwest League,499,Lansing Lugnuts,LAN,First Base,1B,OF,22,475,0.04631578947368421,0.10105263157894737,0.06899999999999999,0.29400000000000004,3.4819999999999998,0.1539408866995074,0.00631578947368421,0.04631578947368421,0.06947368421052631,0.88,TRUE
681433-2023-118,681433,Noah Cardenas,Noah Cardenas,2023,High-A,118,Midwest League,492,Cedar Rapids Kernels,CR,Catcher,C,C,23,378,0.1455026455026455,0.2037037037037037,0.11,0.349,4.163999999999999,0.2003338898163606,0.007936507936507936,0.07142857142857142,0.037037037037037035,1.01,TRUE
701675-2023-118,701675,Nathan Church,Nathan Church,2023,High-A,118,Midwest League,443,Peoria Chiefs,PEO,Outfielder,LF,CF,22,518,0.0888030888030888,0.11583011583011583,0.081,0.316,3.633,0.174390243902439,0.005791505791505791,0.055984555984555984,0.0637065637065637,0.91,TRUE
692405-2023-118,692405,Jeremy Rivas,Jeremy Rivas,2023,High-A,118,Midwest League,443,Peoria Chiefs,PEO,Shortstop,SS,SS,20,453,0.09933774834437085,0.2229580573951435,0.068,0.268,3.925,0.2517985611510791,0.006622516556291391,0.046357615894039736,0.059602649006622516,0.8300000000000001,TRUE
691949-2023-118,691949,Jake Vogel,Jake Vogel,2023,High-A,118,Midwest League,456,Great Lakes Loons,GL,Outfielder,CF,OF,21,421,0.0831353919239905,0.2589073634204275,0.089,0.318,3.848,0.2866666666666667,0.007125890736342043,0.06175771971496437,0.07125890736342043,0.64,TRUE
678648-2023-118,678648,Herard Gonzalez,Herard Gonzalez,2023,High-A,118,Midwest League,565,Quad Cities River Bandits,QC,Second Base,2B,SS,22,376,0.10904255319148937,0.24468085106382978,0.07700000000000001,0.28400000000000003,3.8909999999999996,0.2571884984025559,0.0026595744680851063,0.05053191489361702,0.031914893617021274,0.96,TRUE
687783-2023-118,687783,Matthew Wood,Matthew Wood,2023,High-A,118,Midwest League,572,Wisconsin Timber Rattlers,WIS,Catcher,C,C,22,361,0.13019390581717452,0.14681440443213298,0.042,0.28600000000000003,3.8979999999999997,0.153713298791019,0.002770083102493075,0.027700831024930747,0.008310249307479225,0.8400000000000001,TRUE
702112-2023-126,702112,Hogan Windish,Hogan Windish,2023,High-A,126,Northwest League,403,Everett AquaSox,EVE,First Base,1B,1B,24,452,0.12168141592920353,0.3075221238938053,0.23600000000000002,0.361,3.973,0.35995085995085996,0.048672566371681415,0.09513274336283185,0.024336283185840708,1.3,TRUE
683103-2023-126,683103,Cade Doughty,Cade Doughty,2023,High-A,126,Northwest League,435,Vancouver Canadians,VAN,Third Base,3B,2B,22,424,0.08254716981132075,0.2971698113207547,0.195,0.346,3.844,0.34328358208955223,0.04245283018867924,0.08726415094339622,0.014150943396226415,0.8400000000000001,TRUE
692348-2023-126,692348,Aeverson Arteaga,Aeverson Arteaga,2023,High-A,126,Northwest League,461,Eugene Emeralds,EUG,Shortstop,SS,SS,20,546,0.07326007326007326,0.24175824175824176,0.17400000000000002,0.28300000000000003,3.544,0.2931372549019608,0.031135531135531136,0.08974358974358974,0.018315018315018316,0.7,TRUE
678681-2023-126,678681,Luis Toribio,Luis Toribio,2023,High-A,126,Northwest League,461,Eugene Emeralds,EUG,Third Base,3B,SS,22,412,0.13106796116504854,0.27184466019417475,0.201,0.28600000000000003,4.046,0.3282967032967033,0.0412621359223301,0.08737864077669903,0.0024271844660194173,1.51,TRUE
695670-2023-126,695670,Harry Ford,Harry Ford,2023,High-A,126,Northwest League,403,Everett AquaSox,EVE,Catcher,C,C,20,563,0.18294849023090587,0.1936056838365897,0.17300000000000001,0.307,4.263,0.26524064171122996,0.02664298401420959,0.0763765541740675,0.056838365896980464,0.8700000000000001,TRUE
687529-2023-126,687529,Grant McCray,Grant McCray,2023,High-A,126,Northwest League,461,Eugene Emeralds,EUG,Outfielder,CF,CF,22,584,0.1232876712328767,0.2928082191780822,0.162,0.357,4.01,0.34782608695652173,0.023972602739726026,0.07876712328767123,0.10616438356164383,0.97,TRUE
684855-2023-126,684855,Jared Dupere,Jared Dupere,2023,High-A,126,Northwest League,461,Eugene Emeralds,EUG,Outfielder,LF,OF,24,392,0.07397959183673469,0.38010204081632654,0.181,0.387,3.64,0.4084507042253521,0.030612244897959183,0.09183673469387756,0.03316326530612245,0.97,TRUE
683447-2023-126,683447,Gabriel Martinez,Gabriel Martinez,2023,High-A,126,Northwest League,435,Vancouver Canadians,VAN,Outfielder,LF,CF,20,448,0.06919642857142858,0.16517857142857142,0.132,0.267,3.658,0.248868778280543,0.026785714285714284,0.0625,0.008928571428571428,0.99,TRUE
668756-2023-126,668756,Ben Ramirez,Ben Ramirez,2023,High-A,126,Northwest League,403,Everett AquaSox,EVE,Third Base,3B,SS,24,534,0.09176029962546817,0.26779026217228463,0.133,0.33199999999999996,3.8089999999999997,0.29637305699481864,0.02247191011235955,0.07303370786516854,0.0149812734082397,1.01,TRUE
696521-2023-126,696521,Garrett Spain,Garrett Spain,2023,High-A,126,Northwest League,435,Vancouver Canadians,VAN,Outfielder,RF,RF,22,366,0.09562841530054644,0.273224043715847,0.203,0.308,3.907,0.31456043956043955,0.03278688524590164,0.10655737704918032,0.030054644808743168,0.64,TRUE
684715-2023-126,684715,Nic Kent,Nic Kent,2023,High-A,126,Northwest League,486,Spokane Indians,SPO,Second Base,2B,SS,23,456,0.08991228070175439,0.1513157894736842,0.15500000000000003,0.304,3.603,0.22443890274314215,0.02412280701754386,0.08114035087719298,0.03070175438596491,0.8300000000000001,TRUE
695603-2023-126,695603,Benny Montgomery,Benny Montgomery,2023,High-A,126,Northwest League,486,Spokane Indians,SPO,Outfielder,CF,OF,20,497,0.10462776659959759,0.2716297786720322,0.119,0.33899999999999997,3.948,0.3123543123543124,0.02012072434607646,0.060362173038229376,0.04627766599597585,2.25,TRUE
691269-2023-126,691269,Adrian Placencia,Adrian Placencia,2023,High-A,126,Northwest League,460,Tri-City Dust Devils,TRI,Second Base,2B,SS,20,480,0.17083333333333334,0.27708333333333335,0.118,0.303,4.05,0.37681159420289856,0.01875,0.05416666666666667,0.07291666666666667,0.8700000000000001,TRUE
672018-2023-126,672018,Dasan Brown,Dasan Brown,2023,High-A,126,Northwest League,435,Vancouver Canadians,VAN,Outfielder,CF,CF,21,463,0.08855291576673865,0.2505399568034557,0.097,0.28600000000000003,3.8489999999999998,0.270481144343303,0.01511879049676026,0.047516198704103674,0.07991360691144708,0.8600000000000001,TRUE
682648-2023-126,682648,Juan Guerrero,Juan Guerrero,2023,High-A,126,Northwest League,486,Spokane Indians,SPO,Outfielder,LF,SS,21,488,0.06557377049180328,0.14344262295081966,0.118,0.28800000000000003,3.709,0.20521172638436483,0.012295081967213115,0.06967213114754098,0.0430327868852459,0.93,TRUE
690956-2023-126,690956,Werner Blakely,Werner Blakely,2023,High-A,126,Northwest League,460,Tri-City Dust Devils,TRI,Third Base,3B,OF,21,374,0.11764705882352941,0.3663101604278075,0.118,0.35,4.2780000000000005,0.3181126331811263,0.013368983957219251,0.06684491978609626,0.06149732620320856,0.7799999999999999,TRUE
679741-2023-126,679741,Wilderd Patiño,Wilderd Patiño,2023,High-A,126,Northwest League,419,Hillsboro Hops,HIL,Outfielder,CF,CF,21,449,0.10022271714922049,0.2806236080178174,0.079,0.375,3.728,0.32040050062578224,0.011135857461024499,0.042316258351893093,0.12694877505567928,1.91,TRUE
688460-2023-126,688460,Josh Kasevich,Josh Kasevich,2023,High-A,126,Northwest League,435,Vancouver Canadians,VAN,Shortstop,SS,SS,22,383,0.09921671018276762,0.10704960835509138,0.081,0.31,3.681,0.13793103448275862,0.010443864229765013,0.04960835509138381,0.033942558746736295,1.09,TRUE
677610-2023-126,677610,D'Shawn Knowles,D'Shawn Knowles,2023,High-A,126,Northwest League,460,Tri-City Dust Devils,TRI,Outfielder,CF,OF,22,423,0.08983451536643026,0.2576832151300236,0.109,0.34099999999999997,3.8749999999999996,0.29044585987261146,0.009456264775413711,0.06855791962174941,0.061465721040189124,1.45,TRUE
682643-2023-126,682643,Alexander Ramirez,Alexander Ramirez,2023,High-A,126,Northwest League,460,Tri-City Dust Devils,TRI,Outfielder,RF,OF,20,466,0.04935622317596566,0.3648068669527897,0.10500000000000001,0.395,3.725,0.37157894736842106,0.008583690987124463,0.06866952789699571,0.06437768240343347,1.21,TRUE
680396-2023-126,680396,Joe Stewart,Joe Stewart,2023,High-A,126,Northwest League,460,Tri-City Dust Devils,TRI,Outfielder,LF,OF,25,518,0.07142857142857142,0.25868725868725867,0.083,0.33099999999999996,3.8129999999999997,0.28601921024546423,0.007722007722007722,0.05019305019305019,0.09652509652509653,1.33,TRUE
691186-2023-126,691186,Arol Vera,Arol Vera,2023,High-A,126,Northwest League,460,Tri-City Dust Devils,TRI,Shortstop,SS,SS,20,491,0.06924643584521385,0.2606924643584521,0.066,0.311,3.713,0.29108910891089107,0.006109979633401222,0.04276985743380855,0.03054989816700611,1.36,TRUE
663550-2023-112,663550,Trey Cabbage,Trey Cabbage,2023,Triple-A,112,Pacific Coast League,561,Salt Lake Bees,SL,First Base,1B,3B,26,474,0.0949367088607595,0.29957805907172996,0.28900000000000003,0.394,3.781,0.35047219307450156,0.06329113924050633,0.12236286919831224,0.07383966244725738,0.99,TRUE
676595-2023-112,676595,Jake Scheiner,Jake Scheiner,2023,Triple-A,112,Pacific Coast League,529,Tacoma Rainiers,TAC,Third Base,3B,3B,27,553,0.14647377938517178,0.2423146473779385,0.257,0.28600000000000003,4.193,0.31663113006396587,0.054249547920433995,0.09945750452079566,0.012658227848101266,1.03,TRUE
673995-2023-112,673995,Davis Wendzel,Davis Wendzel,2023,Triple-A,112,Pacific Coast League,102,Round Rock Express,RR,Shortstop,SS,3B,26,547,0.14076782449725778,0.23583180987202926,0.24100000000000002,0.259,4.049,0.2777777777777778,0.054844606946983544,0.08957952468007313,0.010968921389396709,0.55,TRUE
683737-2023-112,683737,Michael Busch,Michael Busch,2023,Triple-A,112,Pacific Coast League,238,Oklahoma City Dodgers,OKC,Third Base,3B,1B,25,469,0.13859275053304904,0.18763326226012794,0.29500000000000004,0.356,3.9699999999999998,0.20448877805486285,0.057569296375266525,0.12153518123667377,0.008528784648187633,0.8300000000000001,TRUE
676113-2023-112,676113,Zach DeLoach,Zach DeLoach,2023,Triple-A,112,Pacific Coast League,529,Tacoma Rainiers,TAC,Outfielder,RF,RF,24,623,0.1332263242375602,0.27768860353130015,0.195,0.38,3.9179999999999997,0.33393501805054154,0.03691813804173355,0.08828250401284109,0.01765650080256822,0.69,TRUE
660758-2023-112,660758,Sandro Fabian,Sandro Fabian,2023,Triple-A,112,Pacific Coast League,102,Round Rock Express,RR,Outfielder,RF,RF,25,483,0.047619047619047616,0.15113871635610765,0.234,0.29700000000000004,3.64,0.21357285429141717,0.047619047619047616,0.11387163561076605,0.016563146997929608,0.92,TRUE
642137-2023-112,642137,Cody Thomas,Cody Thomas,2023,Triple-A,112,Pacific Coast League,400,Las Vegas Aviators,LV,Outfielder,RF,CF,28,477,0.07756813417190776,0.20335429769392033,0.261,0.33799999999999997,3.8489999999999998,0.23882224645583425,0.04821802935010482,0.12159329140461216,0.010482180293501049,1.31,TRUE
670092-2023-112,670092,Trenton Brooks,Trenton Brooks,2023,Triple-A,112,Pacific Coast League,105,Sacramento River Cats,SAC,First Base,1B,LF,27,523,0.1491395793499044,0.14722753346080306,0.23,0.301,3.8949999999999996,0.2102454642475987,0.04206500956022945,0.10325047801147227,0.01338432122370937,0.89,TRUE
688760-2023-112,688760,Blaine Crim,Blaine Crim,2023,Triple-A,112,Pacific Coast League,102,Round Rock Express,RR,First Base,1B,1B,26,582,0.12199312714776632,0.18384879725085912,0.21700000000000003,0.325,3.883,0.2243460764587525,0.037800687285223365,0.09965635738831616,0.001718213058419244,0.9,TRUE
663796-2023-112,663796,Coco Montes,Coco Montes,2023,Triple-A,112,Pacific Coast League,342,Albuquerque Isotopes,ABQ,Second Base,2B,2B,26,507,0.11637080867850098,0.2564102564102564,0.234,0.4,3.8739999999999997,0.2733964248159832,0.04339250493096647,0.10453648915187377,0.03353057199211045,0.8300000000000001,TRUE
694175-2023-112,694175,Pedro León,Pedro León,2023,Triple-A,112,Pacific Coast League,5434,Sugar Land Space Cowboys,SUG,Outfielder,CF,RF,25,564,0.11170212765957446,0.28368794326241137,0.19,0.318,4.039000000000001,0.32545454545454544,0.03723404255319149,0.08333333333333333,0.04964539007092199,1.1400000000000001,TRUE
669899-2023-112,669899,Ryan Ward,Ryan Ward,2023,Triple-A,112,Pacific Coast League,238,Oklahoma City Dodgers,OKC,Outfielder,LF,LF,25,615,0.11056910569105691,0.2552845528455285,0.19,0.28900000000000003,3.8939999999999997,0.3045267489711934,0.03414634146341464,0.08780487804878048,0.027642276422764227,1.21,TRUE
666149-2023-112,666149,Tyler Fitzgerald,Tyler Fitzgerald,2023,Triple-A,112,Pacific Coast League,105,Sacramento River Cats,SAC,Shortstop,SS,2B,25,466,0.09656652360515021,0.23819742489270387,0.21200000000000002,0.346,3.8349999999999995,0.2965821389195149,0.04291845493562232,0.0944206008583691,0.06866952789699571,0.69,TRUE
676939-2023-112,676939,Jimmy Herron,Jimmy Herron,2023,Triple-A,112,Pacific Coast League,342,Albuquerque Isotopes,ABQ,Outfielder,LF,LF,26,539,0.1280148423005566,0.19109461966604824,0.202,0.34199999999999997,3.8389999999999995,0.21553610503282275,0.03525046382189239,0.09276437847866419,0.07050092764378478,0.81,TRUE
676625-2023-112,676625,Rylan Bannon,Rylan Bannon,2023,Triple-A,112,Pacific Coast League,5434,Sugar Land Space Cowboys,SUG,Third Base,3B,3B,27,408,0.15441176470588236,0.22058823529411764,0.20800000000000002,0.269,4.088,0.2696969696969697,0.04411764705882353,0.0784313725490196,0.051470588235294115,1.06,TRUE
679822-2023-112,679822,Justin Foscue,Justin Foscue,2023,Triple-A,112,Pacific Coast League,102,Round Rock Express,RR,Second Base,2B,2B,24,563,0.15097690941385436,0.12433392539964476,0.201,0.279,3.7830000000000004,0.17749419953596288,0.03197158081705151,0.0941385435168739,0.037300177619893425,0.8200000000000001,TRUE
609274-2023-112,609274,Elier Hernandez,Elier Hernandez,2023,Triple-A,112,Pacific Coast League,102,Round Rock Express,RR,Outfielder,RF,RF,28,612,0.08169934640522876,0.20588235294117646,0.181,0.356,3.941,0.27086743044189854,0.029411764705882353,0.09640522875816994,0.024509803921568627,0.8700000000000001,TRUE
642220-2023-112,642220,Jantzen Witte,Jantzen Witte,2023,Triple-A,112,Pacific Coast League,4904,El Paso Chihuahuas,ELP,Third Base,3B,3B,33,439,0.0888382687927107,0.24829157175398633,0.20700000000000002,0.305,3.973,0.2660891089108911,0.0387243735763098,0.10250569476082004,0.02733485193621868,0.76,TRUE
656695-2023-112,656695,J.J. Matijevic,J.J. Matijevic,2023,Triple-A,112,Pacific Coast League,5434,Sugar Land Space Cowboys,SUG,First Base,1B,1B,27,495,0.10909090909090909,0.24646464646464647,0.198,0.3,3.9939999999999998,0.27150837988826815,0.03232323232323232,0.09696969696969697,0.01818181818181818,1.02,TRUE
677941-2023-112,677941,Jordyn Adams,Jordyn Adams,2023,Triple-A,112,Pacific Coast League,561,Salt Lake Bees,SL,Outfielder,CF,CF,23,480,0.11041666666666666,0.27708333333333335,0.198,0.352,3.804,0.32894736842105265,0.03125,0.09583333333333334,0.10208333333333333,0.9500000000000001,TRUE
676632-2023-112,676632,Bligh Madris,Bligh Madris,2023,Triple-A,112,Pacific Coast League,5434,Sugar Land Space Cowboys,SUG,Outfielder,RF,OF,27,456,0.14692982456140352,0.25219298245614036,0.17700000000000002,0.29100000000000004,4.1209999999999996,0.2812121212121212,0.03289473684210526,0.06798245614035088,0.039473684210526314,0.8400000000000001,TRUE
668845-2023-112,668845,Aaron Schunk,Aaron Schunk,2023,Triple-A,112,Pacific Coast League,342,Albuquerque Isotopes,ABQ,Third Base,3B,SS,25,508,0.08661417322834646,0.24015748031496062,0.17,0.364,3.6559999999999997,0.2844744455159113,0.027559055118110236,0.08661417322834646,0.03740157480314961,0.8200000000000001,TRUE
678489-2023-112,678489,Jorge Barrosa,Jorge Barrosa,2023,Triple-A,112,Pacific Coast League,2310,Reno Aces,RNO,Outfielder,CF,CF,22,502,0.1593625498007968,0.16334661354581673,0.182,0.313,4.09,0.22429906542056074,0.025896414342629483,0.08167330677290836,0.043824701195219126,1.02,TRUE
621005-2023-112,621005,Tim Lopes,Tim Lopes,2023,Triple-A,112,Pacific Coast League,4904,El Paso Chihuahuas,ELP,Second Base,2B,2B,29,550,0.13090909090909092,0.22363636363636363,0.139,0.356,4.02,0.289,0.023636363636363636,0.06909090909090909,0.09090909090909091,1.05,TRUE
656821-2023-112,656821,Kevin Padlo,Kevin Padlo,2023,Triple-A,112,Pacific Coast League,561,Salt Lake Bees,SL,Third Base,3B,3B,26,406,0.16502463054187191,0.2413793103448276,0.189,0.327,3.9059999999999997,0.29384615384615387,0.03201970443349754,0.09113300492610837,0.03201970443349754,0.6,TRUE
676946-2023-112,676946,Matthew Batten,Matthew Batten,2023,Triple-A,112,Pacific Coast League,4904,El Paso Chihuahuas,ELP,Shortstop,SS,2B,28,413,0.13317191283292978,0.2397094430992736,0.164,0.29100000000000004,4.09,0.2172573189522342,0.029055690072639227,0.07990314769975787,0.07506053268765134,0.8400000000000001,TRUE
670128-2023-112,670128,Taylor Kohlwey,Taylor Kohlwey,2023,Triple-A,112,Pacific Coast League,4904,El Paso Chihuahuas,ELP,Outfielder,LF,LF,28,518,0.14478764478764478,0.16602316602316602,0.161,0.316,4.228,0.15550510783200908,0.023166023166023165,0.08301158301158301,0.03861003861003861,1.06,TRUE
682183-2023-112,682183,Drew Avans,Drew Avans,2023,Triple-A,112,Pacific Coast League,238,Oklahoma City Dodgers,OKC,Outfielder,CF,LF,27,596,0.12919463087248323,0.2214765100671141,0.126,0.319,3.9749999999999996,0.2312992125984252,0.018456375838926176,0.06711409395973154,0.05201342281879195,1.04,TRUE
595943-2023-112,595943,Phillip Evans,Phillip Evans,2023,Triple-A,112,Pacific Coast League,2310,Reno Aces,RNO,Third Base,3B,3B,30,590,0.15593220338983052,0.1271186440677966,0.127,0.344,3.758,0.19165727170236754,0.01864406779661017,0.06271186440677966,0.006779661016949152,1.07,TRUE
680474-2023-112,680474,Max Schuemann,Max Schuemann,2023,Triple-A,112,Pacific Coast League,400,Las Vegas Aviators,LV,Outfielder,CF,LF,26,433,0.14318706697459585,0.20092378752886836,0.15100000000000002,0.34099999999999997,4.072,0.24269005847953215,0.020785219399538105,0.07159353348729793,0.06697459584295612,1.06,TRUE
669450-2023-112,669450,Cooper Hummel,Cooper Hummel,2023,Triple-A,112,Pacific Coast League,529,Tacoma Rainiers,TAC,First Base,1B,LF,28,455,0.18021978021978022,0.23296703296703297,0.17400000000000002,0.348,4.075,0.287598944591029,0.017582417582417582,0.09010989010989011,0.07032967032967033,0.8300000000000001,TRUE
680716-2023-112,680716,Jonathan Ornelas,Jonathan Ornelas,2023,Triple-A,112,Pacific Coast League,102,Round Rock Express,RR,Shortstop,SS,SS,23,517,0.14313346228239845,0.23404255319148937,0.10600000000000001,0.33199999999999996,4.151,0.2578616352201258,0.015473887814313346,0.05415860735009671,0.030947775628626693,1.75,TRUE
667663-2023-112,667663,Hunter Stovall,Hunter Stovall,2023,Triple-A,112,Pacific Coast League,342,Albuquerque Isotopes,ABQ,Second Base,2B,2B,26,432,0.09027777777777778,0.14351851851851852,0.13,0.311,3.569,0.2185792349726776,0.018518518518518517,0.06944444444444445,0.04861111111111111,1.03,TRUE
671083-2023-112,671083,Buddy Kennedy,Buddy Kennedy,2023,Triple-A,112,Pacific Coast League,400,Las Vegas Aviators,LV,First Base,1B,1B,24,463,0.16414686825053995,0.17494600431965443,0.14700000000000002,0.377,3.8729999999999998,0.1761194029850746,0.01079913606911447,0.07991360691144708,0.012958963282937365,0.75,TRUE
683021-2023-112,683021,Michael Stefanic,Michael Stefanic,2023,Triple-A,112,Pacific Coast League,561,Salt Lake Bees,SL,Second Base,2B,2B,27,455,0.13186813186813187,0.07252747252747253,0.10200000000000001,0.388,3.758,0.06686478454680535,0.01098901098901099,0.05934065934065934,0.03296703296703297,0.89,TRUE
660634-2023-112,660634,Yonny Hernández,Yonny Hernández,2023,Triple-A,112,Pacific Coast League,238,Oklahoma City Dodgers,OKC,Shortstop,SS,SS,25,407,0.18427518427518427,0.19901719901719903,0.09,0.32,3.9899999999999998,0.2085889570552147,0.009828009828009828,0.04668304668304668,0.07125307125307126,1.21,TRUE
660636-2023-112,660636,Diego Castillo,Diego Castillo,2023,Triple-A,112,Pacific Coast League,2310,Reno Aces,RNO,Outfielder,LF,SS,25,556,0.17446043165467626,0.1420863309352518,0.097,0.37,4.316999999999999,0.18095238095238095,0.00539568345323741,0.06654676258992806,0.04136690647482014,1.29,TRUE
687749-2023-116,687749,Jase Bowen,Jase Bowen,2023,High-A,116,South Atlantic League,477,Greensboro Grasshoppers,GBO,Outfielder,CF,RF,22,493,0.07099391480730223,0.24543610547667344,0.21100000000000002,0.302,3.6149999999999998,0.2985571587125416,0.04665314401622718,0.08519269776876268,0.058823529411764705,0.73,TRUE
681679-2023-116,681679,Stanley Consuegra,Stanley Consuegra,2023,High-A,116,South Atlantic League,453,Brooklyn Cyclones,BRK,Outfielder,RF,OF,22,394,0.07360406091370558,0.2766497461928934,0.257,0.262,3.586,0.3242876526458616,0.0583756345177665,0.1065989847715736,0.02030456852791878,1.06,TRUE
700246-2023-116,700246,Carson Williams,Carson Williams,2023,High-A,116,South Atlantic League,2498,Bowling Green Hot Rods,BG,Shortstop,SS,SS,20,462,0.11471861471861472,0.3181818181818182,0.252,0.34099999999999997,4.048,0.3171912832929782,0.049783549783549784,0.1038961038961039,0.05627705627705628,0.7799999999999999,TRUE
691775-2023-116,691775,Ryan Clifford,Ryan Clifford,2023,High-A,116,South Atlantic League,453,Brooklyn Cyclones,BRK,First Base,1B,1B,19,390,0.1,0.28974358974358977,0.24500000000000002,0.28600000000000003,4.163999999999999,0.2829931972789116,0.05641025641025641,0.09487179487179487,0.007692307692307693,0.77,TRUE
687554-2023-116,687554,DJ Gladney,DJ Gladney,2023,High-A,116,South Atlantic League,580,Winston-Salem Dash,WS,Outfielder,LF,OF,21,409,0.06601466992665037,0.2787286063569682,0.232,0.29800000000000004,3.67,0.35414301929625425,0.04645476772616137,0.10024449877750612,0.034229828850855744,1.06,TRUE
689200-2023-116,689200,Jacob Melton,Jacob Melton,2023,High-A,116,South Atlantic League,573,Asheville Tourists,ASH,Outfielder,CF,LF,22,394,0.1218274111675127,0.21065989847715735,0.20900000000000002,0.272,3.779,0.24830393487109906,0.04568527918781726,0.08883248730964467,0.1218274111675127,0.9,TRUE
678010-2023-116,678010,Nick Schnell,Nick Schnell,2023,High-A,116,South Atlantic League,2498,Bowling Green Hot Rods,BG,Outfielder,RF,RF,23,391,0.10997442455242967,0.3452685421994885,0.21200000000000002,0.311,4.0360000000000005,0.4057623049219688,0.04092071611253197,0.09462915601023018,0.01278772378516624,0.77,TRUE
691938-2023-116,691938,Willy Vasquez,Willy Vasquez,2023,High-A,116,South Atlantic League,2498,Bowling Green Hot Rods,BG,Third Base,3B,3B,21,472,0.09745762711864407,0.2309322033898305,0.16,0.275,3.689,0.31554524361948955,0.03389830508474576,0.06567796610169492,0.05508474576271186,1.41,TRUE
677342-2023-116,677342,Brock Jones,Brock Jones,2023,High-A,116,South Atlantic League,2498,Bowling Green Hot Rods,BG,Outfielder,CF,OF,22,372,0.12903225806451613,0.33064516129032256,0.21100000000000002,0.268,3.965,0.40057636887608067,0.04032258064516129,0.08870967741935484,0.0456989247311828,0.63,TRUE
678534-2023-116,678534,Rixon Wingrove,Rixon Wingrove,2023,High-A,116,South Atlantic League,427,Jersey Shore BlueClaws,JS,First Base,1B,1B,23,418,0.09808612440191387,0.2942583732057416,0.189,0.326,3.8759999999999994,0.4023952095808383,0.03588516746411483,0.08851674641148326,0.0215311004784689,1.82,TRUE
686948-2023-116,686948,Drake Baldwin,Drake Baldwin,2023,High-A,116,South Atlantic League,432,Rome Braves,ROM,Catcher,C,C,22,405,0.1506172839506173,0.2074074074074074,0.20600000000000002,0.307,3.948,0.2652482269503546,0.0345679012345679,0.09876543209876543,0,1.1400000000000001,TRUE
681333-2023-116,681333,Dru Baker,Dru Baker,2023,High-A,116,South Atlantic League,2498,Bowling Green Hot Rods,BG,Outfielder,RF,CF,23,377,0.10610079575596817,0.22811671087533156,0.184,0.382,3.8009999999999997,0.2644757433489828,0.034482758620689655,0.07692307692307693,0.10875331564986737,1.25,TRUE
681488-2023-116,681488,Logan Cerny,Logan Cerny,2023,High-A,116,South Atlantic League,573,Asheville Tourists,ASH,Outfielder,CF,OF,23,360,0.08611111111111111,0.35555555555555557,0.15900000000000003,0.317,4.031000000000001,0.3689922480620155,0.03611111111111111,0.06666666666666667,0.06666666666666667,0.56,TRUE
682987-2023-116,682987,Spencer Jones,Spencer Jones,2023,High-A,116,South Atlantic League,537,Hudson Valley Renegades,HV,Outfielder,CF,CF,22,459,0.0915032679738562,0.289760348583878,0.182,0.363,4.037,0.29344073647871116,0.02832244008714597,0.09803921568627451,0.09586056644880174,1.46,TRUE
700845-2023-116,700845,Adam Zebrowski,Adam Zebrowski,2023,High-A,116,South Atlantic League,432,Rome Braves,ROM,Catcher,C,C,22,381,0.11548556430446194,0.3123359580052493,0.17300000000000001,0.271,4.122999999999999,0.36063218390804597,0.03412073490813648,0.07874015748031496,0.0026246719160104987,1.23,TRUE
683227-2023-116,683227,Cody Freeman,Cody Freeman,2023,High-A,116,South Atlantic League,448,Hickory Crawdads,HIC,Catcher,C,3B,22,388,0.07989690721649484,0.18041237113402062,0.167,0.259,3.8559999999999994,0.218705035971223,0.030927835051546393,0.08247422680412371,0.01804123711340206,1.04,TRUE
682796-2023-116,682796,Eddinson Paulino,Eddinson Paulino,2023,High-A,116,South Atlantic League,428,Greenville Drive,GVL,Shortstop,SS,3B,20,500,0.1,0.226,0.164,0.317,3.9219999999999997,0.30272108843537415,0.024,0.088,0.068,1.2,TRUE
690474-2023-116,690474,Tommy Sacco Jr.,Tommy Sacco Jr.,2023,High-A,116,South Atlantic League,573,Asheville Tourists,ASH,Shortstop,SS,SS,24,418,0.15789473684210525,0.24401913875598086,0.15600000000000003,0.28200000000000003,4.153,0.27298850574712646,0.028708133971291867,0.06937799043062201,0.05741626794258373,0.6799999999999999,TRUE
691185-2023-116,691185,Maximo Acosta,Maximo Acosta,2023,High-A,116,South Atlantic League,448,Hickory Crawdads,HIC,Shortstop,SS,SS,20,473,0.06976744186046512,0.21141649048625794,0.13,0.311,3.577,0.2571756601607348,0.023255813953488372,0.06976744186046512,0.07188160676532769,1.07,TRUE
680874-2023-116,680874,Tim Borden II,Tim Borden II,2023,High-A,116,South Atlantic League,573,Asheville Tourists,ASH,Third Base,3B,SS,23,412,0.05825242718446602,0.3592233009708738,0.14300000000000002,0.377,3.745,0.37601078167115903,0.02669902912621359,0.0703883495145631,0.024271844660194174,1.11,TRUE
682793-2023-116,682793,Bryan Gonzalez,Bryan Gonzalez,2023,High-A,116,South Atlantic League,428,Greenville Drive,GVL,Outfielder,RF,OF,21,448,0.078125,0.3325892857142857,0.15200000000000002,0.369,3.6270000000000002,0.44,0.024553571428571428,0.07366071428571429,0.05133928571428571,1.24,TRUE
683493-2023-116,683493,William Lugo,William Lugo,2023,High-A,116,South Atlantic League,453,Brooklyn Cyclones,BRK,Third Base,3B,SS,21,437,0.09153318077803203,0.21052631578947367,0.14800000000000002,0.279,3.8899999999999997,0.29404617253948967,0.02517162471395881,0.07322654462242563,0.02517162471395881,0.6699999999999999,TRUE
691006-2023-116,691006,Kevin Parada,Kevin Parada,2023,High-A,116,South Atlantic League,453,Brooklyn Cyclones,BRK,Catcher,C,C,21,382,0.078534031413612565,0.2513089005235602,0.182,0.33599999999999997,3.649,0.3431241655540721,0.028795811518324606,0.09424083769633508,0.007853403141361256,0.58,TRUE
691442-2023-116,691442,Wilfred Veras,Wilfred Veras,2023,High-A,116,South Atlantic League,580,Winston-Salem Dash,WS,Outfielder,RF,OF,20,402,0.04975124378109453,0.2512437810945274,0.161,0.346,3.53,0.33451118963486454,0.02736318407960199,0.09203980099502487,0.06218905472636816,1.95,TRUE
703070-2023-116,703070,Loidel Chapelli,Loidel Chapelli,2023,High-A,116,South Atlantic League,580,Winston-Salem Dash,WS,Second Base,2B,OF,21,466,0.13090128755364808,0.24678111587982832,0.15700000000000003,0.32999999999999996,4.023999999999999,0.29655990510083036,0.02145922746781116,0.07725321888412018,0.06866952789699571,0.58,TRUE
701496-2023-116,701496,Ben Cowles,Ben Cowles,2023,High-A,116,South Atlantic League,537,Hudson Valley Renegades,HV,Second Base,2B,3B,23,444,0.12387387387387387,0.2747747747747748,0.139,0.34099999999999997,3.8919999999999995,0.29673202614379085,0.02252252252252252,0.06756756756756757,0.060810810810810814,0.71,TRUE
686863-2023-116,686863,Daniel Mateo,Daniel Mateo,2023,High-A,116,South Atlantic League,448,Hickory Crawdads,HIC,Outfielder,CF,CF,21,452,0.01991150442477876,0.22566371681415928,0.14800000000000002,0.312,3.296,0.3301282051282051,0.022123893805309734,0.07743362831858407,0.09513274336283185,1.3800000000000001,TRUE
694484-2023-116,694484,Max Wagner,Max Wagner,2023,High-A,116,South Atlantic League,488,Aberdeen IronBirds,ABD,Third Base,3B,3B,21,360,0.14166666666666666,0.25,0.167,0.29700000000000004,3.9419999999999997,0.32605042016806723,0.027777777777777776,0.075,0.08611111111111111,0.9500000000000001,TRUE
687637-2023-116,687637,Dylan Beavers,Dylan Beavers,2023,High-A,116,South Atlantic League,488,Aberdeen IronBirds,ABD,Outfielder,RF,RF,21,369,0.13550135501355012,0.22764227642276422,0.19,0.33799999999999997,4.108,0.2,0.024390243902439025,0.10298102981029811,0.07588075880758807,0.77,TRUE
682011-2023-116,682011,Tyler Miller,Tyler Miller,2023,High-A,116,South Atlantic League,428,Greenville Drive,GVL,First Base,1B,1B,23,371,0.0673854447439353,0.24258760107816713,0.15900000000000003,0.328,3.623,0.32290362953692114,0.02425876010781671,0.0889487870619946,0.0673854447439353,0.9500000000000001,TRUE
687248-2023-116,687248,Keshawn Ogans,Keshawn Ogans,2023,High-A,116,South Atlantic League,432,Rome Braves,ROM,Third Base,3B,SS,21,454,0.1013215859030837,0.19162995594713655,0.131,0.316,3.9139999999999997,0.25806451612903225,0.019823788546255508,0.07048458149779736,0.039647577092511016,0.65,TRUE
683610-2023-116,683610,Leandro Pineda,Leandro Pineda,2023,High-A,116,South Atlantic League,427,Jersey Shore BlueClaws,JS,Outfielder,RF,OF,21,431,0.11136890951276102,0.23665893271461716,0.14300000000000002,0.307,3.9259999999999997,0.3060453400503778,0.02088167053364269,0.07424593967517401,0.018561484918793503,1.1500000000000001,TRUE
687545-2023-116,687545,Blake Robertson,Blake Robertson,2023,High-A,116,South Atlantic League,2498,Bowling Green Hot Rods,BG,First Base,1B,1B,22,365,0.1178082191780822,0.2602739726027397,0.14600000000000002,0.373,4.3229999999999995,0.3012379642365887,0.024657534246575342,0.0684931506849315,0.005479452054794521,1.71,TRUE
686445-2023-116,686445,Sammy Siani,Sammy Siani,2023,High-A,116,South Atlantic League,477,Greensboro Grasshoppers,GBO,Outfielder,RF,CF,22,398,0.12814070351758794,0.3165829145728643,0.133,0.33699999999999997,3.8169999999999997,0.3558368495077356,0.022613065326633167,0.06532663316582915,0.06030150753768844,1.73,TRUE
683061-2023-116,683061,Alexander Vargas,Alexander Vargas,2023,High-A,116,South Atlantic League,537,Hudson Valley Renegades,HV,Shortstop,SS,SS,21,447,0.053691275167785234,0.2595078299776286,0.136,0.259,3.537,0.2964989059080963,0.020134228187919462,0.0738255033557047,0.049217002237136466,0.55,TRUE
804668-2023-116,804668,Rafael Flores Jr.,Rafael Flores Jr.,2023,High-A,116,South Atlantic League,537,Hudson Valley Renegades,HV,First Base,1B,C,22,434,0.11290322580645161,0.2488479262672811,0.10700000000000001,0.34099999999999997,4.131,0.29442970822281167,0.018433179723502304,0.055299539170506916,0.009216589861751152,1.29,TRUE
687206-2023-116,687206,Tres Gonzalez,Tres Gonzalez,2023,High-A,116,South Atlantic League,477,Greensboro Grasshoppers,GBO,Outfielder,CF,OF,22,449,0.1447661469933185,0.1870824053452116,0.115,0.349,4.089,0.19424460431654678,0.017817371937639197,0.05790645879732739,0.066815144766147,1.76,TRUE
700361-2023-116,700361,Shawn Goosenberg,Shawn Goosenberg,2023,High-A,116,South Atlantic League,580,Winston-Salem Dash,WS,First Base,1B,SS,23,421,0.11401425178147269,0.2161520190023753,0.128,0.325,4.029,0.23803363518758086,0.019002375296912115,0.06413301662707839,0.09026128266033254,0.6,TRUE
695770-2023-116,695770,Wes Kath,Wes Kath,2023,High-A,116,South Atlantic League,580,Winston-Salem Dash,WS,Third Base,3B,3B,20,389,0.09511568123393316,0.4318766066838046,0.118,0.34099999999999997,3.969,0.4821002386634845,0.02056555269922879,0.05912596401028278,0.017994858611825194,1,TRUE
686984-2023-116,686984,Marcus Lee Sang,Marcus Lee Sang,2023,High-A,116,South Atlantic League,427,Jersey Shore BlueClaws,JS,Outfielder,CF,CF,22,436,0.13302752293577982,0.2981651376146789,0.15700000000000003,0.387,4.181,0.3187721369539551,0.01834862385321101,0.08027522935779817,0.06651376146788991,1.1800000000000002,TRUE
682187-2023-116,682187,Nick Ward,Nick Ward,2023,High-A,116,South Atlantic League,427,Jersey Shore BlueClaws,JS,Third Base,3B,2B,27,392,0.1377551020408163,0.20408163265306123,0.101,0.33199999999999996,4.066,0.19047619047619047,0.02040816326530612,0.04081632653061224,0.06377551020408163,0.89,TRUE
805373-2023-116,805373,Nacho Alvarez Jr.,Nacho Alvarez Jr.,2023,High-A,116,South Atlantic League,432,Rome Braves,ROM,Shortstop,SS,SS,20,501,0.1317365269461078,0.17365269461077845,0.10700000000000001,0.34099999999999997,4.056,0.18442153493699887,0.013972055888223553,0.06187624750499002,0.041916167664670656,1.06,TRUE
682707-2023-116,682707,Jeremy De La Rosa,Jeremy De La Rosa,2023,High-A,116,South Atlantic League,426,Wilmington Blue Rocks,WIL,Outfielder,RF,CF,21,383,0.10704960835509138,0.3368146214099217,0.12100000000000001,0.363,4.026,0.390625,0.018276762402088774,0.06527415143603134,0.05221932114882506,1.77,TRUE
684519-2023-116,684519,Omar De Los Santos,Omar De Los Santos,2023,High-A,116,South Atlantic League,453,Brooklyn Cyclones,BRK,Outfielder,LF,OF,23,400,0.05,0.36,0.10300000000000001,0.314,3.8949999999999996,0.4180522565320665,0.0175,0.0575,0.125,0.8300000000000001,TRUE
691267-2023-116,691267,Alex Ramírez,Alex Ramírez,2023,High-A,116,South Atlantic League,453,Brooklyn Cyclones,BRK,Outfielder,CF,OF,20,521,0.10748560460652591,0.21880998080614203,0.096,0.277,3.983,0.26666666666666666,0.013435700575815739,0.05566218809980806,0.05182341650671785,0.8700000000000001,TRUE
688403-2023-116,688403,Michael Sandle,Michael Sandle,2023,High-A,116,South Atlantic League,573,Asheville Tourists,ASH,Outfielder,LF,OF,24,357,0.08403361344537816,0.2689075630252101,0.118,0.264,3.8379999999999996,0.3174366616989568,0.0196078431372549,0.06722689075630252,0.056022408963585436,0.8,TRUE
686982-2023-116,686982,Jared McKenzie,Jared McKenzie,2023,High-A,116,South Atlantic League,426,Wilmington Blue Rocks,WIL,Outfielder,LF,OF,22,420,0.06904761904761905,0.2761904761904762,0.10800000000000001,0.28500000000000003,3.629,0.3349282296650718,0.014285714285714285,0.06428571428571428,0.02857142857142857,1.07,TRUE
808206-2023-116,808206,Geisel Cepeda,Geisel Cepeda,2023,High-A,116,South Atlantic League,448,Hickory Crawdads,HIC,Outfielder,LF,OF,25,397,0.08564231738035265,0.10831234256926953,0.07600000000000001,0.29200000000000004,3.7880000000000003,0.1752411575562701,0.012594458438287154,0.04030226700251889,0.037783375314861464,1.6300000000000001,TRUE
682722-2023-116,682722,Isaac De León,Isaac De León,2023,High-A,116,South Atlantic League,488,Aberdeen IronBirds,ABD,Third Base,3B,SS,21,393,0.12213740458015267,0.3155216284987277,0.10300000000000001,0.304,4.081,0.3465045592705167,0.01272264631043257,0.05597964376590331,0.030534351145038167,1.75,TRUE
681132-2023-116,681132,Max Ferguson,Max Ferguson,2023,High-A,116,South Atlantic League,428,Greenville Drive,GVL,Second Base,2B,2B,23,366,0.1557377049180328,0.2786885245901639,0.114,0.33299999999999996,4.114999999999999,0.3093645484949833,0.01366120218579235,0.06284153005464481,0.08743169398907104,1.27,TRUE
687201-2023-116,687201,Kevin Kilpatrick Jr.,Kevin Kilpatrick Jr.,2023,High-A,116,South Atlantic League,432,Rome Braves,ROM,Outfielder,CF,OF,22,551,0.12341197822141561,0.2540834845735027,0.10700000000000001,0.308,3.964,0.27328556806550663,0.009074410163339383,0.05989110707803993,0.06715063520871144,0.81,TRUE
702250-2023-116,702250,Jared Carr,Jared Carr,2023,High-A,116,South Atlantic League,427,Jersey Shore BlueClaws,JS,Outfielder,CF,OF,24,380,0.11842105263157894,0.2578947368421053,0.101,0.319,3.903,0.2875912408759124,0.010526315789473684,0.05789473684210526,0.07368421052631578,1.28,TRUE
694478-2023-116,694478,Michael Turner,Michael Turner,2023,High-A,116,South Atlantic League,580,Winston-Salem Dash,WS,Catcher,C,C,24,377,0.16976127320954906,0.15384615384615385,0.132,0.364,4.531000000000001,0.16463414634146342,0.010610079575596816,0.08222811671087533,0.005305039787798408,1.49,TRUE
684852-2023-116,684852,Geraldo Quintero,Geraldo Quintero,2023,High-A,116,South Atlantic League,432,Rome Braves,ROM,Second Base,2B,SS,21,472,0.11652542372881355,0.1864406779661017,0.07400000000000001,0.313,3.924,0.23059866962305986,0.006355932203389831,0.04025423728813559,0.08898305084745763,1.04,TRUE
695930-2023-116,695930,Frederick Bencosme,Frederick Bencosme,2023,High-A,116,South Atlantic League,488,Aberdeen IronBirds,ABD,Shortstop,SS,IF,20,476,0.11554621848739496,0.1407563025210084,0.07200000000000001,0.28800000000000003,3.658,0.1935897435897436,0.004201680672268907,0.04831932773109244,0.07142857142857142,1.1500000000000001,TRUE
678854-2023-116,678854,Viandel Pena,Viandel Pena,2023,High-A,116,South Atlantic League,426,Wilmington Blue Rocks,WIL,Second Base,2B,2B,22,419,0.15990453460620524,0.2100238663484487,0.058,0.28800000000000003,3.9549999999999996,0.24563953488372092,0,0.04295942720763723,0.059665871121718374,1.11,TRUE
682265-2023-111,682265,Wes Clarke,Wes Clarke,2023,Double-A,111,Southern League,5015,Biloxi Shuckers,BLX,First Base,1B,1B,23,503,0.17693836978131214,0.2922465208747515,0.256,0.306,4.169,0.3433001107419712,0.05168986083499006,0.09940357852882704,0.013916500994035786,0.56,TRUE
677943-2023-111,677943,Will Banfield,Will Banfield,2023,Double-A,111,Southern League,4124,Pensacola Blue Wahoos,PNS,Catcher,C,C,23,495,0.050505050505050504,0.24646464646464647,0.21400000000000002,0.29900000000000004,3.6870000000000003,0.300507614213198,0.046464646464646465,0.10101010101010101,0.006060606060606061,0.6699999999999999,TRUE
677956-2023-111,677956,Rece Hinds,Rece Hinds,2023,Double-A,111,Southern League,498,Chattanooga Lookouts,CHA,Outfielder,RF,RF,22,461,0.0737527114967462,0.3275488069414317,0.267,0.358,3.848,0.35173824130879344,0.049891540130151846,0.12581344902386118,0.05639913232104121,0.9,TRUE
683357-2023-111,683357,Owen Caissie,Owen Caissie,2023,Double-A,111,Southern League,553,Tennessee Smokies,TNS,Outfielder,RF,RF,20,528,0.14393939393939395,0.3106060606060606,0.23,0.40700000000000003,4.189,0.3431578947368421,0.041666666666666664,0.10416666666666667,0.030303030303030304,1.03,TRUE
694192-2023-111,694192,Jackson Chourio,Jackson Chourio,2023,Double-A,111,Southern League,5015,Biloxi Shuckers,BLX,Outfielder,CF,LF,19,559,0.07334525939177101,0.18425760286225404,0.186,0.311,3.644,0.23389494549058473,0.03935599284436494,0.08586762075134168,0.09302325581395349,1.1300000000000001,TRUE
686677-2023-111,686677,Landon Stephens,Landon Stephens,2023,Double-A,111,Southern League,430,Mississippi Braves,MIS,Outfielder,RF,1B,25,404,0.1311881188118812,0.37376237623762376,0.232,0.275,4.146,0.44168734491315137,0.05198019801980198,0.09158415841584158,0.012376237623762377,0.5700000000000001,TRUE
687859-2023-111,687859,Troy Johnston,Troy Johnston,2023,Double-A,111,Southern League,4124,Pensacola Blue Wahoos,PNS,First Base,1B,RF,26,374,0.11229946524064172,0.1711229946524064,0.271,0.319,3.4759999999999995,0.23765432098765432,0.0481283422459893,0.12032085561497326,0.045454545454545456,0.6599999999999999,TRUE
683748-2023-111,683748,Victor Mesa Jr.,Victor Mesa Jr.,2023,Double-A,111,Southern League,4124,Pensacola Blue Wahoos,PNS,Outfielder,CF,RF,21,533,0.07692307692307693,0.22889305816135083,0.17,0.28700000000000003,3.6,0.29961832061068705,0.03377110694183865,0.0825515947467167,0.03564727954971857,0.91,TRUE
679563-2023-111,679563,José Rodríguez,José Rodríguez,2023,Double-A,111,Southern League,247,Birmingham Barons,BIR,Second Base,2B,SS,22,404,0.04455445544554455,0.23514851485148514,0.186,0.305,3.569,0.28624078624078625,0.04455445544554455,0.08663366336633663,0.08415841584158416,0.9500000000000001,TRUE
686989-2023-111,686989,James Free,James Free,2023,Double-A,111,Southern League,498,Chattanooga Lookouts,CHA,Designated Hitter,DH,C,25,489,0.12474437627811862,0.20040899795501022,0.188,0.311,3.949,0.25564681724845995,0.034764826175869123,0.08793456032719836,0.00408997955010225,0.92,TRUE
680846-2023-111,680846,Pablo Aliendo,Pablo Aliendo,2023,Double-A,111,Southern League,553,Tennessee Smokies,TNS,Catcher,C,C,22,375,0.10933333333333334,0.304,0.227,0.301,3.8189999999999995,0.36134453781512604,0.042666666666666665,0.10666666666666667,0.013333333333333334,0.93,TRUE
685298-2023-111,685298,Cade Bunnell,Cade Bunnell,2023,Double-A,111,Southern League,430,Mississippi Braves,MIS,Third Base,3B,2B,26,467,0.13276231263383298,0.38329764453961457,0.168,0.311,4.276000000000001,0.4416184971098266,0.034261241970021415,0.0728051391862955,0.019271948608137045,0.7799999999999999,TRUE
702333-2023-111,702333,Haydn McGeary,Haydn McGeary,2023,Double-A,111,Southern League,553,Tennessee Smokies,TNS,First Base,1B,C,23,442,0.1515837104072398,0.23755656108597284,0.18,0.311,3.9859999999999998,0.28150134048257375,0.03619909502262444,0.07239819004524888,0.01583710407239819,1,TRUE
681357-2023-111,681357,Cody Morissette,Cody Morissette,2023,Double-A,111,Southern League,4124,Pensacola Blue Wahoos,PNS,Second Base,2B,SS,23,434,0.07142857142857142,0.2488479262672811,0.17600000000000002,0.26,3.947,0.2635933806146572,0.03686635944700461,0.08064516129032258,0.01152073732718894,0.6699999999999999,TRUE
681230-2023-111,681230,BJ Murray,BJ Murray,2023,Double-A,111,Southern League,553,Tennessee Smokies,TNS,Third Base,3B,3B,23,542,0.15129151291512916,0.23800738007380073,0.199,0.33299999999999996,4.02,0.26137566137566137,0.02952029520295203,0.0996309963099631,0.03136531365313653,0.65,TRUE
691620-2023-111,691620,Jeferson Quero,Jeferson Quero,2023,Double-A,111,Southern League,5015,Biloxi Shuckers,BLX,Catcher,C,C,20,381,0.09973753280839895,0.1784776902887139,0.17900000000000002,0.281,3.58,0.2490170380078637,0.04199475065616798,0.07349081364829396,0.013123359580052493,0.72,TRUE
683341-2023-111,683341,David Calabrese,David Calabrese,2023,Double-A,111,Southern League,559,Rocket City Trash Pandas,RCT,Outfielder,CF,OF,20,535,0.1308411214953271,0.30654205607476637,0.15100000000000002,0.265,4.06,0.35237068965517243,0.028037383177570093,0.06728971962616823,0.04299065420560748,0.63,TRUE
675966-2023-111,675966,Jesse Franklin V,Jesse Franklin V,2023,Double-A,111,Southern League,430,Mississippi Braves,MIS,Outfielder,LF,OF,24,387,0.082687338501292,0.2971576227390181,0.188,0.29900000000000004,3.928,0.3473132372214941,0.03875968992248062,0.08527131782945736,0.06459948320413436,0.97,TRUE
680518-2023-111,680518,Zavier Warren,Zavier Warren,2023,Double-A,111,Southern League,5015,Biloxi Shuckers,BLX,First Base,1B,1B,24,429,0.1048951048951049,0.20046620046620048,0.17,0.264,3.7600000000000002,0.24659400544959129,0.03496503496503497,0.07459207459207459,0.02097902097902098,0.75,TRUE
672012-2023-111,672012,Tyler Black,Tyler Black,2023,Double-A,111,Southern League,5015,Biloxi Shuckers,BLX,Third Base,3B,DH,22,385,0.15844155844155844,0.2,0.24000000000000002,0.32,4.21,0.23226703755215578,0.03636363636363636,0.0987012987012987,0.14545454545454545,0.73,TRUE
671155-2023-111,671155,Ivan Johnson,Ivan Johnson,2023,Double-A,111,Southern League,498,Chattanooga Lookouts,CHA,Second Base,2B,2B,24,386,0.09067357512953368,0.266839378238342,0.189,0.275,3.7800000000000002,0.362565445026178,0.03626943005181347,0.08808290155440414,0.05699481865284974,0.98,TRUE
687331-2023-111,687331,Quincy McAfee,Quincy McAfee,2023,Double-A,111,Southern League,498,Chattanooga Lookouts,CHA,Outfielder,LF,SS,25,385,0.11948051948051948,0.1974025974025974,0.21500000000000002,0.27,3.8569999999999998,0.22611036339165544,0.03636363636363636,0.09350649350649351,0.03636363636363636,0.69,TRUE
677347-2023-111,677347,Kyren Paris,Kyren Paris,2023,Double-A,111,Southern League,559,Rocket City Trash Pandas,RCT,Shortstop,SS,2B,21,514,0.17120622568093385,0.29377431906614787,0.161,0.365,4.029,0.3715203426124197,0.027237354085603113,0.07392996108949416,0.09533073929961089,0.9500000000000001,TRUE
687272-2023-111,687272,Tucker Flint,Tucker Flint,2023,Double-A,111,Southern League,559,Rocket City Trash Pandas,RCT,Outfielder,RF,OF,22,519,0.12909441233140656,0.2909441233140655,0.162,0.326,4.285,0.30501535312180145,0.025048169556840076,0.07707129094412331,0.015414258188824663,1.8900000000000001,TRUE
681715-2023-111,681715,Heriberto Hernández,Heriberto Hernández,2023,Double-A,111,Southern League,421,Montgomery Biscuits,MTG,Outfielder,RF,LF,23,478,0.1589958158995816,0.2803347280334728,0.162,0.34099999999999997,4.106999999999999,0.33709273182957394,0.027196652719665274,0.07112970711297072,0.01882845188284519,1.1700000000000002,TRUE
687020-2023-111,687020,Mason Auer,Mason Auer,2023,Double-A,111,Southern League,421,Montgomery Biscuits,MTG,Outfielder,CF,OF,22,511,0.0958904109589041,0.36007827788649704,0.14300000000000002,0.315,3.9509999999999996,0.40703517587939697,0.021526418786692758,0.07045009784735812,0.11350293542074363,0.59,TRUE
686555-2023-111,686555,Isaac Collins,Isaac Collins,2023,Double-A,111,Southern League,5015,Biloxi Shuckers,BLX,Outfielder,LF,LF,25,376,0.19946808510638298,0.14627659574468085,0.162,0.29700000000000004,4.093,0.18884892086330934,0.026595744680851064,0.06648936170212766,0.10106382978723404,0.93,TRUE
682927-2023-111,682927,Ronny Simon,Ronny Simon,2023,Double-A,111,Southern League,421,Montgomery Biscuits,MTG,Second Base,2B,2B,23,416,0.10336538461538461,0.21634615384615385,0.15200000000000002,0.28700000000000003,3.928,0.2390745501285347,0.02403846153846154,0.07451923076923077,0.08653846153846154,1.06,TRUE
673461-2023-111,673461,Yoelqui Céspedes,Yoelqui Céspedes,2023,Double-A,111,Southern League,247,Birmingham Barons,BIR,Outfielder,CF,OF,25,456,0.09868421052631579,0.29605263157894735,0.112,0.29900000000000004,3.715,0.3477789815817985,0.019736842105263157,0.05482456140350877,0.043859649122807015,0.8200000000000001,TRUE
685127-2023-111,685127,Alex McGarry,Alex McGarry,2023,Double-A,111,Southern League,498,Chattanooga Lookouts,CHA,First Base,1B,1B,25,416,0.09134615384615384,0.25721153846153844,0.15100000000000002,0.365,3.7670000000000003,0.3341375150784077,0.021634615384615384,0.07932692307692307,0.04807692307692308,1.04,TRUE
672635-2023-111,672635,Luis Mieses,Luis Mieses,2023,Double-A,111,Southern League,247,Birmingham Barons,BIR,Outfielder,RF,OF,23,485,0.0288659793814433,0.2329896907216495,0.12000000000000001,0.28800000000000003,3.4519999999999995,0.2776203966005666,0.018556701030927835,0.07422680412371134,0.002061855670103093,0.8700000000000001,TRUE
680672-2023-111,680672,Luke Waddell,Luke Waddell,2023,Double-A,111,Southern League,430,Mississippi Braves,MIS,Shortstop,SS,SS,24,446,0.14573991031390135,0.12780269058295965,0.113,0.319,3.953,0.16165413533834586,0.017937219730941704,0.05605381165919283,0.07847533632286996,0.7799999999999999,TRUE
672701-2023-111,672701,José Devers,José Devers,2023,Double-A,111,Southern League,4124,Pensacola Blue Wahoos,PNS,Second Base,2B,SS,23,420,0.08571428571428572,0.14761904761904762,0.14500000000000002,0.315,3.75,0.21723300970873785,0.016666666666666666,0.08095238095238096,0.016666666666666666,0.7899999999999999,TRUE
671976-2023-111,671976,Tristan Peters,Tristan Peters,2023,Double-A,111,Southern League,421,Montgomery Biscuits,MTG,Outfielder,LF,CF,23,415,0.10120481927710843,0.15903614457831325,0.14600000000000002,0.318,4.075,0.22639068564036222,0.016867469879518072,0.0819277108433735,0.04578313253012048,0.88,TRUE
669326-2023-111,669326,Bryce Teodosio,Bryce Teodosio,2023,Double-A,111,Southern League,559,Rocket City Trash Pandas,RCT,Outfielder,CF,LF,24,419,0.08591885441527446,0.33651551312649164,0.10300000000000001,0.318,3.733,0.3886255924170616,0.016706443914081145,0.05489260143198091,0.057279236276849645,0.8400000000000001,TRUE
703920-2023-111,703920,Alsander Womack,Alsander Womack,2023,Double-A,111,Southern League,247,Birmingham Barons,BIR,Second Base,2B,2B,24,447,0.12527964205816555,0.15436241610738255,0.08700000000000001,0.29600000000000004,3.9459999999999997,0.18271954674220964,0.015659955257270694,0.042505592841163314,0.024608501118568233,1.43,TRUE
668965-2023-111,668965,Freddy Zamora,Freddy Zamora,2023,Double-A,111,Southern League,5015,Biloxi Shuckers,BLX,Shortstop,SS,SS,24,437,0.12128146453089245,0.2036613272311213,0.10600000000000001,0.314,3.963,0.24,0.016018306636155607,0.057208237986270026,0.04576659038901602,1.2,TRUE
696140-2023-111,696140,Ethan Murray,Ethan Murray,2023,Double-A,111,Southern League,5015,Biloxi Shuckers,BLX,Shortstop,SS,SS,23,413,0.12832929782082325,0.22518159806295399,0.114,0.33099999999999996,3.9349999999999996,0.2787550744248985,0.014527845036319613,0.06053268765133172,0.03631961259079903,1.05,TRUE
700337-2023-111,700337,Edgar Quero,Edgar Quero,2023,Double-A,111,Southern League,247,Birmingham Barons,BIR,Catcher,C,C,20,455,0.15824175824175823,0.16703296703296702,0.095,0.29900000000000004,4.149,0.19262295081967212,0.013186813186813187,0.05054945054945055,0.006593406593406593,1.29,TRUE
665940-2023-111,665940,Moisés Castillo,Moisés Castillo,2023,Double-A,111,Southern League,247,Birmingham Barons,BIR,Shortstop,SS,SS,23,424,0.10141509433962265,0.1792452830188679,0.083,0.269,4.0969999999999995,0.19656992084432717,0.01179245283018868,0.049528301886792456,0.01179245283018868,1.02,TRUE
650506-2023-111,650506,Jose Gomez,Jose Gomez,2023,Double-A,111,Southern League,559,Rocket City Trash Pandas,RCT,Third Base,3B,3B,26,378,0.07936507936507936,0.2275132275132275,0.093,0.319,3.828,0.31693198263386396,0.013227513227513227,0.05026455026455026,0.037037037037037035,1.07,TRUE
683083-2023-111,683083,Nasim Nuñez,Nasim Nuñez,2023,Double-A,111,Southern League,4124,Pensacola Blue Wahoos,PNS,Shortstop,SS,2B,22,585,0.14871794871794872,0.1829059829059829,0.061,0.275,4.007,0.2325809617271835,0.008547008547008548,0.03076923076923077,0.10085470085470086,1.1500000000000001,TRUE
681581-2023-111,681581,Andy Weber,Andy Weber,2023,Double-A,111,Southern League,553,Tennessee Smokies,TNS,Second Base,2B,2B,25,433,0.11547344110854503,0.20785219399538107,0.097,0.29500000000000004,3.808,0.2574385510996119,0.011547344110854504,0.057736720554272515,0.011547344110854504,0.75,TRUE
695462-2023-111,695462,Cal Conley,Cal Conley,2023,Double-A,111,Southern League,430,Mississippi Braves,MIS,Shortstop,SS,SS,23,599,0.08848080133555926,0.22203672787979967,0.067,0.28500000000000003,3.7880000000000003,0.26501766784452296,0.005008347245409015,0.045075125208681135,0.07512520868113523,1.34,TRUE
677578-2023-111,677578,Carlos Rodríguez,Carlos Rodríguez,2023,Double-A,111,Southern League,5015,Biloxi Shuckers,BLX,Outfielder,RF,RF,22,436,0.09174311926605505,0.11467889908256881,0.07700000000000001,0.32999999999999996,3.617,0.14987080103359174,0.0022935779816513763,0.05733944954128441,0.05045871559633028,1.21,TRUE
687470-2023-109,687470,Chandler Redmond,Chandler Redmond,2023,Double-A,109,Texas League,440,Springfield Cardinals,SPR,First Base,1B,2B,26,550,0.14545454545454545,0.30363636363636365,0.24700000000000003,0.327,4.121999999999999,0.42003853564547206,0.056363636363636366,0.09090909090909091,0.00909090909090909,1.5,TRUE
695336-2023-109,695336,Thomas Saggese,Thomas Saggese,2023,Double-A,109,Texas League,440,Springfield Cardinals,SPR,Second Base,2B,LF,21,567,0.08641975308641975,0.2292768959435626,0.233,0.379,3.9819999999999998,0.25624421831637373,0.04409171075837742,0.10582010582010581,0.02292768959435626,0.72,TRUE
670870-2023-109,670870,Yunior Severino,Yunior Severino,2023,Double-A,109,Texas League,3898,Wichita Wind Surge,WCH,Third Base,3B,1B,23,375,0.096,0.312,0.272,0.373,4.093,0.3779527559055118,0.064,0.10933333333333334,0.018666666666666668,1.52,TRUE
691021-2023-109,691021,A.J. Vukovich,A.J. Vukovich,2023,Double-A,109,Texas League,5368,Amarillo Sod Poodles,AMA,Outfielder,CF,OF,21,507,0.09072978303747535,0.28402366863905326,0.221,0.33099999999999996,3.9389999999999996,0.32502596053997923,0.047337278106508875,0.09467455621301775,0.05719921104536489,1.43,TRUE
593528-2023-109,593528,Jorge Bonifacio,Jorge Bonifacio,2023,Double-A,109,Texas League,1350,Northwest Arkansas Naturals,NWA,Outfielder,RF,RF,30,508,0.12007874015748031,0.19881889763779528,0.21600000000000003,0.29300000000000004,4.123999999999999,0.2708124373119358,0.04330708661417323,0.09055118110236221,0.011811023622047244,0.38,TRUE
656462-2023-109,656462,Isiah Gilliam,Isiah Gilliam,2023,Double-A,109,Texas League,574,Arkansas Travelers,ARK,Designated Hitter,DH,OF,26,422,0.14691943127962084,0.3222748815165877,0.24100000000000002,0.391,4.137,0.3713942307692308,0.052132701421800945,0.0947867298578199,0.06398104265402843,1.1400000000000001,TRUE
694374-2023-109,694374,Tim Tawa,Tim Tawa,2023,Double-A,109,Texas League,5368,Amarillo Sod Poodles,AMA,Second Base,2B,LF,24,497,0.11066398390342053,0.24346076458752516,0.20500000000000002,0.3,3.9149999999999996,0.3128964059196617,0.04426559356136821,0.08853118712273642,0.03621730382293763,0.98,TRUE
677673-2023-109,677673,Imanol Vargas,Imanol Vargas,2023,Double-A,109,Texas League,260,Tulsa Drillers,TUL,First Base,1B,OF,25,526,0.1444866920152091,0.33079847908745247,0.21300000000000002,0.354,4.243,0.3480825958702065,0.04182509505703422,0.09695817490494296,0,1,TRUE
685744-2023-109,685744,Kenedy Corona,Kenedy Corona,2023,Double-A,109,Texas League,482,Corpus Christi Hooks,CC,Outfielder,CF,CF,23,491,0.09775967413441955,0.25865580448065173,0.20500000000000002,0.29700000000000004,3.8309999999999995,0.3248407643312102,0.04073319755600815,0.09164969450101833,0.0814663951120163,0.8500000000000001,TRUE
691277-2023-109,691277,Deyvison De Los Santos,Deyvison De Los Santos,2023,Double-A,109,Texas League,5368,Amarillo Sod Poodles,AMA,Third Base,3B,1B,20,481,0.05197505197505198,0.2598752598752599,0.17700000000000002,0.308,3.73,0.32974559686888455,0.04158004158004158,0.079002079002079,0.010395010395010396,1.6,TRUE
684576-2023-109,684576,Alex Isola,Alex Isola,2023,Double-A,109,Texas League,3898,Wichita Wind Surge,WCH,First Base,1B,C,24,465,0.10752688172043011,0.21505376344086022,0.201,0.325,4.034,0.2225031605562579,0.043010752688172046,0.09032258064516129,0.015053763440860216,0.77,TRUE
682616-2023-109,682616,Diego Cartaya,Diego Cartaya,2023,Double-A,109,Texas League,260,Tulsa Drillers,TUL,Catcher,C,C,21,403,0.09181141439205956,0.2903225806451613,0.189,0.21600000000000003,3.7319999999999998,0.34232954545454547,0.04714640198511166,0.07196029776674938,0,0.63,TRUE
682947-2023-109,682947,Jose Ramos,Jose Ramos,2023,Double-A,109,Texas League,260,Tulsa Drillers,TUL,Outfielder,CF,CF,22,485,0.11134020618556702,0.28865979381443296,0.168,0.308,4.056,0.3251599147121535,0.03917525773195876,0.06597938144329897,0.018556701030927835,0.92,TRUE
690443-2023-109,690443,Mike Antico,Mike Antico,2023,Double-A,109,Texas League,440,Springfield Cardinals,SPR,Outfielder,CF,OF,25,545,0.09908256880733946,0.23119266055045873,0.183,0.322,3.778,0.26036644165863065,0.03302752293577982,0.08440366972477065,0.11009174311926606,0.64,TRUE
689750-2023-109,689750,Jacob Buchberger,Jacob Buchberger,2023,Double-A,109,Texas League,440,Springfield Cardinals,SPR,Third Base,3B,3B,25,447,0.09843400447427293,0.22595078299776286,0.17600000000000002,0.276,3.6759999999999997,0.2775564409030544,0.040268456375838924,0.07158836689038031,0.040268456375838924,0.8500000000000001,TRUE
678689-2023-109,678689,Neyfy Castillo,Neyfy Castillo,2023,Double-A,109,Texas League,5368,Amarillo Sod Poodles,AMA,Outfielder,RF,SS,22,391,0.08951406649616368,0.3273657289002558,0.21000000000000002,0.322,3.9619999999999997,0.40756302521008403,0.043478260869565216,0.09207161125319693,0.0639386189258312,1.11,TRUE
681134-2023-109,681134,Caleb Roberts,Caleb Roberts,2023,Double-A,109,Texas League,5368,Amarillo Sod Poodles,AMA,Outfielder,LF,OF,23,434,0.1336405529953917,0.2626728110599078,0.24500000000000002,0.356,4.028,0.28894806924101196,0.03917050691244239,0.11059907834101383,0.03225806451612903,1.37,TRUE
666783-2023-109,666783,Yusniel Díaz,Yusniel Díaz,2023,Double-A,109,Texas League,260,Tulsa Drillers,TUL,Outfielder,RF,CF,26,406,0.13793103448275862,0.1921182266009852,0.20600000000000002,0.313,4.261,0.24796747967479674,0.03940886699507389,0.09359605911330049,0.027093596059113302,0.89,TRUE
686780-2023-109,686780,Pedro Pagés,Pedro Pagés,2023,Double-A,109,Texas League,440,Springfield Cardinals,SPR,Catcher,C,C,24,497,0.11871227364185111,0.193158953722334,0.17700000000000002,0.305,4.2410000000000005,0.20251716247139587,0.03219315895372234,0.08249496981891348,0.006036217303822937,0.8600000000000001,TRUE
672596-2023-109,672596,Robert Perez Jr.,Robert Perez Jr.,2023,Double-A,109,Texas League,574,Arkansas Travelers,ARK,Outfielder,RF,LF,23,508,0.07480314960629922,0.3051181102362205,0.17300000000000001,0.329,3.677,0.38198757763975155,0.031496062992125984,0.08267716535433071,0.007874015748031496,1.21,TRUE
642134-2023-109,642134,Robbie Tenerowicz,Robbie Tenerowicz,2023,Double-A,109,Texas League,574,Arkansas Travelers,ARK,First Base,1B,1B,28,385,0.11428571428571428,0.16883116883116883,0.21500000000000002,0.318,4.0649999999999995,0.2259475218658892,0.04155844155844156,0.09350649350649351,0.007792207792207792,1.1700000000000002,TRUE
641323-2023-109,641323,Luis Aviles Jr.,Luis Aviles Jr.,2023,Double-A,109,Texas League,482,Corpus Christi Hooks,CC,Shortstop,SS,SS,28,408,0.07352941176470588,0.2622549019607843,0.18,0.301,3.8549999999999995,0.2989449003516999,0.03676470588235294,0.08333333333333333,0.08088235294117647,0.8200000000000001,TRUE
691783-2023-109,691783,Jordan Lawlar,Jordan Lawlar,2023,Double-A,109,Texas League,5368,Amarillo Sod Poodles,AMA,Shortstop,SS,LF,20,410,0.11463414634146342,0.21707317073170732,0.21100000000000002,0.31,3.8369999999999997,0.27311522048364156,0.036585365853658534,0.1,0.09024390243902439,0.69,TRUE
677060-2023-109,677060,Chad Stevens,Chad Stevens,2023,Double-A,109,Texas League,482,Corpus Christi Hooks,CC,Shortstop,SS,2B,24,495,0.12323232323232323,0.35555555555555557,0.17700000000000002,0.33299999999999996,3.968,0.3804123711340206,0.030303030303030304,0.07878787878787878,0.06060606060606061,0.71,TRUE
670860-2023-109,670860,Lazaro Armenteros,Lazaro Armenteros,2023,Double-A,109,Texas League,237,Midland RockHounds,MID,Designated Hitter,DH,LF,24,405,0.15308641975308643,0.32839506172839505,0.21500000000000002,0.366,4.212,0.40795287187039764,0.0345679012345679,0.09382716049382717,0.04197530864197531,1.03,TRUE
689070-2023-109,689070,Spencer Packard,Spencer Packard,2023,Double-A,109,Texas League,574,Arkansas Travelers,ARK,Outfielder,LF,OF,25,550,0.12363636363636364,0.15636363636363637,0.15700000000000003,0.329,4.026999999999999,0.18191964285714285,0.025454545454545455,0.07818181818181819,0.0036363636363636364,0.93,TRUE
682729-2023-109,682729,Jonatan Clase,Jonatan Clase,2023,Double-A,109,Texas League,574,Arkansas Travelers,ARK,Outfielder,CF,LF,21,489,0.130879345603272,0.28016359918200406,0.17400000000000002,0.29400000000000004,4.154999999999999,0.29585152838427947,0.026584867075664622,0.07975460122699386,0.1492842535787321,0.74,TRUE
669288-2023-109,669288,Daniel Johnson,Daniel Johnson,2023,Double-A,109,Texas League,510,San Antonio Missions,SA,Outfielder,CF,CF,27,412,0.0970873786407767,0.18689320388349515,0.17200000000000001,0.29500000000000004,3.779,0.2634961439588689,0.03155339805825243,0.08009708737864078,0.06553398058252427,0.7,TRUE
680577-2023-109,680577,DaShawn Keirsey Jr.,DaShawn Keirsey Jr.,2023,Double-A,109,Texas League,3898,Wichita Wind Surge,WCH,Outfielder,CF,CF,26,397,0.07808564231738035,0.23425692695214106,0.183,0.377,3.781,0.3200962695547533,0.0327455919395466,0.08816120906801007,0.0906801007556675,1.29,TRUE
680890-2023-109,680890,Jax Biggers,Jax Biggers,2023,Double-A,109,Texas League,540,Frisco RoughRiders,FRI,Second Base,2B,2B,26,413,0.13559322033898305,0.23002421307506055,0.14900000000000002,0.275,4.063,0.23925501432664756,0.029055690072639227,0.06053268765133172,0.04600484261501211,0.59,TRUE
694497-2023-109,694497,Evan Carter,Evan Carter,2023,Double-A,109,Texas League,540,Frisco RoughRiders,FRI,Outfielder,CF,CF,20,462,0.16017316017316016,0.22294372294372294,0.167,0.36,4.0760000000000005,0.26790450928381965,0.025974025974025976,0.07142857142857142,0.06926406926406926,0.8400000000000001,TRUE
669386-2023-109,669386,Trevor Hauver,Trevor Hauver,2023,Double-A,109,Texas League,540,Frisco RoughRiders,FRI,Outfielder,RF,2B,24,471,0.15074309978768577,0.28662420382165604,0.168,0.361,4.338,0.2804232804232804,0.025477707006369428,0.08280254777070063,0.006369426751592357,0.55,TRUE
678391-2023-109,678391,Jorbit Vivas,Jorbit Vivas,2023,Double-A,109,Texas League,260,Tulsa Drillers,TUL,Second Base,2B,3B,22,491,0.109979633401222,0.10590631364562118,0.15600000000000003,0.29200000000000004,3.574,0.1936619718309859,0.024439918533604887,0.07535641547861507,0.05091649694501019,0.91,TRUE
682210-2023-109,682210,Kody Hoese,Kody Hoese,2023,Double-A,109,Texas League,260,Tulsa Drillers,TUL,Third Base,3B,3B,25,383,0.06788511749347259,0.185378590078329,0.14500000000000002,0.27,3.6319999999999997,0.205607476635514,0.028720626631853787,0.06527415143603134,0.0026109660574412533,0.6799999999999999,TRUE
686797-2023-109,686797,Brooks Lee,Brooks Lee,2023,Double-A,109,Texas League,3898,Wichita Wind Surge,WCH,Shortstop,SS,3B,22,399,0.10275689223057644,0.15789473684210525,0.183,0.325,3.779,0.21982758620689655,0.02756892230576441,0.10526315789473684,0.02506265664160401,1.25,TRUE
678760-2023-109,678760,Eddys Leonard,Eddys Leonard,2023,Double-A,109,Texas League,260,Tulsa Drillers,TUL,Shortstop,SS,SS,22,388,0.07474226804123711,0.2190721649484536,0.15700000000000003,0.307,3.7319999999999998,0.24967320261437909,0.028350515463917526,0.08247422680412371,0.015463917525773196,0.7799999999999999,TRUE
686475-2023-109,686475,Tyler Tolbert,Tyler Tolbert,2023,Double-A,109,Texas League,1350,Northwest Arkansas Naturals,NWA,Shortstop,SS,SS,25,574,0.06968641114982578,0.22125435540069685,0.14300000000000002,0.346,3.5589999999999997,0.3104508196721312,0.017421602787456445,0.07665505226480836,0.10104529616724739,1.42,TRUE
681123-2023-109,681123,Luca Tresh,Luca Tresh,2023,Double-A,109,Texas League,1350,Northwest Arkansas Naturals,NWA,Catcher,C,C,23,380,0.11315789473684211,0.18947368421052632,0.135,0.259,3.8339999999999996,0.2487644151565074,0.02631578947368421,0.060526315789473685,0.005263157894736842,0.56,TRUE
679938-2023-109,679938,Yoyner Fajardo,Yoyner Fajardo,2023,Double-A,109,Texas League,3898,Wichita Wind Surge,WCH,Outfielder,LF,OF,24,527,0.09487666034155598,0.15939278937381404,0.14100000000000001,0.354,3.51,0.24259055982436883,0.017077798861480076,0.07590132827324478,0.11954459203036052,1.12,TRUE
660614-2023-109,660614,Arquímedes Gamboa,Arquímedes Gamboa,2023,Double-A,109,Texas League,440,Springfield Cardinals,SPR,Shortstop,SS,SS,25,545,0.163302752293578,0.24954128440366974,0.12300000000000001,0.327,4.1339999999999995,0.29594017094017094,0.01651376146788991,0.05871559633027523,0.05321100917431193,1.08,TRUE
696160-2023-109,696160,Jake Rucker,Jake Rucker,2023,Double-A,109,Texas League,3898,Wichita Wind Surge,WCH,Second Base,2B,3B,23,476,0.08823529411764706,0.25840336134453784,0.133,0.324,3.8569999999999998,0.32014833127317677,0.018907563025210083,0.07142857142857142,0.04411764705882353,0.72,TRUE
657089-2023-109,657089,Logan Warmoth,Logan Warmoth,2023,Double-A,109,Texas League,574,Arkansas Travelers,ARK,Third Base,3B,SS,27,429,0.1282051282051282,0.2680652680652681,0.119,0.322,3.9109999999999996,0.3194263363754889,0.018648018648018648,0.06060606060606061,0.08857808857808858,0.56,TRUE
682668-2023-109,682668,Luisangel Acuña,Luisangel Acuña,2023,Double-A,109,Texas League,540,Frisco RoughRiders,FRI,Shortstop,SS,SS,21,402,0.09203980099502487,0.1890547263681592,0.138,0.381,3.58,0.26441631504922647,0.017412935323383085,0.0845771144278607,0.11691542288557213,1.22,TRUE
631222-2023-109,631222,Michael De La Cruz,Michael De La Cruz,2023,Double-A,109,Texas League,510,San Antonio Missions,SA,Catcher,C,C,30,408,0.1053921568627451,0.1642156862745098,0.113,0.29100000000000004,3.9019999999999997,0.18758620689655173,0.01715686274509804,0.061274509803921566,0.022058823529411766,0.9,TRUE
667749-2023-109,667749,Juan Fernandez,Juan Fernandez,2023,Double-A,109,Texas League,510,San Antonio Missions,SA,Third Base,3B,C,24,412,0.08737864077669903,0.13592233009708737,0.11,0.29000000000000004,3.6,0.2430647291941876,0.01699029126213592,0.06310679611650485,0.03640776699029126,1.1800000000000002,TRUE
682182-2023-109,682182,J.C. Correa,J.C. Correa,2023,Double-A,109,Texas League,482,Corpus Christi Hooks,CC,Second Base,2B,SS,24,398,0.0829145728643216,0.12060301507537688,0.092,0.265,3.613,0.15130674002751032,0.01507537688442211,0.05025125628140704,0.022613065326633167,1.11,TRUE
702789-2023-109,702789,Austin Gauthier,Austin Gauthier,2023,Double-A,109,Texas League,260,Tulsa Drillers,TUL,Shortstop,SS,SS,24,392,0.16326530612244897,0.1377551020408163,0.14,0.33199999999999996,4.008,0.19391025641025642,0.015306122448979591,0.07397959183673469,0.05357142857142857,1.3,TRUE
685341-2023-109,685341,Ripken Reyes,Ripken Reyes,2023,Double-A,109,Texas League,510,San Antonio Missions,SA,Second Base,2B,SS,26,528,0.10606060606060606,0.14772727272727273,0.10300000000000001,0.304,3.706,0.16324062877871826,0.011363636363636364,0.04924242424242424,0.07007575757575757,0.74,TRUE
686523-2023-109,686523,Peyton Wilson,Peyton Wilson,2023,Double-A,109,Texas League,1350,Northwest Arkansas Naturals,NWA,Second Base,2B,2B,23,562,0.09786476868327403,0.1797153024911032,0.125,0.345,3.8169999999999997,0.2423076923076923,0.010676156583629894,0.07829181494661921,0.046263345195729534,1.5,TRUE
660844-2023-109,660844,Leo Rivas,Leo Rivas,2023,Double-A,109,Texas League,574,Arkansas Travelers,ARK,Shortstop,SS,3B,25,436,0.19724770642201836,0.20412844036697247,0.091,0.324,4.4110000000000005,0.2178932178932179,0.011467889908256881,0.04128440366972477,0.13761467889908258,1.1500000000000001,TRUE
687005-2023-109,687005,Kellen Strahm,Kellen Strahm,2023,Double-A,109,Texas League,540,Frisco RoughRiders,FRI,Outfielder,RF,RF,26,517,0.14313346228239845,0.22243713733075435,0.089,0.323,4.035,0.2573099415204678,0.009671179883945842,0.05029013539651837,0.02321083172147002,1.45,TRUE
701648-2023-109,701648,Aaron Zavala,Aaron Zavala,2023,Double-A,109,Texas League,540,Frisco RoughRiders,FRI,Outfielder,LF,OF,23,426,0.16901408450704225,0.3732394366197183,0.091,0.33499999999999996,4.528,0.30416666666666664,0.011737089201877934,0.04929577464788732,0.023474178403755867,0.8200000000000001,TRUE
676063-2023-109,676063,Shane McGuire,Shane McGuire,2023,Double-A,109,Texas League,237,Midland RockHounds,MID,Catcher,C,C,24,396,0.1388888888888889,0.2196969696969697,0.082,0.29300000000000004,4.23,0.24386503067484663,0.010101010101010102,0.045454545454545456,0.012626262626262626,1.08,TRUE
702331-2023-109,702331,Noah Mendlinger,Noah Mendlinger,2023,Double-A,109,Texas League,440,Springfield Cardinals,SPR,Outfielder,RF,3B,22,401,0.1371571072319202,0.10723192019950124,0.093,0.33099999999999996,4.101999999999999,0.1171993911719939,0.00997506234413965,0.05236907730673317,0.02493765586034913,1.51,TRUE
692044-2024-110,692044,Luis Suisbel,Luis Suisbel,2024,Low-A,110,California League,515,Modesto Nuts,MOD,Third Base,3B,3B,21,552,0.08876811594202899,0.2608695652173913,0.16,0.352,3.8259999999999996,0.3002610966057441,0.02717391304347826,0.07608695652173914,0.007246376811594203,0.8,TRUE
677673-2024-110,677673,Imanol Vargas,Imanol Vargas,2024,Low-A,110,California League,401,Inland Empire 66ers,IE,First Base,1B,OF,26,472,0.1228813559322034,0.2605932203389831,0.189,0.356,4.153,0.30982658959537573,0.029661016949152543,0.09957627118644068,0.00423728813559322,0.8600000000000001,TRUE
687918-2024-110,687918,Braylen Wimmer,Braylen Wimmer,2024,Low-A,110,California League,259,Fresno Grizzlies,FRE,Third Base,3B,SS,23,529,0.09073724007561437,0.20226843100189035,0.15000000000000002,0.33799999999999997,3.4819999999999998,0.2750556792873051,0.026465028355387523,0.07183364839319471,0.07372400756143667,0.97,TRUE
687982-2024-110,687982,Carson Jones,Carson Jones,2024,Low-A,110,California League,515,Modesto Nuts,MOD,Outfielder,LF,OF,23,454,0.09030837004405286,0.31277533039647576,0.17300000000000001,0.349,3.639,0.3271375464684015,0.028634361233480177,0.08370044052863436,0.09251101321585903,0.81,TRUE
813860-2024-110,813860,Charlie Pagliarini,Charlie Pagliarini,2024,Low-A,110,California League,515,Modesto Nuts,MOD,Second Base,2B,3B,23,450,0.1622222222222222,0.38,0.20700000000000002,0.394,4.342,0.37940761636107195,0.028888888888888888,0.10222222222222223,0.015555555555555555,0.88,TRUE
703194-2024-110,703194,Randy De Jesus,Randy De Jesus,2024,Low-A,110,California League,401,Inland Empire 66ers,IE,Outfielder,RF,OF,19,427,0.07962529274004684,0.2927400468384075,0.182,0.381,3.721,0.38875878220140514,0.02810304449648712,0.09601873536299765,0.01873536299765808,1.25,TRUE
692364-2024-110,692364,Cesar Quintas,Cesar Quintas,2024,Low-A,110,California League,476,San Jose Giants,SJ,Outfielder,RF,OF,21,440,0.08636363636363636,0.21818181818181817,0.15700000000000003,0.27,3.75,0.2672309552599758,0.02727272727272727,0.075,0.00909090909090909,1.11,TRUE
815888-2024-110,815888,Leo De Vries,Leo De Vries,2024,Low-A,110,California League,103,Lake Elsinore Storm,LE,Shortstop,SS,SS,17,360,0.1388888888888889,0.23333333333333334,0.20400000000000001,0.29100000000000004,3.917,0.2791461412151067,0.030555555555555555,0.1,0.041666666666666664,0.59,TRUE
802504-2024-110,802504,Myles Naylor,Myles Naylor,2024,Low-A,110,California League,524,Stockton Ports,STK,Shortstop,SS,3B,19,499,0.15831663326653306,0.3466933867735471,0.13,0.29500000000000004,3.9319999999999995,0.43376318874560377,0.022044088176352707,0.06012024048096192,0.012024048096192385,1.1600000000000001,TRUE
694977-2024-110,694977,Nate Nankil,Nate Nankil,2024,Low-A,110,California League,524,Stockton Ports,STK,Outfielder,RF,OF,21,359,0.12256267409470752,0.17827298050139276,0.17400000000000002,0.33199999999999996,4.05,0.21481481481481482,0.027855153203342618,0.08635097493036212,0.013927576601671309,1.01,TRUE
700321-2024-110,700321,Andy Perez,Andy Perez,2024,Low-A,110,California League,259,Fresno Grizzlies,FRE,Shortstop,SS,SS,20,478,0.0502092050209205,0.13389121338912133,0.14300000000000002,0.319,3.328,0.1793416572077185,0.01882845188284519,0.0794979079497908,0.043933054393305436,1.35,TRUE
806223-2024-110,806223,Aidan Smith,Aidan Smith,2024,Low-A,110,California League,515,Modesto Nuts,MOD,Outfielder,RF,OF,19,358,0.1452513966480447,0.2430167597765363,0.186,0.371,3.751,0.28501628664495116,0.025139664804469275,0.1005586592178771,0.09217877094972067,0.49,TRUE
698916-2024-110,698916,Rosman Verdugo,Rosman Verdugo,2024,Low-A,110,California League,103,Lake Elsinore Storm,LE,Third Base,3B,SS,19,372,0.14516129032258066,0.27419354838709675,0.15700000000000003,0.33799999999999997,3.965,0.3295081967213115,0.024193548387096774,0.07795698924731183,0.024193548387096774,0.63,TRUE
701682-2024-110,701682,Braedon Karpathios,Braedon Karpathios,2024,Low-A,110,California League,103,Lake Elsinore Storm,LE,Outfielder,RF,OF,21,534,0.17790262172284643,0.27153558052434457,0.133,0.355,4.178,0.3449074074074074,0.0149812734082397,0.07303370786516854,0.0149812734082397,1.28,TRUE
691292-2024-110,691292,Angel Ortiz,Angel Ortiz,2024,Low-A,110,California League,516,Visalia Rawhide,VIS,Outfielder,RF,CF,21,376,0.09840425531914894,0.18617021276595744,0.171,0.357,3.745,0.23706896551724138,0.02127659574468085,0.09308510638297872,0.026595744680851064,1.04,TRUE
805931-2024-110,805931,Caleb Hobson,Caleb Hobson,2024,Low-A,110,California League,259,Fresno Grizzlies,FRE,Outfielder,CF,OF,22,463,0.1490280777537797,0.2786177105831533,0.109,0.354,4.035,0.3237221494102228,0.01511879049676026,0.04967602591792657,0.11231101511879049,0.98,TRUE
800306-2024-110,800306,Jansel Luis,Jansel Luis,2024,Low-A,110,California League,516,Visalia Rawhide,VIS,Shortstop,SS,2B,19,523,0.07648183556405354,0.2084130019120459,0.14900000000000002,0.33199999999999996,3.562,0.2711340206185567,0.01338432122370937,0.08795411089866156,0.05736137667304015,1.25,TRUE
806191-2024-110,806191,Tai Peete,Tai Peete,2024,Low-A,110,California League,515,Modesto Nuts,MOD,Shortstop,SS,OF,18,528,0.10416666666666667,0.3068181818181818,0.139,0.391,3.9919999999999995,0.3281893004115226,0.013257575757575758,0.07954545454545454,0.0946969696969697,0.9500000000000001,TRUE
703430-2024-110,703430,Anthony Scull,Anthony Scull,2024,Low-A,110,California League,401,Inland Empire 66ers,IE,Outfielder,CF,OF,20,543,0.0718232044198895,0.19889502762430938,0.115,0.323,3.348,0.29950248756218906,0.01289134438305709,0.06445672191528545,0.0570902394106814,0.92,TRUE
702258-2024-110,702258,Druw Jones,Druw Jones,2024,Low-A,110,California League,516,Visalia Rawhide,VIS,Outfielder,CF,OF,20,471,0.18046709129511676,0.2802547770700637,0.13,0.402,4.191,0.2897959183673469,0.012738853503184714,0.06157112526539278,0.05732484076433121,2.27,TRUE
683887-2024-110,683887,Darlyn Montero,Darlyn Montero,2024,Low-A,110,California League,524,Stockton Ports,STK,First Base,1B,SS,22,401,0.059850374064837904,0.2593516209476309,0.096,0.34099999999999997,3.7830000000000004,0.2864385297845374,0.014962593516209476,0.05486284289276808,0.022443890274314215,1.52,TRUE
683529-2024-110,683529,Milkar Perez,Milkar Perez,2024,Low-A,110,California League,515,Modesto Nuts,MOD,First Base,1B,3B,22,399,0.14035087719298245,0.21052631578947367,0.136,0.356,4.228,0.19298245614035087,0.015037593984962405,0.08020050125313283,0.005012531328320802,1.09,TRUE
700170-2024-110,700170,Felix Tena,Felix Tena,2024,Low-A,110,California League,259,Fresno Grizzlies,FRE,Outfielder,RF,CF,20,458,0.05021834061135371,0.2205240174672489,0.12200000000000001,0.314,3.179,0.29256594724220625,0.013100436681222707,0.07205240174672489,0.04148471615720524,1.31,TRUE
703153-2024-110,703153,Samuel Munoz,Samuel Munoz,2024,Low-A,110,California League,526,Rancho Cucamonga Quakes,RC,Outfielder,LF,1B,19,385,0.1012987012987013,0.2051948051948052,0.113,0.277,3.777,0.22931785195936139,0.012987012987012988,0.06233766233766234,0.023376623376623377,0.8600000000000001,TRUE
699232-2024-110,699232,Anderdson Rojas,Anderdson Rojas,2024,Low-A,110,California League,516,Visalia Rawhide,VIS,Second Base,2B,2B,20,446,0.08295964125560538,0.16591928251121077,0.109,0.28600000000000003,3.585,0.1889763779527559,0.011210762331838564,0.06053811659192825,0.09641255605381166,1.42,TRUE
700341-2024-110,700341,Kenny Castillo,Kenny Castillo,2024,Low-A,110,California League,516,Visalia Rawhide,VIS,Catcher,C,C,20,382,0.0549738219895288,0.24345549738219896,0.095,0.362,3.437,0.33896103896103896,0.010471204188481676,0.06544502617801047,0.005235602094240838,0.9,TRUE
694180-2024-110,694180,Wilman Diaz,Wilman Diaz,2024,Low-A,110,California League,526,Rancho Cucamonga Quakes,RC,Shortstop,SS,SS,20,440,0.07954545454545454,0.30227272727272725,0.118,0.361,3.7070000000000003,0.35517241379310344,0.00909090909090909,0.07045454545454545,0.05227272727272727,1,TRUE
695457-2024-110,695457,Jason Hinchman,Jason Hinchman,2024,Low-A,110,California League,259,Fresno Grizzlies,FRE,First Base,1B,1B,24,396,0.13383838383838384,0.30808080808080807,0.109,0.33199999999999996,4.04,0.3163265306122449,0.010101010101010102,0.06313131313131314,0.030303030303030304,1.04,TRUE
805782-2024-110,805782,Ryan Lasko,Ryan Lasko,2024,Low-A,110,California League,524,Stockton Ports,STK,Outfielder,CF,OF,22,390,0.15128205128205127,0.2641025641025641,0.097,0.316,4.077,0.35662299854439594,0.010256410256410256,0.05897435897435897,0.06666666666666667,1.26,TRUE
800194-2024-110,800194,Capri Ortiz,Capri Ortiz,2024,Low-A,110,California League,401,Inland Empire 66ers,IE,Shortstop,SS,3B,19,462,0.10822510822510822,0.2748917748917749,0.10200000000000001,0.378,3.593,0.3606755126658625,0.008658008658008658,0.05627705627705628,0.06493506493506493,1.1700000000000002,TRUE
800185-2024-110,800185,Ruben Santana,Ruben Santana,2024,Low-A,110,California League,516,Visalia Rawhide,VIS,Third Base,3B,3B,19,454,0.1299559471365639,0.2665198237885463,0.08600000000000001,0.303,3.9189999999999996,0.32338308457711445,0.00881057268722467,0.04405286343612335,0.024229074889867842,1.56,TRUE
800198-2024-110,800198,Cristofer Torin,Cristofer Torin,2024,Low-A,110,California League,516,Visalia Rawhide,VIS,Shortstop,SS,SS,19,512,0.158203125,0.1640625,0.088,0.308,4.2700000000000005,0.163727959697733,0.0078125,0.05078125,0.0390625,0.71,TRUE
801698-2024-110,801698,Ryan Wilson,Ryan Wilson,2024,Low-A,110,California League,103,Lake Elsinore Storm,LE,Outfielder,LF,OF,22,427,0.14285714285714285,0.1522248243559719,0.067,0.254,3.749,0.19568567026194145,0.00468384074941452,0.03747072599531616,0.01639344262295082,0.63,TRUE
806077-2024-110,806077,Kendall George,Kendall George,2024,Low-A,110,California League,526,Rancho Cucamonga Quakes,RC,Outfielder,CF,OF,19,404,0.14108910891089108,0.20544554455445543,0.05,0.362,3.9899999999999998,0.28059701492537314,0.0024752475247524753,0.027227722772277228,0.1188118811881188,0.93,TRUE
699127-2024-122,699127,Luis Castillo,Luis Castillo,2024,Low-A,122,Carolina League,249,Carolina Mudcats,CAR,Outfielder,LF,OF,20,462,0.12554112554112554,0.2554112554112554,0.182,0.24200000000000002,4.26,0.23310344827586207,0.03896103896103896,0.07575757575757576,0.010822510822510822,1.1800000000000002,TRUE
696513-2024-122,696513,Andy Garriola,Andy Garriola,2024,Low-A,122,Carolina League,521,Myrtle Beach Pelicans,MB,Outfielder,LF,OF,24,381,0.09186351706036745,0.3123359580052493,0.24100000000000002,0.302,4.122999999999999,0.3507917174177832,0.047244094488188976,0.11286089238845144,0.028871391076115485,0.64,TRUE
805810-2024-122,805810,Blake Mitchell,Blake Mitchell,2024,Low-A,122,Carolina League,3705,Columbia Fireflies,COL,Catcher,C,C,19,466,0.16952789699570817,0.30472103004291845,0.201,0.326,4.2490000000000006,0.29691211401425177,0.03862660944206009,0.07939914163090128,0.06866952789699571,0.6699999999999999,TRUE
806210-2024-122,806210,Alfonsin Rosario,Alfonsin Rosario,2024,Low-A,122,Carolina League,521,Myrtle Beach Pelicans,MB,Outfielder,CF,OF,20,456,0.12280701754385964,0.3223684210526316,0.193,0.321,3.9559999999999995,0.41946697566628044,0.03508771929824561,0.08333333333333333,0.05482456140350877,0.69,TRUE
800448-2024-122,800448,Echedry Vargas,Echedry Vargas,2024,Low-A,122,Carolina League,485,Down East Wood Ducks,DE,Shortstop,SS,SS,19,422,0.04976303317535545,0.2109004739336493,0.17900000000000002,0.323,3.393,0.3030674846625767,0.03317535545023697,0.0947867298578199,0.09004739336492891,0.77,TRUE
700283-2024-122,700283,Derlin Figueroa,Derlin Figueroa,2024,Low-A,122,Carolina League,3705,Columbia Fireflies,COL,First Base,1B,1B,20,492,0.09959349593495935,0.21951219512195122,0.14200000000000002,0.263,3.772,0.2706611570247934,0.026422764227642278,0.06504065040650407,0.044715447154471545,0.61,TRUE
701327-2024-122,701327,Elijah Green,Elijah Green,2024,Low-A,122,Carolina League,436,Fredericksburg Nationals,FBG,Outfielder,CF,OF,20,468,0.09829059829059829,0.44017094017094016,0.14700000000000002,0.371,3.9619999999999997,0.4751693002257336,0.027777777777777776,0.06623931623931624,0.08974358974358974,0.75,TRUE
815697-2024-122,815697,Arturo Disla,Arturo Disla,2024,Low-A,122,Carolina League,485,Down East Wood Ducks,DE,First Base,1B,1B,23,359,0.08913649025069638,0.181058495821727,0.15600000000000003,0.324,3.604,0.2983257229832572,0.03064066852367688,0.07799442896935933,0.008356545961002786,1.09,TRUE
800051-2024-122,800051,Austin Charles,Austin Charles,2024,Low-A,122,Carolina League,3705,Columbia Fireflies,COL,Third Base,3B,SS,20,481,0.10395010395010396,0.2577962577962578,0.13,0.33799999999999997,3.701,0.3522083805209513,0.02079002079002079,0.060291060291060294,0.0893970893970894,0.65,TRUE
806441-2024-122,806441,Nehomar Ochoa Jr.,Nehomar Ochoa Jr.,2024,Low-A,122,Carolina League,3712,Fayetteville Woodpeckers,FAY,Outfielder,RF,OF,18,394,0.09644670050761421,0.29441624365482233,0.137,0.301,3.8379999999999996,0.3144399460188934,0.025380710659898477,0.06598984771573604,0.05583756345177665,0.56,TRUE
691179-2024-122,691179,Erick Peña,Erick Peña,2024,Low-A,122,Carolina League,3705,Columbia Fireflies,COL,Outfielder,RF,CF,21,427,0.11943793911007025,0.40046838407494145,0.14300000000000002,0.29000000000000004,4.028,0.4195804195804196,0.0234192037470726,0.06791569086651054,0.03747072599531616,0.69,TRUE
806252-2024-122,806252,Ralphy Velazquez,Ralphy Velazquez,2024,Low-A,122,Carolina League,481,Lynchburg Hillcats,LYN,First Base,1B,1B,19,373,0.15013404825737264,0.20107238605898123,0.17200000000000001,0.28500000000000003,4.003,0.2759103641456583,0.02680965147453083,0.08579088471849866,0.02680965147453083,0.8700000000000001,TRUE
800406-2024-122,800406,Aron Estrada,Aron Estrada,2024,Low-A,122,Carolina League,548,Delmarva Shorebirds,DEL,Second Base,2B,2B,19,388,0.07474226804123711,0.16752577319587628,0.138,0.34199999999999997,3.5519999999999996,0.23504867872044508,0.020618556701030927,0.07474226804123711,0.10051546391752578,1.3800000000000001,TRUE
699615-2024-122,699615,Brandon Pimentel,Brandon Pimentel,2024,Low-A,122,Carolina League,436,Fredericksburg Nationals,FBG,First Base,1B,OF,24,465,0.047311827956989246,0.22795698924731184,0.119,0.34199999999999997,3.585,0.3067061143984221,0.017204301075268817,0.06881720430107527,0.047311827956989246,1.24,TRUE
806983-2024-122,806983,Yophery Rodriguez,Yophery Rodriguez,2024,Low-A,122,Carolina League,249,Carolina Mudcats,CAR,Outfielder,CF,CF,18,484,0.12190082644628099,0.23760330578512398,0.133,0.326,3.686,0.2595419847328244,0.014462809917355372,0.0743801652892562,0.024793388429752067,1.03,TRUE
683149-2024-122,683149,Julian Brock,Julian Brock,2024,Low-A,122,Carolina League,485,Down East Wood Ducks,DE,Catcher,C,C,23,393,0.07888040712468193,0.2824427480916031,0.12300000000000001,0.346,3.9519999999999995,0.28243243243243243,0.015267175572519083,0.06870229007633588,0.03307888040712468,1.1800000000000002,TRUE
703198-2024-122,703198,Kenni Gomez,Kenni Gomez,2024,Low-A,122,Carolina League,3712,Fayetteville Woodpeckers,FAY,Outfielder,CF,OF,19,367,0.09264305177111716,0.22615803814713897,0.14900000000000002,0.33599999999999997,3.6270000000000002,0.29246676514032494,0.01634877384196185,0.08991825613079019,0.05722070844686648,0.7799999999999999,TRUE
800377-2024-122,800377,Angel Mateo,Angel Mateo,2024,Low-A,122,Carolina League,233,Charleston RiverDogs,CHS,Outfielder,RF,OF,19,409,0.10513447432762836,0.254278728606357,0.119,0.29700000000000004,3.8559999999999994,0.31443298969072164,0.014669926650366748,0.07334963325183375,0.07823960880195599,0.77,TRUE
807511-2024-122,807511,Nelly Taylor,Nelly Taylor,2024,Low-A,122,Carolina League,414,Salem Red Sox,SAL,Outfielder,CF,OF,21,434,0.1382488479262673,0.24423963133640553,0.13,0.3,4.081,0.30404463040446306,0.013824884792626729,0.07603686635944701,0.09216589861751152,0.77,TRUE
800256-2024-122,800256,Natanael Yuten,Natanael Yuten,2024,Low-A,122,Carolina League,414,Salem Red Sox,SAL,Outfielder,RF,CF,19,418,0.07177033492822966,0.2511961722488038,0.137,0.316,3.524,0.32555425904317387,0.014354066985645933,0.07894736842105263,0.05502392344497608,1.21,TRUE
702995-2024-122,702995,Antonio Anderson,Antonio Anderson,2024,Low-A,122,Carolina League,414,Salem Red Sox,SAL,Third Base,3B,SS,19,482,0.14315352697095435,0.25311203319502074,0.084,0.25,3.9149999999999996,0.3116036505867014,0.01037344398340249,0.04771784232365145,0.014522821576763486,1.3900000000000001,TRUE
702693-2024-122,702693,Jaison Chourio,Jaison Chourio,2024,Low-A,122,Carolina League,481,Lynchburg Hillcats,LYN,Outfielder,CF,OF,19,432,0.19907407407407407,0.1597222222222222,0.129,0.316,4.296,0.1908284023668639,0.011574074074074073,0.07175925925925926,0.12731481481481483,1.42,TRUE
694183-2024-122,694183,Cristian Hernández,Cristian Hernández,2024,Low-A,122,Carolina League,521,Myrtle Beach Pelicans,MB,Shortstop,SS,SS,20,414,0.14492753623188406,0.22946859903381642,0.137,0.356,3.804,0.3152909336941813,0.012077294685990338,0.0821256038647343,0.10144927536231885,1.37,TRUE
800440-2024-122,800440,Narciso Polanco,Narciso Polanco,2024,Low-A,122,Carolina League,233,Charleston RiverDogs,CHS,Third Base,3B,2B,19,415,0.12048192771084337,0.2289156626506024,0.11,0.29200000000000004,4.133,0.24577373211963588,0.012048192771084338,0.06506024096385542,0.07951807228915662,0.92,TRUE
703143-2024-122,703143,Cristhian Vaquero,Cristhian Vaquero,2024,Low-A,122,Carolina League,436,Fredericksburg Nationals,FBG,Outfielder,RF,OF,19,401,0.09725685785536159,0.341645885286783,0.112,0.29500000000000004,3.8749999999999996,0.3889585947302384,0.012468827930174564,0.06234413965087282,0.08728179551122195,0.64,TRUE
804645-2024-122,804645,Caden Connor,Caden Connor,2024,Low-A,122,Carolina League,487,Kannapolis Cannon Ballers,KAN,First Base,1B,OF,23,356,0.11797752808988764,0.17134831460674158,0.133,0.361,3.713,0.18801996672212978,0.011235955056179775,0.08426966292134831,0.019662921348314606,1.1400000000000001,TRUE
694065-2024-122,694065,Arxy Hernandez,Arxy Hernandez,2024,Low-A,122,Carolina League,487,Kannapolis Cannon Ballers,KAN,Third Base,3B,3B,20,457,0.08096280087527352,0.25164113785557984,0.112,0.316,3.746,0.31135531135531136,0.0087527352297593,0.06564551422319474,0.0087527352297593,0.99,TRUE
691262-2024-122,691262,Reginald Preciado,Reginald Preciado,2024,Low-A,122,Carolina League,521,Myrtle Beach Pelicans,MB,Third Base,3B,SS,21,380,0.06315789473684211,0.2868421052631579,0.083,0.321,3.508,0.30949105914718017,0.010526315789473684,0.05,0.042105263157894736,1,TRUE
805075-2024-122,805075,Erick Torres,Erick Torres,2024,Low-A,122,Carolina League,3705,Columbia Fireflies,COL,Outfielder,CF,OF,19,514,0.11089494163424124,0.14007782101167315,0.062,0.273,3.648,0.19497607655502391,0.007782101167315175,0.03501945525291829,0.07003891050583658,0.91,TRUE
800421-2024-122,800421,Marvin Alcantara,Marvin Alcantara,2024,Low-A,122,Carolina League,414,Salem Red Sox,SAL,Second Base,2B,SS,19,456,0.06140350877192982,0.22587719298245615,0.059000000000000004,0.321,3.509,0.2545691906005222,0.006578947368421052,0.03508771929824561,0.03508771929824561,1.08,TRUE
694206-2024-122,694206,Daniel Guilarte,Daniel Guilarte,2024,Low-A,122,Carolina League,249,Carolina Mudcats,CAR,Second Base,2B,SS,20,468,0.1346153846153846,0.24572649572649571,0.083,0.33299999999999996,4.073,0.2722298221614227,0.00641025641025641,0.05128205128205128,0.1111111111111111,1.97,TRUE
691405-2024-122,691405,Juan Benjamin,Juan Benjamin,2024,Low-A,122,Carolina League,481,Lynchburg Hillcats,LYN,Third Base,3B,SS,21,383,0.07571801566579635,0.22193211488250653,0.07800000000000001,0.324,3.634,0.27461858529819694,0.005221932114882507,0.05483028720626632,0.07049608355091384,1.1700000000000002,TRUE
821009-2024-122,821009,Cesar Hernandez,Cesar Hernandez,2024,Low-A,122,Carolina League,3712,Fayetteville Woodpeckers,FAY,Outfielder,CF,OF,21,382,0.078534031413612565,0.22251308900523561,0.07500000000000001,0.29600000000000004,3.453,0.3009845288326301,0.005235602094240838,0.049738219895287955,0.10732984293193717,1.28,TRUE
694387-2024-122,694387,Christian Knapczyk,Christian Knapczyk,2024,Low-A,122,Carolina League,481,Lynchburg Hillcats,LYN,Second Base,2B,SS,22,399,0.14035087719298245,0.17543859649122806,0.1,0.307,3.702,0.19325153374233128,0.005012531328320802,0.05263157894736842,0.06516290726817042,0.72,TRUE
815299-2024-122,815299,Will Verdung,Will Verdung,2024,Low-A,122,Carolina League,478,Augusta GreenJackets,AUG,First Base,1B,3B,21,437,0.14645308924485126,0.20594965675057209,0.061,0.278,4.082,0.20141843971631207,0.004576659038901602,0.041189931350114416,0.05034324942791762,1.03,TRUE
800345-2024-122,800345,Juan Baez,Juan Baez,2024,Low-A,122,Carolina League,249,Carolina Mudcats,CAR,Third Base,3B,IF,19,356,0.0702247191011236,0.0898876404494382,0.09,0.29700000000000004,3.242,0.18688524590163935,0.0028089887640449437,0.06460674157303371,0.05898876404494382,1.1500000000000001,TRUE
694181-2024-122,694181,Carlos Colmenarez,Carlos Colmenarez,2024,Low-A,122,Carolina League,233,Charleston RiverDogs,CHS,Second Base,2B,SS,20,368,0.14673913043478262,0.29347826086956524,0.054000000000000006,0.306,4.159999999999999,0.33727810650887574,0.002717391304347826,0.029891304347826088,0.0625,1.21,TRUE
694070-2024-122,694070,Yhoswar Garcia,Yhoswar Garcia,2024,Low-A,122,Carolina League,249,Carolina Mudcats,CAR,Outfielder,LF,CF,22,394,0.07868020304568528,0.17258883248730963,0.054000000000000006,0.353,3.437,0.2650957290132548,0.0025380710659898475,0.03807106598984772,0.19796954314720813,1.1700000000000002,TRUE
800357-2024-122,800357,Ricardo Gonzalez,Ricardo Gonzalez,2024,Low-A,122,Carolina League,233,Charleston RiverDogs,CHS,Shortstop,SS,SS,19,364,0.10714285714285714,0.20604395604395603,0.044,0.259,3.7640000000000002,0.21407624633431085,0.0027472527472527475,0.03296703296703297,0.057692307692307696,1.1400000000000001,TRUE
803142-2024-122,803142,Tommy Hawke,Tommy Hawke,2024,Low-A,122,Carolina League,481,Lynchburg Hillcats,LYN,Outfielder,LF,OF,21,391,0.15089514066496162,0.19948849104859334,0.084,0.33899999999999997,4.066,0.17928902627511592,0.0025575447570332483,0.04859335038363171,0.12276214833759591,1.26,TRUE
805082-2024-122,805082,Ronny Hernandez,Ronny Hernandez,2024,Low-A,122,Carolina League,487,Kannapolis Cannon Ballers,KAN,Catcher,C,C,19,413,0.15012106537530268,0.14285714285714285,0.055,0.325,3.734,0.2216142270861833,0.002421307506053269,0.04116222760290557,0,1.1,TRUE
807747-2024-122,807747,Rikuu Nishida,Rikuu Nishida,2024,Low-A,122,Carolina League,487,Kannapolis Cannon Ballers,KAN,Outfielder,LF,RF,23,418,0.15789473684210525,0.12200956937799043,0.07600000000000001,0.33799999999999997,3.885,0.15453194650817237,0.0023923444976076554,0.045454545454545456,0.10287081339712918,1.55,TRUE
803745-2024-122,803745,Adrian Santana,Adrian Santana,2024,Low-A,122,Carolina League,233,Charleston RiverDogs,CHS,Shortstop,SS,SS,18,455,0.07472527472527472,0.15824175824175823,0.065,0.28900000000000003,3.437,0.2049079754601227,0,0.05274725274725275,0.13186813186813187,1.04,TRUE
694808-2024-113,694808,Zach Kokoska,Zach Kokoska,2024,Double-A,113,Eastern League,538,Hartford Yard Goats,HFD,First Base,1B,OF,25,398,0.08793969849246232,0.3065326633165829,0.24500000000000002,0.262,4.101,0.31712962962962965,0.05025125628140704,0.10804020100502512,0.04773869346733668,0.65,TRUE
669236-2024-113,669236,Jeremiah Jackson,Jeremiah Jackson,2024,Double-A,113,Eastern League,505,Binghamton Rumble Ponies,BNG,Shortstop,SS,2B,24,482,0.04771784232365145,0.2551867219917012,0.168,0.23500000000000001,3.691,0.325,0.03941908713692946,0.07883817427385892,0.026970954356846474,1.06,TRUE
691775-2024-113,691775,Ryan Clifford,Ryan Clifford,2024,Double-A,113,Eastern League,505,Binghamton Rumble Ponies,BNG,First Base,1B,1B,20,405,0.15555555555555556,0.28888888888888886,0.225,0.29400000000000004,4.326,0.31924198250728864,0.044444444444444446,0.0962962962962963,0.012345679012345678,0.7799999999999999,TRUE
682983-2024-113,682983,Jud Fabian,Jud Fabian,2024,Double-A,113,Eastern League,418,Bowie Baysox,BOW,Outfielder,CF,OF,23,422,0.10900473933649289,0.2985781990521327,0.199,0.29600000000000004,3.8649999999999998,0.3451568894952251,0.04265402843601896,0.08293838862559241,0.04265402843601896,0.62,TRUE
680273-2024-113,680273,Chris Meyers,Chris Meyers,2024,Double-A,113,Eastern League,106,Erie SeaWolves,ERI,First Base,1B,OF,25,503,0.09145129224652088,0.2584493041749503,0.17400000000000002,0.321,3.8349999999999995,0.2916224814422057,0.03578528827037773,0.08151093439363817,0.011928429423459244,0.81,TRUE
669398-2024-113,669398,Gage Workman,Gage Workman,2024,Double-A,113,Eastern League,106,Erie SeaWolves,ERI,Third Base,3B,3B,24,556,0.11690647482014388,0.2751798561151079,0.197,0.371,4.034,0.3141592920353982,0.03237410071942446,0.09532374100719425,0.07733812949640288,0.92,TRUE
682987-2024-113,682987,Spencer Jones,Spencer Jones,2024,Double-A,113,Eastern League,1956,Somerset Patriots,SOM,Outfielder,CF,CF,23,544,0.09926470588235294,0.36764705882352944,0.193,0.401,4.175,0.4086629001883239,0.03125,0.0974264705882353,0.0625,1.24,TRUE
694212-2024-113,694212,Samuel Basallo,Samuel Basallo,2024,Double-A,113,Eastern League,418,Bowie Baysox,BOW,Catcher,C,C,19,446,0.09192825112107623,0.1905829596412556,0.17600000000000002,0.329,3.621,0.28201970443349755,0.03587443946188341,0.08520179372197309,0.03139013452914798,1.05,TRUE
678413-2024-113,678413,Alexfri Planez,Alexfri Planez,2024,Double-A,113,Eastern League,402,Akron RubberDucks,AKR,Outfielder,RF,OF,22,425,0.03764705882352941,0.28941176470588237,0.164,0.271,3.504,0.33047735618115054,0.03764705882352941,0.07529411764705882,0.009411764705882352,0.8,TRUE
694930-2024-113,694930,Carson Taylor,Carson Taylor,2024,Double-A,113,Eastern League,522,Reading Fightin Phils,REA,First Base,1B,1B,25,450,0.14888888888888888,0.21333333333333335,0.188,0.327,4.007,0.25785340314136124,0.035555555555555556,0.07777777777777778,0.013333333333333334,0.9500000000000001,TRUE
696135-2024-113,696135,Kahlil Watson,Kahlil Watson,2024,Double-A,113,Eastern League,402,Akron RubberDucks,AKR,Second Base,2B,RF,21,407,0.10319410319410319,0.3071253071253071,0.187,0.28500000000000003,3.9709999999999996,0.33083645443196,0.03931203931203931,0.08108108108108109,0.05896805896805897,0.6799999999999999,TRUE
701350-2024-113,701350,Roman Anthony,Roman Anthony,2024,Double-A,113,Eastern League,546,Portland Sea Dogs,POR,Outfielder,CF,LF,20,376,0.1276595744680851,0.2553191489361702,0.22,0.33599999999999997,4.082,0.2541528239202658,0.0398936170212766,0.10106382978723404,0.05585106382978723,1.1500000000000001,TRUE
687637-2024-113,687637,Dylan Beavers,Dylan Beavers,2024,Double-A,113,Eastern League,418,Bowie Baysox,BOW,Outfielder,RF,RF,22,509,0.13163064833005894,0.22593320235756384,0.17200000000000001,0.29000000000000004,4.028,0.2424581005586592,0.029469548133595286,0.07662082514734773,0.06679764243614932,0.47000000000000003,TRUE
685313-2024-113,685313,Elijah Dunham,Elijah Dunham,2024,Double-A,113,Eastern League,1956,Somerset Patriots,SOM,Outfielder,RF,OF,26,394,0.1065989847715736,0.2715736040609137,0.20700000000000002,0.313,3.799,0.34532374100719426,0.03807106598984772,0.09644670050761421,0.0583756345177665,0.7,TRUE
691182-2024-113,691182,Adael Amador,Adael Amador,2024,Double-A,113,Eastern League,538,Hartford Yard Goats,HFD,Second Base,2B,2B,21,455,0.13626373626373625,0.1934065934065934,0.14600000000000002,0.261,3.943,0.20202020202020202,0.03076923076923077,0.05934065934065934,0.1010989010989011,1.06,TRUE
660650-2024-113,660650,Dérmis Garcia,Dérmis Garcia,2024,Double-A,113,Eastern League,547,Harrisburg Senators,HBG,First Base,1B,3B,26,424,0.10377358490566038,0.29952830188679247,0.15000000000000002,0.231,3.795,0.38207547169811323,0.0330188679245283,0.06367924528301887,0.007075471698113208,0.71,TRUE
687724-2024-113,687724,Jake Holton,Jake Holton,2024,Double-A,113,Eastern League,106,Erie SeaWolves,ERI,First Base,1B,1B,26,410,0.1073170731707317,0.22195121951219512,0.17900000000000002,0.33599999999999997,3.9979999999999998,0.23660714285714285,0.03414634146341464,0.08536585365853659,0.01951219512195122,1.24,TRUE
686984-2024-113,686984,Marcus Lee Sang,Marcus Lee Sang,2024,Double-A,113,Eastern League,522,Reading Fightin Phils,REA,Outfielder,CF,CF,23,425,0.07058823529411765,0.23529411764705882,0.15800000000000003,0.28500000000000003,4.04,0.27036599763872493,0.03058823529411765,0.07058823529411765,0.042352941176470586,1.4,TRUE
691006-2024-113,691006,Kevin Parada,Kevin Parada,2024,Double-A,113,Eastern League,505,Binghamton Rumble Ponies,BNG,Catcher,C,C,22,454,0.09911894273127753,0.3370044052863436,0.14600000000000002,0.306,3.9379999999999997,0.4222222222222222,0.028634361233480177,0.06828193832599119,0.0022026431718061676,0.6599999999999999,TRUE
689651-2024-113,689651,Phillip Sikes,Phillip Sikes,2024,Double-A,113,Eastern League,546,Portland Sea Dogs,POR,Outfielder,RF,OF,25,432,0.09722222222222222,0.2916666666666667,0.17,0.32,3.8289999999999997,0.32,0.03009259259259259,0.08564814814814815,0.0763888888888889,0.48000000000000004,TRUE
694514-2024-113,694514,Sterlin Thompson,Sterlin Thompson,2024,Double-A,113,Eastern League,538,Hartford Yard Goats,HFD,Outfielder,LF,RF,23,518,0.08301158301158301,0.23552123552123552,0.14100000000000001,0.302,3.726,0.2762487257900102,0.025096525096525095,0.06756756756756757,0.03088803088803089,1.22,TRUE
690984-2024-113,690984,Petey Halpin,Petey Halpin,2024,Double-A,113,Eastern League,402,Akron RubberDucks,AKR,Outfielder,CF,CF,22,405,0.10617283950617284,0.2345679012345679,0.166,0.281,4.005,0.2645631067961165,0.02962962962962963,0.07654320987654321,0.04691358024691358,0.59,TRUE
701678-2024-113,701678,Hao-Yu Lee,Hao-Yu Lee,2024,Double-A,113,Eastern League,106,Erie SeaWolves,ERI,Second Base,2B,2B,21,386,0.08549222797927461,0.17875647668393782,0.19,0.33699999999999997,3.8339999999999996,0.2511144130757801,0.031088082901554404,0.09326424870466321,0.04404145077720207,1.11,TRUE
701162-2024-113,701162,Ben Malgeri,Ben Malgeri,2024,Double-A,113,Eastern League,106,Erie SeaWolves,ERI,Outfielder,CF,RF,24,470,0.09148936170212765,0.3148936170212766,0.15700000000000003,0.356,4.047,0.31612223393045313,0.02553191489361702,0.08085106382978724,0.05106382978723404,1.24,TRUE
678742-2024-113,678742,Rainer Nunez,Rainer Nunez,2024,Double-A,113,Eastern League,463,New Hampshire Fisher Cats,NH,First Base,1B,1B,23,433,0.10161662817551963,0.20092378752886836,0.14,0.325,3.9749999999999996,0.2715909090909091,0.02771362586605081,0.06466512702078522,0.004618937644341801,1.6,TRUE
678011-2024-113,678011,Anthony Seigler,Anthony Seigler,2024,Double-A,113,Eastern League,1956,Somerset Patriots,SOM,Second Base,2B,2B,25,433,0.14780600461893764,0.17782909930715934,0.165,0.264,3.965,0.20588235294117646,0.02771362586605081,0.08314087759815242,0.07390300230946882,0.72,TRUE
682674-2024-113,682674,Victor Bericoto,Victor Bericoto,2024,Double-A,113,Eastern League,3410,Richmond Flying Squirrels,RIC,First Base,1B,RF,22,479,0.06263048016701461,0.24008350730688935,0.12400000000000001,0.327,3.722,0.29276315789473684,0.022964509394572025,0.06889352818371608,0.020876826722338204,1.23,TRUE
691907-2024-113,691907,Tsung-Che Cheng,Tsung-Che Cheng,2024,Double-A,113,Eastern League,452,Altoona Curve,ALT,Shortstop,SS,SS,22,500,0.122,0.234,0.12300000000000001,0.273,3.9519999999999995,0.2678958785249458,0.022,0.06,0.046,0.8200000000000001,TRUE
682775-2024-113,682775,Kervin Pichardo,Kervin Pichardo,2024,Double-A,113,Eastern League,452,Altoona Curve,ALT,Second Base,2B,SS,22,459,0.058823529411764705,0.2788671023965142,0.12100000000000001,0.33699999999999997,3.7630000000000003,0.3219178082191781,0.023965141612200435,0.058823529411764705,0.026143790849673203,1.05,TRUE
691019-2024-113,691019,Kyle Teel,Kyle Teel,2024,Double-A,113,Eastern League,546,Portland Sea Dogs,POR,Catcher,C,C,22,382,0.1256544502617801,0.22774869109947643,0.163,0.371,3.8659999999999997,0.25985401459854013,0.028795811518324606,0.08115183246073299,0.03664921465968586,0.7799999999999999,TRUE
687749-2024-113,687749,Jase Bowen,Jase Bowen,2024,Double-A,113,Eastern League,452,Altoona Curve,ALT,Outfielder,CF,RF,23,450,0.06444444444444444,0.23555555555555555,0.125,0.29700000000000004,3.609,0.29128440366972475,0.022222222222222223,0.06444444444444444,0.06666666666666667,0.8300000000000001,TRUE
675994-2024-113,675994,Devonte Brown,Devonte Brown,2024,Double-A,113,Eastern League,463,New Hampshire Fisher Cats,NH,Outfielder,CF,OF,24,413,0.13075060532687652,0.3583535108958838,0.131,0.366,4.14,0.3211567732115677,0.024213075060532687,0.05811138014527845,0.04116222760290557,0.6599999999999999,TRUE
690924-2024-113,690924,Braxton Fulford,Braxton Fulford,2024,Double-A,113,Eastern League,538,Hartford Yard Goats,HFD,Catcher,C,DH,25,379,0.10026385224274406,0.25065963060686014,0.17,0.306,3.823,0.2994100294985251,0.026385224274406333,0.0870712401055409,0.0316622691292876,0.7899999999999999,TRUE
672613-2024-113,672613,Eliezer Alfonzo,Eliezer Alfonzo,2024,Double-A,113,Eastern League,106,Erie SeaWolves,ERI,Catcher,C,C,24,396,0.05808080808080808,0.07828282828282829,0.113,0.256,3.7600000000000002,0.118508655126498,0.022727272727272728,0.05808080808080808,0.010101010101010102,1.05,TRUE
680918-2024-113,680918,Brady Allen,Brady Allen,2024,Double-A,113,Eastern League,106,Erie SeaWolves,ERI,Outfielder,CF,RF,24,410,0.08048780487804878,0.33902439024390246,0.137,0.29600000000000004,4.005,0.3444857496902107,0.02195121951219512,0.07073170731707316,0.03170731707317073,0.99,TRUE
682653-2024-113,682653,Warming Bernabel,Warming Bernabel,2024,Double-A,113,Eastern League,538,Hartford Yard Goats,HFD,Third Base,3B,3B,22,506,0.03557312252964427,0.1422924901185771,0.096,0.29200000000000004,3.259,0.1908315565031983,0.017786561264822136,0.0533596837944664,0.03162055335968379,0.72,TRUE
701496-2024-113,701496,Ben Cowles,Ben Cowles,2024,Double-A,113,Eastern League,1956,Somerset Patriots,SOM,Shortstop,SS,3B,24,378,0.10317460317460317,0.17724867724867724,0.17800000000000002,0.33999999999999997,3.4519999999999995,0.2725880551301684,0.023809523809523808,0.09788359788359788,0.042328042328042326,0.6599999999999999,TRUE
669360-2024-113,669360,Trei Cruz,Trei Cruz,2024,Double-A,113,Eastern League,106,Erie SeaWolves,ERI,Shortstop,SS,CF,25,440,0.11136363636363636,0.2545454545454545,0.135,0.34099999999999997,3.795,0.3159235668789809,0.020454545454545454,0.075,0.038636363636363635,0.8400000000000001,TRUE
679821-2024-113,679821,Rowdey Jordan,Rowdey Jordan,2024,Double-A,113,Eastern League,505,Binghamton Rumble Ponies,BNG,Second Base,2B,OF,25,466,0.09012875536480687,0.26394849785407726,0.111,0.28500000000000003,3.893,0.2802617230098146,0.019313304721030045,0.060085836909871244,0.06866952789699571,0.8300000000000001,TRUE
691001-2024-113,691001,Robert Moore,Robert Moore,2024,Double-A,113,Eastern League,522,Reading Fightin Phils,REA,Shortstop,SS,2B,22,435,0.0896551724137931,0.167816091954023,0.12400000000000001,0.273,3.69,0.21722846441947566,0.020689655172413793,0.06666666666666667,0.06896551724137931,0.77,TRUE
685300-2024-113,685300,Grant Richardson,Grant Richardson,2024,Double-A,113,Eastern League,1956,Somerset Patriots,SOM,Outfielder,LF,OF,24,431,0.07424593967517401,0.28074245939675174,0.14400000000000002,0.346,3.8139999999999996,0.3700696055684455,0.02088167053364269,0.08352668213457076,0.05104408352668213,1.01,TRUE
675455-2024-113,675455,Milan Tolentino,Milan Tolentino,2024,Double-A,113,Eastern League,402,Akron RubberDucks,AKR,Shortstop,SS,SS,22,441,0.09297052154195011,0.25396825396825395,0.129,0.31,3.6189999999999998,0.30306603773584906,0.02040816326530612,0.07029478458049887,0.05215419501133787,0.62,TRUE
695930-2024-113,695930,Frederick Bencosme,Frederick Bencosme,2024,Double-A,113,Eastern League,418,Bowie Baysox,BOW,Shortstop,SS,IF,21,504,0.09722222222222222,0.1626984126984127,0.10800000000000001,0.277,3.6959999999999997,0.17882352941176471,0.015873015873015872,0.057539682539682536,0.06547619047619048,0.69,TRUE
677570-2024-113,677570,Aaron Bracho,Aaron Bracho,2024,Double-A,113,Eastern League,402,Akron RubberDucks,AKR,First Base,1B,SS,23,405,0.08888888888888889,0.19753086419753085,0.117,0.257,3.968,0.22431077694235588,0.019753086419753086,0.05925925925925926,0.009876543209876543,0.61,TRUE
682942-2024-113,682942,Alex De Jesus,Alex De Jesus,2024,Double-A,113,Eastern League,463,New Hampshire Fisher Cats,NH,Third Base,3B,3B,22,425,0.08235294117647059,0.28,0.117,0.357,3.8,0.33507853403141363,0.018823529411764704,0.06588235294117648,0.02588235294117647,1.09,TRUE
687981-2024-113,687981,John Rhodes,John Rhodes,2024,Double-A,113,Eastern League,418,Bowie Baysox,BOW,Outfielder,LF,OF,23,413,0.07506053268765134,0.23728813559322035,0.10600000000000001,0.251,3.8979999999999997,0.2817919075144509,0.01937046004842615,0.05811138014527845,0.012106537530266344,0.77,TRUE
689822-2024-113,689822,Matt Rudick,Matt Rudick,2024,Double-A,113,Eastern League,505,Binghamton Rumble Ponies,BNG,Outfielder,RF,OF,25,491,0.13034623217922606,0.2158859470468432,0.128,0.3,3.9189999999999996,0.2111111111111111,0.016293279022403257,0.07331975560081466,0.038696537678207736,0.48000000000000004,TRUE
686798-2024-113,686798,Yordys Valdes,Yordys Valdes,2024,Double-A,113,Eastern League,402,Akron RubberDucks,AKR,Shortstop,SS,SS,22,411,0.1070559610705596,0.29927007299270075,0.10800000000000001,0.326,4.049,0.35910878112712974,0.019464720194647202,0.04866180048661801,0.051094890510948905,1.52,TRUE
694368-2024-113,694368,Jimmy Glowenke,Jimmy Glowenke,2024,Double-A,113,Eastern League,3410,Richmond Flying Squirrels,RIC,Second Base,2B,SS,25,392,0.08163265306122448,0.22448979591836735,0.11,0.24500000000000002,3.699,0.26390685640362227,0.017857142857142856,0.058673469387755105,0.017857142857142856,0.65,TRUE
687627-2024-113,687627,Kody Huff,Kody Huff,2024,Double-A,113,Eastern League,402,Akron RubberDucks,AKR,Catcher,C,C,23,389,0.11311053984575835,0.2236503856041131,0.119,0.307,4.095,0.25297619047619047,0.017994858611825194,0.06426735218508997,0.017994858611825194,0.75,TRUE
691458-2024-113,691458,Blaze Jordan,Blaze Jordan,2024,Double-A,113,Eastern League,546,Portland Sea Dogs,POR,Third Base,3B,3B,21,380,0.04736842105263158,0.12105263157894737,0.127,0.281,3.4549999999999996,0.2037533512064343,0.018421052631578946,0.07894736842105263,0.007894736842105263,0.88,TRUE
687605-2024-113,687605,Andrew Pinckney,Andrew Pinckney,2024,Double-A,113,Eastern League,547,Harrisburg Senators,HBG,Outfielder,CF,OF,23,487,0.07392197125256673,0.2669404517453799,0.10800000000000001,0.351,3.943,0.32548179871520344,0.014373716632443531,0.061601642710472276,0.063655030800821355,1.44,TRUE
690022-2024-113,690022,Ryan Ritter,Ryan Ritter,2024,Double-A,113,Eastern League,538,Hartford Yard Goats,HFD,Shortstop,SS,2B,23,373,0.0938337801608579,0.2359249329758713,0.132,0.353,3.903,0.27931488801054016,0.01876675603217158,0.06970509383378017,0.045576407506702415,0.92,TRUE
683447-2024-113,683447,Gabriel Martinez,Gabriel Martinez,2024,Double-A,113,Eastern League,463,New Hampshire Fisher Cats,NH,Outfielder,LF,CF,21,397,0.07052896725440806,0.1561712846347607,0.11,0.23700000000000002,3.582,0.19866666666666666,0.015113350125944584,0.06801007556675064,0.010075566750629723,0.7799999999999999,TRUE
682679-2024-113,682679,Dayan Frias,Dayan Frias,2024,Double-A,113,Eastern League,402,Akron RubberDucks,AKR,Third Base,3B,3B,22,429,0.11421911421911422,0.24242424242424243,0.1,0.264,4.009,0.27037037037037037,0.011655011655011656,0.055944055944055944,0.027972027972027972,1.06,TRUE
685332-2024-113,685332,Carlos Mendoza,Carlos Mendoza,2024,Double-A,113,Eastern League,106,Erie SeaWolves,ERI,Second Base,2B,2B,24,515,0.13592233009708737,0.17281553398058253,0.10500000000000001,0.329,4.049,0.20385050962627407,0.009708737864077669,0.05436893203883495,0.07184466019417475,1.45,TRUE
691267-2024-113,691267,Alex Ramírez,Alex Ramírez,2024,Double-A,113,Eastern League,505,Binghamton Rumble Ponies,BNG,Outfielder,CF,OF,21,542,0.1014760147601476,0.22693726937269373,0.089,0.27,3.961,0.2727272727272727,0.00922509225092251,0.055350553505535055,0.08856088560885608,0.99,TRUE
678837-2024-113,678837,Bladimir Restituyo,Bladimir Restituyo,2024,Double-A,113,Eastern League,538,Hartford Yard Goats,HFD,Outfielder,CF,SS,22,444,0.05630630630630631,0.16441441441441443,0.081,0.313,3.131,0.25529411764705884,0.01126126126126126,0.0518018018018018,0.07657657657657657,0.8500000000000001,TRUE
686445-2024-113,686445,Sammy Siani,Sammy Siani,2024,Double-A,113,Eastern League,452,Altoona Curve,ALT,Outfielder,CF,CF,23,394,0.08883248730964467,0.20558375634517767,0.114,0.315,3.581,0.2675862068965517,0.012690355329949238,0.06091370558375635,0.048223350253807105,1.3,TRUE
673990-2024-113,673990,Andy Thomas,Andy Thomas,2024,Double-A,113,Eastern League,3410,Richmond Flying Squirrels,RIC,Catcher,C,C,26,432,0.09953703703703703,0.2013888888888889,0.08700000000000001,0.279,3.8499999999999996,0.22418478260869565,0.011574074074074073,0.05092592592592592,0.013888888888888888,0.73,TRUE
686976-2024-113,686976,Silas Ardoin,Silas Ardoin,2024,Double-A,113,Eastern League,418,Bowie Baysox,BOW,Catcher,C,C,23,417,0.11270983213429256,0.27817745803357313,0.07500000000000001,0.28,4.2010000000000005,0.24743777452415813,0.009592326139088728,0.04316546762589928,0.011990407673860911,0.77,TRUE
802407-2024-113,802407,Joe Lampe,Joe Lampe,2024,Double-A,113,Eastern League,402,Akron RubberDucks,AKR,Outfielder,LF,OF,23,406,0.08866995073891626,0.1921182266009852,0.111,0.306,3.739,0.2181571815718157,0.009852216748768473,0.0665024630541872,0.059113300492610835,0.9500000000000001,TRUE
696281-2024-113,696281,Wyatt Young,Wyatt Young,2024,Double-A,113,Eastern League,505,Binghamton Rumble Ponies,BNG,Shortstop,SS,SS,24,380,0.12894736842105264,0.20789473684210527,0.07500000000000001,0.37,4.018,0.2248427672955975,0.010526315789473684,0.039473684210526314,0.060526315789473685,0.99,TRUE
686793-2024-113,686793,J.T. Arruda,J.T. Arruda,2024,Double-A,113,Eastern League,547,Harrisburg Senators,HBG,Second Base,2B,SS,26,442,0.09276018099547512,0.21040723981900453,0.09,0.279,3.654,0.27183271832718325,0.006787330316742082,0.058823529411764705,0.024886877828054297,1.11,TRUE
800765-2024-113,800765,Carter Howell,Carter Howell,2024,Double-A,113,Eastern League,3410,Richmond Flying Squirrels,RIC,Outfielder,CF,RF,25,505,0.09306930693069307,0.19603960396039605,0.119,0.33999999999999997,3.7680000000000002,0.22596754057428214,0.005940594059405941,0.07920792079207921,0.03762376237623762,0.8400000000000001,TRUE
688460-2024-113,688460,Josh Kasevich,Josh Kasevich,2024,Double-A,113,Eastern League,463,New Hampshire Fisher Cats,NH,Shortstop,SS,SS,23,393,0.06615776081424936,0.10687022900763359,0.08,0.313,3.3559999999999994,0.12560386473429952,0.007633587786259542,0.058524173027989825,0.027989821882951654,1.1400000000000001,TRUE
687751-2024-113,687751,Cortland Lawson,Cortland Lawson,2024,Double-A,113,Eastern League,547,Harrisburg Senators,HBG,Shortstop,SS,SS,24,391,0.07672634271099744,0.22506393861892582,0.049,0.28600000000000003,3.563,0.2725880551301684,0,0.04092071611253197,0.03836317135549872,0.99,TRUE
699013-2024-123,699013,Esmerlyn Valdez,Esmerlyn Valdez,2024,Low-A,123,Florida State League,3390,Bradenton Marauders,BRD,First Base,1B,RF,20,435,0.135632183908046,0.3057471264367816,0.23700000000000002,0.28400000000000003,4.005,0.3290978398983482,0.05057471264367816,0.09195402298850575,0.011494252873563218,0.69,TRUE
694200-2024-123,694200,Ariel Almonte,Ariel Almonte,2024,Low-A,123,Florida State League,450,Daytona Tortugas,DBT,Outfielder,RF,OF,20,506,0.1324110671936759,0.3221343873517787,0.192,0.26,4.119,0.3526927138331573,0.039525691699604744,0.08300395256916997,0.007905138339920948,0.6599999999999999,TRUE
813880-2024-123,813880,Devin Saltiban,Devin Saltiban,2024,Low-A,123,Florida State League,566,Clearwater Threshers,CLR,Second Base,2B,SS,19,411,0.12165450121654502,0.24817518248175183,0.191,0.281,3.883,0.27729885057471265,0.0413625304136253,0.07542579075425791,0.058394160583941604,0.8700000000000001,TRUE
682627-2024-123,682627,Jose De La Cruz,Jose De La Cruz,2024,Low-A,123,Florida State League,570,Lakeland Flying Tigers,LAK,Outfielder,RF,OF,22,471,0.08067940552016985,0.3481953290870488,0.162,0.344,3.762,0.411635565312843,0.03397027600849257,0.07218683651804671,0.025477707006369428,0.88,TRUE
805796-2024-123,805796,Arjun Nimmala,Arjun Nimmala,2024,Low-A,123,Florida State League,424,Dunedin Blue Jays,DUN,Shortstop,SS,SS,18,361,0.08310249307479224,0.31301939058171746,0.24500000000000002,0.301,3.903,0.31832298136645965,0.0443213296398892,0.11080332409972299,0.027700831024930747,0.5700000000000001,TRUE
806263-2024-123,806263,Brandon Winokur,Brandon Winokur,2024,Low-A,123,Florida State League,509,Fort Myers Mighty Mussels,FTM,Shortstop,SS,OF,19,411,0.0827250608272506,0.2798053527980535,0.185,0.321,3.5909999999999997,0.37683089214380827,0.0340632603406326,0.08759124087591241,0.0705596107055961,0.88,TRUE
703149-2024-123,703149,Roderick Arias,Roderick Arias,2024,Low-A,123,Florida State League,587,Tampa Tarpons,TAM,Shortstop,SS,SS,19,552,0.12318840579710146,0.30978260869565216,0.161,0.33099999999999996,3.9949999999999997,0.3670653173873045,0.02355072463768116,0.07608695652173914,0.09057971014492754,1,TRUE
691922-2024-123,691922,Javier Rivas,Javier Rivas,2024,Low-A,123,Florida State League,3390,Bradenton Marauders,BRD,Shortstop,SS,SS,21,367,0.043596730245231606,0.3215258855585831,0.17,0.306,3.4579999999999997,0.3635036496350365,0.0326975476839237,0.08719346049046321,0.027247956403269755,1.35,TRUE
703150-2024-123,703150,Ricky Cabrera,Ricky Cabrera,2024,Low-A,123,Florida State League,450,Daytona Tortugas,DBT,Third Base,3B,SS,19,456,0.06798245614035088,0.22149122807017543,0.14600000000000002,0.308,3.4359999999999995,0.33142201834862384,0.02412280701754386,0.07675438596491228,0.05921052631578947,1.29,TRUE
694186-2024-123,694186,Shalin Polanco,Shalin Polanco,2024,Low-A,123,Florida State League,3390,Bradenton Marauders,BRD,Outfielder,CF,OF,20,432,0.10185185185185185,0.3101851851851852,0.15200000000000002,0.259,3.847,0.3686534216335541,0.02546296296296296,0.0763888888888889,0.046296296296296294,1.01,TRUE
691398-2024-123,691398,Yerlin Confidan,Yerlin Confidan,2024,Low-A,123,Florida State League,450,Daytona Tortugas,DBT,Outfielder,LF,OF,21,400,0.1225,0.2425,0.171,0.317,3.777,0.3218045112781955,0.0225,0.0975,0.0575,1.59,TRUE
815734-2024-123,815734,Dylan Jasso,Dylan Jasso,2024,Low-A,123,Florida State League,587,Tampa Tarpons,TAM,First Base,1B,1B,21,399,0.10025062656641603,0.24812030075187969,0.15400000000000003,0.303,4.251,0.23401162790697674,0.022556390977443608,0.08270676691729323,0.005012531328320802,0.71,TRUE
801938-2024-123,801938,Avery Owusu-Asiedu,Avery Owusu-Asiedu,2024,Low-A,123,Florida State League,566,Clearwater Threshers,CLR,Outfielder,CF,CF,21,357,0.10364145658263306,0.36134453781512604,0.135,0.29000000000000004,4.1739999999999995,0.36857142857142855,0.025210084033613446,0.06162464985994398,0.056022408963585436,0.6599999999999999,TRUE
703204-2024-123,703204,Esmith Pineda,Esmith Pineda,2024,Low-A,123,Florida State League,450,Daytona Tortugas,DBT,Outfielder,LF,OF,19,427,0.12412177985948478,0.2693208430913349,0.134,0.28,3.82,0.3497942386831276,0.02107728337236534,0.07259953161592506,0.0234192037470726,0.99,TRUE
700731-2024-123,700731,Keiner Delgado,Keiner Delgado,2024,Low-A,123,Florida State League,3390,Bradenton Marauders,BRD,Shortstop,SS,2B,20,381,0.08661417322834646,0.2178477690288714,0.116,0.28500000000000003,3.688,0.2869692532942899,0.02099737532808399,0.05511811023622047,0.08136482939632546,0.8600000000000001,TRUE
694215-2024-123,694215,Hans Montero,Hans Montero,2024,Low-A,123,Florida State League,587,Tampa Tarpons,TAM,Third Base,3B,2B,20,391,0.11253196930946291,0.289002557544757,0.127,0.28200000000000003,3.928,0.32653061224489793,0.020460358056265986,0.056265984654731455,0.043478260869565216,1.21,TRUE
701206-2024-123,701206,Willy Montero,Willy Montero,2024,Low-A,123,Florida State League,587,Tampa Tarpons,TAM,Outfielder,CF,CF,19,486,0.0823045267489712,0.21193415637860083,0.111,0.29900000000000004,3.4549999999999996,0.2794759825327511,0.01440329218106996,0.06584362139917696,0.03292181069958848,1,TRUE
694202-2024-123,694202,Manuel Beltre,Manuel Beltre,2024,Low-A,123,Florida State League,424,Dunedin Blue Jays,DUN,Second Base,2B,SS,20,446,0.09641255605381166,0.1860986547085202,0.091,0.28700000000000003,3.6189999999999998,0.23574144486692014,0.011210762331838564,0.0515695067264574,0.06278026905829596,0.7799999999999999,TRUE
692390-2024-123,692390,Jose Cordoba,Jose Cordoba,2024,Low-A,123,Florida State League,279,Palm Beach Cardinals,PMB,Outfielder,CF,CF,21,371,0.0646900269541779,0.18598382749326145,0.119,0.277,3.4579999999999997,0.2861111111111111,0.013477088948787063,0.07277628032345014,0.05390835579514825,1.41,TRUE
698933-2024-123,698933,Ronald Hernandez,Ronald Hernandez,2024,Low-A,123,Florida State League,507,St. Lucie Mets,SLU,Catcher,C,C,20,403,0.11662531017369727,0.23821339950372208,0.088,0.359,3.8389999999999995,0.2859060402684564,0.01240694789081886,0.04714640198511166,0.022332506203473945,1.06,TRUE
806124-2024-123,806124,Colin Houck,Colin Houck,2024,Low-A,123,Florida State League,507,St. Lucie Mets,SLU,Shortstop,SS,SS,19,471,0.1040339702760085,0.3630573248407643,0.1,0.33499999999999996,3.8789999999999996,0.36387434554973824,0.010615711252653927,0.055201698513800426,0.025477707006369428,0.76,TRUE
806146-2024-123,806146,George Lombard Jr.,George Lombard Jr.,2024,Low-A,123,Florida State League,587,Tampa Tarpons,TAM,Shortstop,SS,SS,19,366,0.1284153005464481,0.24043715846994534,0.116,0.306,4.019,0.3003003003003003,0.01366120218579235,0.06557377049180328,0.09289617486338798,1.08,TRUE
805951-2024-123,805951,Boston Baro,Boston Baro,2024,Low-A,123,Florida State League,507,St. Lucie Mets,SLU,Third Base,3B,SS,19,370,0.11081081081081082,0.1783783783783784,0.111,0.346,3.8779999999999997,0.20648464163822525,0.010810810810810811,0.06486486486486487,0.024324324324324326,0.98,TRUE
815089-2024-123,815089,Coby Morales,Coby Morales,2024,Low-A,123,Florida State League,587,Tampa Tarpons,TAM,First Base,1B,OF,22,382,0.1256544502617801,0.29581151832460734,0.07100000000000001,0.367,4.153999999999999,0.28939828080229224,0.010471204188481676,0.03664921465968586,0.09947643979057591,1.05,TRUE
696291-2024-123,696291,Jordan McCants,Jordan McCants,2024,Low-A,123,Florida State League,479,Jupiter Hammerheads,JUP,Second Base,2B,SS,22,431,0.08352668213457076,0.27842227378190254,0.091,0.29400000000000004,3.9719999999999995,0.28410513141426785,0.0069605568445475635,0.05336426914153132,0.0951276102088167,1.1,TRUE
808818-2024-123,808818,David Smith,David Smith,2024,Low-A,123,Florida State League,570,Lakeland Flying Tigers,LAK,Outfielder,LF,2B,23,414,0.20048309178743962,0.22705314009661837,0.093,0.267,4.205,0.259375,0.007246376811594203,0.04830917874396135,0.08695652173913043,1.04,TRUE
805102-2024-123,805102,Byron Chourio,Byron Chourio,2024,Low-A,123,Florida State League,509,Fort Myers Mighty Mussels,FTM,Outfielder,LF,CF,19,366,0.07923497267759563,0.28415300546448086,0.07,0.28900000000000003,3.719,0.2842857142857143,0.00546448087431694,0.03825136612021858,0.07650273224043716,0.9400000000000001,TRUE
699293-2024-123,699293,Yohairo Cuevas,Yohairo Cuevas,2024,Low-A,123,Florida State League,507,St. Lucie Mets,SLU,Outfielder,RF,OF,20,457,0.1422319474835886,0.2603938730853392,0.083,0.303,3.943,0.3103448275862069,0.002188183807439825,0.06345733041575492,0.05470459518599562,0.9400000000000001,TRUE
800510-2024-123,800510,Samuel Gil,Samuel Gil,2024,Low-A,123,Florida State League,570,Lakeland Flying Tigers,LAK,Second Base,2B,SS,19,370,0.11891891891891893,0.21081081081081082,0.06,0.29600000000000004,3.9109999999999996,0.24126984126984127,0.002702702702702703,0.03513513513513514,0.02702702702702703,1.55,TRUE
663609-2024-117,663609,Luken Baker,Luken Baker,2024,Triple-A,117,International League,235,Memphis Redbirds,MEM,First Base,1B,1B,27,452,0.14823008849557523,0.24336283185840707,0.303,0.228,4.153,0.27380952380952384,0.07079646017699115,0.11061946902654868,0,0.71,TRUE
671286-2024-117,671286,Johnathan Rodríguez,Johnathan Rodríguez,2024,Triple-A,117,International League,445,Columbus Clippers,COL,Outfielder,LF,RF,24,508,0.12598425196850394,0.25196850393700787,0.23900000000000002,0.361,4.103999999999999,0.29213483146067415,0.05708661417322835,0.09251968503937008,0.01968503937007874,1.3,TRUE
663905-2024-117,663905,Travis Blankenhorn,Travis Blankenhorn,2024,Triple-A,117,International League,534,Rochester Red Wings,ROC,Outfielder,RF,RF,27,453,0.09050772626931568,0.26048565121412803,0.261,0.268,3.8959999999999995,0.2987736900780379,0.05739514348785872,0.11037527593818984,0.013245033112582781,0.96,TRUE
682239-2024-117,682239,Luke Ritter,Luke Ritter,2024,Triple-A,117,International League,552,Syracuse Mets,SYR,First Base,1B,2B,27,567,0.12874779541446207,0.30687830687830686,0.223,0.345,3.977,0.3575638506876228,0.04585537918871252,0.09347442680776014,0.010582010582010581,1.42,TRUE
664068-2024-117,664068,Scott Kingery,Scott Kingery,2024,Triple-A,117,International League,1410,Lehigh Valley IronPigs,LHV,Shortstop,SS,SS,30,505,0.06732673267326733,0.2732673267326733,0.22,0.327,3.901,0.3060428849902534,0.04950495049504951,0.09306930693069307,0.053465346534653464,0.63,TRUE
685301-2024-117,685301,Matt Gorski,Matt Gorski,2024,Triple-A,117,International League,484,Indianapolis Indians,IND,Outfielder,CF,1B,26,433,0.08775981524249422,0.2863741339491917,0.265,0.312,3.8129999999999997,0.37264150943396224,0.053117782909930716,0.12009237875288684,0.05542725173210162,0.7799999999999999,TRUE
572204-2024-117,572204,Trayce Thompson,Trayce Thompson,2024,Triple-A,117,International League,451,Iowa Cubs,IOW,Outfielder,CF,RF,33,432,0.10648148148148148,0.2777777777777778,0.23800000000000002,0.27,4.176,0.31483870967741934,0.05324074074074074,0.09953703703703703,0.02546296296296296,0.76,TRUE
676551-2024-117,676551,Brewer Hicklen,Brewer Hicklen,2024,Triple-A,117,International League,556,Nashville Sounds,NAS,Outfielder,RF,RF,28,499,0.12224448897795591,0.2785571142284569,0.224,0.309,3.8459999999999996,0.34624413145539906,0.04408817635270541,0.08817635270541083,0.09819639278557114,0.8600000000000001,TRUE
621458-2024-117,621458,Edwin Rios,Edwin Rios,2024,Triple-A,117,International League,416,Louisville Bats,LOU,First Base,1B,1B,30,421,0.1330166270783848,0.27790973871733965,0.261,0.363,4.116,0.35213032581453635,0.052256532066508314,0.1187648456057007,0.004750593824228029,0.92,TRUE
682877-2024-117,682877,Juan Brito,Juan Brito,2024,Triple-A,117,International League,445,Columbus Clippers,COL,Second Base,2B,2B,22,652,0.13496932515337423,0.16104294478527606,0.187,0.28,3.84,0.2171628721541156,0.032208588957055216,0.09355828220858896,0.027607361963190184,0.72,TRUE
669288-2024-117,669288,Daniel Johnson,Daniel Johnson,2024,Triple-A,117,International League,568,Norfolk Tides,NOR,Outfielder,CF,CF,28,500,0.074,0.258,0.188,0.313,3.9119999999999995,0.30225711481844947,0.042,0.084,0.054,0.76,TRUE
685382-2024-117,685382,Andrew Navigato,Andrew Navigato,2024,Triple-A,117,International League,512,Toledo Mud Hens,TOL,Shortstop,SS,SS,26,512,0.107421875,0.24609375,0.229,0.33299999999999996,3.9219999999999997,0.28556593977154726,0.041015625,0.107421875,0.0625,0.72,TRUE
670231-2024-117,670231,John Rave,John Rave,2024,Triple-A,117,International League,541,Omaha Storm Chasers,OMA,Outfielder,LF,RF,26,578,0.11245674740484429,0.21626297577854672,0.21100000000000002,0.303,4.146999999999999,0.2314540059347181,0.03633217993079585,0.10034602076124567,0.03806228373702422,1,TRUE
670870-2024-117,670870,Yunior Severino,Yunior Severino,2024,Triple-A,117,International League,1960,St. Paul Saints,STP,First Base,1B,1B,24,565,0.11858407079646018,0.27256637168141595,0.18,0.321,3.9349999999999996,0.3503861003861004,0.037168141592920353,0.07787610619469026,0.007079646017699115,1.2,TRUE
666915-2024-117,666915,Bobby Dalbec,Bobby Dalbec,2024,Triple-A,117,International League,533,Worcester Red Sox,WOR,First Base,1B,1B,29,410,0.11219512195121951,0.36097560975609755,0.227,0.364,4.398,0.3858560794044665,0.04878048780487805,0.1,0.02926829268292683,0.88,TRUE
689288-2024-117,689288,Matt Koperniak,Matt Koperniak,2024,Triple-A,117,International League,235,Memphis Redbirds,MEM,Outfielder,LF,LF,26,513,0.08382066276803118,0.1871345029239766,0.203,0.351,4.029,0.23154701718907988,0.03898635477582846,0.09941520467836257,0.021442495126705652,1.32,TRUE
695336-2024-117,695336,Thomas Saggese,Thomas Saggese,2024,Triple-A,117,International League,235,Memphis Redbirds,MEM,Shortstop,SS,LF,22,528,0.058712121212121215,0.23106060606060605,0.186,0.29600000000000004,3.775,0.2490566037735849,0.03787878787878788,0.08712121212121213,0.02462121212121212,0.71,TRUE
683357-2024-117,683357,Owen Caissie,Owen Caissie,2024,Triple-A,117,International League,451,Iowa Cubs,IOW,Outfielder,RF,RF,21,549,0.12932604735883424,0.28415300546448086,0.195,0.375,3.9509999999999996,0.3204633204633205,0.03460837887067395,0.09289617486338798,0.023679417122040074,0.8300000000000001,TRUE
665052-2024-117,665052,Griffin Conine,Griffin Conine,2024,Triple-A,117,International League,564,Jacksonville Jumbo Shrimp,JAX,Outfielder,RF,RF,26,437,0.10755148741418764,0.2951945080091533,0.20800000000000002,0.351,3.943,0.358913813459268,0.043478260869565216,0.09382151029748284,0,1.1500000000000001,TRUE
687478-2024-117,687478,Cam Devanney,Cam Devanney,2024,Triple-A,117,International League,541,Omaha Storm Chasers,OMA,Shortstop,SS,SS,27,524,0.08969465648854962,0.2595419847328244,0.191,0.318,3.75,0.32325141776937616,0.03625954198473282,0.0916030534351145,0.022900763358778626,1.1500000000000001,TRUE
676632-2024-117,676632,Bligh Madris,Bligh Madris,2024,Triple-A,117,International League,512,Toledo Mud Hens,TOL,First Base,1B,OF,28,429,0.12354312354312354,0.25874125874125875,0.222,0.261,4.019,0.2962515114873035,0.04428904428904429,0.09557109557109557,0.06060606060606061,0.63,TRUE
671913-2024-117,671913,Damiano Palmegiani,Damiano Palmegiani,2024,Triple-A,117,International League,422,Buffalo Bisons,BUF,First Base,1B,3B,24,501,0.10578842315369262,0.281437125748503,0.171,0.261,4.092,0.3226837060702875,0.03792415169660679,0.0718562874251497,0.005988023952095809,0.71,TRUE
683770-2024-117,683770,Will Robertson,Will Robertson,2024,Triple-A,117,International League,422,Buffalo Bisons,BUF,Outfielder,RF,LF,26,464,0.10775862068965517,0.3125,0.203,0.29600000000000004,4.004,0.3590859630032644,0.040948275862068964,0.09267241379310345,0.010775862068965518,1.06,TRUE
657193-2024-117,657193,Eddy Alvarez,Eddy Alvarez,2024,Triple-A,117,International League,533,Worcester Red Sox,WOR,Outfielder,RF,SS,34,454,0.10792951541850221,0.24008810572687225,0.21500000000000002,0.29500000000000004,3.9979999999999998,0.2727272727272727,0.039647577092511016,0.09911894273127753,0.05506607929515418,1.1500000000000001,TRUE
676625-2024-117,676625,Rylan Bannon,Rylan Bannon,2024,Triple-A,117,International League,1960,St. Paul Saints,STP,Shortstop,SS,3B,28,539,0.17810760667903525,0.2523191094619666,0.184,0.277,4.135,0.3162743091095189,0.03339517625231911,0.07792207792207792,0.027829313543599257,0.8500000000000001,TRUE
695657-2024-117,695657,Colson Montgomery,Colson Montgomery,2024,Triple-A,117,International League,494,Charlotte Knights,CLT,Shortstop,SS,SS,22,573,0.12041884816753927,0.2862129144851658,0.167,0.281,4.086,0.28450704225352114,0.031413612565445025,0.07329842931937172,0.017452006980802792,0.88,TRUE
677588-2024-117,677588,José Tena,José Tena,2024,Triple-A,117,International League,534,Rochester Red Wings,ROC,Shortstop,SS,DH,23,448,0.07589285714285714,0.25669642857142855,0.194,0.359,3.804,0.29804372842347526,0.04017857142857143,0.09151785714285714,0.05133928571428571,1.57,TRUE
666211-2024-117,666211,Taylor Trammell,Taylor Trammell,2024,Triple-A,117,International League,531,Scranton/Wilkes-Barre RailRiders,SWB,Outfielder,LF,CF,26,407,0.1547911547911548,0.2678132678132678,0.232,0.322,4.049,0.34424083769633507,0.044226044226044224,0.09828009828009827,0.06142506142506143,0.59,TRUE
656484-2024-117,656484,Tristan Gray,Tristan Gray,2024,Triple-A,117,International League,564,Jacksonville Jumbo Shrimp,JAX,Shortstop,SS,SS,28,409,0.09046454767726161,0.26894865525672373,0.21400000000000002,0.29900000000000004,3.8529999999999998,0.328732747804266,0.04156479217603912,0.10024449877750612,0.0024449877750611247,0.69,TRUE
670224-2024-117,670224,Kameron Misner,Kameron Misner,2024,Triple-A,117,International League,234,Durham Bulls,DUR,Outfielder,CF,CF,26,519,0.14065510597302505,0.2928709055876686,0.194,0.33799999999999997,4.432,0.3343195266272189,0.03275529865125241,0.0905587668593449,0.06358381502890173,0.9400000000000001,TRUE
681393-2024-117,681393,Connor Norby,Connor Norby,2024,Triple-A,117,International League,564,Jacksonville Jumbo Shrimp,JAX,Second Base,2B,1B,24,440,0.12045454545454545,0.27954545454545454,0.203,0.387,3.9159999999999995,0.2973893303064699,0.038636363636363635,0.09545454545454546,0.03636363636363636,0.96,TRUE
695257-2024-117,695257,Billy Cook,Billy Cook,2024,Triple-A,117,International League,484,Indianapolis Indians,IND,Outfielder,LF,CF,25,430,0.1186046511627907,0.2441860465116279,0.20700000000000002,0.345,4.016,0.2895408163265306,0.037209302325581395,0.09534883720930233,0.06279069767441861,0.52,TRUE
681987-2024-117,681987,Nate Eaton,Nate Eaton,2024,Triple-A,117,International League,541,Omaha Storm Chasers,OMA,Third Base,3B,OF,27,464,0.05818965517241379,0.23275862068965517,0.187,0.301,3.681,0.25326991676575505,0.034482758620689655,0.10129310344827586,0.0668103448275862,0.6699999999999999,TRUE
694355-2024-117,694355,Tyler Gentry,Tyler Gentry,2024,Triple-A,117,International League,541,Omaha Storm Chasers,OMA,Outfielder,RF,OF,25,489,0.1083844580777096,0.3047034764826176,0.17200000000000001,0.346,4.159999999999999,0.29828571428571427,0.032719836400818,0.08384458077709611,0.018404907975460124,1.24,TRUE
669742-2024-117,669742,Darick Hall,Darick Hall,2024,Triple-A,117,International League,1410,Lehigh Valley IronPigs,LHV,First Base,1B,1B,28,488,0.10245901639344263,0.22745901639344263,0.15000000000000002,0.28,3.947,0.2832980972515856,0.03278688524590164,0.06762295081967214,0.006147540983606557,0.75,TRUE
668472-2024-117,668472,Nick Pratto,Nick Pratto,2024,Triple-A,117,International League,541,Omaha Storm Chasers,OMA,First Base,1B,1B,25,490,0.10816326530612246,0.3040816326530612,0.168,0.328,4.169,0.3076923076923077,0.0326530612244898,0.07755102040816327,0.0326530612244898,0.6799999999999999,TRUE
623205-2024-117,623205,Andrew Velazquez,Andrew Velazquez,2024,Triple-A,117,International League,431,Gwinnett Stripers,GWN,Second Base,2B,SS,29,473,0.07188160676532769,0.33192389006342493,0.15200000000000002,0.33999999999999997,3.71,0.40421263791374124,0.03382663847780127,0.06976744186046512,0.07188160676532769,1.1600000000000001,TRUE
670712-2024-117,670712,Mike Brosseau,Mike Brosseau,2024,Triple-A,117,International League,552,Syracuse Mets,SYR,First Base,1B,3B,30,405,0.09876543209876543,0.2074074074074074,0.15400000000000003,0.303,3.726,0.24895688456189152,0.037037037037037035,0.05925925925925926,0.007407407407407408,0.99,TRUE
681198-2024-117,681198,TJ Rumfield,TJ Rumfield,2024,Triple-A,117,International League,531,Scranton/Wilkes-Barre RailRiders,SWB,First Base,1B,1B,24,474,0.09071729957805907,0.16455696202531644,0.169,0.326,3.9179999999999997,0.18928164196123148,0.03164556962025317,0.08649789029535865,0.012658227848101266,1.25,TRUE
672012-2024-117,672012,Tyler Black,Tyler Black,2024,Triple-A,117,International League,556,Nashville Sounds,NAS,First Base,1B,DH,23,462,0.13203463203463203,0.18831168831168832,0.171,0.29900000000000004,3.8919999999999995,0.20024875621890548,0.030303030303030304,0.07142857142857142,0.049783549783549784,0.8700000000000001,TRUE
686555-2024-117,686555,Isaac Collins,Isaac Collins,2024,Triple-A,117,International League,556,Nashville Sounds,NAS,Outfielder,LF,LF,26,500,0.142,0.192,0.201,0.322,4.038,0.20632911392405062,0.028,0.098,0.058,0.74,TRUE
680837-2024-117,680837,Ryan Fitzgerald,Ryan Fitzgerald,2024,Triple-A,117,International League,541,Omaha Storm Chasers,OMA,Second Base,2B,3B,30,431,0.09976798143851508,0.2296983758700696,0.17400000000000002,0.29400000000000004,3.868,0.2537688442211055,0.03248259860788863,0.07888631090487239,0.013921113689095127,0.81,TRUE
677956-2024-117,677956,Rece Hinds,Rece Hinds,2024,Triple-A,117,International League,416,Louisville Bats,LOU,Outfielder,RF,RF,23,422,0.08767772511848342,0.3791469194312796,0.168,0.313,3.953,0.40116959064327484,0.03317535545023697,0.08056872037914692,0.054502369668246446,1.1,TRUE
690291-2024-117,690291,Jace Jung,Jace Jung,2024,Triple-A,117,International League,512,Toledo Mud Hens,TOL,Third Base,3B,3B,23,415,0.1614457831325301,0.22409638554216868,0.198,0.307,4.181,0.2681564245810056,0.033734939759036145,0.09156626506024096,0.00963855421686747,0.9,TRUE
680577-2024-117,680577,DaShawn Keirsey Jr.,DaShawn Keirsey Jr.,2024,Triple-A,117,International League,1960,St. Paul Saints,STP,Outfielder,CF,CF,27,505,0.09504950495049505,0.2297029702970297,0.17600000000000002,0.37,4.03,0.2507836990595611,0.027722772277227723,0.08514851485148515,0.08514851485148515,1.09,TRUE
693409-2024-117,693409,César Prieto,César Prieto,2024,Triple-A,117,International League,235,Memphis Redbirds,MEM,Third Base,3B,3B,25,535,0.04299065420560748,0.11775700934579439,0.166,0.29600000000000004,3.297,0.16135458167330677,0.026168224299065422,0.09719626168224299,0.018691588785046728,1.1500000000000001,TRUE
671083-2024-117,671083,Buddy Kennedy,Buddy Kennedy,2024,Triple-A,117,International League,1410,Lehigh Valley IronPigs,LHV,Third Base,3B,1B,25,463,0.12958963282937366,0.18142548596112312,0.185,0.312,3.752,0.20457604306864063,0.028077753779697623,0.09719222462203024,0.012958963282937365,0.74,TRUE
678554-2024-117,678554,Curtis Mead,Curtis Mead,2024,Triple-A,117,International League,234,Durham Bulls,DUR,Third Base,3B,3B,23,410,0.07073170731707316,0.15609756097560976,0.192,0.316,3.6,0.21903520208604954,0.03170731707317073,0.09268292682926829,0.041463414634146344,0.69,TRUE
678894-2024-117,678894,Liover Peguero,Liover Peguero,2024,Triple-A,117,International League,484,Indianapolis Indians,IND,Shortstop,SS,SS,23,555,0.08288288288288288,0.25045045045045045,0.15400000000000003,0.325,3.8539999999999996,0.32103688933200397,0.023423423423423424,0.08288288288288288,0.03063063063063063,0.98,TRUE
672724-2024-117,672724,Oswald Peraza,Oswald Peraza,2024,Triple-A,117,International League,531,Scranton/Wilkes-Barre RailRiders,SWB,Shortstop,SS,2B,24,406,0.10591133004926108,0.20935960591133004,0.14900000000000002,0.28600000000000003,3.9159999999999995,0.2825788751714678,0.03201970443349754,0.06403940886699508,0.07635467980295567,1.23,TRUE
686765-2024-117,686765,Nick Sogard,Nick Sogard,2024,Triple-A,117,International League,533,Worcester Red Sox,WOR,Shortstop,SS,3B,26,440,0.14545454545454545,0.20454545454545456,0.163,0.33799999999999997,4.084,0.21696801112656466,0.029545454545454545,0.075,0.03636363636363636,0.99,TRUE
668723-2024-117,668723,Ryan Vilade,Ryan Vilade,2024,Triple-A,117,International League,512,Toledo Mud Hens,TOL,Outfielder,CF,RF,25,442,0.08823529411764706,0.24434389140271492,0.171,0.347,3.8259999999999996,0.26968973747016706,0.029411764705882353,0.08823529411764706,0.06108597285067873,0.71,TRUE
671221-2024-117,671221,Drew Waters,Drew Waters,2024,Triple-A,117,International League,541,Omaha Storm Chasers,OMA,Outfielder,CF,LF,25,457,0.11597374179431072,0.2647702407002188,0.20400000000000001,0.383,4.018,0.308710033076075,0.028446389496717725,0.10940919037199125,0.05908096280087528,1.1700000000000002,TRUE
671976-2024-117,671976,Tristan Peters,Tristan Peters,2024,Triple-A,117,International League,234,Durham Bulls,DUR,Outfielder,RF,CF,24,478,0.13179916317991633,0.19665271966527198,0.164,0.28,4.052,0.25252525252525254,0.02510460251046025,0.0794979079497908,0.03138075313807531,0.6799999999999999,TRUE
642197-2024-117,642197,Jamie Westbrook,Jamie Westbrook,2024,Triple-A,117,International League,533,Worcester Red Sox,WOR,Third Base,3B,2B,29,425,0.11294117647058824,0.16941176470588235,0.17300000000000001,0.311,4.033,0.19387755102040816,0.02823529411764706,0.08705882352941176,0.009411764705882352,1.08,TRUE
693049-2024-117,693049,Oscar Colás,Oscar Colás,2024,Triple-A,117,International League,494,Charlotte Knights,CLT,Outfielder,RF,RF,25,464,0.10991379310344827,0.23060344827586207,0.15400000000000003,0.302,3.9379999999999997,0.2694063926940639,0.023706896551724137,0.07758620689655173,0.04310344827586207,0.99,TRUE
664731-2024-117,664731,P.J. Higgins,P.J. Higgins,2024,Triple-A,117,International League,416,Louisville Bats,LOU,First Base,1B,C,31,568,0.07922535211267606,0.24647887323943662,0.126,0.33199999999999996,3.8819999999999997,0.26519337016574585,0.01936619718309859,0.07570422535211267,0.0017605633802816902,1.05,TRUE
687859-2024-117,687859,Troy Johnston,Troy Johnston,2024,Triple-A,117,International League,564,Jacksonville Jumbo Shrimp,JAX,First Base,1B,RF,27,528,0.07007575757575757,0.1893939393939394,0.14800000000000002,0.327,3.4379999999999997,0.24307692307692308,0.020833333333333332,0.08522727272727272,0.03787878787878788,1.1500000000000001,TRUE
682650-2024-117,682650,Malcom Nuñez,Malcom Nuñez,2024,Triple-A,117,International League,484,Indianapolis Indians,IND,Third Base,3B,1B,23,526,0.07984790874524715,0.20532319391634982,0.115,0.29400000000000004,4.015,0.25374732334047106,0.02091254752851711,0.060836501901140684,0.0076045627376425855,1.09,TRUE
592622-2024-117,592622,Mark Payton,Mark Payton,2024,Triple-A,117,International League,494,Charlotte Knights,CLT,Outfielder,LF,OF,32,479,0.11064718162839249,0.16910229645093947,0.15300000000000002,0.36,3.718,0.18051948051948052,0.020876826722338204,0.08768267223382047,0.025052192066805846,0.93,TRUE
682927-2024-117,682927,Ronny Simon,Ronny Simon,2024,Triple-A,117,International League,234,Durham Bulls,DUR,Second Base,2B,2B,24,527,0.08918406072106262,0.18785578747628084,0.14600000000000002,0.33899999999999997,3.9149999999999996,0.21858500527983105,0.018975332068311195,0.08349146110056926,0.051233396584440226,1.1600000000000001,TRUE
660636-2024-117,660636,Diego Castillo,Diego Castillo,2024,Triple-A,117,International League,1960,St. Paul Saints,STP,Third Base,3B,SS,26,470,0.13404255319148936,0.14893617021276595,0.136,0.29300000000000004,4.023,0.19336219336219337,0.019148936170212766,0.07234042553191489,0.036170212765957444,0.9400000000000001,TRUE
686639-2024-117,686639,Jack Dunn,Jack Dunn,2024,Triple-A,117,International League,534,Rochester Red Wings,ROC,Shortstop,SS,SS,27,443,0.14446952595936793,0.16252821670428894,0.115,0.27,4.101999999999999,0.19134078212290503,0.020316027088036117,0.04966139954853273,0.040632054176072234,0.9400000000000001,TRUE
678391-2024-117,678391,Jorbit Vivas,Jorbit Vivas,2024,Triple-A,117,International League,531,Scranton/Wilkes-Barre RailRiders,SWB,Second Base,2B,3B,23,422,0.13744075829383887,0.16587677725118483,0.14100000000000001,0.254,3.929,0.24613402061855671,0.02132701421800948,0.06872037914691943,0.05924170616113744,0.9,TRUE
681962-2024-117,681962,Vinny Capra,Vinny Capra,2024,Triple-A,117,International League,556,Nashville Sounds,NAS,Shortstop,SS,3B,27,489,0.10633946830265849,0.18609406952965235,0.12100000000000001,0.313,4.101999999999999,0.20175438596491227,0.016359918200409,0.07157464212678936,0.024539877300613498,0.92,TRUE
682668-2024-117,682668,Luisangel Acuña,Luisangel Acuña,2024,Triple-A,117,International League,552,Syracuse Mets,SYR,Shortstop,SS,SS,22,587,0.054514480408858604,0.1635434412265758,0.097,0.29900000000000004,3.4339999999999997,0.218568665377176,0.01192504258943782,0.056218057921635436,0.0919931856899489,1.3800000000000001,TRUE
694362-2024-117,694362,Blake Dunn,Blake Dunn,2024,Triple-A,117,International League,416,Louisville Bats,LOU,Outfielder,CF,CF,25,421,0.10688836104513064,0.2684085510688836,0.114,0.329,3.8619999999999997,0.2584573748308525,0.0166270783847981,0.05938242280285035,0.05463182897862233,0.9400000000000001,TRUE
571875-2024-117,571875,Jake Lamb,Jake Lamb,2024,Triple-A,117,International League,484,Indianapolis Indians,IND,First Base,1B,3B,33,414,0.10386473429951691,0.2028985507246377,0.129,0.32,3.9979999999999998,0.2519480519480519,0.016908212560386472,0.0748792270531401,0.0024154589371980675,0.8500000000000001,TRUE
805367-2024-117,805367,Chase Meidroth,Chase Meidroth,2024,Triple-A,117,International League,533,Worcester Red Sox,WOR,Shortstop,SS,2B,22,558,0.1881720430107527,0.12724014336917563,0.10800000000000001,0.33199999999999996,4.412,0.11624834874504623,0.012544802867383513,0.053763440860215055,0.034050179211469536,1.23,TRUE
676113-2024-117,676113,Zach DeLoach,Zach DeLoach,2024,Triple-A,117,International League,494,Charlotte Knights,CLT,Outfielder,LF,RF,25,411,0.11678832116788321,0.26034063260340634,0.12400000000000001,0.39,3.8859999999999997,0.32568149210903874,0.014598540145985401,0.072992700729927,0.0535279805352798,1.1400000000000001,TRUE
570481-2024-117,570481,Erik González,Erik González,2024,Triple-A,117,International League,416,Louisville Bats,LOU,Shortstop,SS,2B,32,464,0.05172413793103448,0.20474137931034483,0.101,0.3,3.657,0.26223776223776224,0.01293103448275862,0.0668103448275862,0.015086206896551725,1.36,TRUE
663968-2024-117,663968,Jake Mangum,Jake Mangum,2024,Triple-A,117,International League,234,Durham Bulls,DUR,Outfielder,CF,CF,28,428,0.053738317757009345,0.1705607476635514,0.126,0.373,3.4109999999999996,0.22333333333333333,0.014018691588785047,0.08644859813084112,0.06542056074766354,1.1,TRUE
679881-2024-117,679881,J.P. Martínez,J.P. Martínez,2024,Triple-A,117,International League,431,Gwinnett Stripers,GWN,Outfielder,CF,RF,28,438,0.12100456621004566,0.2694063926940639,0.117,0.322,4.159999999999999,0.27791563275434245,0.0136986301369863,0.0684931506849315,0.10273972602739725,0.89,TRUE
691594-2024-117,691594,Javier Sanoja,Javier Sanoja,2024,Triple-A,117,International League,564,Jacksonville Jumbo Shrimp,JAX,Shortstop,SS,3B,21,492,0.08943089430894309,0.06097560975609756,0.14,0.29700000000000004,3.6359999999999997,0.09344660194174757,0.012195121951219513,0.08739837398373984,0.04065040650406504,1.1400000000000001,TRUE
694425-2024-117,694425,Justice Bigbie,Justice Bigbie,2024,Triple-A,117,International League,512,Toledo Mud Hens,TOL,Outfielder,RF,OF,25,558,0.10752688172043011,0.1863799283154122,0.08600000000000001,0.304,3.797,0.24092741935483872,0.007168458781362007,0.05734767025089606,0.023297491039426525,1.71,TRUE
672463-2024-117,672463,Rafael Lantigua,Rafael Lantigua,2024,Triple-A,117,International League,422,Buffalo Bisons,BUF,Second Base,2B,2B,26,521,0.1343570057581574,0.19193857965451055,0.07200000000000001,0.33199999999999996,3.9019999999999997,0.21931818181818183,0.007677543186180422,0.046065259117082535,0.04222648752399232,1.3,TRUE
664670-2024-117,664670,Alejo Lopez,Alejo Lopez,2024,Triple-A,117,International League,431,Gwinnett Stripers,GWN,Third Base,3B,2B,28,473,0.09936575052854123,0.13530655391120508,0.09,0.354,3.9179999999999997,0.18442622950819673,0.008456659619450317,0.05708245243128964,0.05919661733615222,1.24,TRUE
668791-2024-117,668791,Anthony Prato,Anthony Prato,2024,Triple-A,117,International League,1960,St. Paul Saints,STP,Third Base,3B,SS,26,413,0.162227602905569,0.20581113801452786,0.12300000000000001,0.29600000000000004,3.969,0.22445820433436534,0.007263922518159807,0.07021791767554479,0.026634382566585957,1.26,TRUE
664702-2024-117,664702,Myles Straw,Myles Straw,2024,Triple-A,117,International League,445,Columbus Clippers,COL,Outfielder,CF,RF,29,495,0.10707070707070707,0.1919191919191919,0.09,0.29700000000000004,3.8689999999999998,0.14713216957605985,0.006060606060606061,0.05454545454545454,0.06262626262626263,1.12,TRUE
680672-2024-117,680672,Luke Waddell,Luke Waddell,2024,Triple-A,117,International League,431,Gwinnett Stripers,GWN,Shortstop,SS,SS,25,464,0.08836206896551724,0.13793103448275862,0.08700000000000001,0.27,3.9939999999999998,0.16,0.004310344827586207,0.05818965517241379,0.032327586206896554,0.81,TRUE
671117-2024-117,671117,Darren Baker,Darren Baker,2024,Triple-A,117,International League,534,Rochester Red Wings,ROC,Second Base,2B,2B,25,483,0.08902691511387163,0.18840579710144928,0.055,0.358,3.778,0.20200752823086573,0,0.045548654244306416,0.08902691511387163,1.74,TRUE
683006-2024-118,683006,Chris Newell,Chris Newell,2024,High-A,118,Midwest League,456,Great Lakes Loons,GL,Outfielder,CF,OF,23,413,0.14527845036319612,0.3389830508474576,0.253,0.271,4.164999999999999,0.4103967168262654,0.05569007263922518,0.09443099273607748,0.07263922518159806,0.65,TRUE
702253-2024-118,702253,Cam Collier,Cam Collier,2024,High-A,118,Midwest League,459,Dayton Dragons,DAY,Third Base,3B,3B,19,507,0.1301775147928994,0.2504930966469428,0.194,0.301,4.185,0.2683982683982684,0.03944773175542406,0.08284023668639054,0.005917159763313609,1.1300000000000001,TRUE
811289-2024-118,811289,Spencer Nivens,Spencer Nivens,2024,High-A,118,Midwest League,565,Quad Cities River Bandits,QC,Outfielder,LF,OF,22,412,0.11650485436893204,0.26941747572815533,0.232,0.29000000000000004,4.103999999999999,0.2813793103448276,0.04854368932038835,0.0970873786407767,0.02669902912621359,0.55,TRUE
695031-2024-118,695031,Josh Zamora,Josh Zamora,2024,High-A,118,Midwest League,554,Beloit Sky Carp,BEL,Second Base,2B,3B,25,424,0.09905660377358491,0.19811320754716982,0.17700000000000002,0.276,4.087,0.2480719794344473,0.04009433962264151,0.07547169811320754,0,0.71,TRUE
687310-2024-118,687310,Will Simpson,Will Simpson,2024,High-A,118,Midwest League,499,Lansing Lugnuts,LAN,First Base,1B,1B,22,474,0.14556962025316456,0.2468354430379747,0.21000000000000002,0.33599999999999997,3.8189999999999995,0.31105990783410137,0.03375527426160337,0.09915611814345991,0.014767932489451477,0.51,TRUE
688780-2024-118,688780,Luke Gold,Luke Gold,2024,High-A,118,Midwest League,582,West Michigan Whitecaps,WM,First Base,1B,3B,23,497,0.07243460764587525,0.2575452716297787,0.15800000000000003,0.28200000000000003,3.8589999999999995,0.30499468650371947,0.028169014084507043,0.08048289738430583,0.02012072434607646,0.48000000000000004,TRUE
686438-2024-118,686438,Rubel Cespedes,Rubel Cespedes,2024,High-A,118,Midwest League,492,Cedar Rapids Kernels,CR,Third Base,3B,3B,23,463,0.08423326133909287,0.20086393088552915,0.14800000000000002,0.33699999999999997,3.8319999999999994,0.21871476888387825,0.02591792656587473,0.07775377969762419,0.017278617710583154,1.07,TRUE
696501-2024-118,696501,Mark Coley II,Mark Coley II,2024,High-A,118,Midwest League,554,Beloit Sky Carp,BEL,Outfielder,CF,OF,23,445,0.10337078651685393,0.30337078651685395,0.168,0.29600000000000004,4.053999999999999,0.3472222222222222,0.02696629213483146,0.07415730337078652,0.07191011235955057,0.73,TRUE
699115-2024-118,699115,Carlos Jorge,Carlos Jorge,2024,High-A,118,Midwest League,459,Dayton Dragons,DAY,Outfielder,CF,SS,20,402,0.07711442786069651,0.31094527363184077,0.17500000000000002,0.29600000000000004,3.7640000000000002,0.3530961791831357,0.029850746268656716,0.08706467661691543,0.07960199004975124,0.8500000000000001,TRUE
699073-2024-118,699073,Thayron Liranzo,Thayron Liranzo,2024,High-A,118,Midwest League,582,West Michigan Whitecaps,WM,Catcher,C,C,20,429,0.17482517482517482,0.23776223776223776,0.164,0.31,4.189,0.30657894736842106,0.027972027972027972,0.07925407925407925,0.002331002331002331,1.01,TRUE
695612-2024-118,695612,Alex Mooney,Alex Mooney,2024,High-A,118,Midwest League,437,Lake County Captains,LC,Third Base,3B,SS,21,473,0.10570824524312897,0.21141649048625794,0.15800000000000003,0.279,3.863,0.31877729257641924,0.02536997885835095,0.07822410147991543,0.10359408033826638,0.6599999999999999,TRUE
699302-2024-118,699302,Héctor Rodríguez,Héctor Rodríguez,2024,High-A,118,Midwest League,459,Dayton Dragons,DAY,Outfielder,RF,LF,20,541,0.04805914972273567,0.133086876155268,0.14600000000000002,0.29700000000000004,3.3349999999999995,0.197265625,0.022181146025878003,0.07948243992606285,0.033271719038817,0.9500000000000001,TRUE
702726-2024-118,702726,Luke Adams,Luke Adams,2024,High-A,118,Midwest League,572,Wisconsin Timber Rattlers,WIS,Third Base,3B,3B,20,418,0.18660287081339713,0.21291866028708134,0.169,0.28,4.4430000000000005,0.21616871704745166,0.02631578947368421,0.0645933014354067,0.09090909090909091,0.8700000000000001,TRUE
801194-2024-118,801194,Max Anderson,Max Anderson,2024,High-A,118,Midwest League,582,West Michigan Whitecaps,WM,Second Base,2B,2B,22,527,0.06641366223908918,0.14041745730550284,0.12200000000000001,0.29700000000000004,3.62,0.2669172932330827,0.020872865275142316,0.06451612903225806,0.0018975332068311196,1.33,TRUE
691627-2024-118,691627,Ricardo Olivar,Ricardo Olivar,2024,High-A,118,Midwest League,492,Cedar Rapids Kernels,CR,Catcher,C,C,22,356,0.14887640449438203,0.19662921348314608,0.187,0.33899999999999997,3.9519999999999995,0.2552845528455285,0.03089887640449438,0.08707865168539326,0.008426966292134831,0.8600000000000001,TRUE
675394-2024-118,675394,Johnny Olmstead,Johnny Olmstead,2024,High-A,118,Midwest League,554,Beloit Sky Carp,BEL,Shortstop,SS,3B,23,397,0.08060453400503778,0.181360201511335,0.15400000000000003,0.267,3.8009999999999997,0.26982097186700765,0.027707808564231738,0.07556675062972293,0.022670025188916875,0.7899999999999999,TRUE
687731-2024-118,687731,Trevor Werner,Trevor Werner,2024,High-A,118,Midwest League,565,Quad Cities River Bandits,QC,Third Base,3B,OF,23,503,0.10934393638170974,0.3538767395626243,0.14,0.29900000000000004,4.095,0.36363636363636365,0.02186878727634195,0.06759443339960239,0.04771371769383698,0.58,TRUE
695481-2024-118,695481,Jay Allen II,Jay Allen II,2024,High-A,118,Midwest League,459,Dayton Dragons,DAY,Outfielder,CF,OF,21,456,0.1425438596491228,0.2149122807017544,0.12200000000000001,0.275,3.9579999999999997,0.2787550744248985,0.021929824561403508,0.04824561403508772,0.09868421052631579,0.64,TRUE
699130-2024-118,699130,Jadher Areinamo,Jadher Areinamo,2024,High-A,118,Midwest League,572,Wisconsin Timber Rattlers,WIS,Second Base,2B,2B,20,467,0.07066381156316917,0.11134903640256959,0.14100000000000001,0.319,3.6,0.19840364880273662,0.021413276231263382,0.08565310492505353,0.08565310492505353,1.1700000000000002,TRUE
699024-2024-118,699024,Leo Bernal,Leo Bernal,2024,High-A,118,Midwest League,443,Peoria Chiefs,PEO,Catcher,C,C,20,382,0.0968586387434555,0.22774869109947643,0.15000000000000002,0.33299999999999996,3.746,0.27391304347826084,0.02617801047120419,0.07591623036649214,0.031413612565445025,1,TRUE
694749-2024-118,694749,Dylan Campbell,Dylan Campbell,2024,High-A,118,Midwest League,456,Great Lakes Loons,GL,Outfielder,RF,CF,21,493,0.10141987829614604,0.2231237322515213,0.12200000000000001,0.31,3.9759999999999995,0.2425629290617849,0.02028397565922921,0.06490872210953347,0.09939148073022312,0.53,TRUE
691449-2024-118,691449,Roberto Campos,Roberto Campos,2024,High-A,118,Midwest League,582,West Michigan Whitecaps,WM,Outfielder,RF,RF,21,484,0.08471074380165289,0.23140495867768596,0.15300000000000002,0.34099999999999997,3.8329999999999997,0.28227571115973743,0.02066115702479339,0.08264462809917356,0.026859504132231406,0.7799999999999999,TRUE
801406-2024-118,801406,Jared Dickey,Jared Dickey,2024,High-A,118,Midwest League,499,Lansing Lugnuts,LAN,Outfielder,LF,RF,22,478,0.08786610878661087,0.18200836820083682,0.126,0.303,3.766,0.24044943820224718,0.02092050209205021,0.060669456066945605,0.03347280334728033,1.02,TRUE
695600-2024-118,695600,Carter Jensen,Carter Jensen,2024,High-A,118,Midwest League,565,Quad Cities River Bandits,QC,Catcher,C,C,20,376,0.15159574468085107,0.22074468085106383,0.165,0.33299999999999996,4.101,0.2652733118971061,0.026595744680851064,0.07446808510638298,0.047872340425531915,0.63,TRUE
807751-2024-118,807751,Ethan O'Donnell,Ethan O'Donnell,2024,High-A,118,Midwest League,459,Dayton Dragons,DAY,Outfielder,RF,CF,22,415,0.0963855421686747,0.26024096385542167,0.14700000000000002,0.357,3.9539999999999997,0.326302729528536,0.024096385542168676,0.06506024096385542,0.08674698795180723,1.24,TRUE
811287-2024-118,811287,Carson Roccaforte,Carson Roccaforte,2024,High-A,118,Midwest League,565,Quad Cities River Bandits,QC,Outfielder,CF,OF,22,535,0.10467289719626169,0.25981308411214954,0.134,0.269,4.08,0.28079331941544883,0.018691588785046728,0.07102803738317758,0.08785046728971962,0.73,TRUE
695358-2024-118,695358,Jonny Butler,Jonny Butler,2024,High-A,118,Midwest League,499,Lansing Lugnuts,LAN,Outfielder,LF,OF,25,522,0.12260536398467432,0.21264367816091953,0.133,0.279,4.069,0.23765432098765432,0.01532567049808429,0.07471264367816093,0.0421455938697318,0.63,TRUE
682631-2024-118,682631,Eduarqui Fernandez,Eduarqui Fernandez,2024,High-A,118,Midwest League,572,Wisconsin Timber Rattlers,WIS,Outfielder,RF,OF,22,430,0.11162790697674418,0.34186046511627904,0.126,0.28,3.8349999999999995,0.39746835443037976,0.018604651162790697,0.06744186046511629,0.06744186046511629,0.71,TRUE
693819-2024-118,693819,Kyle Nevin,Kyle Nevin,2024,High-A,118,Midwest League,456,Great Lakes Loons,GL,Designated Hitter,DH,OF,22,519,0.10404624277456648,0.3140655105973025,0.10700000000000001,0.345,4.2410000000000005,0.321826280623608,0.015414258188824663,0.05394990366088632,0.046242774566473986,1.09,TRUE
683454-2024-118,683454,Brayan Buelvas,Brayan Buelvas,2024,High-A,118,Midwest League,499,Lansing Lugnuts,LAN,Outfielder,CF,CF,22,361,0.12742382271468145,0.22160664819944598,0.17200000000000001,0.34199999999999997,4.0969999999999995,0.30246913580246915,0.019390581717451522,0.09141274238227147,0.07756232686980609,1.08,TRUE
683481-2024-118,683481,Nerwilian Cedeño,Nerwilian Cedeño,2024,High-A,118,Midwest League,584,Fort Wayne TinCaps,FW,Second Base,2B,3B,22,406,0.0960591133004926,0.26354679802955666,0.132,0.28700000000000003,3.909,0.30283505154639173,0.017241379310344827,0.0665024630541872,0.03694581280788178,0.88,TRUE
691408-2024-118,691408,Maick Collado,Maick Collado,2024,High-A,118,Midwest League,437,Lake County Captains,LC,First Base,1B,SS,21,388,0.14432989690721648,0.15721649484536082,0.1,0.24500000000000002,4.041,0.20923076923076922,0.01804123711340206,0.04639175257731959,0.005154639175257732,1.06,TRUE
691410-2024-118,691410,Jose Devers,Jose Devers,2024,High-A,118,Midwest League,437,Lake County Captains,LC,Shortstop,SS,SS,21,426,0.08685446009389672,0.2511737089201878,0.10400000000000001,0.279,3.8569999999999998,0.30973451327433627,0.01643192488262911,0.06103286384976526,0.03990610328638498,1.33,TRUE
695780-2024-118,695780,Jake Fox,Jake Fox,2024,High-A,118,Midwest League,437,Lake County Captains,LC,Outfielder,CF,OF,21,408,0.11764705882352941,0.2107843137254902,0.116,0.265,3.9749999999999996,0.21428571428571427,0.01715686274509804,0.061274509803921566,0.024509803921568627,0.55,TRUE
687192-2024-118,687192,Cade Hunter,Cade Hunter,2024,High-A,118,Midwest League,459,Dayton Dragons,DAY,Catcher,C,C,23,429,0.11188811188811189,0.317016317016317,0.101,0.28800000000000003,3.944,0.33875338753387535,0.016317016317016316,0.05128205128205128,0.03263403263403263,1.04,TRUE
683494-2024-118,683494,Euribiel Angeles,Euribiel Angeles,2024,High-A,118,Midwest League,499,Lansing Lugnuts,LAN,Shortstop,SS,3B,22,364,0.04395604395604396,0.11263736263736264,0.119,0.3,3.201,0.16802610114192496,0.016483516483516484,0.06868131868131869,0.0521978021978022,0.96,TRUE
699114-2024-118,699114,Leo Balcazar,Leo Balcazar,2024,High-A,118,Midwest League,459,Dayton Dragons,DAY,Shortstop,SS,SS,20,410,0.03414634146341464,0.24390243902439024,0.09,0.33899999999999997,3.6270000000000002,0.3047375160051216,0.014634146341463415,0.05121951219512195,0.03170731707317073,1.01,TRUE
695653-2024-118,695653,Noah Miller,Noah Miller,2024,High-A,118,Midwest League,456,Great Lakes Loons,GL,Shortstop,SS,SS,21,454,0.10792951541850221,0.14537444933920704,0.081,0.28400000000000003,3.637,0.19466666666666665,0.013215859030837005,0.04405286343612335,0.013215859030837005,0.93,TRUE
687625-2024-118,687625,Kai Murphy,Kai Murphy,2024,High-A,118,Midwest League,584,Fort Wayne TinCaps,FW,Outfielder,RF,OF,23,482,0.12655601659751037,0.22199170124481327,0.118,0.303,3.9459999999999997,0.2924107142857143,0.012448132780082987,0.06846473029045644,0.035269709543568464,1.1,TRUE
668776-2024-118,668776,Devin Ortiz,Devin Ortiz,2024,High-A,118,Midwest League,584,Fort Wayne TinCaps,FW,Third Base,3B,3B,25,473,0.11839323467230443,0.17758985200845667,0.07400000000000001,0.29400000000000004,3.8249999999999997,0.2124223602484472,0.012684989429175475,0.03805496828752643,0.03805496828752643,1.4,TRUE
800473-2024-118,800473,Jefferson Rojas,Jefferson Rojas,2024,High-A,118,Midwest League,550,South Bend Cubs,SB,Shortstop,SS,SS,19,419,0.08353221957040573,0.15274463007159905,0.091,0.274,3.6630000000000003,0.19168900804289543,0.014319809069212411,0.045346062052505964,0.06921241050119331,0.64,TRUE
809945-2024-118,809945,Jonah Advincula,Jonah Advincula,2024,High-A,118,Midwest League,437,Lake County Captains,LC,Outfielder,CF,OF,23,373,0.1447721179624665,0.20107238605898123,0.101,0.31,3.984,0.18412162162162163,0.013404825737265416,0.04825737265415549,0.09651474530831099,0.8300000000000001,TRUE
700931-2024-118,700931,Seth Stephenson,Seth Stephenson,2024,High-A,118,Midwest League,582,West Michigan Whitecaps,WM,Outfielder,CF,OF,23,477,0.07756813417190776,0.17819706498951782,0.08,0.318,3.413,0.21515561569688768,0.010482180293501049,0.041928721174004195,0.14465408805031446,0.73,TRUE
682618-2024-118,682618,Misael Urbina,Misael Urbina,2024,High-A,118,Midwest League,492,Cedar Rapids Kernels,CR,Outfielder,LF,OF,22,392,0.14285714285714285,0.24744897959183673,0.10600000000000001,0.29100000000000004,4.003,0.2593856655290102,0.012755102040816327,0.058673469387755105,0.05102040816326531,0.9500000000000001,TRUE
694193-2024-118,694193,Victor Acosta,Victor Acosta,2024,High-A,118,Midwest League,459,Dayton Dragons,DAY,Second Base,2B,SS,20,404,0.10891089108910891,0.2599009900990099,0.101,0.253,3.7600000000000002,0.28706199460916443,0.009900990099009901,0.054455445544554455,0.04950495049504951,1.42,TRUE
679751-2024-118,679751,Danny Bautista Jr.,Danny Bautista Jr.,2024,High-A,118,Midwest League,499,Lansing Lugnuts,LAN,First Base,1B,OF,23,388,0.08505154639175258,0.13144329896907217,0.115,0.29900000000000004,3.668,0.16978193146417445,0.010309278350515464,0.06701030927835051,0.04896907216494845,1.1400000000000001,TRUE
800325-2024-118,800325,Luis Lara,Luis Lara,2024,High-A,118,Midwest League,572,Wisconsin Timber Rattlers,WIS,Outfielder,CF,RF,19,489,0.08384458077709611,0.1574642126789366,0.082,0.28700000000000003,3.548,0.20147420147420148,0.0081799591002045,0.05112474437627812,0.12065439672801637,1.28,TRUE
699393-2024-118,699393,Pedro Ramírez,Pedro Ramírez,2024,High-A,118,Midwest League,550,South Bend Cubs,SB,Third Base,3B,2B,20,515,0.08349514563106795,0.18058252427184465,0.097,0.345,3.629,0.19384264538198404,0.007766990291262136,0.05825242718446602,0.038834951456310676,1.56,TRUE
806956-2024-118,806956,Ethan Salas,Ethan Salas,2024,High-A,118,Midwest League,584,Fort Wayne TinCaps,FW,Catcher,C,C,18,469,0.10021321961620469,0.208955223880597,0.10400000000000001,0.256,3.7630000000000003,0.23455233291298866,0.008528784648187633,0.07036247334754797,0.02771855010660981,0.7899999999999999,TRUE
691191-2024-118,691191,Jose Salas,Jose Salas,2024,High-A,118,Midwest League,492,Cedar Rapids Kernels,CR,Second Base,2B,2B,21,374,0.06149732620320856,0.27807486631016043,0.10300000000000001,0.316,3.711,0.3328785811732606,0.0106951871657754,0.06417112299465241,0.05614973262032086,1.04,TRUE
687783-2024-118,687783,Matthew Wood,Matthew Wood,2024,High-A,118,Midwest League,572,Wisconsin Timber Rattlers,WIS,Catcher,C,C,23,379,0.12401055408970976,0.13720316622691292,0.097,0.266,3.8649999999999998,0.1692573402417962,0.010554089709762533,0.055408970976253295,0.0079155672823219,0.73,TRUE
805280-2024-118,805280,Alex Iadisernia,Alex Iadisernia,2024,High-A,118,Midwest League,443,Peoria Chiefs,PEO,Outfielder,LF,OF,23,410,0.0951219512195122,0.23414634146341465,0.101,0.29500000000000004,3.7800000000000002,0.27540106951871657,0.007317073170731708,0.06585365853658537,0.07073170731707316,0.7799999999999999,TRUE
813386-2024-118,813386,Justin Johnson,Justin Johnson,2024,High-A,118,Midwest League,565,Quad Cities River Bandits,QC,Second Base,2B,SS,24,400,0.1275,0.19,0.10500000000000001,0.29300000000000004,3.792,0.25210084033613445,0.0075,0.07,0.0525,0.8,TRUE
690914-2024-118,690914,Brody Moore,Brody Moore,2024,High-A,118,Midwest League,443,Peoria Chiefs,PEO,Shortstop,SS,SS,23,446,0.07174887892376682,0.19282511210762332,0.07200000000000001,0.322,3.621,0.26974483596597815,0.006726457399103139,0.04708520179372197,0.08968609865470852,0.8600000000000001,TRUE
800231-2024-118,800231,Won-Bin Cho,Won-Bin Cho,2024,High-A,118,Midwest League,443,Peoria Chiefs,PEO,Outfielder,CF,OF,20,428,0.08411214953271028,0.3130841121495327,0.07800000000000001,0.34299999999999997,3.8499999999999996,0.35182679296346414,0.004672897196261682,0.04906542056074766,0.04906542056074766,1.1,TRUE
815039-2024-118,815039,Dustin Dickerson,Dustin Dickerson,2024,High-A,118,Midwest League,565,Quad Cities River Bandits,QC,Shortstop,SS,SS,23,434,0.15898617511520738,0.2304147465437788,0.043000000000000003,0.304,4.151999999999999,0.2147239263803681,0.004608294930875576,0.02534562211981567,0.03225806451612903,0.59,TRUE
690992-2024-118,690992,Ed Howard,Ed Howard,2024,High-A,118,Midwest League,550,South Bend Cubs,SB,Shortstop,SS,SS,22,395,0.06582278481012659,0.2810126582278481,0.07700000000000001,0.328,3.714,0.30180806675938804,0.005063291139240506,0.05569620253164557,0.02278481012658228,1.5,TRUE
703520-2024-118,703520,Brett Bateman,Brett Bateman,2024,High-A,118,Midwest League,550,South Bend Cubs,SB,Outfielder,CF,OF,22,359,0.15598885793871867,0.15877437325905291,0.068,0.34299999999999997,3.969,0.154,0.002785515320334262,0.04178272980501393,0.07242339832869081,1.27,TRUE
694249-2024-126,694249,Cole Carrigg,Cole Carrigg,2024,High-A,126,Northwest League,486,Spokane Indians,SPO,Outfielder,CF,CF,22,510,0.09803921568627451,0.19019607843137254,0.195,0.32,3.718,0.26436781609195403,0.03137254901960784,0.08431372549019608,0.12156862745098039,0.97,TRUE
681377-2024-126,681377,Josh Hood,Josh Hood,2024,High-A,126,Northwest League,403,Everett AquaSox,EVE,Shortstop,SS,SS,23,474,0.10126582278481013,0.24261603375527427,0.17200000000000001,0.29900000000000004,3.8519999999999994,0.29362214199759323,0.03164556962025317,0.08227848101265822,0.05485232067510549,0.89,TRUE
691720-2024-126,691720,Kyle Karros,Kyle Karros,2024,High-A,126,Northwest League,486,Spokane Indians,SPO,Third Base,3B,3B,21,539,0.10018552875695733,0.22820037105751392,0.17400000000000002,0.391,3.8789999999999996,0.2941777323799796,0.027829313543599257,0.09276437847866419,0.03153988868274583,0.81,TRUE
690957-2024-126,690957,Jace Bohrofen,Jace Bohrofen,2024,High-A,126,Northwest League,435,Vancouver Canadians,VAN,Outfielder,RF,OF,22,485,0.12371134020618557,0.23711340206185566,0.17800000000000002,0.318,3.8209999999999997,0.30320366132723114,0.0288659793814433,0.088659793814433,0.026804123711340205,0.6599999999999999,TRUE
687730-2024-126,687730,Caleb Cali,Caleb Cali,2024,High-A,126,Northwest League,403,Everett AquaSox,EVE,Third Base,3B,3B,23,390,0.14102564102564102,0.2846153846153846,0.192,0.301,4.177,0.28041543026706234,0.035897435897435895,0.08461538461538462,0.023076923076923078,0.9500000000000001,TRUE
814194-2024-126,814194,Quinn McDaniel,Quinn McDaniel,2024,High-A,126,Northwest League,461,Eugene Emeralds,EUG,Second Base,2B,2B,21,511,0.13111545988258316,0.324853228962818,0.15500000000000003,0.346,3.9589999999999996,0.3650107991360691,0.025440313111545987,0.07240704500978473,0.09197651663405088,0.74,TRUE
814791-2024-126,814791,Jared Sundstrom,Jared Sundstrom,2024,High-A,126,Northwest League,403,Everett AquaSox,EVE,Outfielder,RF,OF,23,499,0.14228456913827656,0.23446893787575152,0.171,0.33299999999999996,3.671,0.32781065088757394,0.026052104208416832,0.08617234468937876,0.06412825651302605,0.7899999999999999,TRUE
700164-2024-126,700164,Bryant Betancourt,Bryant Betancourt,2024,High-A,126,Northwest League,486,Spokane Indians,SPO,Catcher,C,C,20,433,0.09468822170900693,0.21478060046189376,0.138,0.28200000000000003,3.7830000000000004,0.2795838751625488,0.02771362586605081,0.06004618937644342,0.046189376443418015,0.9,TRUE
694815-2024-126,694815,Jack Hurley,Jack Hurley,2024,High-A,126,Northwest League,419,Hillsboro Hops,HIL,Outfielder,CF,OF,22,505,0.07128712871287128,0.2693069306930693,0.15900000000000003,0.317,3.628,0.32629558541266795,0.023762376237623763,0.0891089108910891,0.039603960396039604,1.1500000000000001,TRUE
681098-2024-126,681098,Bill Knight,Bill Knight,2024,High-A,126,Northwest League,403,Everett AquaSox,EVE,Outfielder,CF,OF,24,479,0.09394572025052192,0.23799582463465555,0.166,0.258,3.701,0.2765460910151692,0.025052192066805846,0.081419624217119,0.07306889352818371,0.8500000000000001,TRUE
695521-2024-126,695521,Gavin Conticello,Gavin Conticello,2024,High-A,126,Northwest League,419,Hillsboro Hops,HIL,Outfielder,RF,3B,21,542,0.08487084870848709,0.21217712177121772,0.14700000000000002,0.351,3.8449999999999998,0.25897187196896215,0.016605166051660517,0.08671586715867159,0.04428044280442804,1.08,TRUE
800959-2024-126,800959,Nick Goodwin,Nick Goodwin,2024,High-A,126,Northwest League,435,Vancouver Canadians,VAN,Shortstop,SS,SS,22,451,0.07317073170731707,0.2572062084257206,0.117,0.257,3.8339999999999996,0.29978118161925604,0.019955654101995565,0.0598669623059867,0.024390243902439025,0.48000000000000004,TRUE
671925-2024-126,671925,Matt Coutney,Matt Coutney,2024,High-A,126,Northwest League,460,Tri-City Dust Devils,TRI,First Base,1B,1B,24,387,0.09819121447028424,0.2532299741602067,0.14800000000000002,0.355,3.8659999999999997,0.2992021276595745,0.020671834625323,0.082687338501292,0.007751937984496124,1.3,TRUE
691726-2024-126,691726,Kevin Sim,Kevin Sim,2024,High-A,126,Northwest League,419,Hillsboro Hops,HIL,First Base,1B,3B,22,391,0.07161125319693094,0.2659846547314578,0.118,0.257,3.752,0.33377837116154874,0.020460358056265986,0.0639386189258312,0.020460358056265986,1.43,TRUE
699912-2024-126,699912,Jose Fernandez,Jose Fernandez,2024,High-A,126,Northwest League,419,Hillsboro Hops,HIL,Third Base,3B,DH,20,387,0.04392764857881137,0.21963824289405684,0.088,0.315,3.4909999999999997,0.26881720430107525,0.01808785529715762,0.041343669250646,0.03875968992248062,1.09,TRUE
814408-2024-126,814408,Jackson Hornung,Jackson Hornung,2024,High-A,126,Northwest League,435,Vancouver Canadians,VAN,Catcher,C,OF,23,463,0.09719222462203024,0.24622030237580994,0.115,0.34099999999999997,3.9109999999999996,0.27611940298507465,0.012958963282937365,0.07127429805615551,0,1.42,TRUE
810053-2024-126,810053,Caleb Ketchup,Caleb Ketchup,2024,High-A,126,Northwest League,460,Tri-City Dust Devils,TRI,Second Base,2B,SS,22,500,0.124,0.266,0.10600000000000001,0.28200000000000003,4.103999999999999,0.30957683741648107,0.012,0.06,0.144,0.61,TRUE
692046-2024-126,692046,Axel Sanchez,Axel Sanchez,2024,High-A,126,Northwest League,403,Everett AquaSox,EVE,Shortstop,SS,SS,21,393,0.089058524173028,0.2824427480916031,0.07600000000000001,0.268,3.771,0.3233695652173913,0.01272264631043257,0.035623409669211195,0.061068702290076333,0.97,TRUE
682648-2024-126,682648,Juan Guerrero,Juan Guerrero,2024,High-A,126,Northwest League,486,Spokane Indians,SPO,Outfielder,LF,SS,22,385,0.04935064935064935,0.14025974025974025,0.098,0.34299999999999997,3.53,0.19619326500732065,0.01038961038961039,0.06753246753246753,0.06493506493506493,1.04,TRUE
694211-2024-126,694211,Manuel Pena,Manuel Pena,2024,High-A,126,Northwest League,419,Hillsboro Hops,HIL,Second Base,2B,SS,20,491,0.06720977596741344,0.2158859470468432,0.095,0.35,3.678,0.27450980392156865,0.008146639511201629,0.06720977596741344,0.04073319755600815,1.27,TRUE
690956-2024-126,690956,Werner Blakely,Werner Blakely,2024,High-A,126,Northwest League,460,Tri-City Dust Devils,TRI,Outfielder,CF,OF,22,382,0.13089005235602094,0.2905759162303665,0.098,0.304,4.058,0.3191823899371069,0.005235602094240838,0.06282722513089005,0.04450261780104712,0.8300000000000001,TRUE
694170-2024-126,694170,Dyan Jorge,Dyan Jorge,2024,High-A,126,Northwest League,486,Spokane Indians,SPO,Shortstop,SS,SS,21,541,0.08872458410351201,0.2255083179297597,0.052000000000000005,0.35,3.793,0.28713968957871394,0.0036968576709796672,0.033271719038817,0.08502772643253234,1.6400000000000001,TRUE
669899-2024-112,669899,Ryan Ward,Ryan Ward,2024,Triple-A,112,Pacific Coast League,238,Oklahoma City Baseball Club,OKC,Outfielder,RF,LF,26,520,0.07884615384615384,0.27115384615384613,0.28500000000000003,0.29400000000000004,3.927,0.29014084507042254,0.06346153846153846,0.11923076923076924,0.026923076923076925,0.96,TRUE
613564-2024-112,613564,Jason Vosler,Jason Vosler,2024,Triple-A,112,Pacific Coast League,529,Tacoma Rainiers,TAC,First Base,1B,3B,30,524,0.08778625954198473,0.21564885496183206,0.27,0.33699999999999997,3.9179999999999997,0.23412698412698413,0.05916030534351145,0.11450381679389313,0.009541984732824428,0.6699999999999999,TRUE
664247-2024-112,664247,Kyle Garlick,Kyle Garlick,2024,Triple-A,112,Pacific Coast League,2310,Reno Aces,RNO,Outfielder,LF,LF,32,623,0.11396468699839486,0.27447833065810595,0.20700000000000002,0.28800000000000003,3.8559999999999994,0.29856115107913667,0.0449438202247191,0.08507223113964688,0.0032102728731942215,0.81,TRUE
542208-2024-112,542208,Carlos Pérez,Carlos Pérez,2024,Triple-A,112,Pacific Coast League,400,Las Vegas Aviators,LV,Catcher,C,C,33,468,0.1047008547008547,0.17094017094017094,0.28400000000000003,0.258,3.8059999999999996,0.19006211180124225,0.057692307692307696,0.12393162393162394,0,0.61,TRUE
680728-2024-112,680728,Adrian Del Castillo,Adrian Del Castillo,2024,Triple-A,112,Pacific Coast League,2310,Reno Aces,RNO,Catcher,C,DH,24,474,0.1160337552742616,0.16877637130801687,0.29100000000000004,0.33399999999999996,3.728,0.23464373464373464,0.05485232067510549,0.1371308016877637,0,0.81,TRUE
665846-2024-112,665846,Jesús Bastidas,Jesús Bastidas,2024,Triple-A,112,Pacific Coast League,5434,Sugar Land Space Cowboys,SUG,Second Base,2B,SS,25,606,0.0891089108910891,0.23102310231023102,0.20600000000000002,0.28,3.693,0.2854757929883139,0.041254125412541254,0.09405940594059406,0.0297029702970297,0.58,TRUE
686531-2024-112,686531,Andre Lipcius,Andre Lipcius,2024,Triple-A,112,Pacific Coast League,238,Oklahoma City Baseball Club,OKC,First Base,1B,2B,26,636,0.1069182389937107,0.2279874213836478,0.187,0.322,4.111999999999999,0.2971698113207547,0.03930817610062893,0.08333333333333333,0.020440251572327043,0.72,TRUE
694376-2024-112,694376,Shay Whitcomb,Shay Whitcomb,2024,Triple-A,112,Pacific Coast League,5434,Sugar Land Space Cowboys,SUG,Third Base,3B,3B,25,481,0.1101871101871102,0.19750519750519752,0.23700000000000002,0.32,3.74,0.2811764705882353,0.05197505197505198,0.09563409563409564,0.07068607068607069,0.8700000000000001,TRUE
694175-2024-112,694175,Pedro León,Pedro León,2024,Triple-A,112,Pacific Coast League,5434,Sugar Land Space Cowboys,SUG,Outfielder,CF,RF,26,533,0.08067542213883677,0.2701688555347092,0.21500000000000002,0.38,3.8759999999999994,0.32097560975609757,0.0450281425891182,0.09568480300187618,0.075046904315197,0.8600000000000001,TRUE
672359-2024-112,672359,Tirso Ornelas,Tirso Ornelas,2024,Triple-A,112,Pacific Coast League,4904,El Paso Chihuahuas,ELP,Outfielder,LF,LF,24,548,0.09671532846715329,0.16058394160583941,0.2,0.318,3.867,0.2082514734774067,0.041970802919708027,0.08941605839416059,0.016423357664233577,1.1900000000000002,TRUE
672478-2024-112,672478,Jordan Diaz,Jordan Diaz,2024,Triple-A,112,Pacific Coast League,400,Las Vegas Aviators,LV,Designated Hitter,DH,2B,23,436,0.0779816513761468,0.17889908256880735,0.228,0.327,3.5989999999999998,0.25235849056603776,0.05045871559633028,0.10321100917431193,0,1.86,TRUE
668751-2024-112,668751,Cal Mitchell,Cal Mitchell,2024,Triple-A,112,Pacific Coast League,4904,El Paso Chihuahuas,ELP,Outfielder,RF,LF,25,469,0.11727078891257996,0.2025586353944563,0.23500000000000001,0.307,3.8909999999999996,0.24784217016029594,0.046908315565031986,0.10660980810234541,0.03837953091684435,0.89,TRUE
676116-2024-112,676116,Ryan Noda,Ryan Noda,2024,Triple-A,112,Pacific Coast League,400,Las Vegas Aviators,LV,First Base,1B,1B,28,447,0.19910514541387025,0.29977628635346754,0.261,0.28900000000000003,4.438000000000001,0.36552567237163813,0.049217002237136466,0.10067114093959731,0.013422818791946308,0.89,TRUE
666703-2024-112,666703,Eguy Rosario,Eguy Rosario,2024,Triple-A,112,Pacific Coast League,4904,El Paso Chihuahuas,ELP,Third Base,3B,3B,24,413,0.1234866828087167,0.21307506053268765,0.268,0.29000000000000004,4.012,0.2885375494071146,0.05084745762711865,0.11864406779661017,0.05811138014527845,0.91,TRUE
688760-2024-112,688760,Blaine Crim,Blaine Crim,2024,Triple-A,112,Pacific Coast League,102,Round Rock Express,RR,First Base,1B,1B,27,586,0.11945392491467577,0.17235494880546076,0.192,0.309,3.662,0.2525354969574036,0.034129692832764506,0.09385665529010238,0.013651877133105802,0.81,TRUE
665953-2024-112,665953,Andrés Chaparro,Andrés Chaparro,2024,Triple-A,112,Pacific Coast League,2310,Reno Aces,RNO,Third Base,3B,1B,25,414,0.09903381642512077,0.17632850241545894,0.232,0.372,3.7,0.26814268142681424,0.04589371980676329,0.1111111111111111,0.007246376811594203,0.8300000000000001,TRUE
680693-2024-112,680693,Grant Lavigne,Grant Lavigne,2024,Triple-A,112,Pacific Coast League,342,Albuquerque Isotopes,ABQ,First Base,1B,1B,24,530,0.13773584905660377,0.269811320754717,0.184,0.312,3.925,0.3347547974413646,0.033962264150943396,0.07358490566037736,0.03207547169811321,0.97,TRUE
660758-2024-112,660758,Sandro Fabian,Sandro Fabian,2024,Triple-A,112,Pacific Coast League,102,Round Rock Express,RR,Outfielder,RF,RF,26,501,0.08982035928143713,0.15169660678642716,0.192,0.29100000000000004,3.8319999999999994,0.19783783783783784,0.033932135728542916,0.0998003992015968,0.015968063872255488,1.11,TRUE
682210-2024-112,682210,Kody Hoese,Kody Hoese,2024,Triple-A,112,Pacific Coast League,238,Oklahoma City Baseball Club,OKC,Third Base,3B,3B,26,525,0.09904761904761905,0.1980952380952381,0.188,0.33399999999999996,3.691,0.23638232271325796,0.03238095238095238,0.09714285714285714,0.0038095238095238095,0.88,TRUE
664954-2024-112,664954,Brett Sullivan,Brett Sullivan,2024,Triple-A,112,Pacific Coast League,4904,El Paso Chihuahuas,ELP,Catcher,C,C,30,453,0.10816777041942605,0.13245033112582782,0.222,0.269,3.642,0.13350785340314136,0.037527593818984545,0.10596026490066225,0.006622516556291391,0.45,TRUE
663536-2024-112,663536,Tristin English,Tristin English,2024,Triple-A,112,Pacific Coast League,2310,Reno Aces,RNO,First Base,1B,OF,27,479,0.06680584551148225,0.19832985386221294,0.161,0.301,3.5759999999999996,0.23429179978700745,0.033402922755741124,0.07515657620041753,0.014613778705636743,1.02,TRUE
675659-2024-112,675659,Greg Jones,Greg Jones,2024,Triple-A,112,Pacific Coast League,342,Albuquerque Isotopes,ABQ,Outfielder,CF,LF,26,406,0.09113300492610837,0.3522167487684729,0.191,0.399,3.953,0.39103362391033625,0.03940886699507389,0.08620689655172414,0.1206896551724138,1.32,TRUE
681584-2024-112,681584,David Villar,David Villar,2024,Triple-A,112,Pacific Coast League,105,Sacramento River Cats,SAC,Third Base,3B,1B,27,482,0.12448132780082988,0.2572614107883817,0.181,0.328,4.052,0.29953379953379955,0.03319502074688797,0.08713692946058091,0.006224066390041493,0.72,TRUE
680810-2024-112,680810,Quincy Hamilton,Quincy Hamilton,2024,Triple-A,112,Pacific Coast League,5434,Sugar Land Space Cowboys,SUG,Outfielder,RF,OF,26,410,0.13170731707317074,0.22926829268292684,0.21800000000000003,0.29200000000000004,4.173,0.25,0.036585365853658534,0.1,0.02926829268292683,0.8400000000000001,TRUE
676939-2024-112,676939,Jimmy Herron,Jimmy Herron,2024,Triple-A,112,Pacific Coast League,342,Albuquerque Isotopes,ABQ,Outfielder,LF,LF,27,413,0.09685230024213075,0.14043583535108958,0.17300000000000001,0.29800000000000004,3.6559999999999997,0.1822289156626506,0.03389830508474576,0.0774818401937046,0.05084745762711865,0.75,TRUE
669087-2024-112,669087,Sam Huff,Sam Huff,2024,Triple-A,112,Pacific Coast League,102,Round Rock Express,RR,Catcher,C,C,26,477,0.08176100628930817,0.31446540880503143,0.17,0.344,3.698,0.3351063829787234,0.027253668763102725,0.09853249475890985,0,1.11,TRUE
687799-2024-112,687799,Cade Marlowe,Cade Marlowe,2024,Triple-A,112,Pacific Coast League,529,Tacoma Rainiers,TAC,Outfielder,RF,OF,27,411,0.13381995133819952,0.3236009732360097,0.16,0.33199999999999996,4.029,0.3299492385786802,0.031630170316301706,0.06082725060827251,0.12165450121654502,0.41000000000000003,TRUE
700242-2024-112,700242,Trey Sweeney,Trey Sweeney,2024,Triple-A,112,Pacific Coast League,238,Oklahoma City Baseball Club,OKC,Shortstop,SS,SS,24,440,0.1,0.2681818181818182,0.17200000000000001,0.32999999999999996,3.8409999999999997,0.2782051282051282,0.029545454545454545,0.08636363636363636,0.04318181818181818,1.24,TRUE
669208-2024-112,669208,Ryan Bliss,Ryan Bliss,2024,Triple-A,112,Pacific Coast League,529,Tacoma Rainiers,TAC,Shortstop,SS,2B,24,433,0.14087759815242495,0.22401847575057737,0.186,0.33099999999999996,4.083,0.29572446555819476,0.02771362586605081,0.09237875288683603,0.14549653579676675,1.1900000000000002,TRUE
641779-2024-112,641779,Charles Leblanc,Charles Leblanc,2024,Triple-A,112,Pacific Coast League,561,Salt Lake Bees,SL,First Base,1B,SS,28,414,0.1642512077294686,0.24879227053140096,0.183,0.325,4.026999999999999,0.24508320726172467,0.028985507246376812,0.08454106280193237,0.016908212560386472,0.64,TRUE
605346-2024-112,605346,Jack López,Jack López,2024,Triple-A,112,Pacific Coast League,561,Salt Lake Bees,SL,Shortstop,SS,2B,31,432,0.07175925925925926,0.2569444444444444,0.14700000000000002,0.351,3.7640000000000002,0.29607609988109396,0.027777777777777776,0.06944444444444445,0.05092592592592592,1.32,TRUE
669386-2024-112,669386,Trevor Hauver,Trevor Hauver,2024,Triple-A,112,Pacific Coast League,102,Round Rock Express,RR,Outfielder,LF,2B,25,420,0.14047619047619048,0.2976190476190476,0.17800000000000002,0.347,4.35,0.285140562248996,0.02619047619047619,0.09523809523809523,0.004761904761904762,1.01,TRUE
669392-2024-112,669392,Samad Taylor,Samad Taylor,2024,Triple-A,112,Pacific Coast League,529,Tacoma Rainiers,TAC,Second Base,2B,LF,25,599,0.11352253756260434,0.2604340567612688,0.118,0.352,4.154999999999999,0.2736842105263158,0.018363939899833055,0.05676126878130217,0.10851419031719532,1.1900000000000002,TRUE
677941-2024-112,677941,Jordyn Adams,Jordyn Adams,2024,Triple-A,112,Pacific Coast League,561,Salt Lake Bees,SL,Outfielder,CF,CF,24,549,0.09289617486338798,0.26958105646630237,0.12400000000000001,0.352,3.645,0.2919563058589871,0.018214936247723135,0.06557377049180328,0.07103825136612021,1.1600000000000001,TRUE
676946-2024-112,676946,Matthew Batten,Matthew Batten,2024,Triple-A,112,Pacific Coast League,4904,El Paso Chihuahuas,ELP,Third Base,3B,2B,29,546,0.09340659340659341,0.2032967032967033,0.125,0.301,3.795,0.21262458471760798,0.018315018315018316,0.06776556776556776,0.04212454212454213,0.73,TRUE
670092-2024-112,670092,Trenton Brooks,Trenton Brooks,2024,Triple-A,112,Pacific Coast League,105,Sacramento River Cats,SAC,First Base,1B,LF,28,407,0.1547911547911548,0.14987714987714987,0.15100000000000002,0.33599999999999997,4.015,0.19971056439942114,0.02457002457002457,0.07125307125307126,0.02702702702702703,0.7,TRUE
687957-2024-112,687957,Dustin Harris,Dustin Harris,2024,Triple-A,112,Pacific Coast League,102,Round Rock Express,RR,Outfielder,CF,LF,24,564,0.10815602836879433,0.21808510638297873,0.119,0.33899999999999997,3.9749999999999996,0.22854291417165667,0.01773049645390071,0.06205673758865248,0.0797872340425532,0.75,TRUE
669450-2024-112,669450,Cooper Hummel,Cooper Hummel,2024,Triple-A,112,Pacific Coast League,5434,Sugar Land Space Cowboys,SUG,Outfielder,LF,LF,29,442,0.17873303167420815,0.20135746606334842,0.17700000000000002,0.34099999999999997,4.09,0.23381770145310435,0.02262443438914027,0.08823529411764706,0.042986425339366516,1.33,TRUE
546991-2024-112,546991,Albert Almora Jr.,Albert Almora Jr.,2024,Triple-A,112,Pacific Coast League,2310,Reno Aces,RNO,Outfielder,CF,OF,30,576,0.07291666666666667,0.140625,0.14600000000000002,0.329,3.523,0.20406189555125726,0.015625,0.09722222222222222,0.046875,0.9500000000000001,TRUE
666183-2024-112,666183,Hunter Bishop,Hunter Bishop,2024,Triple-A,112,Pacific Coast League,105,Sacramento River Cats,SAC,Outfielder,CF,OF,26,413,0.08232445520581114,0.2736077481840194,0.14,0.321,3.799,0.32100396301188905,0.021791767554479417,0.07263922518159806,0.03389830508474576,1,TRUE
660829-2024-112,660829,Hoy Park,Hoy Park,2024,Triple-A,112,Pacific Coast League,400,Las Vegas Aviators,LV,Outfielder,RF,SS,28,434,0.1543778801843318,0.22580645161290322,0.14200000000000002,0.323,4.189,0.24966442953020135,0.020737327188940093,0.06912442396313365,0.04838709677419355,1.1800000000000002,TRUE
642727-2024-112,642727,Sergio Alcántara,Sergio Alcántara,2024,Triple-A,112,Pacific Coast League,2310,Reno Aces,RNO,Shortstop,SS,SS,27,450,0.15333333333333332,0.18222222222222223,0.15400000000000003,0.33599999999999997,4.066999999999999,0.2034805890227577,0.017777777777777778,0.07777777777777778,0.017777777777777778,1.06,TRUE
682183-2024-112,682183,Drew Avans,Drew Avans,2024,Triple-A,112,Pacific Coast League,238,Oklahoma City Baseball Club,OKC,Outfielder,CF,LF,28,625,0.128,0.2512,0.12400000000000001,0.368,4.056,0.2699652777777778,0.0128,0.0688,0.0656,1.01,TRUE
667663-2024-112,667663,Hunter Stovall,Hunter Stovall,2024,Triple-A,112,Pacific Coast League,342,Albuquerque Isotopes,ABQ,Second Base,2B,2B,27,431,0.06728538283062645,0.11600928074245939,0.10300000000000001,0.29400000000000004,3.265,0.17282321899736147,0.016241299303944315,0.060324825986078884,0.037122969837587005,1.12,TRUE
669200-2024-112,669200,Mason McCoy,Mason McCoy,2024,Triple-A,112,Pacific Coast League,4904,El Paso Chihuahuas,ELP,Shortstop,SS,2B,29,432,0.09027777777777778,0.24305555555555555,0.12200000000000001,0.34299999999999997,3.88,0.26918075422626786,0.011574074074074073,0.0787037037037037,0.0763888888888889,0.74,TRUE
670148-2024-112,670148,Nate Mondou,Nate Mondou,2024,Triple-A,112,Pacific Coast League,4904,El Paso Chihuahuas,ELP,First Base,1B,2B,29,443,0.12415349887133183,0.20090293453724606,0.137,0.33099999999999996,3.948,0.21303841676367868,0.011286681715575621,0.0744920993227991,0.033860045146726865,0.75,TRUE
669326-2024-112,669326,Bryce Teodosio,Bryce Teodosio,2024,Triple-A,112,Pacific Coast League,561,Salt Lake Bees,SL,Outfielder,CF,LF,25,462,0.07575757575757576,0.2597402597402597,0.14200000000000002,0.372,3.3459999999999996,0.2878980891719745,0.010822510822510822,0.07792207792207792,0.09523809523809523,0.93,TRUE
519303-2024-112,519303,Elliot Soto,Elliot Soto,2024,Triple-A,112,Pacific Coast League,561,Salt Lake Bees,SL,Shortstop,SS,SS,34,468,0.12393162393162394,0.23931623931623933,0.083,0.29700000000000004,3.9719999999999995,0.26987951807228916,0.008547008547008548,0.04700854700854701,0.05555555555555555,1.09,TRUE
680890-2024-112,680890,Jax Biggers,Jax Biggers,2024,Triple-A,112,Pacific Coast League,102,Round Rock Express,RR,Second Base,2B,2B,27,452,0.1570796460176991,0.19247787610619468,0.10700000000000001,0.345,4.013,0.19775596072931276,0.00663716814159292,0.06415929203539823,0.03761061946902655,0.73,TRUE
702789-2024-112,702789,Austin Gauthier,Austin Gauthier,2024,Triple-A,112,Pacific Coast League,238,Oklahoma City Baseball Club,OKC,Outfielder,LF,SS,25,425,0.13176470588235295,0.20470588235294118,0.082,0.32,3.847,0.2213225371120108,0.004705882352941176,0.05176470588235294,0.02588235294117647,1.49,TRUE
676566-2024-116,676566,Shawn Ross,Shawn Ross,2024,High-A,116,South Atlantic League,477,Greensboro Grasshoppers,GBO,Catcher,C,C,24,375,0.152,0.352,0.266,0.23500000000000001,4.293,0.386046511627907,0.06133333333333333,0.09066666666666667,0.034666666666666665,0.4,TRUE
800232-2024-116,800232,Luis Baez,Luis Baez,2024,High-A,116,South Atlantic League,573,Asheville Tourists,ASH,Outfielder,RF,OF,20,407,0.05405405405405406,0.2727272727272727,0.21600000000000003,0.315,3.548,0.33042394014962595,0.04914004914004914,0.10319410319410319,0.02457002457002457,0.71,TRUE
682793-2024-116,682793,Bryan Gonzalez,Bryan Gonzalez,2024,High-A,116,South Atlantic League,428,Greenville Drive,GVL,First Base,1B,OF,22,362,0.08011049723756906,0.31767955801104975,0.23500000000000001,0.356,3.8539999999999996,0.3897364771151179,0.055248618784530384,0.09668508287292818,0.06906077348066299,1.36,TRUE
677342-2024-116,677342,Brock Jones,Brock Jones,2024,High-A,116,South Atlantic League,2498,Bowling Green Hot Rods,BG,Outfielder,RF,OF,23,377,0.11671087533156499,0.376657824933687,0.221,0.33299999999999996,4.113999999999999,0.41388518024032045,0.04509283819628647,0.09814323607427056,0.09549071618037135,0.8700000000000001,TRUE
695770-2024-116,695770,Wes Kath,Wes Kath,2024,High-A,116,South Atlantic League,580,Winston-Salem Dash,WS,Third Base,3B,3B,21,459,0.09368191721132897,0.33769063180827885,0.183,0.322,3.993,0.424400417101147,0.034858387799564274,0.08496732026143791,0.0196078431372549,0.7799999999999999,TRUE
807742-2024-116,807742,Colton Ledbetter,Colton Ledbetter,2024,High-A,116,South Atlantic League,2498,Bowling Green Hot Rods,BG,Outfielder,RF,CF,22,446,0.08071748878923767,0.2825112107623318,0.21000000000000002,0.352,3.8319999999999994,0.31938325991189426,0.03587443946188341,0.10089686098654709,0.09192825112107623,0.47000000000000003,TRUE
691369-2024-116,691369,Allan Castro,Allan Castro,2024,High-A,116,South Atlantic League,428,Greenville Drive,GVL,Outfielder,CF,CF,21,413,0.14769975786924938,0.22760290556900725,0.20600000000000002,0.29300000000000004,3.847,0.26956521739130435,0.03389830508474576,0.09443099273607748,0.031476997578692496,1.01,TRUE
802459-2024-116,802459,Ryan Johnson,Ryan Johnson,2024,High-A,116,South Atlantic League,573,Asheville Tourists,ASH,Shortstop,SS,2B,23,412,0.09951456310679611,0.41262135922330095,0.14400000000000002,0.328,4,0.4315659679408138,0.03398058252427184,0.05825242718446602,0.02669902912621359,0.7,TRUE
694966-2024-116,694966,Brayden Taylor,Brayden Taylor,2024,High-A,116,South Atlantic League,2498,Bowling Green Hot Rods,BG,Shortstop,SS,SS,22,383,0.15926892950391644,0.24804177545691905,0.24400000000000002,0.33799999999999997,4.122999999999999,0.2818181818181818,0.03655352480417755,0.11488250652741515,0.0835509138381201,0.4,TRUE
696145-2024-116,696145,Lonnie White Jr.,Lonnie White Jr.,2024,High-A,116,South Atlantic League,477,Greensboro Grasshoppers,GBO,Outfielder,CF,OF,21,375,0.096,0.344,0.17300000000000001,0.21900000000000003,4.072,0.37056504599211565,0.037333333333333336,0.06933333333333333,0.056,0.74,TRUE
695604-2024-116,695604,T.J. White,T.J. White,2024,High-A,116,South Atlantic League,426,Wilmington Blue Rocks,WIL,Designated Hitter,DH,OF,20,430,0.11162790697674418,0.30930232558139537,0.162,0.268,4.012,0.3723536737235367,0.03255813953488372,0.06976744186046512,0.009302325581395349,0.8200000000000001,TRUE
802991-2024-116,802991,E.J. Exposito,E.J. Exposito,2024,High-A,116,South Atlantic League,432,Rome Emperors,ROM,Shortstop,SS,SS,23,477,0.09224318658280922,0.24109014675052412,0.17900000000000002,0.29200000000000004,3.625,0.30242825607064017,0.027253668763102725,0.09643605870020965,0.08176100628930817,0.55,TRUE
687431-2024-116,687431,Hudson Head,Hudson Head,2024,High-A,116,South Atlantic League,477,Greensboro Grasshoppers,GBO,Outfielder,LF,CF,23,416,0.10817307692307693,0.31971153846153844,0.17500000000000002,0.28600000000000003,3.9859999999999998,0.3136762860727729,0.03125,0.07451923076923077,0.03125,0.8300000000000001,TRUE
690991-2024-116,690991,Mac Horvath,Mac Horvath,2024,High-A,116,South Atlantic League,2498,Bowling Green Hot Rods,BG,Third Base,3B,3B,22,444,0.10810810810810811,0.25900900900900903,0.17700000000000002,0.28500000000000003,4.0969999999999995,0.2572944297082228,0.02927927927927928,0.08783783783783784,0.08333333333333333,0.54,TRUE
702261-2024-116,702261,Termarr Johnson,Termarr Johnson,2024,High-A,116,South Atlantic League,477,Greensboro Grasshoppers,GBO,Second Base,2B,SS,20,487,0.1601642710472279,0.21560574948665298,0.14700000000000002,0.28800000000000003,3.9959999999999996,0.3172866520787746,0.026694045174537988,0.063655030800821355,0.049281314168377825,1.1800000000000002,TRUE
683079-2024-116,683079,Omar Martinez,Omar Martinez,2024,High-A,116,South Atlantic League,537,Hudson Valley Renegades,HV,Catcher,C,C,22,430,0.1697674418604651,0.23488372093023255,0.166,0.29400000000000004,4.019,0.2754569190600522,0.030232558139534883,0.06976744186046512,0.0069767441860465115,0.8500000000000001,TRUE
691858-2024-116,691858,Jared Serna,Jared Serna,2024,High-A,116,South Atlantic League,537,Hudson Valley Renegades,HV,Shortstop,SS,SS,22,393,0.10178117048346055,0.15267175572519084,0.191,0.268,3.761,0.21807747489239598,0.03307888040712468,0.09923664122137404,0.04834605597964377,0.7799999999999999,TRUE
695508-2024-116,695508,Cam Cauley,Cam Cauley,2024,High-A,116,South Atlantic League,448,Hickory Crawdads,HIC,Shortstop,SS,CF,21,404,0.08168316831683169,0.29207920792079206,0.17600000000000002,0.311,3.782,0.3112313937753721,0.0297029702970297,0.08663366336633663,0.07178217821782178,0.93,TRUE
691792-2024-116,691792,Roc Riggio,Roc Riggio,2024,High-A,116,South Atlantic League,537,Hudson Valley Renegades,HV,Second Base,2B,2B,22,480,0.14791666666666667,0.20208333333333334,0.17600000000000002,0.264,3.8519999999999994,0.2645161290322581,0.022916666666666665,0.08958333333333333,0.06875,0.74,TRUE
689688-2024-116,689688,Ethan Workinger,Ethan Workinger,2024,High-A,116,South Atlantic League,432,Rome Emperors,ROM,Outfielder,LF,CF,22,424,0.11556603773584906,0.19811320754716982,0.14800000000000002,0.316,4.0169999999999995,0.26438188494492043,0.025943396226415096,0.06839622641509434,0.030660377358490566,0.8400000000000001,TRUE
701778-2024-116,701778,Jace Avina,Jace Avina,2024,High-A,116,South Atlantic League,537,Hudson Valley Renegades,HV,Outfielder,CF,LF,21,397,0.08060453400503778,0.27204030226700254,0.15400000000000003,0.318,3.4559999999999995,0.33825701624815363,0.02518891687657431,0.08564231738035265,0.012594458438287154,0.6599999999999999,TRUE
695048-2024-116,695048,Garret Guillemette,Garret Guillemette,2024,High-A,116,South Atlantic League,573,Asheville Tourists,ASH,Catcher,C,C,22,383,0.09399477806788512,0.2741514360313316,0.133,0.274,3.695,0.329803328290469,0.02610966057441253,0.06527415143603134,0.010443864229765013,0.71,TRUE
695692-2024-116,695692,Cooper Kinney,Cooper Kinney,2024,High-A,116,South Atlantic League,2498,Bowling Green Hot Rods,BG,Second Base,2B,2B,21,361,0.0886426592797784,0.22160664819944598,0.20500000000000002,0.35,3.792,0.24722222222222223,0.027700831024930747,0.12188365650969529,0.024930747922437674,1,TRUE
806964-2024-116,806964,Sebastian Walcott,Sebastian Walcott,2024,High-A,116,South Atlantic League,448,Hickory Crawdads,HIC,Shortstop,SS,SS,18,491,0.10590631364562118,0.2545824847250509,0.182,0.34199999999999997,3.733,0.3242924528301887,0.020366598778004074,0.10183299389002037,0.06924643584521385,0.8700000000000001,TRUE
700845-2024-116,700845,Adam Zebrowski,Adam Zebrowski,2024,High-A,116,South Atlantic League,432,Rome Emperors,ROM,Catcher,C,C,23,372,0.0913978494623656,0.29301075268817206,0.14100000000000001,0.29200000000000004,3.8789999999999996,0.32193732193732194,0.026881720430107527,0.06182795698924731,0.008064516129032258,1.1700000000000002,TRUE
694218-2024-116,694218,Yeison Morrobel,Yeison Morrobel,2024,High-A,116,South Atlantic League,448,Hickory Crawdads,HIC,Outfielder,RF,OF,20,471,0.08067940552016985,0.22505307855626328,0.112,0.258,3.6919999999999997,0.25748502994011974,0.01910828025477707,0.06157112526539278,0.02335456475583864,0.73,TRUE
694742-2024-116,694742,Josh Moylan,Josh Moylan,2024,High-A,116,South Atlantic League,537,Hudson Valley Renegades,HV,First Base,1B,1B,21,406,0.1354679802955665,0.2512315270935961,0.135,0.323,3.8519999999999994,0.28088235294117647,0.019704433497536946,0.06896551724137931,0.014778325123152709,1.24,TRUE
691385-2024-116,691385,Ronald Rosario,Ronald Rosario,2024,High-A,116,South Atlantic League,428,Greenville Drive,GVL,Catcher,C,C,21,427,0.07494145199063232,0.1920374707259953,0.115,0.28700000000000003,3.6319999999999997,0.2484237074401009,0.01873536299765808,0.06557377049180328,0.00702576112412178,1.45,TRUE
694214-2024-116,694214,Samuel Zavala,Samuel Zavala,2024,High-A,116,South Atlantic League,580,Winston-Salem Dash,WS,Outfielder,CF,CF,19,467,0.1777301927194861,0.22269807280513917,0.115,0.234,4.221,0.2287390029325513,0.017130620985010708,0.05353319057815846,0.04068522483940043,1.07,TRUE
801523-2024-116,801523,Chris Suero,Chris Suero,2024,High-A,116,South Atlantic League,453,Brooklyn Cyclones,BRK,Catcher,C,C,20,357,0.14565826330532214,0.22969187675070027,0.12200000000000001,0.28700000000000003,4,0.2961832061068702,0.0196078431372549,0.056022408963585436,0.058823529411764705,0.59,TRUE
691645-2024-116,691645,Jefrey De Los Santos,Jefrey De Los Santos,2024,High-A,116,South Atlantic League,453,Brooklyn Cyclones,BRK,Second Base,2B,SS,21,358,0.09497206703910614,0.2737430167597765,0.137,0.257,4.045,0.3176470588235294,0.01675977653631285,0.0782122905027933,0.013966480446927373,0.73,TRUE
690983-2024-116,690983,Hunter Haas,Hunter Haas,2024,High-A,116,South Atlantic League,2498,Bowling Green Hot Rods,BG,Shortstop,SS,SS,22,416,0.08653846153846154,0.2644230769230769,0.10800000000000001,0.254,3.8989999999999996,0.3069053708439898,0.014423076923076924,0.06009615384615385,0.036057692307692304,0.52,TRUE
694991-2024-116,694991,Mitch Jebb,Mitch Jebb,2024,High-A,116,South Atlantic League,477,Greensboro Grasshoppers,GBO,Second Base,2B,SS,22,497,0.11267605633802817,0.19114688128772636,0.10200000000000001,0.309,3.634,0.21986754966887417,0.012072434607645875,0.05030181086519115,0.10261569416498995,0.97,TRUE
691708-2024-116,691708,Junior Tilien,Junior Tilien,2024,High-A,116,South Atlantic League,453,Brooklyn Cyclones,BRK,Second Base,2B,SS,21,440,0.09090909090909091,0.19318181818181818,0.09899999999999999,0.277,3.714,0.2245430809399478,0.013636363636363636,0.056818181818181816,0.011363636363636364,0.8200000000000001,TRUE
677356-2024-116,677356,Carter Young,Carter Young,2024,High-A,116,South Atlantic League,488,Aberdeen IronBirds,ABD,Shortstop,SS,SS,23,398,0.0829145728643216,0.26884422110552764,0.114,0.276,3.905,0.3046272493573265,0.01507537688442211,0.06281407035175879,0.06030150753768844,1.1,TRUE
687201-2024-116,687201,Kevin Kilpatrick Jr.,Kevin Kilpatrick Jr.,2024,High-A,116,South Atlantic League,432,Rome Emperors,ROM,Outfielder,CF,OF,23,542,0.0940959409594096,0.25830258302583026,0.094,0.322,3.823,0.31822660098522165,0.00922509225092251,0.055350553505535055,0.1088560885608856,1.31,TRUE
688500-2024-116,688500,Stephen Paolini,Stephen Paolini,2024,High-A,116,South Atlantic League,432,Rome Emperors,ROM,Outfielder,RF,CF,23,404,0.11633663366336634,0.32425742574257427,0.10300000000000001,0.32999999999999996,4.01,0.331151832460733,0.012376237623762377,0.0594059405940594,0.054455445544554455,1.12,TRUE
694884-2024-116,694884,Jalen Vasquez,Jalen Vasquez,2024,High-A,116,South Atlantic League,488,Aberdeen IronBirds,ABD,Shortstop,SS,SS,22,356,0.15168539325842698,0.27808988764044945,0.118,0.308,4.2700000000000005,0.30030959752321984,0.011235955056179775,0.06460674157303371,0.12078651685393259,0.73,TRUE
702708-2024-116,702708,Emaarion Boyd,Emaarion Boyd,2024,High-A,116,South Atlantic League,427,Jersey Shore BlueClaws,JS,Outfielder,CF,LF,20,400,0.0675,0.195,0.091,0.29700000000000004,3.485,0.24034334763948498,0.0075,0.0525,0.0975,1.53,TRUE
694754-2024-116,694754,Sabin Ceballos,Sabin Ceballos,2024,High-A,116,South Atlantic League,432,Rome Emperors,ROM,Third Base,3B,3B,21,377,0.09814323607427056,0.1909814323607427,0.095,0.323,4.034,0.20967741935483872,0.007957559681697613,0.0636604774535809,0.03183023872679045,0.93,TRUE
694230-2024-116,694230,Hendry Mendez,Hendry Mendez,2024,High-A,116,South Atlantic League,427,Jersey Shore BlueClaws,JS,Designated Hitter,DH,OF,20,373,0.13941018766756033,0.13941018766756033,0.10700000000000001,0.32999999999999996,3.5949999999999998,0.19281045751633988,0.00804289544235925,0.06702412868632708,0.00804289544235925,2.05,TRUE
703492-2024-116,703492,Nick Morabito,Nick Morabito,2024,High-A,116,South Atlantic League,453,Brooklyn Cyclones,BRK,Outfielder,CF,LF,21,427,0.09836065573770492,0.1873536299765808,0.08,0.366,3.794,0.18614130434782608,0.00702576112412178,0.04918032786885246,0.13817330210772832,1.71,TRUE
801600-2024-116,801600,Bryce Willits,Bryce Willits,2024,High-A,116,South Atlantic League,580,Winston-Salem Dash,WS,First Base,1B,3B,24,379,0.10554089709762533,0.21372031662269128,0.089,0.311,3.8129999999999997,0.19538461538461538,0.0079155672823219,0.05013192612137203,0.023746701846965697,1,TRUE
688394-2024-116,688394,Jordan Sprinkle,Jordan Sprinkle,2024,High-A,116,South Atlantic League,580,Winston-Salem Dash,WS,Shortstop,SS,SS,23,384,0.09635416666666667,0.2109375,0.07200000000000001,0.266,3.5519999999999996,0.3027656477438137,0.005208333333333333,0.049479166666666664,0.08333333333333333,0.77,TRUE
703151-2024-116,703151,William Bergolla Jr.,William Bergolla Jr.,2024,High-A,116,South Atlantic League,580,Winston-Salem Dash,WS,Shortstop,SS,2B,19,357,0.08123249299719888,0.10644257703081232,0.081,0.33199999999999996,3.5989999999999998,0.12164579606440072,0.0028011204481792717,0.05042016806722689,0.09243697478991597,1.09,TRUE
701701-2024-116,701701,Quincy Scott,Quincy Scott,2024,High-A,116,South Atlantic League,448,Hickory Crawdads,HIC,Outfielder,LF,OF,21,383,0.1122715404699739,0.23237597911227154,0.056,0.29300000000000004,3.8409999999999997,0.30483870967741933,0.0026109660574412533,0.0391644908616188,0.03655352480417755,1.1700000000000002,TRUE
678021-2024-111,678021,Nicholas Northcut,Nicholas Northcut,2024,Double-A,111,Southern League,498,Chattanooga Lookouts,CHA,Third Base,3B,3B,25,425,0.06588235294117648,0.30117647058823527,0.24800000000000003,0.20700000000000002,3.574,0.3695150115473441,0.0611764705882353,0.1011764705882353,0,0.49,TRUE
691788-2024-111,691788,Joe Mack,Joe Mack,2024,Double-A,111,Southern League,4124,Pensacola Blue Wahoos,PNS,Catcher,C,C,21,475,0.0968421052631579,0.25684210526315787,0.21500000000000002,0.28600000000000003,3.8819999999999997,0.3067685589519651,0.04631578947368421,0.09894736842105263,0.004210526315789474,1.08,TRUE
700246-2024-111,700246,Carson Williams,Carson Williams,2024,Double-A,111,Southern League,421,Montgomery Biscuits,MTG,Shortstop,SS,SS,21,505,0.11485148514851486,0.2851485148514851,0.21200000000000002,0.33199999999999996,4.126999999999999,0.33408071748878926,0.039603960396039604,0.09108910891089109,0.08712871287128712,0.74,TRUE
694385-2024-111,694385,Brock Wilken,Brock Wilken,2024,Double-A,111,Southern League,5015,Biloxi Shuckers,BLX,Third Base,3B,3B,22,471,0.1337579617834395,0.2823779193205945,0.164,0.24800000000000003,4.0569999999999995,0.30361757105943155,0.036093418259023353,0.06794055201698514,0.0021231422505307855,0.77,TRUE
687272-2024-111,687272,Tucker Flint,Tucker Flint,2024,Double-A,111,Southern League,559,Rocket City Trash Pandas,RCT,Outfielder,RF,OF,23,506,0.14031620553359683,0.2964426877470356,0.17300000000000001,0.33999999999999997,4.059,0.3314732142857143,0.03162055335968379,0.07509881422924901,0.045454545454545456,0.91,TRUE
687210-2024-111,687210,Nathan Martorella,Nathan Martorella,2024,Double-A,111,Southern League,4124,Pensacola Blue Wahoos,PNS,First Base,1B,1B,23,420,0.07857142857142857,0.1880952380952381,0.161,0.226,3.793,0.24607329842931938,0.0380952380952381,0.06666666666666667,0.011904761904761904,0.6,TRUE
691442-2024-111,691442,Wilfred Veras,Wilfred Veras,2024,Double-A,111,Southern League,247,Birmingham Barons,BIR,Outfielder,RF,OF,21,536,0.06343283582089553,0.26119402985074625,0.15700000000000003,0.33799999999999997,3.651,0.3315018315018315,0.029850746268656716,0.08208955223880597,0.06343283582089553,1.34,TRUE
672569-2024-111,672569,Gustavo Campero,Gustavo Campero,2024,Double-A,111,Southern League,559,Rocket City Trash Pandas,RCT,Outfielder,LF,C,26,373,0.10455764075067024,0.16085790884718498,0.21500000000000002,0.307,3.718,0.24202898550724639,0.03753351206434316,0.0938337801608579,0.09651474530831099,0.92,TRUE
676572-2024-111,676572,Eric Wagaman,Eric Wagaman,2024,Double-A,111,Southern League,559,Rocket City Trash Pandas,RCT,Outfielder,RF,1B,26,388,0.0979381443298969,0.17783505154639176,0.199,0.28700000000000003,3.606,0.22151898734177214,0.03608247422680412,0.10051546391752578,0.030927835051546393,0.99,TRUE
667803-2024-111,667803,Ernesto Martinez Jr.,Ernesto Martinez Jr.,2024,Double-A,111,Southern League,5015,Biloxi Shuckers,BLX,First Base,1B,1B,25,457,0.087527352297593,0.16849015317286653,0.182,0.322,3.742,0.23508771929824562,0.028446389496717725,0.09846827133479212,0.05470459518599562,0.99,TRUE
702333-2024-111,702333,Haydn McGeary,Haydn McGeary,2024,Double-A,111,Southern League,553,Tennessee Smokies,TNS,First Base,1B,C,24,407,0.09582309582309582,0.3095823095823096,0.14600000000000002,0.278,3.9949999999999997,0.2914923291492329,0.029484029484029485,0.06633906633906633,0.0171990171990172,1.1800000000000002,TRUE
682192-2024-111,682192,Paul McIntosh,Paul McIntosh,2024,Double-A,111,Southern League,4124,Pensacola Blue Wahoos,PNS,Catcher,C,C,26,480,0.10416666666666667,0.19791666666666666,0.139,0.29100000000000004,3.888,0.2750301568154403,0.025,0.06666666666666667,0.022916666666666665,1.1300000000000001,TRUE
690988-2024-111,690988,Austin Hendrick,Austin Hendrick,2024,Double-A,111,Southern League,498,Chattanooga Lookouts,CHA,Outfielder,RF,OF,23,474,0.052742616033755275,0.3649789029535865,0.101,0.277,3.641,0.42024539877300615,0.023206751054852322,0.046413502109704644,0.04430379746835443,0.55,TRUE
681357-2024-111,681357,Cody Morissette,Cody Morissette,2024,Double-A,111,Southern League,4124,Pensacola Blue Wahoos,PNS,Second Base,2B,SS,24,418,0.07177033492822966,0.2583732057416268,0.134,0.24900000000000003,3.9379999999999997,0.28968713789107764,0.023923444976076555,0.06937799043062201,0.045454545454545456,0.51,TRUE
676473-2024-111,676473,Lamar Sparks,Lamar Sparks,2024,Double-A,111,Southern League,5015,Biloxi Shuckers,BLX,Outfielder,RF,CF,25,392,0.08418367346938775,0.29846938775510207,0.14300000000000002,0.384,3.8139999999999996,0.3146374829001368,0.025510204081632654,0.07653061224489796,0.05102040816326531,1.04,TRUE
694351-2024-111,694351,Jacob Berry,Jacob Berry,2024,Double-A,111,Southern League,4124,Pensacola Blue Wahoos,PNS,Outfielder,RF,3B,23,425,0.07294117647058823,0.20470588235294118,0.12200000000000001,0.28500000000000003,3.708,0.24043062200956938,0.021176470588235293,0.06588235294117648,0.03294117647058824,0.75,TRUE
681371-2024-111,681371,Dom Keegan,Dom Keegan,2024,Double-A,111,Southern League,421,Montgomery Biscuits,MTG,Catcher,C,C,23,442,0.11312217194570136,0.20361990950226244,0.14900000000000002,0.34299999999999997,3.9709999999999996,0.23383768913342504,0.020361990950226245,0.07918552036199095,0,0.8300000000000001,TRUE
695587-2024-111,695587,Bryson Horne,Bryson Horne,2024,Double-A,111,Southern League,430,Mississippi Braves,MIS,First Base,1B,1B,25,396,0.06818181818181818,0.2904040404040404,0.117,0.322,3.7680000000000002,0.35985748218527314,0.020202020202020204,0.06313131313131314,0.020202020202020204,1.05,TRUE
805300-2024-111,805300,Jakob Marsee,Jakob Marsee,2024,Double-A,111,Southern League,4124,Pensacola Blue Wahoos,PNS,Outfielder,CF,CF,23,401,0.15211970074812967,0.22693266832917705,0.116,0.23700000000000002,4.1499999999999995,0.21951219512195122,0.017456359102244388,0.04738154613466334,0.09476309226932668,0.64,TRUE
695020-2024-111,695020,Tanner Murray,Tanner Murray,2024,Double-A,111,Southern League,421,Montgomery Biscuits,MTG,Second Base,2B,LF,24,448,0.046875,0.16294642857142858,0.133,0.33499999999999996,3.3749999999999996,0.23333333333333334,0.015625,0.08705357142857142,0.008928571428571428,0.8700000000000001,TRUE
701649-2024-111,701649,James Triantos,James Triantos,2024,Double-A,111,Southern League,553,Tennessee Smokies,TNS,Second Base,2B,2B,21,391,0.05115089514066496,0.09718670076726342,0.137,0.314,3.4939999999999998,0.12987012987012986,0.017902813299232736,0.07672634271099744,0.11508951406649616,1.1,TRUE
681047-2024-111,681047,Christian Franklin,Christian Franklin,2024,Double-A,111,Southern League,553,Tennessee Smokies,TNS,Outfielder,RF,LF,24,427,0.16627634660421545,0.20843091334894615,0.098,0.344,4.021,0.2556732223903177,0.0117096018735363,0.05152224824355972,0.09601873536299765,2.23,TRUE
694378-2024-111,694378,Jacob Gonzalez,Jacob Gonzalez,2024,Double-A,111,Southern League,247,Birmingham Barons,BIR,Shortstop,SS,SS,22,407,0.0687960687960688,0.14004914004914004,0.096,0.24800000000000003,3.897,0.178168130489335,0.012285012285012284,0.06142506142506143,0.036855036855036855,0.8400000000000001,TRUE
687862-2024-111,687862,Cody Milligan,Cody Milligan,2024,Double-A,111,Southern League,430,Mississippi Braves,MIS,Outfielder,CF,2B,25,426,0.07746478873239436,0.24413145539906103,0.116,0.318,3.749,0.26633785450061653,0.011737089201877934,0.06807511737089202,0.107981220657277,0.8500000000000001,TRUE
695299-2024-111,695299,Terrell Tatum,Terrell Tatum,2024,Double-A,111,Southern League,247,Birmingham Barons,BIR,Outfielder,RF,OF,24,495,0.1191919191919192,0.26262626262626265,0.084,0.302,3.893,0.3064516129032258,0.010101010101010102,0.046464646464646465,0.07676767676767676,1.09,TRUE
687521-2024-111,687521,Eric Brown Jr.,Eric Brown Jr.,2024,Double-A,111,Southern League,5015,Biloxi Shuckers,BLX,Shortstop,SS,SS,23,441,0.09297052154195011,0.18820861678004536,0.07700000000000001,0.221,3.664,0.22864651773981604,0.009070294784580499,0.047619047619047616,0.06349206349206349,0.65,TRUE
694848-2024-111,694848,Sam Brown,Sam Brown,2024,Double-A,111,Southern League,559,Rocket City Trash Pandas,RCT,First Base,1B,1B,22,505,0.08712871287128712,0.2079207920792079,0.089,0.266,3.646,0.2507836990595611,0.007920792079207921,0.05742574257425743,0.009900990099009901,1.1,TRUE
667240-2024-111,667240,Jason Matthews,Jason Matthews,2024,Double-A,111,Southern League,247,Birmingham Barons,BIR,Third Base,3B,SS,27,418,0.10287081339712918,0.2799043062200957,0.07200000000000001,0.273,3.943,0.30229419703103916,0.009569377990430622,0.03588516746411483,0.023923444976076555,0.65,TRUE
695462-2024-111,695462,Cal Conley,Cal Conley,2024,Double-A,111,Southern League,430,Mississippi Braves,MIS,Shortstop,SS,SS,24,515,0.08349514563106795,0.1766990291262136,0.06899999999999999,0.29200000000000004,3.654,0.229800629590766,0.005825242718446602,0.04854368932038835,0.10097087378640776,1.23,TRUE
687152-2024-111,687152,Darrien Miller,Darrien Miller,2024,Double-A,111,Southern League,5015,Biloxi Shuckers,BLX,Catcher,C,C,23,403,0.1588089330024814,0.20347394540942929,0.07800000000000001,0.28,4.226,0.18739054290718038,0.004962779156327543,0.04714640198511166,0.004962779156327543,0.69,TRUE
694478-2024-111,694478,Michael Turner,Michael Turner,2024,Double-A,111,Southern League,247,Birmingham Barons,BIR,Catcher,C,C,25,385,0.12987012987012986,0.2,0.064,0.277,4.2780000000000005,0.1969465648854962,0.005194805194805195,0.04155844155844156,0.015584415584415584,1.47,TRUE
677605-2024-111,677605,Luis Verdugo,Luis Verdugo,2024,Double-A,111,Southern League,553,Tennessee Smokies,TNS,Third Base,3B,3B,23,447,0.07606263982102908,0.16554809843400448,0.07200000000000001,0.304,3.7359999999999998,0.19893190921228304,0.0044742729306487695,0.053691275167785234,0.013422818791946308,0.8500000000000001,TRUE
687248-2024-111,687248,Keshawn Ogans,Keshawn Ogans,2024,Double-A,111,Southern League,430,Mississippi Braves,MIS,Third Base,3B,SS,22,393,0.06870229007633588,0.19083969465648856,0.056,0.273,3.748,0.2632978723404255,0.002544529262086514,0.04071246819338423,0.061068702290076333,0.72,TRUE
703185-2024-111,703185,Nelson Rada,Nelson Rada,2024,Double-A,111,Southern League,559,Rocket City Trash Pandas,RCT,Outfielder,CF,CF,18,502,0.11354581673306773,0.23306772908366533,0.034999999999999996,0.314,3.8109999999999995,0.27510917030567683,0.00199203187250996,0.025896414342629483,0.09163346613545817,1.75,TRUE
681333-2024-111,681333,Dru Baker,Dru Baker,2024,Double-A,111,Southern League,421,Montgomery Biscuits,MTG,Outfielder,LF,CF,24,467,0.0728051391862955,0.20556745182012848,0.04,0.369,3.8139999999999996,0.23421354764638347,0,0.032119914346895075,0.11563169164882227,1.34,TRUE
699471-2024-109,699471,Ivan Melendez,Ivan Melendez,2024,Double-A,109,Texas League,5368,Amarillo Sod Poodles,AMA,Third Base,3B,1B,24,442,0.07692307692307693,0.3009049773755656,0.195,0.29900000000000004,3.699,0.3415154749199573,0.049773755656108594,0.0746606334841629,0.00904977375565611,0.8400000000000001,TRUE
694374-2024-109,694374,Tim Tawa,Tim Tawa,2024,Double-A,109,Texas League,5368,Amarillo Sod Poodles,AMA,Second Base,2B,LF,25,456,0.08771929824561403,0.21052631578947367,0.21700000000000003,0.305,3.8219999999999996,0.28857479387514723,0.046052631578947366,0.09868421052631579,0.03728070175438596,1.07,TRUE
681134-2024-109,681134,Caleb Roberts,Caleb Roberts,2024,Double-A,109,Texas League,5368,Amarillo Sod Poodles,AMA,Catcher,C,OF,24,485,0.1134020618556701,0.24742268041237114,0.21200000000000002,0.28800000000000003,3.8289999999999997,0.2825112107623318,0.041237113402061855,0.09072164948453608,0.026804123711340205,1.28,TRUE
623507-2024-109,623507,Josh Lester,Josh Lester,2024,Double-A,109,Texas League,1350,Northwest Arkansas Naturals,NWA,Third Base,3B,1B,29,454,0.0881057268722467,0.19823788546255505,0.196,0.29100000000000004,3.7800000000000002,0.25863991081382387,0.039647577092511016,0.09030837004405286,0.004405286343612335,0.6,TRUE
694673-2024-109,694673,Abimelec Ortiz,Abimelec Ortiz,2024,Double-A,109,Texas League,540,Frisco RoughRiders,FRI,First Base,1B,1B,22,476,0.10504201680672269,0.2184873949579832,0.189,0.28,3.9979999999999998,0.2570806100217865,0.037815126050420166,0.0861344537815126,0.012605042016806723,0.8200000000000001,TRUE
651016-2024-109,651016,Matt Lloyd,Matt Lloyd,2024,Double-A,109,Texas League,440,Springfield Cardinals,SPR,Designated Hitter,DH,3B,28,486,0.11522633744855967,0.20164609053497942,0.184,0.305,4.006,0.234093637454982,0.03497942386831276,0.08641975308641975,0.037037037037037035,0.8300000000000001,TRUE
682947-2024-109,682947,Jose Ramos,Jose Ramos,2024,Double-A,109,Texas League,260,Tulsa Drillers,TUL,Outfielder,CF,CF,23,506,0.11264822134387352,0.33992094861660077,0.167,0.313,3.929,0.38924050632911394,0.03359683794466403,0.07509881422924901,0.023715415019762844,0.8,TRUE
691021-2024-109,691021,A.J. Vukovich,A.J. Vukovich,2024,Double-A,109,Texas League,5368,Amarillo Sod Poodles,AMA,Outfielder,LF,OF,22,512,0.09375,0.298828125,0.189,0.366,4.124999999999999,0.3301158301158301,0.033203125,0.095703125,0.017578125,1.6300000000000001,TRUE
686770-2024-109,686770,Dillan Shrum,Dillan Shrum,2024,Double-A,109,Texas League,1350,Northwest Arkansas Naturals,NWA,First Base,1B,1B,26,457,0.09846827133479212,0.3150984682713348,0.184,0.321,3.989,0.34720570749108204,0.0350109409190372,0.08315098468271334,0,0.73,TRUE
688457-2024-109,688457,Gavin Cross,Gavin Cross,2024,Double-A,109,Texas League,1350,Northwest Arkansas Naturals,NWA,Outfielder,RF,OF,23,436,0.10321100917431193,0.2408256880733945,0.167,0.318,3.7430000000000003,0.2971985383678441,0.034403669724770644,0.0779816513761468,0.07339449541284404,0.75,TRUE
676812-2024-109,676812,Carson McCusker,Carson McCusker,2024,Double-A,109,Texas League,3898,Wichita Wind Surge,WCH,Outfielder,LF,LF,26,420,0.09047619047619047,0.2785714285714286,0.20800000000000002,0.368,3.9099999999999997,0.3118556701030928,0.03571428571428571,0.10476190476190476,0.03333333333333333,0.8400000000000001,TRUE
686810-2024-109,686810,Brennan Milone,Brennan Milone,2024,Double-A,109,Texas League,237,Midland RockHounds,MID,First Base,1B,3B,23,548,0.10766423357664233,0.21350364963503649,0.163,0.33599999999999997,3.929,0.22306855277475518,0.02737226277372263,0.08394160583941605,0.023722627737226276,0.52,TRUE
702112-2024-109,702112,Hogan Windish,Hogan Windish,2024,Double-A,109,Texas League,574,Arkansas Travelers,ARK,First Base,1B,1B,25,518,0.12548262548262548,0.3223938223938224,0.165,0.309,4.109999999999999,0.35751295336787564,0.02895752895752896,0.07915057915057915,0.04054054054054054,0.92,TRUE
694271-2024-109,694271,R.J. Yeager,R.J. Yeager,2024,Double-A,109,Texas League,440,Springfield Cardinals,SPR,First Base,1B,SS,25,467,0.06852248394004283,0.1284796573875803,0.14700000000000002,0.261,3.296,0.23067173637515842,0.032119914346895075,0.06852248394004283,0.02569593147751606,0.59,TRUE
683227-2024-109,683227,Cody Freeman,Cody Freeman,2024,Double-A,109,Texas League,540,Frisco RoughRiders,FRI,Third Base,3B,3B,23,518,0.07142857142857142,0.18146718146718147,0.168,0.29900000000000004,3.9559999999999995,0.18763796909492272,0.02702702702702703,0.0945945945945946,0.03088803088803089,0.98,TRUE
674976-2024-109,674976,Griffin Lockwood-Powell,Griffin Lockwood-Powell,2024,Double-A,109,Texas League,260,Tulsa Drillers,TUL,First Base,1B,C,26,469,0.08528784648187633,0.2302771855010661,0.138,0.275,4.021,0.22764227642276422,0.029850746268656716,0.06396588486140725,0.006396588486140725,0.72,TRUE
681123-2024-109,681123,Luca Tresh,Luca Tresh,2024,Double-A,109,Texas League,1350,Northwest Arkansas Naturals,NWA,Catcher,C,C,24,400,0.0925,0.245,0.17900000000000002,0.301,3.8329999999999997,0.2883787661406026,0.035,0.085,0,0.8,TRUE
686523-2024-109,686523,Peyton Wilson,Peyton Wilson,2024,Double-A,109,Texas League,1350,Northwest Arkansas Naturals,NWA,Outfielder,LF,2B,24,517,0.13152804642166344,0.22243713733075435,0.15300000000000002,0.275,3.807,0.3003264417845484,0.027079303675048357,0.06963249516441006,0.048355899419729204,0.96,TRUE
676203-2024-109,676203,Marcos Castañon,Marcos Castañon,2024,Double-A,109,Texas League,510,San Antonio Missions,SA,Third Base,3B,SS,25,466,0.09656652360515021,0.22317596566523606,0.14600000000000002,0.269,3.5749999999999997,0.2697516930022573,0.027896995708154508,0.07081545064377683,0.006437768240343348,0.9500000000000001,TRUE
672016-2024-109,672016,Denzel Clarke,Denzel Clarke,2024,Double-A,109,Texas League,237,Midland RockHounds,MID,Outfielder,CF,CF,24,478,0.08158995815899582,0.29916317991631797,0.17600000000000002,0.373,3.8579999999999997,0.32735961768219835,0.027196652719665274,0.08786610878661087,0.09414225941422594,1.37,TRUE
677049-2024-109,677049,Josh Hatcher,Josh Hatcher,2024,Double-A,109,Texas League,540,Frisco RoughRiders,FRI,First Base,1B,OF,25,454,0.06607929515418502,0.2687224669603524,0.14900000000000002,0.395,3.6959999999999997,0.35269709543568467,0.02643171806167401,0.07709251101321586,0.06607929515418502,1.6600000000000001,TRUE
642134-2024-109,642134,Robbie Tenerowicz,Robbie Tenerowicz,2024,Double-A,109,Texas League,510,San Antonio Missions,SA,First Base,1B,1B,29,466,0.07510729613733906,0.18454935622317598,0.136,0.267,3.794,0.21957040572792363,0.02575107296137339,0.060085836909871244,0.01072961373390558,1.1300000000000001,TRUE
677565-2024-109,677565,Kristian Robinson,Kristian Robinson,2024,Double-A,109,Texas League,5368,Amarillo Sod Poodles,AMA,Outfielder,RF,LF,23,419,0.15035799522673032,0.35799522673031026,0.137,0.33299999999999996,4.272,0.4219409282700422,0.026252983293556086,0.059665871121718374,0.03341288782816229,1.29,TRUE
805346-2024-109,805346,Ben Ross,Ben Ross,2024,Double-A,109,Texas League,3898,Wichita Wind Surge,WCH,Shortstop,SS,SS,23,458,0.08733624454148471,0.29694323144104806,0.129,0.28500000000000003,4.07,0.326036866359447,0.024017467248908297,0.06550218340611354,0.05895196506550218,0.8500000000000001,TRUE
702113-2024-109,702113,Cole Cummings,Cole Cummings,2024,Double-A,109,Texas League,510,San Antonio Missions,SA,Outfielder,LF,3B,26,517,0.09671179883945841,0.3346228239845261,0.126,0.324,4.044,0.38514173998044965,0.019342359767891684,0.06769825918762089,0.02321083172147002,0.75,TRUE
687567-2024-109,687567,Jorel Ortega,Jorel Ortega,2024,Double-A,109,Texas League,3898,Wichita Wind Surge,WCH,Shortstop,SS,2B,23,417,0.10551558752997602,0.2446043165467626,0.135,0.268,3.8919999999999995,0.31241830065359477,0.023980815347721823,0.06235011990407674,0.0407673860911271,0.6,TRUE
690474-2024-109,690474,Tommy Sacco Jr.,Tommy Sacco Jr.,2024,Double-A,109,Texas League,482,Corpus Christi Hooks,CC,Shortstop,SS,SS,25,448,0.11607142857142858,0.18526785714285715,0.133,0.28300000000000003,3.79,0.2513157894736842,0.022321428571428572,0.06473214285714286,0.049107142857142856,0.72,TRUE
802355-2024-109,802355,Tanner Schobel,Tanner Schobel,2024,Double-A,109,Texas League,3898,Wichita Wind Surge,WCH,Third Base,3B,SS,23,520,0.11346153846153846,0.23846153846153847,0.127,0.265,3.8709999999999996,0.24231678486997635,0.019230769230769232,0.06538461538461539,0.03653846153846154,0.6599999999999999,TRUE
701675-2024-109,701675,Nathan Church,Nathan Church,2024,Double-A,109,Texas League,440,Springfield Cardinals,SPR,Outfielder,RF,CF,23,541,0.07948243992606285,0.11090573012939002,0.10600000000000001,0.28600000000000003,3.5119999999999996,0.15417106652587118,0.0166358595194085,0.059149722735674676,0.051756007393715345,0.81,TRUE
663478-2024-109,663478,Brendon Davis,Brendon Davis,2024,Double-A,109,Texas League,260,Tulsa Drillers,TUL,Third Base,3B,SS,26,468,0.13247863247863248,0.2329059829059829,0.129,0.28400000000000003,4.068,0.26237054085155354,0.019230769230769232,0.06623931623931624,0.05128205128205128,0.7,TRUE
642720-2024-109,642720,Ray-Patrick Didder,Ray-Patrick Didder,2024,Double-A,109,Texas League,510,San Antonio Missions,SA,Shortstop,SS,CF,29,441,0.1292517006802721,0.26303854875283444,0.125,0.21800000000000003,3.889,0.2994269340974212,0.02040816326530612,0.05895691609977324,0.07482993197278912,0.65,TRUE
672596-2024-109,672596,Robert Perez Jr.,Robert Perez Jr.,2024,Double-A,109,Texas League,510,San Antonio Missions,SA,Outfielder,RF,LF,24,476,0.1092436974789916,0.31092436974789917,0.119,0.327,3.752,0.38264058679706603,0.018907563025210083,0.06302521008403361,0.04831932773109244,1.09,TRUE
696160-2024-109,696160,Jake Rucker,Jake Rucker,2024,Double-A,109,Texas League,3898,Wichita Wind Surge,WCH,Second Base,2B,3B,24,515,0.06796116504854369,0.14951456310679612,0.111,0.29400000000000004,3.483,0.22737556561085973,0.017475728155339806,0.06407766990291262,0.017475728155339806,0.6699999999999999,TRUE
702284-2024-109,702284,Cole Young,Cole Young,2024,Double-A,109,Texas League,574,Arkansas Travelers,ARK,Shortstop,SS,2B,20,552,0.1213768115942029,0.15760869565217392,0.119,0.313,4.023999999999999,0.18514750762970497,0.016304347826086956,0.06521739130434782,0.06159420289855073,0.98,TRUE
691185-2024-109,691185,Maximo Acosta,Maximo Acosta,2024,Double-A,109,Texas League,540,Frisco RoughRiders,FRI,Shortstop,SS,SS,21,434,0.07834101382488479,0.1336405529953917,0.137,0.316,3.3959999999999995,0.20741758241758243,0.018433179723502304,0.07834101382488479,0.08064516129032258,0.99,TRUE
678746-2024-109,678746,Diego Hernandez,Diego Hernandez,2024,Double-A,109,Texas League,1350,Northwest Arkansas Naturals,NWA,Outfielder,CF,OF,23,395,0.04050632911392405,0.24556962025316456,0.112,0.302,3.524,0.24362244897959184,0.020253164556962026,0.060759493670886074,0.030379746835443037,1.27,TRUE
678577-2024-109,678577,Junior Perez,Junior Perez,2024,Double-A,109,Texas League,237,Midland RockHounds,MID,Outfielder,CF,CF,22,390,0.1076923076923077,0.35384615384615387,0.15200000000000002,0.33699999999999997,4.186999999999999,0.3527777777777778,0.020512820512820513,0.08717948717948718,0.08461538461538462,0.97,TRUE
677601-2024-109,677601,Keyber Rodriguez,Keyber Rodriguez,2024,Double-A,109,Texas League,540,Frisco RoughRiders,FRI,Shortstop,SS,SS,23,387,0.059431524547803614,0.1937984496124031,0.135,0.272,3.669,0.21351351351351353,0.020671834625323,0.07493540051679587,0.025839793281653745,1.08,TRUE
805834-2024-109,805834,Javi Vaz,Javi Vaz,2024,Double-A,109,Texas League,1350,Northwest Arkansas Naturals,NWA,Second Base,2B,OF,23,523,0.13957934990439771,0.1147227533460803,0.115,0.28900000000000003,3.9159999999999995,0.12296110414052698,0.015296367112810707,0.06118546845124283,0.036328871892925434,0.7,TRUE
676466-2024-109,676466,Jack Winkler,Jack Winkler,2024,Double-A,109,Texas League,237,Midland RockHounds,MID,Shortstop,SS,2B,25,536,0.08955223880597014,0.21828358208955223,0.12100000000000001,0.278,3.785,0.29868819374369326,0.014925373134328358,0.07462686567164178,0.061567164179104475,0.8600000000000001,TRUE
689750-2024-109,689750,Jacob Buchberger,Jacob Buchberger,2024,Double-A,109,Texas League,440,Springfield Cardinals,SPR,Third Base,3B,3B,26,426,0.11267605633802817,0.2347417840375587,0.118,0.321,3.779,0.279887482419128,0.01643192488262911,0.06103286384976526,0.046948356807511735,1.1900000000000002,TRUE
695670-2024-109,695670,Harry Ford,Harry Ford,2024,Double-A,109,Texas League,574,Arkansas Travelers,ARK,Catcher,C,C,21,523,0.14149139579349904,0.2198852772466539,0.119,0.323,4.034,0.2694541231126597,0.01338432122370937,0.06692160611854685,0.0841300191204589,0.73,TRUE
701648-2024-109,701648,Aaron Zavala,Aaron Zavala,2024,Double-A,109,Texas League,540,Frisco RoughRiders,FRI,Outfielder,LF,OF,24,498,0.12650602409638553,0.2791164658634538,0.082,0.314,3.904,0.27704194260485654,0.010040160642570281,0.04618473895582329,0.03413654618473896,0.6699999999999999,TRUE
685341-2024-109,685341,Ripken Reyes,Ripken Reyes,2024,Double-A,109,Texas League,510,San Antonio Missions,SA,Second Base,2B,SS,27,506,0.08893280632411067,0.12450592885375494,0.08600000000000001,0.255,3.6189999999999998,0.1368038740920097,0.007905138339920948,0.045454545454545456,0.045454545454545456,0.77,TRUE
686475-2024-109,686475,Tyler Tolbert,Tyler Tolbert,2024,Double-A,109,Texas League,1350,Northwest Arkansas Naturals,NWA,Shortstop,SS,SS,26,462,0.08225108225108226,0.22294372294372294,0.094,0.33999999999999997,3.457,0.28535031847133757,0.008658008658008658,0.05844155844155844,0.09523809523809523,1.4,TRUE
805891-2024-109,805891,Taylor Young,Taylor Young,2024,Double-A,109,Texas League,260,Tulsa Drillers,TUL,Third Base,3B,2B,25,547,0.10786106032906764,0.2522851919561243,0.093,0.323,3.943,0.23076923076923078,0.007312614259597806,0.062157221206581355,0.10237659963436929,0.81,TRUE
691558-2024-109,691558,Yeiner Fernandez,Yeiner Fernandez,2024,Double-A,109,Texas League,260,Tulsa Drillers,TUL,Second Base,2B,C,21,419,0.09307875894988067,0.13365155131264916,0.091,0.279,3.6559999999999997,0.20358514724711907,0.007159904534606206,0.06443914081145585,0.02386634844868735,1,TRUE
692405-2024-109,692405,Jeremy Rivas,Jeremy Rivas,2024,Double-A,109,Texas League,440,Springfield Cardinals,SPR,Shortstop,SS,SS,21,459,0.10021786492374728,0.18518518518518517,0.048,0.325,3.6559999999999997,0.23979591836734693,0.006535947712418301,0.026143790849673203,0.08061002178649238,1,TRUE
679754-2024-109,679754,Alberto Rodriguez,Alberto Rodriguez,2024,Double-A,109,Texas League,574,Arkansas Travelers,ARK,Outfielder,RF,OF,23,384,0.057291666666666664,0.2682291666666667,0.088,0.325,3.807,0.27146814404432135,0.0078125,0.059895833333333336,0.036458333333333336,0.9400000000000001,TRUE
810938-2024-109,810938,Ben Williamson,Ben Williamson,2024,Double-A,109,Texas League,574,Arkansas Travelers,ARK,Third Base,3B,2B,23,411,0.1070559610705596,0.2360097323600973,0.101,0.364,4.396999999999999,0.19798234552332913,0.0072992700729927005,0.0681265206812652,0.051094890510948905,1.3800000000000001,TRUE
663494-2024-109,663494,Bryan Torres,Bryan Torres,2024,Double-A,109,Texas League,440,Springfield Cardinals,SPR,Outfielder,CF,LF,26,528,0.13068181818181818,0.14204545454545456,0.085,0.389,4.002,0.15719063545150502,0.003787878787878788,0.06060606060606061,0.08143939393939394,1.35,TRUE
671080-2024-109,671080,Jeremy Arocho,Jeremy Arocho,2024,Double-A,109,Texas League,482,Corpus Christi Hooks,CC,Second Base,2B,SS,25,443,0.1489841986455982,0.17832957110609482,0.046,0.267,4.181,0.19225251076040173,0.002257336343115124,0.02708803611738149,0.08803611738148984,1.31,TRUE
702331-2024-109,702331,Noah Mendlinger,Noah Mendlinger,2024,Double-A,109,Texas League,440,Springfield Cardinals,SPR,Second Base,2B,3B,23,401,0.07231920199501247,0.12468827930174564,0.056,0.326,3.7880000000000003,0.1451851851851852,0,0.04987531172069826,0.0199501246882793,1.6800000000000002,TRUE
692039-2025-110,692039,Carlos Jimenez,Carlos Jimenez,2025,Low-A,110,California League,515,Modesto Nuts,MOD,Outfielder,CF,CF,22,489,0.12269938650306748,0.23721881390593047,0.16,0.322,3.8319999999999994,0.34234234234234234,0.028629856850715747,0.07157464212678936,0.08793456032719836,0.75,TRUE
702607-2025-110,702607,Dakota Jordan,Dakota Jordan,2025,Low-A,110,California League,476,San Jose Giants,SJ,Outfielder,CF,OF,22,416,0.0889423076923077,0.2283653846153846,0.186,0.381,3.901,0.29598051157125455,0.03365384615384615,0.08413461538461539,0.07451923076923077,1.22,TRUE
808234-2025-110,808234,Eduardo Quintero,Eduardo Quintero,2025,Low-A,110,California League,526,Rancho Cucamonga Quakes,RC,Outfielder,CF,OF,19,395,0.16455696202531644,0.22278481012658227,0.227,0.376,4.37,0.24610591900311526,0.035443037974683546,0.09620253164556962,0.11645569620253164,0.6599999999999999,TRUE
804558-2025-110,804558,Raudi Rodriguez,Raudi Rodriguez,2025,Low-A,110,California League,401,Inland Empire 66ers,IE,Outfielder,RF,OF,21,560,0.1125,0.23214285714285715,0.189,0.354,3.7800000000000002,0.32381889763779526,0.025,0.0875,0.07857142857142857,0.8300000000000001,TRUE
701837-2025-110,701837,Kavares Tears,Kavares Tears,2025,Low-A,110,California League,103,Lake Elsinore Storm,LE,Designated Hitter,DH,OF,22,475,0.12210526315789473,0.2905263157894737,0.15900000000000003,0.302,3.987,0.3720173535791757,0.02736842105263158,0.07789473684210527,0.023157894736842106,1.37,TRUE
806152-2025-110,806152,Walker Martin,Walker Martin,2025,Low-A,110,California League,476,San Jose Giants,SJ,Third Base,3B,SS,21,482,0.14315352697095435,0.2842323651452282,0.15000000000000002,0.322,3.84,0.35279805352798055,0.024896265560165973,0.07053941908713693,0.035269709543568464,1.08,TRUE
807957-2025-110,807957,Yassel Soler,Yassel Soler,2025,Low-A,110,California League,516,Visalia Rawhide,VIS,Third Base,3B,3B,19,403,0.10421836228287841,0.22332506203473945,0.15500000000000003,0.28600000000000003,3.6870000000000003,0.2683658170914543,0.02977667493796526,0.06699751861042183,0.01240694789081886,1.1900000000000002,TRUE
813771-2025-110,813771,Robert Hipwell,Robert Hipwell,2025,Low-A,110,California League,476,San Jose Giants,SJ,First Base,1B,3B,22,429,0.1561771561771562,0.3123543123543124,0.20900000000000002,0.353,3.953,0.35683453237410073,0.02564102564102564,0.1048951048951049,0.011655011655011656,0.75,TRUE
703153-2025-110,703153,Samuel Munoz,Samuel Munoz,2025,Low-A,110,California League,526,Rancho Cucamonga Quakes,RC,Outfielder,LF,1B,20,451,0.13968957871396895,0.22172949002217296,0.163,0.3,3.98,0.21739130434782608,0.024390243902439025,0.07317073170731707,0.05321507760532151,0.8400000000000001,TRUE
806978-2025-110,806978,Robert Calaz,Robert Calaz,2025,Low-A,110,California League,259,Fresno Grizzlies,FRE,Outfielder,RF,OF,19,424,0.08726415094339622,0.25943396226415094,0.14,0.33599999999999997,3.4909999999999997,0.3328964613368283,0.02358490566037736,0.06839622641509434,0.02358490566037736,1.1500000000000001,TRUE
815464-2025-110,815464,Lisbel Diaz,Lisbel Diaz,2025,Low-A,110,California League,476,San Jose Giants,SJ,Outfielder,LF,OF,19,561,0.058823529411764705,0.18716577540106952,0.136,0.319,3.4619999999999997,0.24124124124124124,0.017825311942959002,0.08199643493761141,0.0570409982174688,1.02,TRUE
694563-2025-110,694563,Harold Coll,Harold Coll,2025,Low-A,110,California League,401,Inland Empire 66ers,IE,Third Base,3B,SS,23,493,0.1257606490872211,0.2434077079107505,0.14600000000000002,0.361,3.8759999999999994,0.29364161849710985,0.018255578093306288,0.08113590263691683,0.06693711967545639,0.77,TRUE
814696-2025-110,814696,Jaron Elkins,Jaron Elkins,2025,Low-A,110,California League,526,Rancho Cucamonga Quakes,RC,Outfielder,RF,OF,20,515,0.08737864077669903,0.2970873786407767,0.15000000000000002,0.375,3.629,0.3482794577685089,0.017475728155339806,0.0854368932038835,0.13398058252427184,0.6699999999999999,TRUE
802474-2025-110,802474,Cameron Leary,Cameron Leary,2025,Low-A,110,California League,524,Stockton Ports,STK,Outfielder,LF,OF,23,422,0.15639810426540285,0.23222748815165878,0.166,0.34299999999999997,4.055,0.2595108695652174,0.02132701421800948,0.09004739336492891,0.11611374407582939,0.8500000000000001,TRUE
691561-2025-110,691561,Jose Meza,Jose Meza,2025,Low-A,110,California League,526,Rancho Cucamonga Quakes,RC,First Base,1B,OF,22,531,0.15065913370998116,0.23540489642184556,0.114,0.28800000000000003,4.038,0.3080260303687636,0.015065913370998116,0.054613935969868174,0.07532956685499058,0.92,TRUE
800185-2025-110,800185,Ruben Santana,Ruben Santana,2025,Low-A,110,California League,516,Visalia Rawhide,VIS,First Base,1B,3B,20,366,0.10655737704918032,0.2677595628415301,0.13,0.302,3.697,0.3627906976744186,0.02185792349726776,0.06557377049180328,0.04918032786885246,1.21,TRUE
699698-2025-110,699698,Ricardo Cova,Ricardo Cova,2025,Low-A,110,California League,515,Modesto Nuts,MOD,Outfielder,LF,SS,21,377,0.050397877984084884,0.1989389920424403,0.125,0.327,3.483,0.26718547341115434,0.015915119363395226,0.07957559681697612,0.08222811671087533,1.1300000000000001,TRUE
800302-2025-110,800302,Mairoshendrick Martinus,Mairoshendrick Martinus,2025,Low-A,110,California League,526,Rancho Cucamonga Quakes,RC,Third Base,3B,SS,20,394,0.08883248730964467,0.26903553299492383,0.10600000000000001,0.325,3.6189999999999998,0.36929460580912865,0.015228426395939087,0.06091370558375635,0.0583756345177665,0.8400000000000001,TRUE
806958-2025-110,806958,Felnin Celesten,Felnin Celesten,2025,Low-A,110,California League,515,Modesto Nuts,MOD,Shortstop,SS,SS,19,424,0.08726415094339622,0.22641509433962265,0.09899999999999999,0.366,3.682,0.29303547963206306,0.01179245283018868,0.06132075471698113,0.0660377358490566,0.91,TRUE
822624-2025-110,822624,Kevin Fitzer,Kevin Fitzer,2025,Low-A,110,California League,259,Fresno Grizzlies,FRE,First Base,1B,1B,23,469,0.08528784648187633,0.21748400852878466,0.10500000000000001,0.31,3.8289999999999997,0.2514484356894554,0.010660980810234541,0.05970149253731343,0.023454157782515993,0.7799999999999999,TRUE
800193-2025-110,800193,Kelvin Hidalgo,Kelvin Hidalgo,2025,Low-A,110,California League,259,Fresno Grizzlies,FRE,Shortstop,SS,SS,20,506,0.07312252964426877,0.24703557312252963,0.098,0.327,3.634,0.31646932185145316,0.009881422924901186,0.05928853754940711,0.09683794466403162,1.83,TRUE
805117-2025-110,805117,Jean Carlos Sió,Jean Carlos Sió,2025,Low-A,110,California League,476,San Jose Giants,SJ,Second Base,2B,IF,21,385,0.11948051948051948,0.11948051948051948,0.111,0.349,3.706,0.16588419405320814,0.012987012987012988,0.06233766233766234,0.05194805194805195,1.1600000000000001,TRUE
800569-2025-110,800569,Alberto Barriga,Alberto Barriga,2025,Low-A,110,California League,516,Visalia Rawhide,VIS,Catcher,C,C,20,410,0.12926829268292683,0.28780487804878047,0.097,0.29000000000000004,4.129,0.2914923291492329,0.00975609756097561,0.05853658536585366,0.04878048780487805,0.77,TRUE
702601-2025-110,702601,Lamar King Jr.,Lamar King Jr.,2025,Low-A,110,California League,103,Lake Elsinore Storm,LE,Catcher,C,C,21,359,0.10584958217270195,0.1894150417827298,0.12200000000000001,0.35,3.8189999999999995,0.250733137829912,0.011142061281337047,0.0807799442896936,0.0584958217270195,0.74,TRUE
800188-2025-110,800188,Dario Laverde,Dario Laverde,2025,Low-A,110,California League,401,Inland Empire 66ers,IE,Catcher,C,C,20,374,0.08021390374331551,0.21122994652406418,0.084,0.279,3.8529999999999998,0.2566489361702128,0.0106951871657754,0.0481283422459893,0,1.02,TRUE
694318-2025-110,694318,Austin St. Laurent,Austin St. Laurent,2025,Low-A,110,California League,515,Modesto Nuts,MOD,Third Base,3B,3B,22,521,0.1343570057581574,0.18618042226487524,0.07,0.318,3.929,0.2532894736842105,0.007677543186180422,0.04222648752399232,0.04798464491362764,1.57,TRUE
828473-2025-110,828473,Zach Evans,Zach Evans,2025,Low-A,110,California League,103,Lake Elsinore Storm,LE,Third Base,3B,SS,22,430,0.09767441860465116,0.1558139534883721,0.082,0.347,3.698,0.2296718972895863,0.0069767441860465115,0.05581395348837209,0.03953488372093023,0.92,TRUE
805319-2025-110,805319,Dervy Ventura,Dervy Ventura,2025,Low-A,110,California League,515,Modesto Nuts,MOD,Second Base,2B,SS,21,440,0.14772727272727273,0.21818181818181817,0.08700000000000001,0.362,3.7800000000000002,0.27586206896551724,0.006818181818181818,0.056818181818181816,0.10909090909090909,0.96,TRUE
814091-2025-110,814091,John Wimmer,John Wimmer,2025,Low-A,110,California League,401,Inland Empire 66ers,IE,Shortstop,SS,SS,20,359,0.08356545961002786,0.362116991643454,0.115,0.367,3.8519999999999994,0.3940740740740741,0.008356545961002786,0.07242339832869081,0.027855153203342618,0.92,TRUE
703192-2025-110,703192,Abdias De La Cruz,Abdias De La Cruz,2025,Low-A,110,California League,516,Visalia Rawhide,VIS,Outfielder,RF,SS,20,409,0.11246943765281174,0.2567237163814181,0.07400000000000001,0.29700000000000004,3.963,0.300531914893617,0.004889975550122249,0.0488997555012225,0.034229828850855744,0.64,TRUE
691571-2025-110,691571,Johan Macias,Johan Macias,2025,Low-A,110,California League,401,Inland Empire 66ers,IE,Second Base,2B,SS,22,475,0.08421052631578947,0.14105263157894737,0.08600000000000001,0.315,3.387,0.2154566744730679,0.004210526315789474,0.05263157894736842,0.04,1.01,TRUE
807975-2025-110,807975,Yeiker Reyes,Yeiker Reyes,2025,Low-A,110,California League,259,Fresno Grizzlies,FRE,Outfielder,CF,OF,19,381,0.11286089238845144,0.2545931758530184,0.055,0.305,3.9059999999999997,0.29709035222052066,0.005249343832020997,0.03412073490813648,0.11023622047244094,1.1600000000000001,TRUE
800206-2025-110,800206,Yerald Nin,Yerald Nin,2025,Low-A,110,California League,516,Visalia Rawhide,VIS,Second Base,2B,SS,19,457,0.10722100656455143,0.22319474835886213,0.058,0.323,3.9059999999999997,0.2457293035479632,0.002188183807439825,0.0350109409190372,0.09409190371991247,1.1700000000000002,TRUE
694953-2025-110,694953,C.J. Pittaro,C.J. Pittaro,2025,Low-A,110,California League,524,Stockton Ports,STK,First Base,1B,SS,23,413,0.12590799031476999,0.20581113801452786,0.07700000000000001,0.321,4.029,0.20937042459736457,0.002421307506053269,0.05084745762711865,0.021791767554479417,1.9,TRUE
702409-2025-110,702409,Jorge Ruiz,Jorge Ruiz,2025,Low-A,110,California League,401,Inland Empire 66ers,IE,Outfielder,LF,OF,21,550,0.08545454545454545,0.16727272727272727,0.079,0.347,3.785,0.20907297830374755,0.0018181818181818182,0.05454545454545454,0.056363636363636366,1.51,TRUE
800724-2025-122,800724,Eric Bitonti,Eric Bitonti,2025,Low-A,122,Carolina League,249,Carolina Mudcats,CAR,First Base,1B,SS,19,505,0.1306930693069307,0.3346534653465347,0.182,0.33599999999999997,4.085,0.3615702479338843,0.03762376237623762,0.07920792079207921,0.053465346534653464,0.55,TRUE
805804-2025-122,805804,George Wolkow,George Wolkow,2025,Low-A,122,Carolina League,487,Kannapolis Cannon Ballers,KAN,Outfielder,RF,OF,19,496,0.10887096774193548,0.2963709677419355,0.138,0.3,3.8249999999999997,0.35803757828810023,0.02620967741935484,0.0625,0.07862903225806452,0.75,TRUE
807722-2025-122,807722,Maxton Martin,Maxton Martin,2025,Low-A,122,Carolina League,448,Hickory Crawdads,HIC,Outfielder,LF,OF,20,458,0.0982532751091703,0.2205240174672489,0.182,0.315,3.697,0.31285551763367464,0.026200873362445413,0.09388646288209607,0.028384279475982533,0.96,TRUE
808153-2025-122,808153,Luis Merejo,Luis Merejo,2025,Low-A,122,Carolina League,481,Hill City Howlers,HC,First Base,1B,3B,19,457,0.11816192560175055,0.32166301969365424,0.14100000000000001,0.24800000000000003,3.8709999999999996,0.35868187579214195,0.0262582056892779,0.061269146608315096,0.030634573304157548,0.77,TRUE
815121-2025-122,815121,Alexey Lumpuy,Alexey Lumpuy,2025,Low-A,122,Carolina League,521,Myrtle Beach Pelicans,MB,Outfielder,RF,OF,21,429,0.07925407925407925,0.358974358974359,0.15400000000000003,0.318,3.73,0.4258823529411765,0.02564102564102564,0.07226107226107226,0.09090909090909091,1.04,TRUE
815352-2025-122,815352,Caleb Bonemer,Caleb Bonemer,2025,Low-A,122,Carolina League,487,Kannapolis Cannon Ballers,KAN,Shortstop,SS,SS,19,432,0.1574074074074074,0.21064814814814814,0.17800000000000002,0.344,4.072,0.22941176470588234,0.023148148148148147,0.09027777777777778,0.08101851851851852,0.49,TRUE
806985-2025-122,806985,Yoeilin Cespedes,Yoeilin Cespedes,2025,Low-A,122,Carolina League,414,Salem Red Sox,SAL,Second Base,2B,SS,19,477,0.0859538784067086,0.21174004192872117,0.15000000000000002,0.269,3.646,0.28335170893054024,0.020964360587002098,0.08176100628930817,0.03563941299790356,0.64,TRUE
806995-2025-122,806995,Filippo Di Turi,Filippo Di Turi,2025,Low-A,122,Carolina League,249,Carolina Mudcats,CAR,Third Base,3B,SS,19,479,0.13987473903966596,0.2630480167014614,0.12300000000000001,0.276,3.9919999999999995,0.3584699453551913,0.020876826722338204,0.05636743215031315,0.029227557411273485,0.69,TRUE
801561-2025-122,801561,Matt Halbach,Matt Halbach,2025,Low-A,122,Carolina League,521,Myrtle Beach Pelicans,MB,First Base,1B,3B,22,436,0.10779816513761468,0.20642201834862386,0.136,0.29500000000000004,3.8419999999999996,0.2648648648648649,0.020642201834862386,0.07339449541284404,0.009174311926605505,0.88,TRUE
695707-2025-122,695707,Brennon McNair,Brennon McNair,2025,Low-A,122,Carolina League,3705,Columbia Fireflies,COL,Outfielder,LF,SS,22,368,0.09782608695652174,0.28804347826086957,0.15200000000000002,0.26,3.793,0.36283185840707965,0.024456521739130436,0.07608695652173914,0.04076086956521739,0.64,TRUE
800393-2025-122,800393,Yeremy Cabrera,Yeremy Cabrera,2025,Low-A,122,Carolina League,448,Hickory Crawdads,HIC,Outfielder,CF,CF,19,451,0.11529933481152993,0.19068736141906872,0.11,0.31,3.9159999999999995,0.26884422110552764,0.017738359201773836,0.050997782705099776,0.10421286031042129,0.8300000000000001,TRUE
806980-2025-122,806980,Angel Cepeda,Angel Cepeda,2025,Low-A,122,Carolina League,521,Myrtle Beach Pelicans,MB,Shortstop,SS,SS,19,433,0.09237875288683603,0.3140877598152425,0.126,0.367,3.79,0.3425559947299078,0.018475750577367205,0.06235565819861432,0.07852193995381063,1.24,TRUE
824615-2025-122,824615,Connor Hujsak,Connor Hujsak,2025,Low-A,122,Carolina League,233,Charleston RiverDogs,CHS,Outfielder,RF,OF,23,426,0.07746478873239436,0.2887323943661972,0.14700000000000002,0.314,3.8759999999999994,0.33601841196777904,0.018779342723004695,0.07981220657276995,0.07042253521126761,0.8400000000000001,TRUE
808245-2025-122,808245,Starlyn Nunez,Starlyn Nunez,2025,Low-A,122,Carolina League,414,Salem Red Sox,SAL,Shortstop,SS,SS,19,444,0.060810810810810814,0.20495495495495494,0.15800000000000003,0.3,3.162,0.28997613365155134,0.018018018018018018,0.09009009009009009,0.060810810810810814,0.9500000000000001,TRUE
703143-2025-122,703143,Cristhian Vaquero,Cristhian Vaquero,2025,Low-A,122,Carolina League,436,Fredericksburg Nationals,FBG,Outfielder,CF,OF,20,445,0.10337078651685393,0.24719101123595505,0.14,0.33099999999999996,3.8019999999999996,0.35,0.017977528089887642,0.0651685393258427,0.07191011235955057,0.6,TRUE
808535-2025-122,808535,John Gil,John Gil,2025,Low-A,122,Carolina League,478,Augusta GreenJackets,AUG,Shortstop,SS,SS,19,462,0.12337662337662338,0.13852813852813853,0.12000000000000001,0.29100000000000004,3.649,0.23076923076923078,0.015151515151515152,0.07142857142857142,0.13852813852813853,0.93,TRUE
808326-2025-122,808326,Pablo Guerrero,Pablo Guerrero,2025,Low-A,122,Carolina League,448,Hickory Crawdads,HIC,First Base,1B,OF,18,396,0.11363636363636363,0.25,0.11,0.269,3.8589999999999995,0.32568149210903874,0.017676767676767676,0.06060606060606061,0,1.03,TRUE
808631-2025-122,808631,Frederik Jimenez,Frederik Jimenez,2025,Low-A,122,Carolina League,414,Salem Red Sox,SAL,First Base,1B,C,20,368,0.11956521739130435,0.28804347826086957,0.096,0.266,3.9949999999999997,0.33383458646616543,0.019021739130434784,0.043478260869565216,0.04891304347826087,0.73,TRUE
703612-2025-122,703612,Nick Peoples,Nick Peoples,2025,Low-A,122,Carolina League,436,Fredericksburg Nationals,FBG,Outfielder,RF,OF,20,386,0.10621761658031088,0.38860103626943004,0.127,0.33299999999999996,4.031000000000001,0.4358288770053476,0.018134715025906734,0.06994818652849741,0.05181347150259067,1.1,TRUE
703178-2025-122,703178,Braylin Tavera,Braylin Tavera,2025,Low-A,122,Carolina League,548,Delmarva Shorebirds,DEL,Outfielder,CF,OF,20,443,0.1309255079006772,0.3047404063205418,0.11,0.329,4.185,0.31166912850812406,0.01580135440180587,0.05417607223476298,0.060948081264108354,0.6599999999999999,TRUE
696083-2025-122,696083,Leonel Espinoza,Leonel Espinoza,2025,Low-A,122,Carolina League,521,Myrtle Beach Pelicans,MB,Outfielder,CF,SS,22,408,0.07598039215686274,0.22058823529411764,0.1,0.33899999999999997,3.564,0.27309236947791166,0.014705882352941176,0.056372549019607844,0.07107843137254902,0.89,TRUE
807083-2025-122,807083,Nathan Flewelling,Nathan Flewelling,2025,Low-A,122,Carolina League,233,Charleston RiverDogs,CHS,Catcher,C,C,18,439,0.20273348519362186,0.275626423690205,0.10700000000000001,0.329,4.216,0.30903790087463556,0.01366742596810934,0.05239179954441914,0.025056947608200455,1.12,TRUE
800377-2025-122,800377,Angel Mateo,Angel Mateo,2025,Low-A,122,Carolina League,233,Charleston RiverDogs,CHS,Outfielder,RF,OF,20,388,0.07216494845360824,0.18298969072164947,0.101,0.33299999999999996,3.5719999999999996,0.2527932960893855,0.015463917525773196,0.05670103092783505,0.059278350515463915,0.8600000000000001,TRUE
806611-2025-122,806611,Jancel Villarroel,Jancel Villarroel,2025,Low-A,122,Carolina League,3712,Fayetteville Woodpeckers,FAY,Catcher,C,C,20,372,0.11290322580645161,0.17204301075268819,0.127,0.301,3.8579999999999997,0.24300441826215022,0.016129032258064516,0.06720430107526881,0.07258064516129033,0.97,TRUE
814453-2025-122,814453,Nathan Archer,Nathan Archer,2025,Low-A,122,Carolina League,487,Kannapolis Cannon Ballers,KAN,Outfielder,LF,OF,22,391,0.10997442455242967,0.3273657289002558,0.10800000000000001,0.329,3.7030000000000003,0.36856745479833103,0.01278772378516624,0.058823529411764705,0.0741687979539642,0.8200000000000001,TRUE
806061-2025-122,806061,Isaiah Drake,Isaiah Drake,2025,Low-A,122,Carolina League,478,Augusta GreenJackets,AUG,Outfielder,CF,OF,19,364,0.10714285714285714,0.22527472527472528,0.10300000000000001,0.33099999999999996,3.9559999999999995,0.260748959778086,0.013736263736263736,0.046703296703296704,0.12087912087912088,0.76,TRUE
803241-2025-122,803241,Jose Escobar,Jose Escobar,2025,Low-A,122,Carolina League,521,Myrtle Beach Pelicans,MB,Outfielder,LF,SS,20,461,0.1019522776572668,0.20824295010845986,0.085,0.33199999999999996,3.74,0.2562189054726368,0.010845986984815618,0.052060737527114966,0.04338394793926247,1.26,TRUE
807080-2025-122,807080,Eric Hartman,Eric Hartman,2025,Low-A,122,Carolina League,478,Augusta GreenJackets,AUG,Outfielder,CF,OF,19,370,0.1,0.22972972972972974,0.126,0.32,3.746,0.2712680577849117,0.013513513513513514,0.07027027027027027,0.13243243243243244,1,TRUE
807277-2025-122,807277,Nick Montgomery,Nick Montgomery,2025,Low-A,122,Carolina League,478,Augusta GreenJackets,AUG,Catcher,C,C,19,357,0.11764705882352941,0.3333333333333333,0.082,0.251,3.9019999999999997,0.3712121212121212,0.014005602240896359,0.036414565826330535,0.0028011204481792717,0.7899999999999999,TRUE
826928-2025-122,826928,Owen Carey,Owen Carey,2025,Low-A,122,Carolina League,478,Augusta GreenJackets,AUG,Outfielder,LF,OF,18,525,0.07238095238095238,0.15619047619047619,0.08700000000000001,0.303,3.61,0.21174004192872117,0.007619047619047619,0.05904761904761905,0.05142857142857143,1.1800000000000002,TRUE
821100-2025-122,821100,Justin Gonzales,Justin Gonzales,2025,Low-A,122,Carolina League,414,Salem Red Sox,SAL,Outfielder,CF,OF,18,357,0.09803921568627451,0.14565826330532214,0.125,0.345,3.524,0.22439024390243903,0.011204481792717087,0.08123249299719888,0.05042016806722689,1.91,TRUE
815908-2025-122,815908,Jesús Made,Jesús Made,2025,Low-A,122,Carolina League,249,Carolina Mudcats,CAR,Shortstop,SS,SS,18,378,0.1402116402116402,0.20634920634920634,0.12100000000000001,0.33999999999999997,3.794,0.233502538071066,0.010582010582010581,0.07407407407407407,0.12962962962962962,1.3,TRUE
800540-2025-122,800540,Hector Osorio,Hector Osorio,2025,Low-A,122,Carolina League,448,Hickory Crawdads,HIC,Outfielder,RF,CF,20,358,0.15363128491620112,0.12011173184357542,0.088,0.279,3.8209999999999997,0.18696397941680962,0.0111731843575419,0.036312849162011177,0.04748603351955307,0.62,TRUE
800440-2025-122,800440,Narciso Polanco,Narciso Polanco,2025,Low-A,122,Carolina League,233,Charleston RiverDogs,CHS,Second Base,2B,2B,20,524,0.13931297709923665,0.15648854961832062,0.092,0.268,3.8659999999999997,0.17814726840855108,0.007633587786259542,0.04961832061068702,0.09541984732824428,0.99,TRUE
800426-2025-122,800426,Raylin Ramos,Raylin Ramos,2025,Low-A,122,Carolina League,548,Delmarva Shorebirds,DEL,Outfielder,RF,OF,20,396,0.07575757575757576,0.25252525252525254,0.091,0.348,3.5909999999999997,0.2958748221906117,0.010101010101010102,0.050505050505050504,0.05555555555555555,1.1500000000000001,TRUE
806212-2025-122,806212,Stone Russell,Stone Russell,2025,Low-A,122,Carolina League,3705,Columbia Fireflies,COL,First Base,1B,C,21,458,0.13100436681222707,0.18340611353711792,0.09899999999999999,0.269,3.71,0.28413284132841327,0.008733624454148471,0.05240174672489083,0.021834061135371178,1.34,TRUE
808307-2025-122,808307,Kleyver Salazar,Kleyver Salazar,2025,Low-A,122,Carolina League,414,Salem Red Sox,SAL,Catcher,C,C,19,404,0.13861386138613863,0.20297029702970298,0.061,0.269,3.8219999999999996,0.2679830747531735,0.009900990099009901,0.03217821782178218,0.017326732673267328,0.9,TRUE
806988-2025-122,806988,Welbyn Francisca,Welbyn Francisca,2025,Low-A,122,Carolina League,481,Hill City Howlers,HC,Shortstop,SS,SS,19,428,0.1191588785046729,0.1705607476635514,0.07300000000000001,0.273,3.925,0.2223667100130039,0.007009345794392523,0.04439252336448598,0.13317757009345793,1.1600000000000001,TRUE
808141-2025-122,808141,Jose Pirela,Jose Pirela,2025,Low-A,122,Carolina League,481,Hill City Howlers,HC,Outfielder,RF,OF,19,360,0.06944444444444445,0.3277777777777778,0.12000000000000001,0.312,3.8719999999999994,0.3194029850746269,0.008333333333333333,0.06944444444444445,0.058333333333333334,0.5700000000000001,TRUE
800256-2025-122,800256,Natanael Yuten,Natanael Yuten,2025,Low-A,122,Carolina League,414,Salem Red Sox,SAL,Outfielder,LF,CF,20,369,0.07588075880758807,0.25474254742547425,0.12100000000000001,0.361,3.718,0.34332425068119893,0.008130081300813009,0.07859078590785908,0.04336043360433604,1.24,TRUE
695538-2025-122,695538,Randal Diaz,Randal Diaz,2025,Low-A,122,Carolina League,436,Fredericksburg Nationals,FBG,Second Base,2B,SS,22,428,0.10747663551401869,0.1542056074766355,0.054000000000000006,0.269,3.626,0.24331926863572434,0.002336448598130841,0.035046728971962614,0.08411214953271028,0.93,TRUE
808706-2025-122,808706,Asbel Gonzalez,Asbel Gonzalez,2025,Low-A,122,Carolina League,3705,Columbia Fireflies,COL,Outfielder,CF,OF,19,505,0.10693069306930693,0.1702970297029703,0.051000000000000004,0.29800000000000004,3.848,0.24242424242424243,0.0019801980198019802,0.031683168316831684,0.20594059405940593,1.37,TRUE
803475-2025-122,803475,Colby Jones,Colby Jones,2025,Low-A,122,Carolina League,478,Augusta GreenJackets,AUG,Second Base,2B,SS,21,374,0.16042780748663102,0.20855614973262032,0.046,0.279,3.96,0.25139664804469275,0.00267379679144385,0.02406417112299465,0.1711229946524064,1.23,TRUE
805950-2025-122,805950,Antonis Macias,Antonis Macias,2025,Low-A,122,Carolina League,448,Hickory Crawdads,HIC,Second Base,2B,OF,20,401,0.1770573566084788,0.16708229426433915,0.067,0.322,3.933,0.18166383701188454,0.0024937655860349127,0.04239401496259352,0.017456359102244388,1.11,TRUE
800357-2025-122,800357,Ricardo Gonzalez,Ricardo Gonzalez,2025,Low-A,122,Carolina League,233,Charleston RiverDogs,CHS,Shortstop,SS,SS,20,431,0.12529002320185614,0.18793503480278423,0.038,0.28500000000000003,3.6359999999999997,0.20253164556962025,0,0.027842227378190254,0.06960556844547564,1.36,TRUE
807257-2025-122,807257,Ty Southisene,Ty Southisene,2025,Low-A,122,Carolina League,521,Myrtle Beach Pelicans,MB,Second Base,2B,SS,19,389,0.15938303341902313,0.14910025706940874,0.032,0.3,4.059,0.17990275526742303,0,0.02056555269922879,0.12339331619537275,2.16,TRUE
691775-2025-113,691775,Ryan Clifford,Ryan Clifford,2025,Double-A,113,Eastern League,505,Binghamton Rumble Ponies,BNG,First Base,1B,1B,21,437,0.14416475972540047,0.2585812356979405,0.251,0.278,4.2490000000000006,0.2746955345060893,0.05491990846681922,0.09839816933638444,0.013729977116704805,0.8400000000000001,TRUE
701177-2025-113,701177,Nick Cimillo,Nick Cimillo,2025,Double-A,113,Eastern League,452,Altoona Curve,ALT,First Base,1B,C,25,455,0.0967032967032967,0.21318681318681318,0.234,0.264,3.793,0.27091633466135456,0.04395604395604396,0.10989010989010989,0.015384615384615385,0.81,TRUE
676205-2025-113,676205,Tyler Hardman,Tyler Hardman,2025,Double-A,113,Eastern League,1956,Somerset Patriots,SOM,First Base,1B,1B,26,453,0.08388520971302428,0.31567328918322296,0.23,0.29500000000000004,3.96,0.3333333333333333,0.04415011037527594,0.11037527593818984,0.033112582781456956,0.59,TRUE
687724-2025-113,687724,Jake Holton,Jake Holton,2025,Double-A,113,Eastern League,106,Erie SeaWolves,ERI,First Base,1B,1B,27,464,0.11637931034482758,0.2543103448275862,0.222,0.316,3.957,0.2788586251621271,0.040948275862068964,0.10775862068965517,0.015086206896551725,0.88,TRUE
807727-2025-113,807727,Charles McAdoo,Charles McAdoo,2025,Double-A,113,Eastern League,463,New Hampshire Fisher Cats,NH,Third Base,3B,2B,23,494,0.09109311740890688,0.2773279352226721,0.166,0.321,3.9659999999999997,0.3141640042598509,0.032388663967611336,0.08299595141700405,0.08097165991902834,0.54,TRUE
695735-2025-113,695735,Creed Willems,Creed Willems,2025,Double-A,113,Eastern League,418,Chesapeake Baysox,CHE,Catcher,C,C,22,434,0.08755760368663594,0.1912442396313364,0.187,0.28300000000000003,3.6359999999999997,0.2744186046511628,0.03686635944700461,0.08755760368663594,0.0069124423963133645,0.6699999999999999,TRUE
694249-2025-113,694249,Cole Carrigg,Cole Carrigg,2025,Double-A,113,Eastern League,538,Hartford Yard Goats,HFD,Outfielder,CF,CF,23,537,0.08379888268156424,0.27001862197392923,0.15700000000000003,0.308,3.885,0.31444241316270566,0.027932960893854747,0.07262569832402235,0.1042830540037244,0.8400000000000001,TRUE
694025-2025-113,694025,Felix Reyes,Felix Reyes,2025,Double-A,113,Eastern League,522,Reading Fightin Phils,REA,Outfielder,LF,LF,24,395,0.04556962025316456,0.15443037974683543,0.23700000000000002,0.362,3.549,0.2229299363057325,0.0379746835443038,0.1341772151898734,0.0379746835443038,0.7,TRUE
801194-2025-113,801194,Max Anderson,Max Anderson,2025,Double-A,113,Eastern League,106,Erie SeaWolves,ERI,Second Base,2B,2B,23,405,0.0691358024691358,0.145679012345679,0.192,0.32999999999999996,3.3209999999999997,0.2285336856010568,0.0345679012345679,0.10123456790123457,0.012345679012345678,1.1600000000000001,TRUE
684222-2025-113,684222,Jorge Burgos,Jorge Burgos,2025,Double-A,113,Eastern League,402,Akron RubberDucks,AKR,First Base,1B,CF,22,407,0.10565110565110565,0.2334152334152334,0.18,0.23500000000000001,4.047,0.26118500604594924,0.0343980343980344,0.08108108108108109,0.007371007371007371,0.61,TRUE
682003-2025-113,682003,Garrett Martin,Garrett Martin,2025,Double-A,113,Eastern League,1956,Somerset Patriots,SOM,Outfielder,RF,OF,25,408,0.06862745098039216,0.23774509803921567,0.167,0.259,3.527,0.35340314136125656,0.03431372549019608,0.07352941176470588,0.058823529411764705,0.7799999999999999,TRUE
678926-2025-113,678926,Carlos De La Cruz,Carlos De La Cruz,2025,Double-A,113,Eastern League,547,Harrisburg Senators,HBG,Outfielder,RF,OF,25,470,0.07446808510638298,0.32978723404255317,0.168,0.312,4.0169999999999995,0.39148073022312374,0.027659574468085105,0.08297872340425531,0.03404255319148936,0.99,TRUE
815734-2025-113,815734,Dylan Jasso,Dylan Jasso,2025,Double-A,113,Eastern League,1956,Somerset Patriots,SOM,Third Base,3B,1B,22,537,0.0782122905027933,0.24208566108007448,0.14200000000000002,0.322,4.037,0.24947368421052632,0.024208566108007448,0.0670391061452514,0.00558659217877095,0.77,TRUE
805795-2025-113,805795,Aidan Miller,Aidan Miller,2025,Double-A,113,Eastern League,522,Reading Fightin Phils,REA,Shortstop,SS,SS,21,489,0.1492842535787321,0.23721881390593047,0.168,0.33099999999999996,4.207,0.2404438964241677,0.026584867075664622,0.081799591002045,0.13496932515337423,0.69,TRUE
806273-2025-113,806273,Adam Retzbach,Adam Retzbach,2025,Double-A,113,Eastern League,418,Chesapeake Baysox,CHE,First Base,1B,C,24,446,0.10089686098654709,0.31614349775784756,0.15800000000000003,0.31,3.984,0.3627684964200477,0.02914798206278027,0.07399103139013453,0.008968609865470852,1.1900000000000002,TRUE
682674-2025-113,682674,Victor Bericoto,Victor Bericoto,2025,Double-A,113,Eastern League,3410,Richmond Flying Squirrels,RIC,First Base,1B,RF,23,393,0.10941475826972011,0.2340966921119593,0.166,0.329,3.967,0.29298486932599727,0.030534351145038167,0.07633587786259542,0.007633587786259542,1.04,TRUE
694425-2025-113,694425,Justice Bigbie,Justice Bigbie,2025,Double-A,113,Eastern League,106,Erie SeaWolves,ERI,Outfielder,LF,OF,26,452,0.10398230088495575,0.15265486725663716,0.13,0.314,3.54,0.21618037135278514,0.02654867256637168,0.061946902654867256,0.00663716814159292,1.07,TRUE
699073-2025-113,699073,Thayron Liranzo,Thayron Liranzo,2025,Double-A,113,Eastern League,106,Erie SeaWolves,ERI,Catcher,C,C,21,394,0.11928934010152284,0.31725888324873097,0.14500000000000002,0.28600000000000003,4.119,0.3604060913705584,0.027918781725888325,0.06852791878172589,0,0.93,TRUE
691385-2025-113,691385,Ronald Rosario,Ronald Rosario,2025,Double-A,113,Eastern League,546,Portland Sea Dogs,POR,Catcher,C,C,22,402,0.08208955223880597,0.236318407960199,0.12000000000000001,0.23900000000000002,3.823,0.31620553359683795,0.02736318407960199,0.05223880597014925,0.01990049751243781,1,TRUE
683233-2025-113,683233,Douglas Hodo III,Douglas Hodo III,2025,Double-A,113,Eastern League,418,Chesapeake Baysox,CHE,Outfielder,LF,OF,24,435,0.12643678160919541,0.29195402298850576,0.133,0.274,4.109999999999999,0.2623376623376623,0.022988505747126436,0.06666666666666667,0.0896551724137931,0.44,TRUE
802407-2025-113,802407,Joe Lampe,Joe Lampe,2025,Double-A,113,Eastern League,402,Akron RubberDucks,AKR,Outfielder,LF,OF,24,450,0.1,0.23777777777777778,0.163,0.29500000000000004,3.88,0.2427307206068268,0.022222222222222223,0.08666666666666667,0.042222222222222223,1.34,TRUE
691024-2025-113,691024,Cayden Wallace,Cayden Wallace,2025,Double-A,113,Eastern League,547,Harrisburg Senators,HBG,Third Base,3B,3B,23,481,0.08316008316008316,0.23492723492723494,0.134,0.29900000000000004,3.717,0.2741273100616016,0.02079002079002079,0.07068607068607069,0.037422037422037424,0.6599999999999999,TRUE
702518-2025-113,702518,Jett Williams,Jett Williams,2025,Double-A,113,Eastern League,505,Binghamton Rumble Ponies,BNG,Shortstop,SS,SS,21,421,0.14726840855106887,0.22802850356294538,0.196,0.357,4.0360000000000005,0.24504249291784702,0.023752969121140142,0.10451306413301663,0.09263657957244656,0.48000000000000004,TRUE
694876-2025-113,694876,Cooper Ingle,Cooper Ingle,2025,Double-A,113,Eastern League,402,Akron RubberDucks,AKR,Catcher,C,C,23,403,0.16129032258064516,0.17369727047146402,0.168,0.319,4.159,0.19224555735056542,0.022332506203473945,0.09429280397022333,0.004962779156327543,0.81,TRUE
702261-2025-113,702261,Termarr Johnson,Termarr Johnson,2025,Double-A,113,Eastern League,452,Altoona Curve,ALT,Second Base,2B,SS,21,503,0.1172962226640159,0.1848906560636183,0.111,0.326,3.8649999999999998,0.2672919109026964,0.017892644135188866,0.0536779324055666,0.0636182902584493,1.04,TRUE
683610-2025-113,683610,Leandro Pineda,Leandro Pineda,2025,Double-A,113,Eastern League,522,Reading Fightin Phils,REA,Outfielder,RF,OF,23,394,0.11928934010152284,0.22842639593908629,0.15400000000000003,0.255,4.003,0.2816711590296496,0.02284263959390863,0.08121827411167512,0.017766497461928935,0.93,TRUE
806146-2025-113,806146,George Lombard Jr.,George Lombard Jr.,2025,Double-A,113,Eastern League,1956,Somerset Patriots,SOM,Shortstop,SS,SS,20,469,0.13646055437100213,0.26439232409381663,0.14300000000000002,0.28900000000000003,4.247,0.2928921568627451,0.017057569296375266,0.0767590618336887,0.06396588486140725,0.8200000000000001,TRUE
691369-2025-113,691369,Allan Castro,Allan Castro,2025,Double-A,113,Eastern League,546,Portland Sea Dogs,POR,Outfielder,CF,CF,22,388,0.1134020618556701,0.2036082474226804,0.132,0.328,3.8939999999999997,0.24495677233429394,0.01804123711340206,0.07474226804123711,0.04639175257731959,0.77,TRUE
681132-2025-113,681132,Max Ferguson,Max Ferguson,2025,Double-A,113,Eastern League,546,Portland Sea Dogs,POR,Second Base,2B,2B,25,392,0.15051020408163265,0.21683673469387754,0.095,0.23500000000000001,3.9159999999999995,0.296583850931677,0.017857142857142856,0.04081632653061224,0.09693877551020408,0.74,TRUE
800765-2025-113,800765,Carter Howell,Carter Howell,2025,Double-A,113,Eastern League,3410,Richmond Flying Squirrels,RIC,Outfielder,CF,RF,26,439,0.08200455580865604,0.2164009111617312,0.114,0.272,3.77,0.2096317280453258,0.015945330296127564,0.06150341685649203,0.02733485193621868,0.5700000000000001,TRUE
700681-2025-113,700681,Nick Lorusso,Nick Lorusso,2025,Double-A,113,Eastern League,505,Binghamton Rumble Ponies,BNG,Third Base,3B,3B,24,446,0.09192825112107623,0.242152466367713,0.127,0.307,3.785,0.29820359281437125,0.01569506726457399,0.08071748878923767,0.02466367713004484,0.7,TRUE
692348-2025-113,692348,Aeverson Arteaga,Aeverson Arteaga,2025,Double-A,113,Eastern League,3410,Richmond Flying Squirrels,RIC,Shortstop,SS,SS,22,474,0.06118143459915612,0.2616033755274262,0.08,0.24600000000000002,3.774,0.28944381384790013,0.012658227848101266,0.046413502109704644,0.012658227848101266,0.61,TRUE
694754-2025-113,694754,Sabin Ceballos,Sabin Ceballos,2025,Double-A,113,Eastern League,3410,Richmond Flying Squirrels,RIC,Third Base,3B,3B,22,420,0.11190476190476191,0.1738095238095238,0.10600000000000001,0.273,4.055,0.19383259911894274,0.014285714285714285,0.06190476190476191,0.016666666666666666,0.9500000000000001,TRUE
701298-2025-113,701298,Phillip Glasser,Phillip Glasser,2025,Double-A,113,Eastern League,547,Harrisburg Senators,HBG,Outfielder,LF,SS,25,490,0.10612244897959183,0.11224489795918367,0.098,0.324,3.578,0.15958668197474168,0.012244897959183673,0.05510204081632653,0.0836734693877551,1.3800000000000001,TRUE
683493-2025-113,683493,William Lugo,William Lugo,2025,Double-A,113,Eastern League,505,Binghamton Rumble Ponies,BNG,Shortstop,SS,SS,23,427,0.09133489461358314,0.2646370023419204,0.08700000000000001,0.272,3.8519999999999994,0.3212045169385194,0.01405152224824356,0.04918032786885246,0.01405152224824356,0.89,TRUE
703492-2025-113,703492,Nick Morabito,Nick Morabito,2025,Double-A,113,Eastern League,505,Binghamton Rumble Ponies,BNG,Outfielder,CF,LF,22,492,0.09552845528455285,0.23373983739837398,0.112,0.355,3.9,0.2270081490104773,0.012195121951219513,0.07113821138211382,0.12195121951219512,1.59,TRUE
691449-2025-113,691449,Roberto Campos,Roberto Campos,2025,Double-A,113,Eastern League,106,Erie SeaWolves,ERI,Outfielder,RF,RF,22,403,0.08933002481389578,0.2506203473945409,0.111,0.318,3.7319999999999998,0.29045643153526973,0.009925558312655087,0.07196029776674938,0.01488833746898263,0.93,TRUE
683103-2025-113,683103,Cade Doughty,Cade Doughty,2025,Double-A,113,Eastern League,463,New Hampshire Fisher Cats,NH,Shortstop,SS,2B,24,373,0.05361930294906166,0.2225201072386059,0.085,0.29600000000000004,3.598,0.28879892037786775,0.010723860589812333,0.05630026809651475,0.0160857908847185,0.65,TRUE
684715-2025-113,684715,Nic Kent,Nic Kent,2025,Double-A,113,Eastern League,538,Hartford Yard Goats,HFD,Third Base,3B,SS,25,384,0.0859375,0.20833333333333334,0.07700000000000001,0.275,3.701,0.24814264487369986,0.010416666666666666,0.041666666666666664,0.018229166666666668,0.7799999999999999,TRUE
699157-2025-113,699157,Ahbram Liendo,Ahbram Liendo,2025,Double-A,113,Eastern League,546,Portland Sea Dogs,POR,Third Base,3B,2B,21,463,0.10367170626349892,0.24190064794816415,0.06899999999999999,0.316,3.963,0.2601398601398601,0.008639308855291577,0.038876889848812095,0.10583153347732181,1.1500000000000001,TRUE
806005-2025-113,806005,Ryan McCarty,Ryan McCarty,2025,Double-A,113,Eastern League,463,New Hampshire Fisher Cats,NH,Second Base,2B,SS,26,377,0.10875331564986737,0.2440318302387268,0.095,0.29900000000000004,4.151,0.26961483594864477,0.010610079575596816,0.058355437665782495,0.03713527851458886,0.71,TRUE
695612-2025-113,695612,Alex Mooney,Alex Mooney,2025,Double-A,113,Eastern League,402,Akron RubberDucks,AKR,Shortstop,SS,SS,22,442,0.10633484162895927,0.2918552036199095,0.088,0.28400000000000003,3.943,0.36292134831460676,0.00904977375565611,0.05429864253393665,0.06561085972850679,0.7,TRUE
683172-2025-113,683172,Joe Naranjo,Joe Naranjo,2025,Double-A,113,Eastern League,547,Harrisburg Senators,HBG,First Base,1B,1B,24,418,0.145933014354067,0.23444976076555024,0.07200000000000001,0.303,4.041,0.24687933425797504,0.007177033492822967,0.0430622009569378,0.004784688995215311,1.53,TRUE
682648-2025-113,682648,Juan Guerrero,Juan Guerrero,2025,Double-A,113,Eastern League,538,Hartford Yard Goats,HFD,Outfielder,LF,SS,23,413,0.0774818401937046,0.15254237288135594,0.062,0.3,3.3049999999999997,0.24029850746268658,0.004842615012106538,0.04600484261501211,0.04600484261501211,1.01,TRUE
694170-2025-113,694170,Dyan Jorge,Dyan Jorge,2025,Double-A,113,Eastern League,538,Hartford Yard Goats,HFD,Shortstop,SS,SS,22,445,0.0853932584269663,0.20224719101123595,0.048,0.25,3.84,0.23653088042049936,0.0044943820224719105,0.033707865168539325,0.060674157303370786,1.6,TRUE
694196-2025-113,694196,Diego Velasquez,Diego Velasquez,2025,Double-A,113,Eastern League,3410,Richmond Flying Squirrels,RIC,Second Base,2B,SS,21,566,0.12367491166077739,0.1431095406360424,0.059000000000000004,0.303,3.9259999999999997,0.14732142857142858,0.0035335689045936395,0.04063604240282685,0.044169611307420496,1.25,TRUE
694991-2025-113,694991,Mitch Jebb,Mitch Jebb,2025,Double-A,113,Eastern League,452,Altoona Curve,ALT,Outfielder,CF,SS,23,513,0.11500974658869395,0.10916179337231968,0.052000000000000005,0.3,3.5909999999999997,0.12890094979647218,0,0.03313840155945419,0.07407407407407407,0.8,TRUE
806957-2025-123,806957,Alfredo Duno,Alfredo Duno,2025,Low-A,123,Florida State League,450,Daytona Tortugas,DBT,Catcher,C,C,19,495,0.1919191919191919,0.18383838383838383,0.231,0.32999999999999996,4.2219999999999995,0.3110571081409477,0.03636363636363636,0.10505050505050505,0.024242424242424242,0.8700000000000001,TRUE
694184-2025-123,694184,Cristian Santana,Cristian Santana,2025,Low-A,123,Florida State League,570,Lakeland Flying Tigers,LAK,First Base,1B,SS,21,394,0.19289340101522842,0.24873096446700507,0.192,0.228,4.14,0.26398852223816355,0.03807106598984772,0.06852791878172589,0.02030456852791878,0.38,TRUE
703154-2025-123,703154,Yordany De Los Santos,Yordany De Los Santos,2025,Low-A,123,Florida State League,3390,Bradenton Marauders,BRD,Shortstop,SS,SS,20,512,0.078125,0.267578125,0.139,0.326,3.602,0.34358430540827145,0.021484375,0.078125,0.126953125,1.08,TRUE
703177-2025-123,703177,Jhonny Severino,Jhonny Severino,2025,Low-A,123,Florida State League,3390,Bradenton Marauders,BRD,Third Base,3B,SS,20,468,0.06837606837606838,0.25213675213675213,0.14400000000000002,0.268,3.56,0.3163716814159292,0.023504273504273504,0.07905982905982906,0.038461538461538464,0.8400000000000001,TRUE
703160-2025-123,703160,Yasser Mercedes,Yasser Mercedes,2025,Low-A,123,Florida State League,509,Fort Myers Mighty Mussels,FTM,Outfielder,CF,OF,20,419,0.13126491646778043,0.25059665871121717,0.12100000000000001,0.228,4.169,0.2635761589403974,0.02386634844868735,0.05489260143198091,0.08353221957040573,0.65,TRUE
699014-2025-123,699014,Eddy Rodriguez,Eddy Rodriguez,2025,Low-A,123,Florida State League,3390,Bradenton Marauders,BRD,Outfielder,RF,OF,21,366,0.12295081967213115,0.2923497267759563,0.15400000000000003,0.24900000000000003,3.9259999999999997,0.3263009845288326,0.0273224043715847,0.07103825136612021,0.03278688524590164,1.03,TRUE
700720-2025-123,700720,Luis Pino,Luis Pino,2025,Low-A,123,Florida State League,279,Palm Beach Cardinals,PMB,Outfielder,LF,CF,21,413,0.13075060532687652,0.31234866828087166,0.136,0.28700000000000003,4.0360000000000005,0.3393124065769806,0.021791767554479417,0.06537530266343826,0.021791767554479417,0.6599999999999999,TRUE
800246-2025-123,800246,Engelth Urena,Engelth Urena,2025,Low-A,123,Florida State League,587,Tampa Tarpons,TAM,Catcher,C,C,20,400,0.1325,0.1925,0.12300000000000001,0.23800000000000002,3.72,0.2368024132730015,0.0225,0.0575,0.0275,0.6699999999999999,TRUE
808516-2025-123,808516,Andres Valor,Andres Valor,2025,Low-A,123,Florida State League,479,Jupiter Hammerheads,JUP,Outfielder,RF,OF,19,462,0.11038961038961038,0.29004329004329005,0.14100000000000001,0.319,3.7159999999999997,0.3114754098360656,0.01948051948051948,0.0735930735930736,0.11904761904761904,0.56,TRUE
800257-2025-123,800257,Yonatan Henriquez,Yonatan Henriquez,2025,Low-A,123,Florida State League,507,St. Lucie Mets,SLU,Outfielder,CF,SS,20,405,0.1259259259259259,0.17777777777777778,0.132,0.308,3.622,0.27486187845303867,0.019753086419753086,0.0691358024691358,0.10123456790123457,0.9400000000000001,TRUE
808864-2025-123,808864,Raider Tello,Raider Tello,2025,Low-A,123,Florida State League,566,Clearwater Threshers,CLR,First Base,1B,SS,24,398,0.08040201005025126,0.23366834170854273,0.12100000000000001,0.353,3.8019999999999996,0.2361878453038674,0.020100502512562814,0.0678391959798995,0.002512562814070352,1.3900000000000001,TRUE
703149-2025-123,703149,Roderick Arias,Roderick Arias,2025,Low-A,123,Florida State League,587,Tampa Tarpons,TAM,Shortstop,SS,SS,20,465,0.13978494623655913,0.28817204301075267,0.10700000000000001,0.29500000000000004,4.004,0.3519913885898816,0.015053763440860216,0.05806451612903226,0.09462365591397849,1.01,TRUE
703159-2025-123,703159,Simon Juan,Simon Juan,2025,Low-A,123,Florida State League,507,St. Lucie Mets,SLU,Outfielder,RF,OF,19,376,0.07712765957446809,0.29521276595744683,0.118,0.304,3.5159999999999996,0.36629526462395545,0.018617021276595744,0.061170212765957445,0.05585106382978723,1.05,TRUE
807239-2025-123,807239,Bernard Moon,Bernard Moon,2025,Low-A,123,Florida State League,450,Daytona Tortugas,DBT,Second Base,2B,SS,20,451,0.08647450110864745,0.19955654101995565,0.131,0.28500000000000003,3.681,0.24776500638569604,0.015521064301552107,0.07538802660753881,0.057649667405764965,1.21,TRUE
703204-2025-123,703204,Esmith Pineda,Esmith Pineda,2025,Low-A,123,Florida State League,450,Daytona Tortugas,DBT,Outfielder,RF,OF,20,414,0.09178743961352658,0.21014492753623187,0.125,0.315,3.488,0.2543352601156069,0.016908212560386472,0.07004830917874397,0.012077294685990338,0.72,TRUE
800140-2025-123,800140,Kendry Chirinos,Kendry Chirinos,2025,Low-A,123,Florida State League,424,Dunedin Blue Jays,DUN,First Base,1B,3B,20,382,0.12827225130890052,0.25392670157068065,0.115,0.33899999999999997,3.8739999999999997,0.3437057991513437,0.015706806282722512,0.05759162303664921,0.002617801047120419,1.6900000000000002,TRUE
808365-2025-123,808365,Dameury Pena,Dameury Pena,2025,Low-A,123,Florida State League,509,Fort Myers Mighty Mussels,FTM,Second Base,2B,2B,19,417,0.08393285371702638,0.08872901678657075,0.07600000000000001,0.251,3.484,0.1618075801749271,0.014388489208633094,0.03836930455635491,0.07913669064748201,0.9500000000000001,TRUE
800266-2025-123,800266,Yordalin Peña,Yordalin Peña,2025,Low-A,123,Florida State League,279,Palm Beach Cardinals,PMB,Outfielder,CF,OF,20,412,0.08495145631067962,0.2621359223300971,0.133,0.301,3.711,0.30635118306351183,0.014563106796116505,0.07766990291262135,0.07281553398058252,0.76,TRUE
702283-2025-123,702283,Tucker Toman,Tucker Toman,2025,Low-A,123,Florida State League,424,Dunedin Blue Jays,DUN,Third Base,3B,SS,21,371,0.09703504043126684,0.24797843665768193,0.115,0.34099999999999997,3.86,0.2775330396475771,0.016172506738544475,0.0646900269541779,0.013477088948787063,1.04,TRUE
694202-2025-123,694202,Manuel Beltre,Manuel Beltre,2025,Low-A,123,Florida State League,424,Dunedin Blue Jays,DUN,Shortstop,SS,SS,21,431,0.10208816705336426,0.17633410672853828,0.098,0.279,3.603,0.24,0.01160092807424594,0.060324825986078884,0.0765661252900232,0.9500000000000001,TRUE
815551-2025-123,815551,Trey Snyder,Trey Snyder,2025,Low-A,123,Florida State League,507,St. Lucie Mets,SLU,Second Base,2B,SS,19,512,0.140625,0.1875,0.067,0.269,3.953,0.22632226322263221,0.009765625,0.03515625,0.095703125,1.35,TRUE
828319-2025-123,828319,Marshall Toole,Marshall Toole,2025,Low-A,123,Florida State League,587,Tampa Tarpons,TAM,Outfielder,CF,OF,22,372,0.13978494623655913,0.19623655913978494,0.17500000000000002,0.381,3.8119999999999994,0.23885918003565063,0.013440860215053764,0.08602150537634409,0.13440860215053763,1.06,TRUE
806987-2025-123,806987,Daiverson Gutierrez,Daiverson Gutierrez,2025,Low-A,123,Florida State League,507,St. Lucie Mets,SLU,Catcher,C,C,19,395,0.1341772151898734,0.1468354430379747,0.067,0.279,3.58,0.2081513828238719,0.010126582278481013,0.035443037974683546,0.02531645569620253,1.02,TRUE
702977-2025-123,702977,Dillon Head,Dillon Head,2025,Low-A,123,Florida State League,479,Jupiter Hammerheads,JUP,Outfielder,CF,CF,20,425,0.13647058823529412,0.19058823529411764,0.095,0.275,3.828,0.19653179190751446,0.009411764705882352,0.04,0.10588235294117647,0.98,TRUE
807276-2025-123,807276,Dante Nori,Dante Nori,2025,Low-A,123,Florida State League,566,Clearwater Threshers,CLR,Outfielder,CF,OF,20,502,0.13147410358565736,0.14940239043824702,0.118,0.306,3.6159999999999997,0.1927710843373494,0.00796812749003984,0.061752988047808766,0.08764940239043825,1.1,TRUE
806230-2025-123,806230,Sammy Stafura,Sammy Stafura,2025,Low-A,123,Florida State League,3390,Bradenton Marauders,BRD,Second Base,2B,SS,20,420,0.1523809523809524,0.24523809523809523,0.15100000000000002,0.354,3.7830000000000004,0.29957805907172996,0.009523809523809525,0.07857142857142857,0.07857142857142857,0.71,TRUE
815793-2025-123,815793,Carter Johnson,Carter Johnson,2025,Low-A,123,Florida State League,479,Jupiter Hammerheads,JUP,Shortstop,SS,SS,19,465,0.1010752688172043,0.28817204301075267,0.084,0.254,4.099,0.29128440366972475,0.0064516129032258064,0.05161290322580645,0.030107526881720432,0.71,TRUE
829035-2025-123,829035,Andrew Salas,Andrew Salas,2025,Low-A,123,Florida State League,479,Jupiter Hammerheads,JUP,Outfielder,CF,SS,17,453,0.15894039735099338,0.24282560706401765,0.059000000000000004,0.253,4.015,0.24599708879184862,0.006622516556291391,0.03090507726269316,0.10816777041942605,0.6,TRUE
699027-2025-123,699027,José Suárez,José Suárez,2025,Low-A,123,Florida State League,279,Palm Beach Cardinals,PMB,Outfielder,RF,OF,20,366,0.08196721311475409,0.27049180327868855,0.07600000000000001,0.345,3.8359999999999994,0.32228915662650603,0.00819672131147541,0.04644808743169399,0.06284153005464481,1.85,TRUE
803679-2025-123,803679,Sammy Hernandez,Sammy Hernandez,2025,Low-A,123,Florida State League,279,Palm Beach Cardinals,PMB,Catcher,C,C,21,360,0.12777777777777777,0.18611111111111112,0.058,0.29500000000000004,3.8609999999999998,0.2192429022082019,0.005555555555555556,0.03611111111111111,0.03611111111111111,0.75,TRUE
801276-2025-123,801276,Juan Matheus,Juan Matheus,2025,Low-A,123,Florida State League,587,Tampa Tarpons,TAM,Third Base,3B,SS,21,394,0.1218274111675127,0.18781725888324874,0.098,0.33299999999999996,3.548,0.20489296636085627,0.005076142131979695,0.06852791878172589,0.10913705583756345,0.8400000000000001,TRUE
800510-2025-123,800510,Samuel Gil,Samuel Gil,2025,Low-A,123,Florida State League,570,Lakeland Flying Tigers,LAK,Second Base,2B,SS,20,362,0.13812154696132597,0.13535911602209943,0.062,0.28500000000000003,3.704,0.2049586776859504,0.0027624309392265192,0.04143646408839779,0.03591160220994475,1.08,TRUE
806120-2025-123,806120,Kyle Henley,Kyle Henley,2025,Low-A,123,Florida State League,450,Daytona Tortugas,DBT,Outfielder,CF,OF,20,423,0.06855791962174941,0.3191489361702128,0.058,0.40700000000000003,3.558,0.3303684879288437,0.002364066193853428,0.0425531914893617,0.15602836879432624,2.3299999999999996,TRUE
807007-2025-123,807007,Jeremy Rodriguez,Jeremy Rodriguez,2025,Low-A,123,Florida State League,507,St. Lucie Mets,SLU,Shortstop,SS,SS,18,492,0.12195121951219512,0.1910569105691057,0.033,0.254,3.8329999999999997,0.14580265095729014,0.0020325203252032522,0.02032520325203252,0.09552845528455285,1.44,TRUE
813620-2025-123,813620,Carson Rucker,Carson Rucker,2025,Low-A,123,Florida State League,570,Lakeland Flying Tigers,LAK,Third Base,3B,3B,20,429,0.06993006993006994,0.24242424242424243,0.059000000000000004,0.317,3.538,0.2982005141388175,0.002331002331002331,0.04195804195804196,0.03263403263403263,1,TRUE
814297-2025-123,814297,Edgleen Perez,Edgleen Perez,2025,Low-A,123,Florida State League,3390,Bradenton Marauders,BRD,Catcher,C,C,19,454,0.18502202643171806,0.18502202643171806,0.028,0.264,3.903,0.21565731166912852,0,0.022026431718061675,0.013215859030837005,1.1400000000000001,TRUE
800254-2025-123,800254,Abrahan Ramirez,Abrahan Ramirez,2025,Low-A,123,Florida State League,479,Jupiter Hammerheads,JUP,Third Base,3B,2B,20,403,0.1687344913151365,0.21339950372208435,0.064,0.318,3.8709999999999996,0.2539936102236422,0,0.04962779156327544,0.04714640198511166,1.32,TRUE
670351-2025-117,670351,Jose Rojas,Jose Rojas,2025,Triple-A,117,International League,531,Scranton/Wilkes-Barre RailRiders,SWB,Designated Hitter,DH,3B,32,517,0.12572533849129594,0.20889748549323017,0.312,0.311,4.145,0.2268993839835729,0.061895551257253385,0.13733075435203096,0.03288201160541586,0.63,TRUE
676044-2025-117,676044,Bob Seymour,Bob Seymour,2025,Triple-A,117,International League,234,Durham Bulls,DUR,First Base,1B,1B,26,443,0.08577878103837472,0.25733634311512416,0.29000000000000004,0.29200000000000004,3.585,0.3347826086956522,0.06772009029345373,0.12189616252821671,0.002257336343115124,1.07,TRUE
542208-2025-117,542208,Carlos Pérez,Carlos Pérez,2025,Triple-A,117,International League,451,Iowa Cubs,IOW,Catcher,C,C,34,465,0.10967741935483871,0.16559139784946236,0.28600000000000003,0.29000000000000004,3.8749999999999996,0.20865139949109415,0.05806451612903226,0.12903225806451613,0.004301075268817204,0.69,TRUE
671284-2025-117,671284,Tim Elko,Tim Elko,2025,Triple-A,117,International League,494,Charlotte Knights,CLT,First Base,1B,1B,26,414,0.0821256038647343,0.2971014492753623,0.26,0.367,4.026999999999999,0.3359073359073359,0.06280193236714976,0.10869565217391304,0.004830917874396135,1.86,TRUE
621458-2025-117,621458,Edwin Rios,Edwin Rios,2025,Triple-A,117,International League,416,Louisville Bats,LOU,First Base,1B,1B,31,546,0.11538461538461539,0.32967032967032966,0.222,0.33099999999999996,4.108,0.36490528414755735,0.047619047619047616,0.09340659340659341,0.0018315018315018315,1.25,TRUE
666915-2025-117,666915,Bobby Dalbec,Bobby Dalbec,2025,Triple-A,117,International League,541,Omaha Storm Chasers,OMA,Third Base,3B,1B,30,455,0.0989010989010989,0.34065934065934067,0.256,0.373,4.246,0.3752997601918465,0.05274725274725275,0.11648351648351649,0.01098901098901099,1.07,TRUE
677956-2025-117,677956,Rece Hinds,Rece Hinds,2025,Triple-A,117,International League,416,Louisville Bats,LOU,Outfielder,CF,RF,24,436,0.07568807339449542,0.2591743119266055,0.261,0.362,3.8369999999999997,0.3404710920770878,0.05504587155963303,0.11926605504587157,0.05963302752293578,0.8,TRUE
700246-2025-117,700246,Carson Williams,Carson Williams,2025,Triple-A,117,International League,234,Durham Bulls,DUR,Shortstop,SS,SS,22,451,0.12416851441241686,0.34146341463414637,0.234,0.28200000000000003,3.9709999999999996,0.3862559241706161,0.050997782705099776,0.08869179600886919,0.06208425720620843,0.81,TRUE
683357-2025-117,683357,Owen Caissie,Owen Caissie,2025,Triple-A,117,International League,451,Iowa Cubs,IOW,Outfielder,RF,RF,22,433,0.13163972286374134,0.279445727482679,0.265,0.367,4.169,0.28365384615384615,0.050808314087759814,0.12009237875288684,0.020785219399538105,0.99,TRUE
676812-2025-117,676812,Carson McCusker,Carson McCusker,2025,Triple-A,117,International League,1960,St. Paul Saints,STP,Outfielder,RF,LF,27,438,0.0821917808219178,0.3378995433789954,0.233,0.33199999999999996,4.132,0.3379396984924623,0.0502283105022831,0.10730593607305935,0.01598173515981735,1.04,TRUE
675455-2025-117,675455,Milan Tolentino,Milan Tolentino,2025,Triple-A,117,International League,445,Columbus Clippers,COL,Shortstop,SS,SS,23,460,0.11956521739130435,0.34347826086956523,0.221,0.29100000000000004,4.217,0.3356643356643357,0.04565217391304348,0.09347826086956522,0.05652173913043478,0.74,TRUE
687478-2025-117,687478,Cam Devanney,Cam Devanney,2025,Triple-A,117,International League,484,Indianapolis Indians,IND,Third Base,3B,SS,28,435,0.10114942528735632,0.24597701149425288,0.227,0.318,3.908,0.3375870069605568,0.04597701149425287,0.09885057471264368,0.01839080459770115,0.72,TRUE
678760-2025-117,678760,Eddys Leonard,Eddys Leonard,2025,Triple-A,117,International League,431,Gwinnett Stripers,GWN,Third Base,3B,SS,24,494,0.0728744939271255,0.19230769230769232,0.196,0.255,3.739,0.2775377969762419,0.04048582995951417,0.08502024291497975,0.032388663967611336,0.96,TRUE
675085-2025-117,675085,Jonathon Long,Jonathon Long,2025,Triple-A,117,International League,451,Iowa Cubs,IOW,First Base,1B,1B,23,607,0.1301482701812191,0.19110378912685339,0.17300000000000001,0.359,4.259,0.22096317280453256,0.032948929159802305,0.0757825370675453,0.0032948929159802307,1.23,TRUE
669004-2025-117,669004,MJ Melendez,MJ Melendez,2025,Triple-A,117,International League,541,Omaha Storm Chasers,OMA,Outfielder,LF,DH,26,480,0.08125,0.28125,0.229,0.329,3.8329999999999997,0.33471933471933474,0.041666666666666664,0.11666666666666667,0.058333333333333334,0.7,TRUE
687605-2025-117,687605,Andrew Pinckney,Andrew Pinckney,2025,Triple-A,117,International League,534,Rochester Red Wings,ROC,Outfielder,CF,OF,24,509,0.08644400785854617,0.2907662082514735,0.162,0.356,4.075,0.3463203463203463,0.03929273084479371,0.060903732809430254,0.07662082514734773,1.22,TRUE
666801-2025-117,666801,Rodolfo Castro,Rodolfo Castro,2025,Triple-A,117,International League,1410,Lehigh Valley IronPigs,LHV,Shortstop,SS,SS,26,525,0.10285714285714286,0.22666666666666666,0.186,0.272,3.8909999999999996,0.28482328482328484,0.03619047619047619,0.08761904761904762,0.049523809523809526,0.98,TRUE
687637-2025-117,687637,Dylan Beavers,Dylan Beavers,2025,Triple-A,117,International League,568,Norfolk Tides,NOR,Outfielder,RF,RF,23,418,0.16267942583732056,0.18181818181818182,0.21100000000000002,0.34099999999999997,4.177,0.19690576652601968,0.0430622009569378,0.08133971291866028,0.06698564593301436,0.55,TRUE
686531-2025-117,686531,Andre Lipcius,Andre Lipcius,2025,Triple-A,117,International League,494,Charlotte Knights,CLT,First Base,1B,2B,27,421,0.08788598574821853,0.1828978622327791,0.20800000000000002,0.253,3.8359999999999994,0.28625,0.04275534441805225,0.09501187648456057,0.011876484560570071,0.72,TRUE
605353-2025-117,605353,Vimael Machín,Vimael Machín,2025,Triple-A,117,International League,568,Norfolk Tides,NOR,Second Base,2B,SS,31,505,0.08712871287128712,0.1782178217821782,0.189,0.319,3.8509999999999995,0.23799359658484526,0.03564356435643564,0.09504950495049505,0.03762376237623762,0.9,TRUE
691788-2025-117,691788,Joe Mack,Joe Mack,2025,Triple-A,117,International League,564,Jacksonville Jumbo Shrimp,JAX,Catcher,C,C,22,412,0.08495145631067962,0.279126213592233,0.20900000000000002,0.307,3.883,0.32234432234432236,0.043689320388349516,0.09223300970873786,0.02669902912621359,0.81,TRUE
695020-2025-117,695020,Tanner Murray,Tanner Murray,2025,Triple-A,117,International League,234,Durham Bulls,DUR,Third Base,3B,LF,25,572,0.06818181818181818,0.24125874125874125,0.15900000000000003,0.29200000000000004,3.594,0.28209934395501407,0.03146853146853147,0.08216783216783216,0.015734265734265736,0.99,TRUE
687282-2025-117,687282,Gabriel Rincones Jr.,Gabriel Rincones Jr.,2025,Triple-A,117,International League,1410,Lehigh Valley IronPigs,LHV,Outfielder,RF,RF,24,506,0.15810276679841898,0.22529644268774704,0.189,0.28300000000000003,3.9759999999999995,0.2887882219705549,0.03557312252964427,0.08102766798418973,0.05138339920948617,1.05,TRUE
682634-2025-117,682634,Kevin Alcántara,Kevin Alcántara,2025,Triple-A,117,International League,451,Iowa Cubs,IOW,Outfielder,CF,DH,22,430,0.11162790697674418,0.29767441860465116,0.203,0.356,3.94,0.3042895442359249,0.03953488372093023,0.1,0.03255813953488372,1.27,TRUE
666150-2025-117,666150,Dominic Fletcher,Dominic Fletcher,2025,Triple-A,117,International League,494,Charlotte Knights,CLT,Outfielder,CF,RF,27,446,0.06502242152466367,0.19506726457399104,0.193,0.28900000000000003,3.8339999999999996,0.2229580573951435,0.03811659192825112,0.08968609865470852,0.02466367713004484,0.65,TRUE
687208-2025-117,687208,Nathan Hickey,Nathan Hickey,2025,Triple-A,117,International League,533,Worcester Red Sox,WOR,First Base,1B,C,25,514,0.11478599221789883,0.27431906614785995,0.17400000000000002,0.29900000000000004,4.047,0.2763761467889908,0.033073929961089495,0.08171206225680934,0.0038910505836575876,0.91,TRUE
690291-2025-117,690291,Jace Jung,Jace Jung,2025,Triple-A,117,International League,512,Toledo Mud Hens,TOL,Third Base,3B,3B,24,495,0.15757575757575756,0.25252525252525254,0.194,0.318,4.333,0.28774617067833697,0.03434343434343434,0.09090909090909091,0.01616161616161616,0.65,TRUE
668723-2025-117,668723,Ryan Vilade,Ryan Vilade,2025,Triple-A,117,International League,416,Louisville Bats,LOU,Outfielder,RF,RF,26,461,0.10845986984815618,0.19305856832971802,0.222,0.33199999999999996,3.9219999999999997,0.20239520958083831,0.0368763557483731,0.10845986984815618,0.028199566160520606,0.7799999999999999,TRUE
682868-2025-117,682868,Bryan Ramos,Bryan Ramos,2025,Triple-A,117,International League,494,Charlotte Knights,CLT,Third Base,3B,3B,23,431,0.09744779582366589,0.22273781902552203,0.181,0.24300000000000002,4.113999999999999,0.2721354166666667,0.037122969837587005,0.07888631090487239,0.03944315545243619,0.71,TRUE
681198-2025-117,681198,TJ Rumfield,TJ Rumfield,2025,Triple-A,117,International League,531,Scranton/Wilkes-Barre RailRiders,SWB,First Base,1B,1B,25,587,0.11925042589437819,0.1839863713798978,0.162,0.329,3.8789999999999996,0.21453900709219859,0.027257240204429302,0.0817717206132879,0.01192504258943782,0.71,TRUE
668731-2025-117,668731,Akil Baddoo,Akil Baddoo,2025,Triple-A,117,International League,512,Toledo Mud Hens,TOL,Outfielder,LF,LF,26,457,0.1487964989059081,0.24507658643326038,0.203,0.355,3.8689999999999998,0.28983688833124216,0.03282275711159737,0.09190371991247265,0.06345733041575492,0.72,TRUE
650559-2025-117,650559,Bryan De La Cruz,Bryan De La Cruz,2025,Triple-A,117,International League,531,Scranton/Wilkes-Barre RailRiders,SWB,Outfielder,RF,OF,28,411,0.0851581508515815,0.25060827250608275,0.168,0.323,4.1339999999999995,0.2769423558897243,0.0364963503649635,0.07542579075425791,0.021897810218978103,0.8700000000000001,TRUE
682983-2025-117,682983,Jud Fabian,Jud Fabian,2025,Triple-A,117,International League,568,Norfolk Tides,NOR,Outfielder,CF,OF,24,431,0.16705336426914152,0.31554524361948955,0.166,0.24100000000000002,4.216,0.3753180661577608,0.03480278422273782,0.06264501160092807,0.02088167053364269,0.96,TRUE
667452-2025-117,667452,Corey Julks,Corey Julks,2025,Triple-A,117,International League,494,Charlotte Knights,CLT,Outfielder,LF,LF,29,487,0.09856262833675565,0.2032854209445585,0.17700000000000002,0.36,3.9299999999999997,0.22098765432098766,0.030800821355236138,0.0944558521560575,0.043121149897330596,0.89,TRUE
671976-2025-117,671976,Tristan Peters,Tristan Peters,2025,Triple-A,117,International League,234,Durham Bulls,DUR,Outfielder,CF,CF,25,555,0.11711711711711711,0.1837837837837838,0.164,0.306,3.8289999999999997,0.2602739726027397,0.02702702702702703,0.08288288288288288,0.032432432432432434,0.71,TRUE
699625-2025-117,699625,Jimmy Crooks,Jimmy Crooks,2025,Triple-A,117,International League,235,Memphis Redbirds,MEM,Catcher,C,C,23,430,0.08372093023255814,0.2651162790697674,0.167,0.352,3.8699999999999997,0.31,0.03255813953488372,0.08372093023255814,0,1.1400000000000001,TRUE
690984-2025-117,690984,Petey Halpin,Petey Halpin,2025,Triple-A,117,International League,445,Columbus Clippers,COL,Outfielder,CF,CF,23,553,0.0922242314647378,0.2820976491862568,0.164,0.33199999999999996,3.9659999999999997,0.25564588979223124,0.02531645569620253,0.0867992766726944,0.0325497287522604,0.47000000000000003,TRUE
689288-2025-117,689288,Matt Koperniak,Matt Koperniak,2025,Triple-A,117,International League,235,Memphis Redbirds,MEM,Outfielder,RF,LF,27,536,0.08955223880597014,0.1921641791044776,0.136,0.28300000000000003,3.765,0.24949899799599198,0.026119402985074626,0.06529850746268656,0.022388059701492536,1.07,TRUE
701678-2025-117,701678,Hao-Yu Lee,Hao-Yu Lee,2025,Triple-A,117,International League,512,Toledo Mud Hens,TOL,Third Base,3B,2B,22,579,0.11226252158894647,0.20898100172711573,0.163,0.29200000000000004,4.005,0.2555970149253731,0.024179620034542316,0.07772020725388601,0.046632124352331605,0.98,TRUE
805300-2025-117,805300,Jakob Marsee,Jakob Marsee,2025,Triple-A,117,International League,564,Jacksonville Jumbo Shrimp,JAX,Outfielder,CF,CF,24,429,0.1585081585081585,0.1888111888111888,0.191,0.28200000000000003,4.03,0.20028011204481794,0.03263403263403263,0.07692307692307693,0.13986013986013987,0.8300000000000001,TRUE
669256-2025-117,669256,Nick Solak,Nick Solak,2025,Triple-A,117,International League,484,Indianapolis Indians,IND,First Base,1B,1B,30,482,0.0995850622406639,0.13692946058091288,0.16,0.364,3.867,0.2022613065326633,0.029045643153526972,0.07883817427385892,0.026970954356846474,1.53,TRUE
691185-2025-117,691185,Maximo Acosta,Maximo Acosta,2025,Triple-A,117,International League,564,Jacksonville Jumbo Shrimp,JAX,Shortstop,SS,SS,22,465,0.10752688172043011,0.2645161290322581,0.14100000000000001,0.28700000000000003,4.131,0.26947637292464877,0.02795698924731183,0.06236559139784946,0.09032258064516129,1.02,TRUE
694208-2025-117,694208,Moisés Ballesteros,Moisés Ballesteros,2025,Triple-A,117,International League,451,Iowa Cubs,IOW,Catcher,C,DH,21,509,0.0962671905697446,0.13163064833005894,0.15700000000000003,0.34199999999999997,3.5519999999999996,0.20278969957081544,0.025540275049115914,0.08447937131630648,0.0137524557956778,1.3,TRUE
687093-2025-117,687093,Vaughn Grissom,Vaughn Grissom,2025,Triple-A,117,International League,533,Worcester Red Sox,WOR,Second Base,2B,2B,24,418,0.08851674641148326,0.17464114832535885,0.17,0.301,3.7800000000000002,0.23994638069705093,0.03110047846889952,0.08851674641148326,0.02631578947368421,1.1300000000000001,TRUE
622268-2025-117,622268,Donovan Walton,Donovan Walton,2025,Triple-A,117,International League,1410,Lehigh Valley IronPigs,LHV,Second Base,2B,3B,31,504,0.10912698412698413,0.13293650793650794,0.127,0.28800000000000003,3.909,0.20758693361433087,0.025793650793650792,0.057539682539682536,0.015873015873015872,0.8200000000000001,TRUE
691277-2025-117,691277,Deyvison De Los Santos,Deyvison De Los Santos,2025,Triple-A,117,International League,564,Jacksonville Jumbo Shrimp,JAX,First Base,1B,1B,22,444,0.08108108108108109,0.22297297297297297,0.12300000000000001,0.28900000000000003,3.8019999999999996,0.3084004602991945,0.02702702702702703,0.05405405405405406,0.04954954954954955,1.35,TRUE
681047-2025-117,681047,Christian Franklin,Christian Franklin,2025,Triple-A,117,International League,534,Rochester Red Wings,ROC,Outfielder,LF,LF,25,535,0.14953271028037382,0.205607476635514,0.15500000000000003,0.33599999999999997,3.957,0.25180722891566265,0.022429906542056073,0.07476635514018691,0.052336448598130844,1.09,TRUE
694661-2025-117,694661,Riley Tirotta,Riley Tirotta,2025,Triple-A,117,International League,422,Buffalo Bisons,BUF,Third Base,3B,3B,26,463,0.11447084233261338,0.2958963282937365,0.14900000000000002,0.375,4.101999999999999,0.3506024096385542,0.02591792656587473,0.0734341252699784,0.03455723542116631,0.93,TRUE
702358-2025-117,702358,Trey Lipscomb,Trey Lipscomb,2025,Triple-A,117,International League,534,Rochester Red Wings,ROC,Third Base,3B,3B,25,489,0.07157464212678936,0.19427402862985685,0.14300000000000002,0.29300000000000004,3.505,0.2663755458515284,0.022494887525562373,0.08384458077709611,0.03680981595092025,1.1800000000000002,TRUE
608841-2025-117,608841,Joey Meneses,Joey Meneses,2025,Triple-A,117,International League,552,Syracuse Mets,SYR,First Base,1B,1B,33,419,0.06921241050119331,0.14797136038186157,0.182,0.29100000000000004,3.508,0.19971870604781997,0.026252983293556086,0.11217183770883055,0.00477326968973747,0.8300000000000001,TRUE
640458-2025-117,640458,Óscar Mercado,Óscar Mercado,2025,Triple-A,117,International League,1410,Lehigh Valley IronPigs,LHV,Outfielder,RF,RF,30,477,0.14465408805031446,0.14255765199161424,0.12300000000000001,0.272,4.021,0.19852941176470587,0.023060796645702306,0.05241090146750524,0.10482180293501048,0.65,TRUE
691002-2025-117,691002,Yohandy Morales,Yohandy Morales,2025,Triple-A,117,International League,534,Rochester Red Wings,ROC,First Base,1B,3B,23,433,0.10623556581986143,0.302540415704388,0.15200000000000002,0.346,3.8659999999999997,0.359375,0.025404157043879907,0.07852193995381063,0.011547344110854504,1.34,TRUE
682239-2025-117,682239,Luke Ritter,Luke Ritter,2025,Triple-A,117,International League,552,Syracuse Mets,SYR,Third Base,3B,2B,28,438,0.11643835616438356,0.3150684931506849,0.14100000000000001,0.323,4.091,0.36930455635491605,0.02511415525114155,0.06621004566210045,0.00684931506849315,1.28,TRUE
668843-2025-117,668843,Conner Capel,Conner Capel,2025,Triple-A,117,International League,431,Gwinnett Stripers,GWN,Outfielder,RF,LF,28,414,0.10144927536231885,0.20048309178743962,0.125,0.274,3.9779999999999998,0.21646746347941567,0.024154589371980676,0.05555555555555555,0.06038647342995169,0.8600000000000001,TRUE
665482-2025-117,665482,Gilberto Celestino,Gilberto Celestino,2025,Triple-A,117,International League,552,Syracuse Mets,SYR,Outfielder,RF,CF,26,426,0.11971830985915492,0.21830985915492956,0.11,0.34099999999999997,3.953,0.2755798090040928,0.02112676056338028,0.051643192488262914,0.035211267605633804,2.24,TRUE
701496-2025-117,701496,Ben Cowles,Ben Cowles,2025,Triple-A,117,International League,494,Charlotte Knights,CLT,Second Base,2B,3B,25,527,0.07210626185958255,0.2884250474383302,0.135,0.325,3.558,0.3254901960784314,0.017077798861480076,0.08159392789373814,0.04933586337760911,0.71,TRUE
668472-2025-117,668472,Nick Pratto,Nick Pratto,2025,Triple-A,117,International League,541,Omaha Storm Chasers,OMA,First Base,1B,1B,26,423,0.10874704491725769,0.29550827423167847,0.134,0.268,4.206,0.324468085106383,0.02127659574468085,0.07092198581560284,0.018912529550827423,0.81,TRUE
693409-2025-117,693409,César Prieto,César Prieto,2025,Triple-A,117,International League,235,Memphis Redbirds,MEM,Third Base,3B,3B,26,515,0.07572815533980583,0.13592233009708737,0.15200000000000002,0.33499999999999996,3.606,0.19019607843137254,0.017475728155339806,0.09320388349514563,0.05048543689320388,1.02,TRUE
663494-2025-117,663494,Bryan Torres,Bryan Torres,2025,Triple-A,117,International League,235,Memphis Redbirds,MEM,Second Base,2B,LF,27,414,0.16908212560386474,0.13768115942028986,0.136,0.369,4.135,0.17103235747303544,0.021739130434782608,0.06280193236714976,0.07729468599033816,1.3,TRUE
694351-2025-117,694351,Jacob Berry,Jacob Berry,2025,Triple-A,117,International League,564,Jacksonville Jumbo Shrimp,JAX,Second Base,2B,3B,24,469,0.1044776119402985,0.18550106609808104,0.133,0.31,3.795,0.21281741233373638,0.017057569296375266,0.07889125799573561,0.07462686567164178,0.6,TRUE
686554-2025-117,686554,Oliver Dunn,Oliver Dunn,2025,Triple-A,117,International League,556,Nashville Sounds,NAS,Third Base,3B,3B,27,465,0.11612903225806452,0.3139784946236559,0.13,0.305,4.122999999999999,0.3241551939924906,0.017204301075268817,0.06666666666666667,0.06451612903225806,1.32,TRUE
663796-2025-117,663796,Coco Montes,Coco Montes,2025,Triple-A,117,International League,234,Durham Bulls,DUR,Outfielder,LF,2B,28,415,0.07710843373493977,0.2963855421686747,0.115,0.3,3.8649999999999998,0.34478527607361964,0.01927710843373494,0.06506024096385542,0.021686746987951807,0.92,TRUE
677578-2025-117,677578,Carlos Rodríguez,Carlos Rodríguez,2025,Triple-A,117,International League,431,Gwinnett Stripers,GWN,Outfielder,LF,RF,24,533,0.09193245778611632,0.1275797373358349,0.07600000000000001,0.272,3.677,0.16354166666666667,0.0150093808630394,0.03564727954971857,0.04690431519699812,0.71,TRUE
672279-2025-117,672279,Michael Siani,Michael Siani,2025,Triple-A,117,International League,235,Memphis Redbirds,MEM,Outfielder,CF,CF,25,430,0.11627906976744186,0.24651162790697675,0.12000000000000001,0.266,4.026,0.280794701986755,0.018604651162790697,0.05581395348837209,0.07674418604651163,1.12,TRUE
702222-2025-117,702222,Justin Crawford,Justin Crawford,2025,Triple-A,117,International League,1410,Lehigh Valley IronPigs,LHV,Outfielder,CF,CF,21,506,0.11462450592885376,0.17984189723320157,0.118,0.40700000000000003,3.8299999999999996,0.18106139438085328,0.01383399209486166,0.06719367588932806,0.11264822134387352,1.94,TRUE
694362-2025-117,694362,Blake Dunn,Blake Dunn,2025,Triple-A,117,International League,416,Louisville Bats,LOU,Outfielder,CF,CF,26,422,0.12796208530805686,0.24170616113744076,0.11,0.39,4.026,0.2467343976777939,0.016587677725118485,0.054502369668246446,0.06398104265402843,1.1400000000000001,TRUE
664731-2025-117,664731,P.J. Higgins,P.J. Higgins,2025,Triple-A,117,International League,416,Louisville Bats,LOU,Catcher,C,C,32,408,0.07107843137254902,0.18382352941176472,0.10500000000000001,0.281,3.9709999999999996,0.22321428571428573,0.01715686274509804,0.058823529411764705,0.0024509803921568627,0.8200000000000001,TRUE
682119-2025-117,682119,Levi Jordan,Levi Jordan,2025,Triple-A,117,International League,416,Louisville Bats,LOU,Shortstop,SS,CF,29,461,0.07809110629067245,0.14533622559652928,0.109,0.265,3.6119999999999997,0.20860495436766624,0.015184381778741865,0.06290672451193059,0.04121475054229935,1.1800000000000002,TRUE
672463-2025-117,672463,Rafael Lantigua,Rafael Lantigua,2025,Triple-A,117,International League,1410,Lehigh Valley IronPigs,LHV,Second Base,2B,2B,27,495,0.15555555555555556,0.14747474747474748,0.1,0.26,3.8059999999999996,0.20291777188328913,0.014141414141414142,0.048484848484848485,0.048484848484848485,1.05,TRUE
701649-2025-117,701649,James Triantos,James Triantos,2025,Triple-A,117,International League,451,Iowa Cubs,IOW,Second Base,2B,2B,22,444,0.06981981981981981,0.15090090090090091,0.111,0.29300000000000004,3.714,0.18294190358467244,0.015765765765765764,0.06531531531531531,0.08558558558558559,1.6300000000000001,TRUE
642197-2025-117,642197,Jamie Westbrook,Jamie Westbrook,2025,Triple-A,117,International League,234,Durham Bulls,DUR,Second Base,2B,2B,30,430,0.1,0.16279069767441862,0.134,0.307,3.7630000000000003,0.24119947848761408,0.01627906976744186,0.08372093023255814,0.004651162790697674,1.11,TRUE
694377-2025-117,694377,Nick Yorke,Nick Yorke,2025,Triple-A,117,International League,484,Indianapolis Indians,IND,Second Base,2B,3B,23,440,0.08181818181818182,0.22045454545454546,0.12000000000000001,0.362,4.061,0.2536475869809203,0.015909090909090907,0.07045454545454545,0.05227272727272727,1.3800000000000001,TRUE
687627-2025-117,687627,Kody Huff,Kody Huff,2025,Triple-A,117,International League,445,Columbus Clippers,COL,Catcher,C,C,24,407,0.09090909090909091,0.25552825552825553,0.10800000000000001,0.29200000000000004,3.963,0.2553191489361702,0.014742014742014743,0.06388206388206388,0.014742014742014743,1.26,TRUE
683021-2025-117,683021,Michael Stefanic,Michael Stefanic,2025,Triple-A,117,International League,422,Buffalo Bisons,BUF,Third Base,3B,2B,29,442,0.1334841628959276,0.09954751131221719,0.096,0.308,3.957,0.08166666666666667,0.013574660633484163,0.05203619909502263,0.027149321266968326,1.44,TRUE
669384-2025-117,669384,Raynel Delgado,Raynel Delgado,2025,Triple-A,117,International League,556,Nashville Sounds,NAS,Second Base,2B,2B,25,474,0.10126582278481013,0.20042194092827004,0.097,0.351,3.7870000000000004,0.20828789531079608,0.010548523206751054,0.056962025316455694,0.10126582278481013,1.08,TRUE
686765-2025-117,686765,Nick Sogard,Nick Sogard,2025,Triple-A,117,International League,533,Worcester Red Sox,WOR,Shortstop,SS,3B,27,409,0.15647921760391198,0.1784841075794621,0.109,0.33799999999999997,4.262,0.19497784342688332,0.012224938875305624,0.06601466992665037,0.0488997555012225,0.8300000000000001,TRUE
688005-2025-117,688005,Francisco Urbaez,Francisco Urbaez,2025,Triple-A,117,International League,416,Louisville Bats,LOU,Second Base,2B,2B,27,411,0.09245742092457421,0.09732360097323602,0.15000000000000002,0.33899999999999997,3.664,0.16890881913303438,0.009732360097323601,0.09975669099756691,0.021897810218978103,0.9400000000000001,TRUE
678391-2025-117,678391,Jorbit Vivas,Jorbit Vivas,2025,Triple-A,117,International League,531,Scranton/Wilkes-Barre RailRiders,SWB,Second Base,2B,3B,24,459,0.1394335511982571,0.09803921568627451,0.094,0.29500000000000004,3.5189999999999997,0.14775725593667546,0.008714596949891068,0.05664488017429194,0.0457516339869281,0.8300000000000001,TRUE
686551-2025-117,686551,Christian Cairo,Christian Cairo,2025,Triple-A,117,International League,445,Columbus Clippers,COL,Third Base,3B,SS,24,416,0.10817307692307693,0.23317307692307693,0.093,0.317,4.108,0.2632375189107413,0.004807692307692308,0.0625,0.09615384615384616,1.45,TRUE
691789-2025-118,691789,Izaac Pacheco,Izaac Pacheco,2025,High-A,118,Midwest League,582,West Michigan Whitecaps,WM,Third Base,3B,SS,22,425,0.17411764705882352,0.28941176470588237,0.24000000000000002,0.34299999999999997,4.139,0.3261964735516373,0.04,0.10588235294117647,0,0.7,TRUE
806252-2025-118,806252,Ralphy Velazquez,Ralphy Velazquez,2025,High-A,118,Midwest League,437,Lake County Captains,LC,First Base,1B,1B,20,418,0.09569377990430622,0.20334928229665072,0.224,0.272,4.005,0.23798076923076922,0.04066985645933014,0.10287081339712918,0.007177033492822967,0.74,TRUE
806263-2025-118,806263,Brandon Winokur,Brandon Winokur,2025,High-A,118,Midwest League,492,Cedar Rapids Kernels,CR,Outfielder,CF,OF,20,529,0.0831758034026465,0.24763705103969755,0.162,0.275,3.7430000000000003,0.34178403755868547,0.03213610586011342,0.07561436672967864,0.05671077504725898,0.99,TRUE
695372-2025-118,695372,Jake Gelof,Jake Gelof,2025,High-A,118,Midwest League,456,Great Lakes Loons,GL,Third Base,3B,3B,23,362,0.12154696132596685,0.26519337016574585,0.23,0.263,3.8589999999999995,0.27140549273021003,0.04419889502762431,0.11049723756906077,0.049723756906077346,0.76,TRUE
702488-2025-118,702488,Logan Wagner,Logan Wagner,2025,High-A,118,Midwest League,456,Great Lakes Loons,GL,Third Base,3B,SS,21,533,0.14634146341463414,0.2626641651031895,0.164,0.277,3.9719999999999995,0.3265720081135903,0.028142589118198873,0.075046904315197,0.039399624765478425,0.77,TRUE
691410-2025-118,691410,Jose Devers,Jose Devers,2025,High-A,118,Midwest League,437,Lake County Captains,LC,Shortstop,SS,SS,22,516,0.060077519379844964,0.2751937984496124,0.17500000000000002,0.312,3.769,0.32338308457711445,0.025193798449612403,0.10271317829457365,0.03294573643410853,0.97,TRUE
702114-2025-118,702114,John Michael Faile,John Michael Faile,2025,High-A,118,Midwest League,459,Dayton Dragons,DAY,First Base,1B,C,25,365,0.06575342465753424,0.27945205479452057,0.17300000000000001,0.29300000000000004,4.058,0.2723521320495186,0.03561643835616438,0.08767123287671233,0.005479452054794521,0.74,TRUE
682633-2025-118,682633,Eduardo Garcia,Eduardo Garcia,2025,High-A,118,Midwest League,572,Wisconsin Timber Rattlers,WIS,Outfielder,CF,SS,22,411,0.09975669099756691,0.26034063260340634,0.183,0.322,3.927,0.31047865459249674,0.031630170316301706,0.09245742092457421,0.09732360097323602,0.53,TRUE
814307-2025-118,814307,Zyhir Hope,Zyhir Hope,2025,High-A,118,Midwest League,456,Great Lakes Loons,GL,Outfielder,RF,CF,20,524,0.14885496183206107,0.2652671755725191,0.164,0.355,4.106999999999999,0.3408323959505062,0.02480916030534351,0.08206106870229007,0.061068702290076333,0.7,TRUE
698916-2025-118,698916,Rosman Verdugo,Rosman Verdugo,2025,High-A,118,Midwest League,584,Fort Wayne TinCaps,FW,Third Base,3B,SS,20,490,0.1469387755102041,0.3224489795918367,0.14900000000000002,0.29700000000000004,4.088,0.35851183765501693,0.026530612244897958,0.06326530612244897,0.018367346938775512,0.6599999999999999,TRUE
800543-2025-118,800543,Josue De Paula,Josue De Paula,2025,High-A,118,Midwest League,456,Great Lakes Loons,GL,Outfielder,LF,CF,20,426,0.19014084507042253,0.20187793427230047,0.15800000000000003,0.318,4.087,0.24696969696969698,0.028169014084507043,0.06807511737089202,0.09389671361502347,0.9,TRUE
701682-2025-118,701682,Braedon Karpathios,Braedon Karpathios,2025,High-A,118,Midwest League,584,Fort Wayne TinCaps,FW,Outfielder,RF,OF,22,433,0.15011547344110854,0.27251732101616627,0.15600000000000003,0.34299999999999997,4.206,0.30013831258644535,0.02771362586605081,0.07390300230946882,0.03002309468822171,1.6300000000000001,TRUE
699130-2025-118,699130,Jadher Areinamo,Jadher Areinamo,2025,High-A,118,Midwest League,572,Wisconsin Timber Rattlers,WIS,Shortstop,SS,2B,21,415,0.0819277108433735,0.11566265060240964,0.166,0.309,3.682,0.1959544879898862,0.02650602409638554,0.0891566265060241,0.05542168674698795,0.7,TRUE
822578-2025-118,822578,Brandon Butterworth,Brandon Butterworth,2025,High-A,118,Midwest League,584,Fort Wayne TinCaps,FW,Second Base,2B,SS,22,377,0.06896551724137931,0.20689655172413793,0.188,0.314,3.785,0.2440828402366864,0.029177718832891247,0.09283819628647215,0.03978779840848806,0.77,TRUE
694320-2025-118,694320,Jack Costello,Jack Costello,2025,High-A,118,Midwest League,584,Fort Wayne TinCaps,FW,First Base,1B,3B,24,439,0.05922551252847381,0.17312072892938496,0.12200000000000001,0.24900000000000003,3.554,0.22237017310252996,0.022779043280182234,0.06378132118451026,0.025056947608200455,0.72,TRUE
815888-2025-118,815888,Leo De Vries,Leo De Vries,2025,High-A,118,Midwest League,499,Lansing Lugnuts,LAN,Shortstop,SS,SS,18,433,0.12933025404157045,0.20092378752886836,0.17800000000000002,0.29700000000000004,4.037,0.2408500590318772,0.023094688221709007,0.08775981524249422,0.03695150115473441,0.6,TRUE
687543-2025-118,687543,Andrew Jenkins,Andrew Jenkins,2025,High-A,118,Midwest League,582,West Michigan Whitecaps,WM,First Base,1B,1B,24,398,0.0829145728643216,0.23366834170854273,0.15100000000000002,0.328,3.7640000000000002,0.2918395573997234,0.02512562814070352,0.07537688442211055,0,0.98,TRUE
687260-2025-118,687260,Brian Kalmer,Brian Kalmer,2025,High-A,118,Midwest League,550,South Bend Cubs,SB,First Base,1B,3B,24,360,0.1388888888888889,0.25277777777777777,0.16,0.26,3.8169999999999997,0.29046898638426627,0.027777777777777776,0.07222222222222222,0.013888888888888888,0.39,TRUE
807726-2025-118,807726,John Peck,John Peck,2025,High-A,118,Midwest League,582,West Michigan Whitecaps,WM,Shortstop,SS,SS,22,412,0.07766990291262135,0.2524271844660194,0.14400000000000002,0.399,3.789,0.30403800475059384,0.024271844660194174,0.08009708737864078,0.05339805825242718,1.32,TRUE
694185-2025-118,694185,Danny De Andrade,Danny De Andrade,2025,High-A,118,Midwest League,492,Cedar Rapids Kernels,CR,Third Base,3B,SS,21,495,0.08686868686868687,0.23232323232323232,0.15800000000000003,0.29000000000000004,3.774,0.2951496388028896,0.01818181818181818,0.08686868686868687,0.04242424242424243,1.03,TRUE
691416-2025-118,691416,Esteban González,Esteban González,2025,High-A,118,Midwest League,437,Lake County Captains,LC,Outfielder,LF,CF,22,447,0.0738255033557047,0.21700223713646533,0.15700000000000003,0.33399999999999996,3.508,0.2962085308056872,0.020134228187919462,0.09172259507829977,0.06935123042505593,0.8400000000000001,TRUE
827294-2025-118,827294,Edgar Alvarez,Edgar Alvarez,2025,High-A,118,Midwest League,550,South Bend Cubs,SB,Outfielder,LF,1B,24,438,0.1187214611872146,0.2146118721461187,0.117,0.318,3.984,0.27692307692307694,0.0182648401826484,0.0639269406392694,0.02054794520547945,1.08,TRUE
814414-2025-118,814414,Kyle DeBarge,Kyle DeBarge,2025,High-A,118,Midwest League,492,Cedar Rapids Kernels,CR,Second Base,2B,SS,21,543,0.1289134438305709,0.22283609576427257,0.12400000000000001,0.302,3.9259999999999997,0.2410196987253766,0.014732965009208104,0.06629834254143646,0.13627992633517497,0.88,TRUE
814522-2025-118,814522,Caden Kendle,Caden Kendle,2025,High-A,118,Midwest League,492,Cedar Rapids Kernels,CR,Outfielder,RF,OF,23,371,0.0889487870619946,0.18598382749326145,0.14600000000000002,0.272,3.8709999999999996,0.2071651090342679,0.0215633423180593,0.07816711590296496,0.04851752021563342,0.8600000000000001,TRUE
700931-2025-118,700931,Seth Stephenson,Seth Stephenson,2025,High-A,118,Midwest League,582,West Michigan Whitecaps,WM,Outfielder,RF,OF,24,427,0.0702576112412178,0.1451990632318501,0.135,0.325,3.4499999999999997,0.1874125874125874,0.01873536299765808,0.06791569086651054,0.11007025761124122,0.8200000000000001,TRUE
694838-2025-118,694838,Joe Vetrano,Joe Vetrano,2025,High-A,118,Midwest League,456,Great Lakes Loons,GL,First Base,1B,1B,23,414,0.1111111111111111,0.26811594202898553,0.137,0.29700000000000004,3.884,0.36671001300390116,0.01932367149758454,0.07246376811594203,0.06280193236714976,1.4,TRUE
694200-2025-118,694200,Ariel Almonte,Ariel Almonte,2025,High-A,118,Midwest League,459,Dayton Dragons,DAY,Outfielder,RF,OF,21,359,0.08356545961002786,0.3370473537604457,0.129,0.28,3.8579999999999997,0.34916201117318435,0.019498607242339833,0.07242339832869081,0.011142061281337047,0.8700000000000001,TRUE
689931-2025-118,689931,Peyton Graham,Peyton Graham,2025,High-A,118,Midwest League,582,West Michigan Whitecaps,WM,Second Base,2B,SS,24,409,0.097799511002445,0.2078239608801956,0.14,0.352,3.8899999999999997,0.2275132275132275,0.017114914425427872,0.08068459657701711,0.05378973105134474,0.7799999999999999,TRUE
694183-2025-118,694183,Cristian Hernández,Cristian Hernández,2025,High-A,118,Midwest League,550,South Bend Cubs,SB,Shortstop,SS,SS,21,507,0.10453648915187377,0.20710059171597633,0.113,0.311,3.718,0.3067357512953368,0.013806706114398421,0.0670611439842209,0.1203155818540434,1.04,TRUE
694387-2025-118,694387,Christian Knapczyk,Christian Knapczyk,2025,High-A,118,Midwest League,437,Lake County Captains,LC,Second Base,2B,SS,23,424,0.09905660377358491,0.18632075471698112,0.111,0.311,3.651,0.21695402298850575,0.01650943396226415,0.06132075471698113,0.0330188679245283,0.81,TRUE
801978-2025-118,801978,Callan Moss,Callan Moss,2025,High-A,118,Midwest League,565,Quad Cities River Bandits,QC,First Base,1B,1B,21,393,0.13486005089058525,0.22137404580152673,0.14800000000000002,0.33899999999999997,3.913,0.2598187311178248,0.017811704834605598,0.08142493638676845,0.04834605597964377,0.9400000000000001,TRUE
691948-2025-118,691948,Jordan Thompson,Jordan Thompson,2025,High-A,118,Midwest League,456,Great Lakes Loons,GL,Shortstop,SS,SS,23,402,0.07960199004975124,0.27114427860696516,0.101,0.276,3.8529999999999998,0.3135935397039031,0.017412935323383085,0.05472636815920398,0.04477611940298507,1.1400000000000001,TRUE
800231-2025-118,800231,Won-Bin Cho,Won-Bin Cho,2025,High-A,118,Midwest League,443,Peoria Chiefs,PEO,Outfielder,CF,OF,21,368,0.1358695652173913,0.23641304347826086,0.10500000000000001,0.308,3.9159999999999995,0.2895125553914328,0.016304347826086956,0.057065217391304345,0.07880434782608696,1.26,TRUE
801406-2025-118,801406,Jared Dickey,Jared Dickey,2025,High-A,118,Midwest League,499,Lansing Lugnuts,LAN,Outfielder,RF,RF,23,375,0.14933333333333335,0.136,0.133,0.277,4.127999999999999,0.24210526315789474,0.016,0.06933333333333333,0.02666666666666667,1.09,TRUE
826545-2025-118,826545,Brendan Durfee,Brendan Durfee,2025,High-A,118,Midwest League,584,Fort Wayne TinCaps,FW,Catcher,C,C,23,376,0.09308510638297872,0.26063829787234044,0.11,0.29100000000000004,3.689,0.3375886524822695,0.015957446808510637,0.061170212765957445,0,0.8700000000000001,TRUE
699115-2025-118,699115,Carlos Jorge,Carlos Jorge,2025,High-A,118,Midwest League,459,Dayton Dragons,DAY,Outfielder,CF,SS,21,469,0.11087420042643924,0.18550106609808104,0.10300000000000001,0.305,3.8779999999999997,0.2347305389221557,0.01279317697228145,0.05543710021321962,0.10021321961620469,1.05,TRUE
813666-2025-118,813666,Ariel Armas,Ariel Armas,2025,High-A,118,Midwest League,550,South Bend Cubs,SB,Catcher,C,C,22,381,0.09973753280839895,0.1837270341207349,0.114,0.281,3.6270000000000002,0.2618296529968454,0.013123359580052493,0.07086614173228346,0.03937007874015748,0.8,TRUE
695501-2025-118,695501,Blake Burke,Blake Burke,2025,High-A,118,Midwest League,572,Wisconsin Timber Rattlers,WIS,First Base,1B,1B,22,408,0.12009803921568628,0.23039215686274508,0.114,0.376,4.108,0.26894865525672373,0.012254901960784314,0.06862745098039216,0.0392156862745098,1.41,TRUE
695634-2025-118,695634,Jaime Ferrer,Jaime Ferrer,2025,High-A,118,Midwest League,492,Cedar Rapids Kernels,CR,First Base,1B,OF,22,373,0.06166219839142091,0.225201072386059,0.12200000000000001,0.27,3.617,0.28991596638655465,0.013404825737265416,0.07238605898123325,0.005361930294906166,0.96,TRUE
814413-2025-118,814413,Ian Petrutz,Ian Petrutz,2025,High-A,118,Midwest League,443,Peoria Chiefs,PEO,Outfielder,LF,OF,22,371,0.1078167115902965,0.1320754716981132,0.10400000000000001,0.278,3.666,0.20711974110032363,0.013477088948787063,0.05929919137466307,0.03504043126684636,1.1,TRUE
672013-2025-118,672013,T.J. Schofield-Sam,T.J. Schofield-Sam,2025,High-A,118,Midwest League,499,Lansing Lugnuts,LAN,First Base,1B,3B,24,442,0.05429864253393665,0.21266968325791855,0.12000000000000001,0.356,3.6670000000000003,0.23605706874189364,0.011312217194570135,0.07013574660633484,0.006787330316742082,0.88,TRUE
691398-2025-118,691398,Yerlin Confidan,Yerlin Confidan,2025,High-A,118,Midwest League,459,Dayton Dragons,DAY,Outfielder,RF,OF,22,474,0.10759493670886076,0.2805907172995781,0.096,0.318,3.8349999999999995,0.3476510067114094,0.008438818565400843,0.05907172995780591,0.0379746835443038,1.29,TRUE
824028-2025-118,824028,Gage Miller,Gage Miller,2025,High-A,118,Midwest League,554,Beloit Sky Carp,BEL,Second Base,2B,2B,22,356,0.1348314606741573,0.14887640449438203,0.1,0.23800000000000002,3.7870000000000004,0.20093457943925233,0.011235955056179775,0.056179775280898875,0.06741573033707865,0.74,TRUE
701481-2025-118,701481,Ryan Campos,Ryan Campos,2025,High-A,118,Midwest League,443,Peoria Chiefs,PEO,Catcher,C,C,22,421,0.15201900237529692,0.17577197149643706,0.10500000000000001,0.28900000000000003,4.095,0.20317002881844382,0.007125890736342043,0.0665083135391924,0.04275534441805225,1.46,TRUE
815150-2025-118,815150,Carter Frederick,Carter Frederick,2025,High-A,118,Midwest League,565,Quad Cities River Bandits,QC,Outfielder,RF,OF,22,405,0.10617283950617284,0.32592592592592595,0.119,0.344,3.983,0.38095238095238093,0.007407407407407408,0.07901234567901234,0.04691358024691358,1.07,TRUE
806077-2025-118,806077,Kendall George,Kendall George,2025,High-A,118,Midwest League,456,Great Lakes Loons,GL,Outfielder,CF,OF,20,514,0.16342412451361868,0.1517509727626459,0.07500000000000001,0.352,3.944,0.19774718397997496,0.005836575875486381,0.03696498054474708,0.24124513618677043,1.54,TRUE
682662-2025-118,682662,Rafael Morel,Rafael Morel,2025,High-A,118,Midwest League,550,South Bend Cubs,SB,Outfielder,RF,SS,23,362,0.13812154696132597,0.30939226519337015,0.07300000000000001,0.257,3.8699999999999997,0.3304647160068847,0.008287292817679558,0.04419889502762431,0.06906077348066299,0.65,TRUE
694977-2025-118,694977,Nate Nankil,Nate Nankil,2025,High-A,118,Midwest League,499,Lansing Lugnuts,LAN,Outfielder,RF,OF,22,369,0.10298102981029811,0.14363143631436315,0.101,0.33999999999999997,3.8209999999999997,0.19377162629757785,0.008130081300813009,0.06504065040650407,0.02168021680216802,0.72,TRUE
814528-2025-118,814528,Sam Kulasingam,Sam Kulasingam,2025,High-A,118,Midwest League,565,Quad Cities River Bandits,QC,Second Base,2B,3B,23,547,0.11517367458866545,0.15722120658135283,0.10300000000000001,0.348,3.9159999999999995,0.19517313746065057,0.003656307129798903,0.06581352833638025,0.05850091407678245,1.5,TRUE
805075-2025-118,805075,Erick Torres,Erick Torres,2025,High-A,118,Midwest League,565,Quad Cities River Bandits,QC,Outfielder,LF,OF,20,446,0.06950672645739911,0.1591928251121076,0.068,0.277,3.5989999999999998,0.16666666666666666,0.004484304932735426,0.04708520179372197,0.04932735426008968,1.24,TRUE
694193-2025-118,694193,Victor Acosta,Victor Acosta,2025,High-A,118,Midwest League,459,Dayton Dragons,DAY,Second Base,2B,SS,21,391,0.09718670076726342,0.1867007672634271,0.055,0.28500000000000003,3.606,0.21739130434782608,0.0025575447570332483,0.03580562659846547,0.043478260869565216,1.1400000000000001,TRUE
822501-2025-118,822501,Jon Jon Gazdar,Jon Jon Gazdar,2025,High-A,118,Midwest League,443,Peoria Chiefs,PEO,Shortstop,SS,SS,23,416,0.08173076923076923,0.09615384615384616,0.05,0.319,3.584,0.16666666666666666,0.002403846153846154,0.036057692307692304,0.06009615384615385,1.12,TRUE
694187-2025-118,694187,Daniel Vazquez,Daniel Vazquez,2025,High-A,118,Midwest League,565,Quad Cities River Bandits,QC,Shortstop,SS,SS,21,463,0.10367170626349892,0.20086393088552915,0.089,0.329,3.657,0.2834158415841584,0.0021598272138228943,0.06263498920086392,0.07127429805615551,1.1300000000000001,TRUE
671748-2025-118,671748,Casey Yamauchi,Casey Yamauchi,2025,High-A,118,Midwest League,499,Lansing Lugnuts,LAN,Second Base,2B,SS,24,481,0.04573804573804574,0.07484407484407485,0.06899999999999999,0.29400000000000004,3.2270000000000003,0.12784810126582277,0.002079002079002079,0.05197505197505198,0.04158004158004158,1.27,TRUE
800345-2025-118,800345,Juan Baez,Juan Baez,2025,High-A,118,Midwest League,572,Wisconsin Timber Rattlers,WIS,Third Base,3B,IF,20,442,0.10407239819004525,0.1085972850678733,0.023,0.226,3.557,0.17647058823529413,0,0.01809954751131222,0.01809954751131222,1.12,TRUE
811965-2025-118,811965,Joshua Kuroda-Grauer,Joshua Kuroda-Grauer,2025,High-A,118,Midwest League,499,Lansing Lugnuts,LAN,Shortstop,SS,3B,22,366,0.07103825136612021,0.10109289617486339,0.06899999999999999,0.32999999999999996,3.9339999999999997,0.14463452566096424,0,0.060109289617486336,0.08743169398907104,1.04,TRUE
692044-2025-126,692044,Luis Suisbel,Luis Suisbel,2025,High-A,126,Northwest League,403,Everett AquaSox,EVE,Third Base,3B,3B,22,491,0.09775967413441955,0.27494908350305497,0.201,0.24600000000000002,3.945,0.31534883720930235,0.04684317718940937,0.07942973523421588,0.018329938900203666,0.77,TRUE
813860-2025-126,813860,Charlie Pagliarini,Charlie Pagliarini,2025,High-A,126,Northwest League,403,Everett AquaSox,EVE,Second Base,2B,3B,24,501,0.1497005988023952,0.2654690618762475,0.227,0.274,3.9819999999999998,0.33444444444444443,0.041916167664670656,0.09780439121756487,0.007984031936127744,0.89,TRUE
805126-2025-126,805126,Charlie Szykowny,Charlie Szykowny,2025,High-A,126,Northwest League,461,Eugene Emeralds,EUG,First Base,1B,3B,25,549,0.052823315118397086,0.18579234972677597,0.202,0.304,3.9179999999999997,0.21278625954198474,0.03825136612021858,0.0965391621129326,0.018214936247723135,0.69,TRUE
815873-2025-126,815873,Sean Keys,Sean Keys,2025,High-A,126,Northwest League,435,Vancouver Canadians,VAN,Third Base,3B,DH,22,529,0.16257088846880907,0.22117202268431002,0.191,0.25,4.042,0.2366504854368932,0.035916824196597356,0.07939508506616257,0.017013232514177693,0.81,TRUE
806191-2025-126,806191,Tai Peete,Tai Peete,2025,High-A,126,Northwest League,403,Everett AquaSox,EVE,Outfielder,CF,OF,19,529,0.08695652173913043,0.30623818525519847,0.187,0.28200000000000003,4.085,0.32073643410852715,0.035916824196597356,0.0888468809073724,0.06805293005671077,0.72,TRUE
703194-2025-126,703194,Randy De Jesus,Randy De Jesus,2025,High-A,126,Northwest League,460,Tri-City Dust Devils,TRI,Outfielder,RF,OF,20,483,0.10144927536231885,0.33954451345755693,0.15400000000000003,0.24700000000000003,3.9789999999999996,0.39263157894736844,0.037267080745341616,0.060041407867494824,0.010351966873706004,0.8400000000000001,TRUE
701860-2025-126,701860,Carter Cunningham,Carter Cunningham,2025,High-A,126,Northwest League,435,Vancouver Canadians,VAN,First Base,1B,OF,24,419,0.15990453460620524,0.324582338902148,0.194,0.303,4.1739999999999995,0.3393548387096774,0.03818615751789976,0.07875894988066826,0.03579952267303103,0.59,TRUE
691269-2025-126,691269,Adrian Placencia,Adrian Placencia,2025,High-A,126,Northwest League,460,Tri-City Dust Devils,TRI,Second Base,2B,SS,22,501,0.14570858283433133,0.3013972055888224,0.171,0.28400000000000003,4.056,0.4112646121147715,0.031936127744510975,0.06786427145708583,0.01996007984031936,0.6599999999999999,TRUE
815067-2025-126,815067,Aidan Longwell,Aidan Longwell,2025,High-A,126,Northwest League,486,Spokane Indians,SPO,First Base,1B,1B,23,516,0.09302325581395349,0.19186046511627908,0.19,0.315,3.641,0.22979552093476144,0.029069767441860465,0.10271317829457365,0.013565891472868217,0.59,TRUE
804446-2025-126,804446,Eddie Micheletti Jr.,Eddie Micheletti Jr.,2025,High-A,126,Northwest League,435,Vancouver Canadians,VAN,Outfielder,RF,OF,23,464,0.16810344827586207,0.15086206896551724,0.19,0.24100000000000002,3.968,0.1825726141078838,0.03017241379310345,0.08620689655172414,0.00646551724137931,0.73,TRUE
690804-2025-126,690804,Ryan Nicholson,Ryan Nicholson,2025,High-A,126,Northwest League,460,Tri-City Dust Devils,TRI,First Base,1B,1B,24,400,0.145,0.235,0.185,0.323,3.945,0.28463855421686746,0.035,0.08,0.005,1.05,TRUE
687918-2025-126,687918,Braylen Wimmer,Braylen Wimmer,2025,High-A,126,Northwest League,486,Spokane Indians,SPO,Outfielder,LF,SS,24,386,0.08031088082901554,0.22020725388601037,0.201,0.364,3.363,0.27662721893491127,0.03626943005181347,0.09844559585492228,0.06994818652849741,1.04,TRUE
805796-2025-126,805796,Arjun Nimmala,Arjun Nimmala,2025,High-A,126,Northwest League,435,Vancouver Canadians,VAN,Shortstop,SS,SS,19,543,0.10128913443830571,0.2136279926335175,0.15600000000000003,0.266,3.608,0.29694835680751175,0.02394106813996317,0.08287292817679558,0.03683241252302026,0.8500000000000001,TRUE
703430-2025-126,703430,Anthony Scull,Anthony Scull,2025,High-A,126,Northwest League,460,Tri-City Dust Devils,TRI,Outfielder,CF,OF,21,465,0.06236559139784946,0.23010752688172043,0.136,0.316,3.566,0.2840172786177106,0.02795698924731183,0.06666666666666667,0.025806451612903226,0.99,TRUE
800959-2025-126,800959,Nick Goodwin,Nick Goodwin,2025,High-A,126,Northwest League,435,Vancouver Canadians,VAN,Second Base,2B,SS,23,385,0.13506493506493505,0.17922077922077922,0.15900000000000003,0.275,3.9509999999999996,0.21638330757341576,0.03116883116883117,0.06753246753246753,0.033766233766233764,0.6599999999999999,TRUE
702690-2025-126,702690,Cutter Coffey,Cutter Coffey,2025,High-A,126,Northwest League,435,Vancouver Canadians,VAN,Third Base,3B,3B,21,440,0.10681818181818181,0.22727272727272727,0.15400000000000003,0.34099999999999997,3.8179999999999996,0.2847682119205298,0.025,0.08409090909090909,0.029545454545454545,0.8600000000000001,TRUE
694806-2025-126,694806,Brandon Eike,Brandon Eike,2025,High-A,126,Northwest League,403,Everett AquaSox,EVE,First Base,1B,3B,23,387,0.06718346253229975,0.31266149870801035,0.16,0.279,3.664,0.3458333333333333,0.028423772609819122,0.08785529715762273,0.002583979328165375,1,TRUE
806068-2025-126,806068,Colt Emerson,Colt Emerson,2025,High-A,126,Northwest League,403,Everett AquaSox,EVE,Shortstop,SS,SS,19,412,0.13106796116504854,0.1650485436893204,0.17300000000000001,0.316,3.8009999999999997,0.18907563025210083,0.02669902912621359,0.07766990291262135,0.024271844660194174,1.1900000000000002,TRUE
691292-2025-126,691292,Angel Ortiz,Angel Ortiz,2025,High-A,126,Northwest League,419,Hillsboro Hops,HIL,Outfielder,RF,CF,22,494,0.0931174089068826,0.19433198380566802,0.15500000000000003,0.308,3.8619999999999997,0.265495867768595,0.022267206477732792,0.08299595141700405,0.012145748987854251,0.8,TRUE
813841-2025-126,813841,Jonah Cox,Jonah Cox,2025,High-A,126,Northwest League,461,Eugene Emeralds,EUG,Outfielder,CF,CF,23,597,0.09045226130653267,0.22445561139028475,0.14100000000000001,0.326,3.9379999999999997,0.2549019607843137,0.01675041876046901,0.07370184254606366,0.11557788944723618,1.1500000000000001,TRUE
815306-2025-126,815306,Rio Foster,Rio Foster,2025,High-A,126,Northwest League,460,Tri-City Dust Devils,TRI,Outfielder,LF,OF,22,378,0.15873015873015872,0.25396825396825395,0.17200000000000001,0.357,4.206,0.29572649572649573,0.026455026455026454,0.07936507936507936,0.023809523809523808,0.73,TRUE
676038-2025-126,676038,Skyler Messinger,Skyler Messinger,2025,High-A,126,Northwest League,486,Spokane Indians,SPO,Third Base,3B,3B,26,462,0.05844155844155844,0.23160173160173161,0.128,0.29100000000000004,3.6149999999999998,0.2715617715617716,0.021645021645021644,0.06926406926406926,0.04329004329004329,0.8500000000000001,TRUE
814194-2025-126,814194,Quinn McDaniel,Quinn McDaniel,2025,High-A,126,Northwest League,461,Eugene Emeralds,EUG,Second Base,2B,2B,22,428,0.12149532710280374,0.28738317757009346,0.128,0.314,3.921,0.3164251207729469,0.02102803738317757,0.06074766355140187,0.04205607476635514,0.61,TRUE
814154-2025-126,814154,Scott Bandura,Scott Bandura,2025,High-A,126,Northwest League,461,Eugene Emeralds,EUG,Outfielder,RF,OF,23,373,0.11796246648793565,0.24128686327077747,0.132,0.404,3.917,0.2361963190184049,0.01876675603217158,0.06702412868632708,0.08579088471849866,1,TRUE
701783-2025-126,701783,Cole Messina,Cole Messina,2025,High-A,126,Northwest League,486,Spokane Indians,SPO,Catcher,C,C,22,434,0.1175115207373272,0.16589861751152074,0.12300000000000001,0.304,3.804,0.19970845481049562,0.016129032258064516,0.07142857142857142,0.04608294930875576,0.96,TRUE
700321-2025-126,700321,Andy Perez,Andy Perez,2025,High-A,126,Northwest League,486,Spokane Indians,SPO,Shortstop,SS,SS,21,483,0.049689440993788817,0.16770186335403728,0.119,0.316,3.101,0.206401766004415,0.014492753623188406,0.07453416149068323,0.047619047619047616,1.56,TRUE
800198-2025-126,800198,Cristofer Torin,Cristofer Torin,2025,High-A,126,Northwest League,419,Hillsboro Hops,HIL,Shortstop,SS,SS,20,544,0.1213235294117647,0.14338235294117646,0.09899999999999999,0.33099999999999996,4.124999999999999,0.14174972314507198,0.011029411764705883,0.05698529411764706,0.04044117647058824,1.11,TRUE
702258-2025-126,702258,Druw Jones,Druw Jones,2025,High-A,126,Northwest League,419,Hillsboro Hops,HIL,Outfielder,CF,OF,21,545,0.10275229357798166,0.23302752293577983,0.10500000000000001,0.33199999999999996,3.8899999999999997,0.2653061224489796,0.009174311926605505,0.06422018348623854,0.05871559633027523,1.23,TRUE
800306-2025-126,800306,Jansel Luis,Jansel Luis,2025,High-A,126,Northwest League,419,Hillsboro Hops,HIL,Second Base,2B,2B,20,447,0.06040268456375839,0.16331096196868009,0.119,0.349,3.4499999999999997,0.24907521578298397,0.011185682326621925,0.06935123042505593,0.06487695749440715,1.29,TRUE
800194-2025-126,800194,Capri Ortiz,Capri Ortiz,2025,High-A,126,Northwest League,460,Tri-City Dust Devils,TRI,Shortstop,SS,3B,20,399,0.08020050125313283,0.20300751879699247,0.093,0.28300000000000003,3.4309999999999996,0.28319783197831977,0.012531328320802004,0.05012531328320802,0.08270676691729323,1.11,TRUE
823185-2025-126,823185,Zane Zielinski,Zane Zielinski,2025,High-A,126,Northwest League,461,Eugene Emeralds,EUG,Shortstop,SS,SS,23,483,0.10144927536231885,0.2546583850931677,0.063,0.329,3.863,0.2848557692307692,0.008281573498964804,0.033126293995859216,0.08488612836438923,1.07,TRUE
699232-2025-126,699232,Anderdson Rojas,Anderdson Rojas,2025,High-A,126,Northwest League,419,Hillsboro Hops,HIL,Third Base,3B,2B,21,474,0.09915611814345991,0.16033755274261605,0.068,0.278,3.6959999999999997,0.192090395480226,0.002109704641350211,0.04852320675105485,0.056962025316455694,1.6,TRUE
669899-2025-112,669899,Ryan Ward,Ryan Ward,2025,Triple-A,112,Pacific Coast League,238,Oklahoma City Comets,OKC,Outfielder,LF,LF,27,652,0.1273006134969325,0.18711656441717792,0.267,0.312,3.897,0.21561338289962825,0.05521472392638037,0.11196319018404909,0.03374233128834356,0.97,TRUE
694359-2025-112,694359,Niko Kavadas,Niko Kavadas,2025,Triple-A,112,Pacific Coast League,561,Salt Lake Bees,SL,First Base,1B,1B,26,527,0.14231499051233396,0.3092979127134725,0.24400000000000002,0.3,4.2410000000000005,0.31654676258992803,0.05313092979127135,0.08918406072106262,0.003795066413662239,0.6599999999999999,TRUE
669134-2025-112,669134,Luis Campusano,Luis Campusano,2025,Triple-A,112,Pacific Coast League,4904,El Paso Chihuahuas,ELP,Catcher,C,C,26,475,0.15157894736842106,0.1726315789473684,0.26,0.37,4.0649999999999995,0.21992238033635186,0.05263157894736842,0.10736842105263159,0.004210526315789474,1.43,TRUE
694376-2025-112,694376,Shay Whitcomb,Shay Whitcomb,2025,Triple-A,112,Pacific Coast League,5434,Sugar Land Space Cowboys,SUG,Third Base,3B,3B,26,469,0.11087420042643924,0.255863539445629,0.24200000000000002,0.316,3.957,0.29125,0.053304904051172705,0.1023454157782516,0.03837953091684435,0.7799999999999999,TRUE
682617-2025-112,682617,Marco Luciano,Marco Luciano,2025,Triple-A,112,Pacific Coast League,105,Sacramento River Cats,SAC,Outfielder,LF,OF,23,555,0.15315315315315314,0.3063063063063063,0.199,0.276,4.263,0.36852791878172586,0.04144144144144144,0.08108108108108109,0.023423423423423424,1.01,TRUE
691021-2025-112,691021,A.J. Vukovich,A.J. Vukovich,2025,Triple-A,112,Pacific Coast League,2310,Reno Aces,RNO,Outfielder,LF,OF,23,476,0.09663865546218488,0.2710084033613445,0.21400000000000002,0.357,3.933,0.324235807860262,0.046218487394957986,0.09243697478991597,0.004201680672268907,1.51,TRUE
688760-2025-112,688760,Blaine Crim,Blaine Crim,2025,Triple-A,112,Pacific Coast League,342,Albuquerque Isotopes,ABQ,Designated Hitter,DH,1B,28,492,0.11382113821138211,0.18292682926829268,0.21300000000000002,0.31,3.961,0.23529411764705882,0.042682926829268296,0.0975609756097561,0.014227642276422764,0.9,TRUE
669374-2025-112,669374,Keston Hiura,Keston Hiura,2025,Triple-A,112,Pacific Coast League,342,Albuquerque Isotopes,ABQ,First Base,1B,1B,28,445,0.10561797752808989,0.27640449438202247,0.23500000000000001,0.344,3.9709999999999996,0.33993015133876603,0.04719101123595506,0.10112359550561797,0.0044943820224719105,0.7799999999999999,TRUE
679822-2025-112,679822,Justin Foscue,Justin Foscue,2025,Triple-A,112,Pacific Coast League,102,Round Rock Express,RR,Second Base,2B,2B,26,453,0.09933774834437085,0.1390728476821192,0.21300000000000002,0.266,3.9119999999999995,0.17554479418886199,0.04194260485651214,0.10375275938189846,0.01545253863134658,0.74,TRUE
683227-2025-112,683227,Cody Freeman,Cody Freeman,2025,Triple-A,112,Pacific Coast League,102,Round Rock Express,RR,Third Base,3B,3B,24,426,0.07511737089201878,0.08685446009389672,0.21400000000000002,0.328,3.8329999999999997,0.10620689655172413,0.04460093896713615,0.10328638497652583,0.03051643192488263,1.03,TRUE
682988-2025-112,682988,Tyler Locklear,Tyler Locklear,2025,Triple-A,112,Pacific Coast League,529,Tacoma Rainiers,TAC,First Base,1B,1B,24,434,0.10829493087557604,0.21889400921658986,0.225,0.375,3.774,0.2839506172839506,0.04377880184331797,0.10368663594470046,0.055299539170506916,1.3900000000000001,TRUE
666632-2025-112,666632,Yonathan Perlaza,Yonathan Perlaza,2025,Triple-A,112,Pacific Coast League,4904,El Paso Chihuahuas,ELP,Outfielder,RF,2B,26,624,0.11858974358974358,0.20032051282051283,0.203,0.366,3.8209999999999997,0.3038210624417521,0.030448717948717948,0.11217948717948718,0.035256410256410256,1.6300000000000001,TRUE
805672-2025-112,805672,Collin Price,Collin Price,2025,Triple-A,112,Pacific Coast League,5434,Sugar Land Space Cowboys,SUG,Catcher,C,C,25,449,0.10022271714922049,0.3028953229398664,0.199,0.306,4.004,0.3206197854588796,0.0400890868596882,0.08685968819599109,0.013363028953229399,0.54,TRUE
677060-2025-112,677060,Chad Stevens,Chad Stevens,2025,Triple-A,112,Pacific Coast League,561,Salt Lake Bees,SL,Shortstop,SS,2B,26,528,0.10984848484848485,0.2215909090909091,0.19,0.351,3.759,0.28614157527417744,0.03409090909090909,0.08712121212121213,0.043560606060606064,0.88,TRUE
691740-2025-112,691740,Daniel Susac,Daniel Susac,2025,Triple-A,112,Pacific Coast League,400,Las Vegas Aviators,LV,Catcher,C,C,24,407,0.085995085995086,0.2678132678132678,0.20800000000000002,0.34199999999999997,3.943,0.2857142857142857,0.044226044226044224,0.09336609336609336,0.02457002457002457,1.44,TRUE
694514-2025-112,694514,Sterlin Thompson,Sterlin Thompson,2025,Triple-A,112,Pacific Coast League,342,Albuquerque Isotopes,ABQ,Outfielder,LF,RF,24,513,0.10331384015594541,0.20857699805068225,0.223,0.353,3.86,0.24864864864864866,0.03508771929824561,0.10526315789473684,0.031189083820662766,1.44,TRUE
656541-2025-112,656541,Sam Hilliard,Sam Hilliard,2025,Triple-A,112,Pacific Coast League,342,Albuquerque Isotopes,ABQ,Outfielder,CF,LF,31,414,0.11352657004830918,0.2608695652173913,0.277,0.361,3.993,0.33288590604026846,0.04106280193236715,0.13043478260869565,0.03864734299516908,0.77,TRUE
694728-2025-112,694728,Brice Matthews,Brice Matthews,2025,Triple-A,112,Pacific Coast League,5434,Sugar Land Space Cowboys,SUG,Second Base,2B,CF,23,498,0.14056224899598393,0.2791164658634538,0.198,0.346,3.988,0.35347776510832385,0.03413654618473896,0.08433734939759036,0.10441767068273092,0.89,TRUE
669392-2025-112,669392,Samad Taylor,Samad Taylor,2025,Triple-A,112,Pacific Coast League,529,Tacoma Rainiers,TAC,Second Base,2B,LF,26,657,0.1111111111111111,0.1872146118721461,0.165,0.35,4.068,0.22119815668202766,0.0258751902587519,0.0776255707762557,0.0821917808219178,1.25,TRUE
695670-2025-112,695670,Harry Ford,Harry Ford,2025,Triple-A,112,Pacific Coast League,529,Tacoma Rainiers,TAC,Catcher,C,C,22,458,0.1615720524017467,0.19213973799126638,0.17600000000000002,0.32999999999999996,4.179,0.23228346456692914,0.034934497816593885,0.07423580786026202,0.024017467248908297,1.32,TRUE
690976-2025-112,690976,Alex Freeland,Alex Freeland,2025,Triple-A,112,Pacific Coast League,238,Oklahoma City Comets,OKC,Shortstop,SS,2B,23,508,0.16338582677165353,0.21850393700787402,0.188,0.315,4.258,0.2376357056694813,0.031496062992125984,0.09055118110236221,0.047244094488188976,1.02,TRUE
665923-2025-112,665923,Esteury Ruiz,Esteury Ruiz,2025,Triple-A,112,Pacific Coast League,238,Oklahoma City Comets,OKC,Outfielder,LF,RF,26,494,0.12955465587044535,0.18016194331983806,0.20700000000000002,0.355,4.004,0.24031890660592256,0.032388663967611336,0.0951417004048583,0.14979757085020243,1.09,TRUE
680769-2025-112,680769,CJ Alexander,CJ Alexander,2025,Triple-A,112,Pacific Coast League,238,Oklahoma City Comets,OKC,First Base,1B,1B,28,413,0.10653753026634383,0.27602905569007263,0.21800000000000003,0.33799999999999997,3.881,0.2903225806451613,0.03631961259079903,0.10653753026634383,0.01694915254237288,0.6699999999999999,TRUE
687529-2025-112,687529,Grant McCray,Grant McCray,2025,Triple-A,112,Pacific Coast League,105,Sacramento River Cats,SAC,Outfielder,CF,CF,24,510,0.10784313725490197,0.27058823529411763,0.167,0.322,4.178,0.3185404339250493,0.029411764705882353,0.07647058823529412,0.058823529411764705,1.11,TRUE
670097-2025-112,670097,Zack Short,Zack Short,2025,Triple-A,112,Pacific Coast League,5434,Sugar Land Space Cowboys,SUG,Shortstop,SS,SS,30,475,0.16421052631578947,0.25263157894736843,0.164,0.24300000000000002,4.316,0.25802310654685495,0.031578947368421054,0.06947368421052631,0.014736842105263158,0.41000000000000003,TRUE
678545-2025-112,678545,Osleivis Basabe,Osleivis Basabe,2025,Triple-A,112,Pacific Coast League,105,Sacramento River Cats,SAC,Shortstop,SS,SS,24,477,0.06918238993710692,0.1761006289308176,0.163,0.278,3.5559999999999996,0.20539906103286384,0.029350104821802937,0.08385744234800839,0.016771488469601678,1.1400000000000001,TRUE
687867-2025-112,687867,Clay Dungan,Clay Dungan,2025,Triple-A,112,Pacific Coast League,4904,El Paso Chihuahuas,ELP,Second Base,2B,2B,29,625,0.1168,0.2272,0.17500000000000002,0.344,3.92,0.24859287054409004,0.0224,0.0896,0.0592,1.29,TRUE
663536-2025-112,663536,Tristin English,Tristin English,2025,Triple-A,112,Pacific Coast League,2310,Reno Aces,RNO,First Base,1B,OF,28,417,0.050359712230215826,0.1486810551558753,0.19,0.356,3.52,0.2347417840375587,0.03357314148681055,0.1079136690647482,0,1.2,TRUE
683090-2025-112,683090,Matthew Lugo,Matthew Lugo,2025,Triple-A,112,Pacific Coast League,561,Salt Lake Bees,SL,Outfielder,CF,LF,24,462,0.06926406926406926,0.2943722943722944,0.182,0.356,3.9699999999999998,0.30616509926854757,0.02813852813852814,0.09956709956709957,0.03896103896103896,1.29,TRUE
665846-2025-112,665846,Jesús Bastidas,Jesús Bastidas,2025,Triple-A,112,Pacific Coast League,5434,Sugar Land Space Cowboys,SUG,Third Base,3B,SS,26,418,0.08373205741626795,0.23444976076555024,0.197,0.327,3.715,0.28553459119496855,0.028708133971291867,0.1076555023923445,0.02631578947368421,0.56,TRUE
669386-2025-112,669386,Trevor Hauver,Trevor Hauver,2025,Triple-A,112,Pacific Coast League,102,Round Rock Express,RR,Outfielder,LF,2B,26,440,0.15227272727272728,0.2409090909090909,0.171,0.352,4.086,0.25768667642752563,0.02727272727272727,0.07954545454545454,0.00909090909090909,0.98,TRUE
669222-2025-112,669222,Nick Senzel,Nick Senzel,2025,Triple-A,112,Pacific Coast League,238,Oklahoma City Comets,OKC,Third Base,3B,3B,30,411,0.10948905109489052,0.18491484184914841,0.15600000000000003,0.28300000000000003,3.708,0.21568627450980393,0.029197080291970802,0.0705596107055961,0.019464720194647202,0.81,TRUE
687957-2025-112,687957,Dustin Harris,Dustin Harris,2025,Triple-A,112,Pacific Coast League,102,Round Rock Express,RR,Outfielder,CF,LF,25,425,0.10352941176470588,0.17411764705882352,0.15100000000000002,0.32999999999999996,3.889,0.21530479896238652,0.02588235294117647,0.07529411764705882,0.08705882352941176,0.7,TRUE
680911-2025-112,680911,Owen Miller,Owen Miller,2025,Triple-A,112,Pacific Coast League,342,Albuquerque Isotopes,ABQ,Shortstop,SS,2B,28,441,0.06575963718820861,0.16099773242630386,0.15200000000000002,0.303,3.714,0.17990074441687345,0.024943310657596373,0.08390022675736962,0.036281179138321996,0.92,TRUE
691728-2025-112,691728,Zac Veen,Zac Veen,2025,Triple-A,112,Pacific Coast League,342,Albuquerque Isotopes,ABQ,Outfielder,RF,LF,23,412,0.08495145631067962,0.20388349514563106,0.17800000000000002,0.347,3.6189999999999998,0.2579787234042553,0.02669902912621359,0.09466019417475728,0.04854368932038835,1.32,TRUE
669722-2025-112,669722,Logan Davidson,Logan Davidson,2025,Triple-A,112,Pacific Coast League,5434,Sugar Land Space Cowboys,SUG,Outfielder,RF,1B,27,423,0.17257683215130024,0.28132387706855794,0.14500000000000002,0.35,4.196,0.31868131868131866,0.02364066193853428,0.06855791962174941,0.02127659574468085,1.31,TRUE
689070-2025-112,689070,Spencer Packard,Spencer Packard,2025,Triple-A,112,Pacific Coast League,529,Tacoma Rainiers,TAC,Outfielder,LF,OF,27,494,0.12955465587044535,0.13157894736842105,0.135,0.308,4.093,0.17618469015795868,0.020242914979757085,0.0708502024291498,0.0020242914979757085,0.89,TRUE
641796-2025-112,641796,Tim Locastro,Tim Locastro,2025,Triple-A,112,Pacific Coast League,4904,El Paso Chihuahuas,ELP,Outfielder,LF,LF,32,414,0.08695652173913043,0.16183574879227053,0.163,0.309,3.4659999999999997,0.26584022038567495,0.021739130434782608,0.0821256038647343,0.0893719806763285,0.77,TRUE
687005-2025-112,687005,Kellen Strahm,Kellen Strahm,2025,Triple-A,112,Pacific Coast League,102,Round Rock Express,RR,Outfielder,RF,RF,28,429,0.13752913752913754,0.21212121212121213,0.10200000000000001,0.29900000000000004,3.981,0.20771513353115728,0.018648018648018648,0.04895104895104895,0.08624708624708624,1.1800000000000002,TRUE
678489-2025-112,678489,Jorge Barrosa,Jorge Barrosa,2025,Triple-A,112,Pacific Coast League,2310,Reno Aces,RNO,Outfielder,CF,CF,24,456,0.11842105263157894,0.20833333333333334,0.137,0.369,4.02,0.23832335329341317,0.015350877192982455,0.08333333333333333,0.03070175438596491,1.11,TRUE
685744-2025-112,685744,Kenedy Corona,Kenedy Corona,2025,Triple-A,112,Pacific Coast League,5434,Sugar Land Space Cowboys,SUG,Outfielder,CF,CF,25,433,0.10623556581986143,0.23325635103926096,0.10600000000000001,0.28,3.9349999999999996,0.26783479349186484,0.016166281755196306,0.053117782909930716,0.053117782909930716,1.3,TRUE
689041-2025-112,689041,Rhylan Thomas,Rhylan Thomas,2025,Triple-A,112,Pacific Coast League,529,Tacoma Rainiers,TAC,Outfielder,RF,LF,25,618,0.0744336569579288,0.05177993527508091,0.08600000000000001,0.33199999999999996,3.197,0.09514370664023786,0.011326860841423949,0.05177993527508091,0.06957928802588997,1.02,TRUE
670148-2025-112,670148,Nate Mondou,Nate Mondou,2025,Triple-A,112,Pacific Coast League,4904,El Paso Chihuahuas,ELP,Second Base,2B,2B,30,552,0.11775362318840579,0.1431159420289855,0.113,0.358,3.7640000000000002,0.17334669338677355,0.010869565217391304,0.06702898550724638,0.025362318840579712,0.89,TRUE
664670-2025-112,664670,Alejo Lopez,Alejo Lopez,2025,Triple-A,112,Pacific Coast League,400,Las Vegas Aviators,LV,Second Base,2B,2B,29,482,0.0995850622406639,0.13692946058091288,0.085,0.307,3.697,0.20145379023883697,0.01037344398340249,0.04771784232365145,0.04149377593360996,1.25,TRUE
702789-2025-112,702789,Austin Gauthier,Austin Gauthier,2025,Triple-A,112,Pacific Coast League,238,Oklahoma City Comets,OKC,Second Base,2B,SS,26,478,0.19456066945606695,0.19246861924686193,0.095,0.328,4.098,0.20372836218375498,0.008368200836820083,0.05439330543933055,0.012552301255230125,1.54,TRUE
687231-2025-112,687231,Darell Hernaiz,Darell Hernaiz,2025,Triple-A,112,Pacific Coast League,400,Las Vegas Aviators,LV,Shortstop,SS,SS,23,445,0.10337078651685393,0.1146067415730337,0.119,0.33999999999999997,3.7030000000000003,0.18421052631578946,0.008988764044943821,0.07865168539325842,0.02696629213483146,0.97,TRUE
570560-2025-112,570560,Yolmer Sánchez,Yolmer Sánchez,2025,Triple-A,112,Pacific Coast League,561,Salt Lake Bees,SL,Second Base,2B,3B,33,492,0.13617886178861788,0.23170731707317074,0.082,0.329,4.083,0.2630480167014614,0.008130081300813009,0.046747967479674794,0.024390243902439025,1.02,TRUE
642727-2025-112,642727,Sergio Alcántara,Sergio Alcántara,2025,Triple-A,112,Pacific Coast League,2310,Reno Aces,RNO,Shortstop,SS,SS,28,441,0.15192743764172337,0.19727891156462585,0.09,0.321,4.145,0.20883534136546184,0.0045351473922902496,0.05895691609977324,0.018140589569160998,1.03,TRUE
800419-2025-116,800419,Jeral Perez,Jeral Perez,2025,High-A,116,South Atlantic League,580,Winston-Salem Dash,WS,Second Base,2B,3B,20,537,0.08193668528864059,0.2085661080074488,0.20400000000000001,0.271,4.052,0.24802371541501977,0.040968342644320296,0.0931098696461825,0.024208566108007448,0.73,TRUE
699213-2025-116,699213,Gleider Figuereo,Gleider Figuereo,2025,High-A,116,South Atlantic League,6324,Hub City Spartanburgers,HCS,Third Base,3B,SS,21,464,0.09482758620689655,0.28448275862068967,0.15200000000000002,0.24300000000000002,3.808,0.313588850174216,0.03879310344827586,0.05603448275862069,0.01939655172413793,0.7899999999999999,TRUE
691922-2025-116,691922,Javier Rivas,Javier Rivas,2025,High-A,116,South Atlantic League,477,Greensboro Grasshoppers,GBO,Shortstop,SS,SS,22,389,0.04884318766066838,0.2365038560411311,0.195,0.306,3.303,0.33421750663129973,0.04627249357326478,0.08226221079691516,0.012853470437017995,1.47,TRUE
690991-2025-116,690991,Mac Horvath,Mac Horvath,2025,High-A,116,South Atlantic League,2498,Bowling Green Hot Rods,BG,Outfielder,RF,3B,23,453,0.13245033112582782,0.2097130242825607,0.162,0.261,3.9779999999999998,0.2476319350473613,0.03532008830022075,0.06622516556291391,0.10596026490066225,0.58,TRUE
700731-2025-116,700731,Keiner Delgado,Keiner Delgado,2025,High-A,116,South Atlantic League,477,Greensboro Grasshoppers,GBO,Second Base,2B,2B,21,514,0.14202334630350194,0.2178988326848249,0.14600000000000002,0.29800000000000004,4.026999999999999,0.32038834951456313,0.027237354085603113,0.06420233463035019,0.05058365758754864,0.99,TRUE
806223-2025-116,806223,Aidan Smith,Aidan Smith,2025,High-A,116,South Atlantic League,2498,Bowling Green Hot Rods,BG,Outfielder,CF,OF,20,459,0.11546840958605664,0.3115468409586057,0.15100000000000002,0.328,4.009,0.32582938388625593,0.030501089324618737,0.06535947712418301,0.10239651416122005,0.7,TRUE
702662-2025-116,702662,Dylan Dreiling,Dylan Dreiling,2025,High-A,116,South Atlantic League,6324,Hub City Spartanburgers,HCS,Outfielder,CF,OF,22,483,0.12008281573498965,0.20910973084886128,0.15500000000000003,0.267,4.089,0.16361256544502617,0.024844720496894408,0.07660455486542443,0.041407867494824016,0.6599999999999999,TRUE
801075-2025-116,801075,Walker Janek,Walker Janek,2025,High-A,116,South Atlantic League,573,Asheville Tourists,ASH,Catcher,C,C,22,399,0.07518796992481203,0.2656641604010025,0.17,0.33899999999999997,3.8299999999999996,0.32472826086956524,0.03007518796992481,0.08771929824561403,0.08020050125313283,0.72,TRUE
701062-2025-116,701062,Alec Briley,Alec Briley,2025,High-A,116,South Atlantic League,580,Winston-Salem Dash,WS,First Base,1B,3B,24,438,0.08904109589041095,0.2648401826484018,0.162,0.29100000000000004,3.66,0.335030549898167,0.02511415525114155,0.0821917808219178,0.0228310502283105,0.7,TRUE
826164-2025-116,826164,Drew Vogel,Drew Vogel,2025,High-A,116,South Atlantic League,573,Asheville Tourists,ASH,Third Base,3B,SS,23,417,0.09352517985611511,0.37410071942446044,0.13,0.27,3.993,0.38573508005822416,0.026378896882494004,0.05755395683453238,0.07194244604316546,0.69,TRUE
691252-2025-116,691252,Jhon Diaz,Jhon Diaz,2025,High-A,116,South Atlantic League,2498,Bowling Green Hot Rods,BG,Outfielder,RF,CF,22,369,0.08401084010840108,0.24119241192411925,0.14200000000000002,0.22,3.4819999999999998,0.2912621359223301,0.02710027100271003,0.06233062330623306,0.04336043360433604,1.33,TRUE
692371-2025-116,692371,Lizandro Espinoza,Lizandro Espinoza,2025,High-A,116,South Atlantic League,432,Rome Emperors,ROM,Shortstop,SS,SS,22,377,0.06896551724137931,0.28381962864721483,0.14900000000000002,0.257,3.483,0.33661971830985915,0.026525198938992044,0.07427055702917772,0.08753315649867374,0.69,TRUE
815697-2025-116,815697,Arturo Disla,Arturo Disla,2025,High-A,116,South Atlantic League,6324,Hub City Spartanburgers,HCS,First Base,1B,1B,24,411,0.08029197080291971,0.23114355231143552,0.129,0.274,3.735,0.32113341204250295,0.021897810218978103,0.072992700729927,0.019464720194647202,1.06,TRUE
828335-2025-116,828335,Titus Dumitru,Titus Dumitru,2025,High-A,116,South Atlantic League,477,Greensboro Grasshoppers,GBO,Outfielder,LF,OF,22,463,0.09503239740820735,0.2548596112311015,0.12000000000000001,0.309,4.004,0.2844932844932845,0.019438444924406047,0.06047516198704104,0.05399568034557235,1.1900000000000002,TRUE
692150-2025-116,692150,Émilien Pitre,Émilien Pitre,2025,High-A,116,South Atlantic League,2498,Bowling Green Hot Rods,BG,Second Base,2B,2B,22,524,0.11641221374045801,0.20419847328244276,0.125,0.326,3.8649999999999998,0.23948220064724918,0.01717557251908397,0.06679389312977099,0.03816793893129771,1,TRUE
694214-2025-116,694214,Samuel Zavala,Samuel Zavala,2025,High-A,116,South Atlantic League,580,Winston-Salem Dash,WS,Outfielder,CF,CF,20,486,0.1337448559670782,0.2139917695473251,0.117,0.316,4.021,0.2376847290640394,0.018518518518518517,0.05761316872427984,0.053497942386831275,0.8700000000000001,TRUE
683569-2025-116,683569,Jose Colmenares,Jose Colmenares,2025,High-A,116,South Atlantic League,427,Jersey Shore BlueClaws,JS,Shortstop,SS,2B,23,371,0.10242587601078167,0.24797843665768193,0.15700000000000003,0.279,3.8169999999999997,0.3159420289855073,0.0215633423180593,0.08355795148247978,0.0673854447439353,0.98,TRUE
805168-2025-116,805168,Alejandro Nunez,Alejandro Nunez,2025,High-A,116,South Atlantic League,573,Asheville Tourists,ASH,Second Base,2B,SS,20,402,0.06467661691542288,0.23880597014925373,0.131,0.33999999999999997,3.545,0.2949640287769784,0.01990049751243781,0.07213930348258707,0.07711442786069651,0.74,TRUE
815089-2025-116,815089,Coby Morales,Coby Morales,2025,High-A,116,South Atlantic League,537,Hudson Valley Renegades,HV,First Base,1B,OF,23,382,0.0968586387434555,0.24083769633507854,0.133,0.324,4.063,0.28532608695652173,0.01832460732984293,0.07329842931937172,0.04712041884816754,1.01,TRUE
694742-2025-116,694742,Josh Moylan,Josh Moylan,2025,High-A,116,South Atlantic League,537,Hudson Valley Renegades,HV,First Base,1B,1B,22,452,0.1415929203539823,0.29646017699115046,0.128,0.318,4.08,0.3622448979591837,0.015486725663716814,0.06858407079646017,0.024336283185840708,0.9,TRUE
702501-2025-116,702501,Eli Serrano III,Eli Serrano III,2025,High-A,116,South Atlantic League,453,Brooklyn Cyclones,BRK,Outfielder,CF,OF,22,383,0.13054830287206268,0.2010443864229765,0.136,0.266,3.789,0.2406832298136646,0.018276762402088774,0.07571801566579635,0.031331592689295036,0.8300000000000001,TRUE
807511-2025-116,807511,Nelly Taylor,Nelly Taylor,2025,High-A,116,South Atlantic League,428,Greenville Drive,GVL,Outfielder,CF,OF,22,473,0.17124735729386892,0.28118393234672306,0.133,0.306,4.288,0.3270440251572327,0.014799154334038054,0.07188160676532769,0.08668076109936575,0.65,TRUE
695604-2025-116,695604,T.J. White,T.J. White,2025,High-A,116,South Atlantic League,426,Wilmington Blue Rocks,WIL,Outfielder,LF,OF,21,427,0.0936768149882904,0.26697892271662765,0.10600000000000001,0.308,3.8379999999999996,0.3170731707317073,0.01639344262295082,0.05620608899297424,0.01639344262295082,0.89,TRUE
808265-2025-116,808265,Franklin Arias,Franklin Arias,2025,High-A,116,South Atlantic League,428,Greenville Drive,GVL,Shortstop,SS,SS,19,392,0.08163265306122448,0.08928571428571429,0.115,0.278,3.1630000000000003,0.11018363939899833,0.015306122448979591,0.07142857142857142,0.03571428571428571,1.05,TRUE
695517-2025-116,695517,Casey Cook,Casey Cook,2025,High-A,116,South Atlantic League,6324,Hub City Spartanburgers,HCS,Second Base,2B,OF,22,493,0.10547667342799188,0.2150101419878296,0.089,0.256,4.061,0.22488038277511962,0.012170385395537525,0.0486815415821501,0.08316430020283976,0.8700000000000001,TRUE
698945-2025-116,698945,Anderson De Los Santos,Anderson De Los Santos,2025,High-A,116,South Atlantic League,488,Aberdeen IronBirds,ABD,Third Base,3B,SS,21,381,0.14435695538057744,0.2178477690288714,0.131,0.29300000000000004,4.005,0.27786032689450224,0.015748031496062992,0.06561679790026247,0.06299212598425197,0.8600000000000001,TRUE
703198-2025-116,703198,Kenni Gomez,Kenni Gomez,2025,High-A,116,South Atlantic League,573,Asheville Tourists,ASH,Outfielder,CF,OF,20,365,0.0547945205479452,0.273972602739726,0.117,0.307,3.534,0.3249001331557923,0.01643835616438356,0.07123287671232877,0.07945205479452055,0.74,TRUE
698933-2025-116,698933,Ronald Hernandez,Ronald Hernandez,2025,High-A,116,South Atlantic League,453,Brooklyn Cyclones,BRK,Catcher,C,C,21,393,0.10687022900763359,0.21882951653944022,0.112,0.278,3.888,0.2891891891891892,0.015267175572519083,0.058524173027989825,0.07124681933842239,1.28,TRUE
671956-2025-116,671956,Noah Myers,Noah Myers,2025,High-A,116,South Atlantic League,2498,Bowling Green Hot Rods,BG,Outfielder,LF,OF,25,363,0.18732782369146006,0.26721763085399447,0.115,0.348,4.1819999999999995,0.2979094076655052,0.01652892561983471,0.05234159779614325,0.0881542699724518,1.1600000000000001,TRUE
804858-2025-116,804858,Bryan Rincon,Bryan Rincon,2025,High-A,116,South Atlantic League,427,Jersey Shore BlueClaws,JS,Shortstop,SS,SS,21,359,0.1392757660167131,0.28690807799442897,0.117,0.25,4.3229999999999995,0.25795644891122277,0.016713091922005572,0.0584958217270195,0.12534818941504178,0.7,TRUE
805801-2025-116,805801,Nazzan Zanetello,Nazzan Zanetello,2025,High-A,116,South Atlantic League,428,Greenville Drive,GVL,Second Base,2B,SS,20,356,0.14606741573033707,0.3707865168539326,0.10200000000000001,0.28300000000000003,4.151999999999999,0.37777777777777777,0.016853932584269662,0.05056179775280899,0.056179775280898875,0.6799999999999999,TRUE
814431-2025-116,814431,Jackson Castillo,Jackson Castillo,2025,High-A,116,South Atlantic League,537,Hudson Valley Renegades,HV,Outfielder,LF,OF,22,406,0.11822660098522167,0.19950738916256158,0.094,0.29900000000000004,3.719,0.2325925925925926,0.012315270935960592,0.054187192118226604,0.054187192118226604,1.04,TRUE
701689-2025-116,701689,Vance Honeycutt,Vance Honeycutt,2025,High-A,116,South Atlantic League,488,Aberdeen IronBirds,ABD,Outfielder,CF,OF,22,436,0.12844036697247707,0.40825688073394495,0.10400000000000001,0.309,4.138,0.38439306358381503,0.011467889908256881,0.052752293577981654,0.08944954128440367,0.4,TRUE
823277-2025-116,823277,Cole McConnell,Cole McConnell,2025,High-A,116,South Atlantic League,580,Winston-Salem Dash,WS,Outfielder,LF,OF,24,358,0.11731843575418995,0.2988826815642458,0.089,0.316,4.031000000000001,0.29393939393939394,0.013966480446927373,0.04748603351955307,0.030726256983240222,1.36,TRUE
806983-2025-116,806983,Yophery Rodriguez,Yophery Rodriguez,2025,High-A,116,South Atlantic League,428,Greenville Drive,GVL,Outfielder,LF,CF,19,433,0.12009237875288684,0.18706697459584296,0.116,0.259,3.7159999999999997,0.22031662269129287,0.011547344110854504,0.06466512702078522,0.03695150115473441,0.6799999999999999,TRUE
694222-2025-116,694222,Ambioris Tavarez,Ambioris Tavarez,2025,High-A,116,South Atlantic League,432,Rome Emperors,ROM,Second Base,2B,SS,21,398,0.11809045226130653,0.3492462311557789,0.068,0.33299999999999996,4.095,0.4175977653631285,0.01256281407035176,0.032663316582914576,0.04522613065326633,1.54,TRUE
696264-2025-116,696264,Tyler Whitaker,Tyler Whitaker,2025,High-A,116,South Atlantic League,573,Asheville Tourists,ASH,Outfielder,RF,OF,22,402,0.11691542288557213,0.3407960199004975,0.126,0.309,4.035,0.36053412462908013,0.012437810945273632,0.07213930348258707,0.04975124378109453,0.74,TRUE
805951-2025-116,805951,Boston Baro,Boston Baro,2025,High-A,116,South Atlantic League,453,Brooklyn Cyclones,BRK,Shortstop,SS,SS,20,433,0.07159353348729793,0.20323325635103925,0.097,0.274,3.6119999999999997,0.24775353016688062,0.009237875288683603,0.057736720554272515,0.06928406466512702,0.74,TRUE
701616-2025-116,701616,Caleb Lomavita,Caleb Lomavita,2025,High-A,116,South Atlantic League,426,Wilmington Blue Rocks,WIL,Catcher,C,C,22,409,0.04645476772616137,0.20293398533007334,0.088,0.33999999999999997,3.46,0.2630890052356021,0.009779951100244499,0.05378973105134474,0.017114914425427872,1.24,TRUE
803172-2025-116,803172,Griff O'Ferrall,Griff O'Ferrall,2025,High-A,116,South Atlantic League,488,Aberdeen IronBirds,ABD,Shortstop,SS,SS,22,474,0.11181434599156118,0.14978902953586498,0.07300000000000001,0.263,3.9219999999999997,0.14435695538057744,0.008438818565400843,0.04219409282700422,0.10337552742616034,0.7,TRUE
802117-2025-116,802117,Patrick Clohisy,Patrick Clohisy,2025,High-A,116,South Atlantic League,432,Rome Emperors,ROM,Outfielder,CF,OF,23,405,0.1111111111111111,0.18765432098765433,0.082,0.304,3.719,0.25815217391304346,0.007407407407407408,0.05185185185185185,0.18024691358024691,0.96,TRUE
691913-2025-116,691913,Jesus Castillo,Jesus Castillo,2025,High-A,116,South Atlantic League,477,Greensboro Grasshoppers,GBO,First Base,1B,SS,21,397,0.0906801007556675,0.22418136020151133,0.046,0.315,3.6830000000000003,0.27753934191702434,0.005037783375314861,0.030226700251889168,0.06297229219143577,1.59,TRUE
703152-2025-116,703152,Anthony Gutierrez,Anthony Gutierrez,2025,High-A,116,South Atlantic League,6324,Hub City Spartanburgers,HCS,Designated Hitter,DH,CF,20,381,0.08136482939632546,0.2073490813648294,0.062,0.329,3.2830000000000004,0.2997032640949555,0.005249343832020997,0.04461942257217848,0.14960629921259844,1,TRUE
803745-2025-116,803745,Adrian Santana,Adrian Santana,2025,High-A,116,South Atlantic League,2498,Bowling Green Hot Rods,BG,Shortstop,SS,SS,19,409,0.08557457212713937,0.1198044009779951,0.063,0.29300000000000004,3.533,0.1268357810413885,0.004889975550122249,0.04156479217603912,0.13447432762836187,1.04,TRUE
804614-2025-116,804614,Marco Vargas,Marco Vargas,2025,High-A,116,South Atlantic League,453,Brooklyn Cyclones,BRK,Second Base,2B,SS,20,408,0.11764705882352941,0.20098039215686275,0.056,0.304,3.963,0.2025862068965517,0.0024509803921568627,0.03431372549019608,0.11029411764705882,0.88,TRUE
702140-2025-111,702140,Ruben Ibarra,Ruben Ibarra,2025,Double-A,111,Southern League,498,Chattanooga Lookouts,CHA,First Base,1B,1B,26,400,0.1175,0.2575,0.23800000000000002,0.265,4.109999999999999,0.32192648922686945,0.0525,0.095,0,0.9,TRUE
681230-2025-111,681230,BJ Murray,BJ Murray,2025,Double-A,111,Southern League,553,Knoxville Smokies,KNX,First Base,1B,3B,25,537,0.15456238361266295,0.19180633147113593,0.17600000000000002,0.267,4.061,0.2340637450199203,0.037243947858473,0.07076350093109869,0.0521415270018622,0.74,TRUE
696521-2025-111,696521,Garrett Spain,Garrett Spain,2025,Double-A,111,Southern League,5015,Biloxi Shuckers,BLX,Outfielder,RF,RF,24,486,0.08024691358024691,0.26954732510288065,0.17,0.251,3.7,0.29471544715447157,0.03292181069958848,0.07613168724279835,0.026748971193415638,0.72,TRUE
689688-2025-111,689688,Ethan Workinger,Ethan Workinger,2025,Double-A,111,Southern League,6325,Columbus Clingstones,COL,Outfielder,RF,CF,23,493,0.0872210953346856,0.18255578093306288,0.161,0.24600000000000002,3.8049999999999997,0.23905723905723905,0.032454361054766734,0.07505070993914807,0.034482758620689655,0.8700000000000001,TRUE
694580-2025-111,694580,Kemp Alderman,Kemp Alderman,2025,Double-A,111,Southern League,4124,Pensacola Blue Wahoos,PNS,Outfielder,RF,OF,22,454,0.07488986784140969,0.22466960352422907,0.165,0.33699999999999997,3.548,0.28537735849056606,0.03303964757709251,0.07268722466960352,0.06387665198237885,1.8800000000000001,TRUE
680846-2025-111,680846,Pablo Aliendo,Pablo Aliendo,2025,Double-A,111,Southern League,553,Knoxville Smokies,KNX,Catcher,C,C,24,390,0.06153846153846154,0.3487179487179487,0.15000000000000002,0.28400000000000003,3.792,0.38287752675386444,0.03333333333333333,0.06923076923076923,0.007692307692307693,0.75,TRUE
695692-2025-111,695692,Cooper Kinney,Cooper Kinney,2025,Double-A,111,Southern League,421,Montgomery Biscuits,MTG,Second Base,2B,2B,22,501,0.0718562874251497,0.249500998003992,0.14400000000000002,0.302,3.7430000000000003,0.3054726368159204,0.02594810379241517,0.07385229540918163,0.001996007984031936,1.1900000000000002,TRUE
687310-2025-111,687310,Will Simpson,Will Simpson,2025,Double-A,111,Southern League,421,Montgomery Biscuits,MTG,First Base,1B,1B,23,479,0.08768267223382047,0.22755741127348644,0.133,0.26,4.038,0.2608695652173913,0.025052192066805846,0.06889352818371608,0.022964509394572025,0.76,TRUE
694203-2025-111,694203,Denzer Guzman,Denzer Guzman,2025,Double-A,111,Southern League,559,Rocket City Trash Pandas,RCT,Shortstop,SS,3B,21,386,0.10621761658031088,0.23834196891191708,0.17300000000000001,0.29800000000000004,3.9379999999999997,0.28711484593837533,0.02849740932642487,0.09067357512953368,0.02849740932642487,0.56,TRUE
675394-2025-111,675394,Johnny Olmstead,Johnny Olmstead,2025,Double-A,111,Southern League,4124,Pensacola Blue Wahoos,PNS,Shortstop,SS,3B,24,373,0.07238605898123325,0.16621983914209115,0.15300000000000002,0.24600000000000002,3.769,0.2540983606557377,0.029490616621983913,0.07506702412868632,0.05630026809651475,0.74,TRUE
680518-2025-111,680518,Zavier Warren,Zavier Warren,2025,Double-A,111,Southern League,5015,Biloxi Shuckers,BLX,First Base,1B,1B,26,478,0.1108786610878661,0.23640167364016737,0.14300000000000002,0.279,4.042,0.2565011820330969,0.02301255230125523,0.06485355648535565,0.027196652719665274,0.55,TRUE
687554-2025-111,687554,DJ Gladney,DJ Gladney,2025,Double-A,111,Southern League,247,Birmingham Barons,BIR,Outfielder,CF,OF,23,405,0.05185185185185185,0.3111111111111111,0.133,0.32,3.6,0.35236938031591736,0.024691358024691357,0.06666666666666667,0.0345679012345679,1.46,TRUE
687210-2025-111,687210,Nathan Martorella,Nathan Martorella,2025,Double-A,111,Southern League,4124,Pensacola Blue Wahoos,PNS,First Base,1B,1B,24,394,0.1218274111675127,0.19035532994923857,0.135,0.229,3.797,0.2599118942731278,0.025380710659898477,0.06598984771573604,0.02284263959390863,0.59,TRUE
678173-2025-111,678173,David McCabe,David McCabe,2025,Double-A,111,Southern League,6325,Columbus Clingstones,COL,Third Base,3B,3B,25,435,0.13333333333333333,0.2045977011494253,0.14800000000000002,0.347,3.9979999999999998,0.2506297229219144,0.022988505747126436,0.07816091954022988,0.006896551724137931,0.8300000000000001,TRUE
684852-2025-111,684852,Geraldo Quintero,Geraldo Quintero,2025,Double-A,111,Southern League,6325,Columbus Clingstones,COL,Outfielder,LF,SS,23,399,0.13032581453634084,0.21804511278195488,0.14600000000000002,0.252,3.86,0.2686375321336761,0.02506265664160401,0.06265664160401002,0.10025062656641603,0.89,TRUE
691442-2025-111,691442,Wilfred Veras,Wilfred Veras,2025,Double-A,111,Southern League,247,Birmingham Barons,BIR,Outfielder,RF,OF,22,464,0.09267241379310345,0.2995689655172414,0.112,0.29500000000000004,3.86,0.40914158305462656,0.01939655172413793,0.05172413793103448,0.05172413793103448,1.33,TRUE
695481-2025-111,695481,Jay Allen II,Jay Allen II,2025,Double-A,111,Southern League,498,Chattanooga Lookouts,CHA,Outfielder,CF,OF,22,482,0.08921161825726141,0.24481327800829875,0.116,0.29100000000000004,3.8569999999999998,0.3076923076923077,0.016597510373443983,0.06224066390041494,0.06431535269709543,0.96,TRUE
681941-2025-111,681941,Jaylen Palmer,Jaylen Palmer,2025,Double-A,111,Southern League,553,Knoxville Smokies,KNX,Outfielder,RF,SS,24,437,0.12128146453089245,0.3501144164759725,0.093,0.378,3.9749999999999996,0.40054869684499317,0.018306636155606407,0.041189931350114416,0.07780320366132723,1.01,TRUE
806198-2025-111,806198,Cooper Pratt,Cooper Pratt,2025,Double-A,111,Southern League,5015,Biloxi Shuckers,BLX,Shortstop,SS,SS,20,527,0.127134724857685,0.15180265654648956,0.11,0.267,3.8859999999999997,0.22234762979683972,0.015180265654648957,0.058823529411764705,0.0683111954459203,0.8300000000000001,TRUE
699393-2025-111,699393,Pedro Ramírez,Pedro Ramírez,2025,Double-A,111,Southern League,553,Knoxville Smokies,KNX,Third Base,3B,2B,21,563,0.08170515097690942,0.15097690941385436,0.10600000000000001,0.318,3.8759999999999994,0.15233160621761657,0.014209591474245116,0.0586145648312611,0.0674955595026643,1.25,TRUE
694966-2025-111,694966,Brayden Taylor,Brayden Taylor,2025,Double-A,111,Southern League,421,Montgomery Biscuits,MTG,Third Base,3B,SS,23,437,0.13958810068649885,0.2768878718535469,0.114,0.229,4.309,0.2813738441215324,0.018306636155606407,0.05491990846681922,0.04576659038901602,0.42000000000000004,TRUE
814436-2025-111,814436,Ryan Galanie,Ryan Galanie,2025,Double-A,111,Southern League,247,Birmingham Barons,BIR,First Base,1B,3B,25,409,0.07090464547677261,0.15403422982885084,0.12100000000000001,0.29500000000000004,3.699,0.24206349206349206,0.017114914425427872,0.06845965770171149,0.034229828850855744,0.7799999999999999,TRUE
807742-2025-111,807742,Colton Ledbetter,Colton Ledbetter,2025,Double-A,111,Southern League,421,Montgomery Biscuits,MTG,Outfielder,RF,CF,23,535,0.09532710280373832,0.23925233644859814,0.114,0.33899999999999997,3.923,0.27582846003898637,0.013084112149532711,0.06542056074766354,0.08971962616822429,0.6699999999999999,TRUE
694420-2025-111,694420,Tatem Levins,Tatem Levins,2025,Double-A,111,Southern League,421,Montgomery Biscuits,MTG,Catcher,C,C,26,396,0.19444444444444445,0.25252525252525254,0.14,0.33499999999999996,4.295,0.2765598650927487,0.017676767676767676,0.0707070707070707,0.005050505050505051,1.62,TRUE
807751-2025-111,807751,Ethan O'Donnell,Ethan O'Donnell,2025,Double-A,111,Southern League,498,Chattanooga Lookouts,CHA,Outfielder,CF,CF,23,503,0.1073558648111332,0.25646123260437376,0.09,0.314,4.063999999999999,0.30531400966183575,0.013916500994035786,0.0437375745526839,0.04572564612326044,1.29,TRUE
686541-2025-111,686541,Drew Compton,Drew Compton,2025,Double-A,111,Southern League,6325,Columbus Clingstones,COL,First Base,1B,3B,24,448,0.10044642857142858,0.2611607142857143,0.09,0.34199999999999997,3.9379999999999997,0.2707317073170732,0.008928571428571428,0.060267857142857144,0.004464285714285714,0.9500000000000001,TRUE
804645-2025-111,804645,Caden Connor,Caden Connor,2025,Double-A,111,Southern League,247,Birmingham Barons,BIR,Outfielder,LF,OF,24,390,0.11025641025641025,0.15128205128205127,0.096,0.309,3.897,0.14021571648690292,0.010256410256410256,0.06153846153846154,0.028205128205128206,1.1600000000000001,TRUE
695490-2025-111,695490,Edwin Arroyo,Edwin Arroyo,2025,Double-A,111,Southern League,498,Chattanooga Lookouts,CHA,Shortstop,SS,2B,21,521,0.07677543186180422,0.1689059500959693,0.08600000000000001,0.33899999999999997,3.3739999999999997,0.21707818930041153,0.005758157389635317,0.05758157389635317,0.036468330134357005,1.25,TRUE
691858-2025-111,691858,Jared Serna,Jared Serna,2025,Double-A,111,Southern League,4124,Pensacola Blue Wahoos,PNS,Shortstop,SS,SS,23,437,0.09610983981693363,0.15789473684210525,0.054000000000000006,0.262,3.771,0.23777173913043478,0.006864988558352402,0.029748283752860413,0.057208237986270026,1.26,TRUE
703520-2025-111,703520,Brett Bateman,Brett Bateman,2025,Double-A,111,Southern League,553,Knoxville Smokies,KNX,Outfielder,CF,OF,23,396,0.15404040404040403,0.20707070707070707,0.046,0.33899999999999997,4.151999999999999,0.2013888888888889,0.005050505050505051,0.027777777777777776,0.06313131313131314,1.41,TRUE
687144-2025-111,687144,Corey Joyce,Corey Joyce,2025,Double-A,111,Southern League,553,Knoxville Smokies,KNX,Second Base,2B,SS,26,389,0.14395886889460155,0.20822622107969152,0.07400000000000001,0.358,3.943,0.24044585987261147,0.005141388174807198,0.04884318766066838,0.043701799485861184,1.1400000000000001,TRUE
800325-2025-111,800325,Luis Lara,Luis Lara,2025,Double-A,111,Southern League,5015,Biloxi Shuckers,BLX,Outfielder,CF,RF,20,612,0.14052287581699346,0.16176470588235295,0.08600000000000001,0.312,3.8169999999999997,0.1720321931589537,0.0032679738562091504,0.06045751633986928,0.08333333333333333,1.1600000000000001,TRUE
695462-2025-111,695462,Cal Conley,Cal Conley,2025,Double-A,111,Southern League,6325,Columbus Clingstones,COL,Shortstop,SS,SS,25,507,0.0670611439842209,0.20315581854043394,0.041,0.24700000000000003,3.726,0.24577114427860697,0.0019723865877712033,0.027613412228796843,0.05128205128205128,1.54,TRUE
703185-2025-111,703185,Nelson Rada,Nelson Rada,2025,Double-A,111,Southern League,559,Rocket City Trash Pandas,RCT,Outfielder,CF,CF,19,388,0.11597938144329897,0.211340206185567,0.055,0.366,4.066999999999999,0.2773722627737226,0.002577319587628866,0.03865979381443299,0.11855670103092783,1.76,TRUE
703151-2025-111,703151,William Bergolla Jr.,William Bergolla Jr.,2025,Double-A,111,Southern League,247,Birmingham Barons,BIR,Shortstop,SS,2B,20,551,0.06715063520871144,0.047186932849364795,0.047,0.301,3.252,0.0664451827242525,0,0.038112522686025406,0.0925589836660617,1.26,TRUE
683344-2025-111,683344,Homer Bush Jr.,Homer Bush Jr.,2025,Double-A,111,Southern League,421,Montgomery Biscuits,MTG,Outfielder,CF,CF,23,546,0.08791208791208792,0.1794871794871795,0.059000000000000004,0.375,3.69,0.2557077625570776,0,0.03663003663003663,0.12637362637362637,1.21,TRUE
807747-2025-111,807747,Rikuu Nishida,Rikuu Nishida,2025,Double-A,111,Southern League,247,Birmingham Barons,BIR,Outfielder,RF,RF,24,502,0.14940239043824702,0.13745019920318724,0.034999999999999996,0.327,4.103999999999999,0.15517241379310345,0,0.021912350597609563,0.10358565737051793,2.08,TRUE
693850-2025-109,693850,Kala'i Rosario,Kala'i Rosario,2025,Double-A,109,Texas League,3898,Wichita Wind Surge,WCH,Outfielder,RF,OF,22,579,0.12607944732297063,0.27461139896373055,0.231,0.324,4.122999999999999,0.28886554621848737,0.04317789291882556,0.10362694300518134,0.06735751295336788,0.8500000000000001,TRUE
693459-2025-109,693459,Kyler Fedko,Kyler Fedko,2025,Double-A,109,Texas League,3898,Wichita Wind Surge,WCH,Outfielder,CF,LF,25,379,0.15303430079155672,0.20844327176781002,0.24000000000000002,0.272,4.061,0.26058631921824105,0.052770448548812667,0.09234828496042216,0.08443271767810026,0.6,TRUE
683006-2025-109,683006,Chris Newell,Chris Newell,2025,Double-A,109,Texas League,260,Tulsa Drillers,TUL,Outfielder,CF,OF,24,549,0.1366120218579235,0.30601092896174864,0.187,0.325,3.82,0.3616161616161616,0.03642987249544627,0.08196721311475409,0.04371584699453552,0.74,TRUE
692416-2025-109,692416,Christian Cerda,Christian Cerda,2025,Double-A,109,Texas League,5368,Amarillo Sod Poodles,AMA,Catcher,C,C,22,383,0.13315926892950392,0.17493472584856398,0.21200000000000002,0.24100000000000002,3.8689999999999998,0.24107142857142858,0.04699738903394256,0.0835509138381201,0.0026109660574412533,0.72,TRUE
688457-2025-109,688457,Gavin Cross,Gavin Cross,2025,Double-A,109,Texas League,1350,Northwest Arkansas Naturals,NWA,Outfielder,RF,OF,24,507,0.0650887573964497,0.26429980276134124,0.17200000000000001,0.29700000000000004,3.724,0.2958199356913183,0.03353057199211045,0.08481262327416174,0.055226824457593686,0.77,TRUE
699912-2025-109,699912,Jose Fernandez,Jose Fernandez,2025,Double-A,109,Texas League,5368,Amarillo Sod Poodles,AMA,Shortstop,SS,DH,21,511,0.06262230919765166,0.2035225048923679,0.183,0.315,3.603,0.26375908618899274,0.033268101761252444,0.09393346379647749,0.03131115459882583,0.93,TRUE
694673-2025-109,694673,Abimelec Ortiz,Abimelec Ortiz,2025,Double-A,109,Texas League,540,Frisco RoughRiders,FRI,First Base,1B,1B,23,391,0.11253196930946291,0.22250639386189258,0.197,0.28600000000000003,3.864,0.2743243243243243,0.04092071611253197,0.08951406649616368,0.010230179028132993,0.72,TRUE
695508-2025-109,695508,Cam Cauley,Cam Cauley,2025,Double-A,109,Texas League,540,Frisco RoughRiders,FRI,Shortstop,SS,CF,22,490,0.09591836734693877,0.24693877551020407,0.195,0.313,3.72,0.3051224944320713,0.030612244897959183,0.09795918367346938,0.07142857142857142,0.75,TRUE
687730-2025-109,687730,Caleb Cali,Caleb Cali,2025,Double-A,109,Texas League,574,Arkansas Travelers,ARK,Third Base,3B,3B,24,447,0.09843400447427293,0.31543624161073824,0.16,0.29400000000000004,4.177,0.31264367816091954,0.03131991051454139,0.07158836689038031,0.042505592841163314,0.6,TRUE
680636-2025-109,680636,Ramon Mendoza,Ramon Mendoza,2025,Double-A,109,Texas League,440,Springfield Cardinals,SPR,Third Base,3B,3B,24,404,0.1485148514851485,0.19801980198019803,0.17700000000000002,0.32,4.092,0.2697947214076246,0.034653465346534656,0.07178217821782178,0.017326732673267328,0.8200000000000001,TRUE
672635-2025-109,672635,Luis Mieses,Luis Mieses,2025,Double-A,109,Texas League,540,Frisco RoughRiders,FRI,Outfielder,RF,OF,25,428,0.07242990654205607,0.1985981308411215,0.15500000000000003,0.263,3.8149999999999995,0.26244343891402716,0.03271028037383177,0.07242990654205607,0.007009345794392523,0.71,TRUE
694211-2025-109,694211,Manuel Pena,Manuel Pena,2025,Double-A,109,Texas League,5368,Amarillo Sod Poodles,AMA,First Base,1B,SS,21,470,0.05106382978723404,0.22340425531914893,0.17200000000000001,0.346,3.6149999999999998,0.2689732142857143,0.029787234042553193,0.09361702127659574,0.00851063829787234,1.1,TRUE
678577-2025-109,678577,Junior Perez,Junior Perez,2025,Double-A,109,Texas League,237,Midland RockHounds,MID,Outfielder,CF,CF,23,405,0.14074074074074075,0.28641975308641976,0.198,0.255,4.202,0.345578231292517,0.0345679012345679,0.08395061728395062,0.04691358024691358,0.7899999999999999,TRUE
805346-2025-109,805346,Ben Ross,Ben Ross,2025,Double-A,109,Texas League,3898,Wichita Wind Surge,WCH,Shortstop,SS,SS,24,490,0.11224489795918367,0.22653061224489796,0.14400000000000002,0.257,3.827,0.28299643281807374,0.02857142857142857,0.0653061224489796,0.04693877551020408,0.59,TRUE
701648-2025-109,701648,Aaron Zavala,Aaron Zavala,2025,Double-A,109,Texas League,540,Frisco RoughRiders,FRI,Outfielder,LF,OF,25,471,0.14012738853503184,0.2951167728237792,0.17500000000000002,0.33699999999999997,3.9699999999999998,0.30749682337992373,0.029723991507430998,0.07643312101910828,0.025477707006369428,0.9,TRUE
699024-2025-109,699024,Leo Bernal,Leo Bernal,2025,Double-A,109,Texas League,440,Springfield Cardinals,SPR,Catcher,C,C,21,455,0.1076923076923077,0.16923076923076924,0.14600000000000002,0.274,3.71,0.22439024390243903,0.02857142857142857,0.07032967032967033,0.035164835164835165,0.8500000000000001,TRUE
691627-2025-109,691627,Ricardo Olivar,Ricardo Olivar,2025,Double-A,109,Texas League,3898,Wichita Wind Surge,WCH,Catcher,C,C,23,407,0.12039312039312039,0.18181818181818182,0.14800000000000002,0.29900000000000004,4.071000000000001,0.23715415019762845,0.03194103194103194,0.06388206388206388,0.03931203931203931,0.81,TRUE
806964-2025-109,806964,Sebastian Walcott,Sebastian Walcott,2025,Double-A,109,Texas League,540,Frisco RoughRiders,FRI,Shortstop,SS,SS,19,552,0.12681159420289856,0.1956521739130435,0.131,0.303,3.8189999999999995,0.2766415500538213,0.02355072463768116,0.06159420289855073,0.07608695652173914,1.05,TRUE
676203-2025-109,676203,Marcos Castañon,Marcos Castañon,2025,Double-A,109,Texas League,510,San Antonio Missions,SA,Second Base,2B,SS,26,431,0.0765661252900232,0.21809744779582366,0.15600000000000003,0.324,3.61,0.27383863080684595,0.027842227378190254,0.08352668213457076,0.018561484918793503,1.04,TRUE
695521-2025-109,695521,Gavin Conticello,Gavin Conticello,2025,Double-A,109,Texas League,5368,Amarillo Sod Poodles,AMA,Outfielder,RF,3B,22,517,0.11411992263056092,0.2127659574468085,0.16,0.33699999999999997,3.752,0.2778846153846154,0.02321083172147002,0.08317214700193423,0.017408123791102514,1.12,TRUE
694410-2025-109,694410,LuJames Groover,LuJames Groover,2025,Double-A,109,Texas League,5368,Amarillo Sod Poodles,AMA,Third Base,3B,1B,23,547,0.11517367458866545,0.14442413162705667,0.126,0.347,3.8339999999999996,0.19129438717067582,0.021937842778793418,0.06398537477148081,0.009140767824497258,0.91,TRUE
681377-2025-109,681377,Josh Hood,Josh Hood,2025,Double-A,109,Texas League,574,Arkansas Travelers,ARK,Shortstop,SS,SS,24,419,0.07398568019093078,0.3031026252983294,0.135,0.27,3.8109999999999995,0.29760403530895335,0.028639618138424822,0.06682577565632458,0.05489260143198091,0.71,TRUE
686810-2025-109,686810,Brennan Milone,Brennan Milone,2025,Double-A,109,Texas League,237,Midland RockHounds,MID,First Base,1B,3B,24,395,0.1291139240506329,0.22531645569620254,0.16,0.29700000000000004,4.023,0.2308868501529052,0.030379746835443037,0.0759493670886076,0.017721518987341773,0.71,TRUE
703804-2025-109,703804,Romeo Sanabria,Romeo Sanabria,2025,Double-A,109,Texas League,510,San Antonio Missions,SA,First Base,1B,1B,23,499,0.07615230460921844,0.21442885771543085,0.119,0.305,3.8,0.23447537473233404,0.02404809619238477,0.06012024048096192,0.01002004008016032,1,TRUE
814791-2025-109,814791,Jared Sundstrom,Jared Sundstrom,2025,Double-A,109,Texas League,574,Arkansas Travelers,ARK,Outfielder,RF,OF,24,489,0.081799591002045,0.2965235173824131,0.15500000000000003,0.29700000000000004,3.6830000000000003,0.3735926305015353,0.024539877300613498,0.07975460122699386,0.07975460122699386,0.8300000000000001,TRUE
694371-2025-109,694371,Tommy Troy,Tommy Troy,2025,Double-A,109,Texas League,5368,Amarillo Sod Poodles,AMA,Second Base,2B,LF,23,399,0.12280701754385964,0.17543859649122806,0.17500000000000002,0.328,3.697,0.2515432098765432,0.03007518796992481,0.08521303258145363,0.06265664160401002,0.97,TRUE
678218-2025-109,678218,Brandon Valenzuela,Brandon Valenzuela,2025,Double-A,109,Texas League,510,San Antonio Missions,SA,Catcher,C,C,24,374,0.10695187165775401,0.22192513368983957,0.15900000000000003,0.266,3.965,0.28717201166180756,0.03208556149732621,0.07219251336898395,0.0213903743315508,0.7899999999999999,TRUE
680996-2025-109,680996,Luke Mann,Luke Mann,2025,Double-A,109,Texas League,237,Midland RockHounds,MID,Third Base,3B,3B,25,462,0.11255411255411256,0.3008658008658009,0.14300000000000002,0.263,3.985,0.3506200676437429,0.023809523809523808,0.06926406926406926,0.01948051948051948,0.73,TRUE
690971-2025-109,690971,Chase Davis,Chase Davis,2025,Double-A,109,Texas League,440,Springfield Cardinals,SPR,Outfielder,CF,OF,23,494,0.13562753036437247,0.29554655870445345,0.111,0.345,4.03,0.32800982800982803,0.020242914979757085,0.05263157894736842,0.022267206477732792,1.3800000000000001,TRUE
703766-2025-109,703766,Dakota Harris,Dakota Harris,2025,Double-A,109,Texas League,440,Springfield Cardinals,SPR,Third Base,3B,SS,23,477,0.05450733752620545,0.1719077568134172,0.10800000000000001,0.303,3.461,0.24229543039319873,0.020964360587002098,0.05660377358490566,0.06079664570230608,1.36,TRUE
692405-2025-109,692405,Jeremy Rivas,Jeremy Rivas,2025,Double-A,109,Texas League,440,Springfield Cardinals,SPR,Shortstop,SS,SS,22,487,0.09856262833675565,0.27720739219712526,0.115,0.272,3.776,0.35560344827586204,0.02053388090349076,0.057494866529774126,0.059548254620123205,0.91,TRUE
681134-2025-109,681134,Caleb Roberts,Caleb Roberts,2025,Double-A,109,Texas League,5368,Amarillo Sod Poodles,AMA,Outfielder,LF,OF,25,437,0.10297482837528604,0.23569794050343248,0.15000000000000002,0.29500000000000004,3.9149999999999996,0.25030674846625767,0.02288329519450801,0.07780320366132723,0.02517162471395881,0.8400000000000001,TRUE
689531-2025-109,689531,Brett Squires,Brett Squires,2025,Double-A,109,Texas League,1350,Northwest Arkansas Naturals,NWA,First Base,1B,3B,25,496,0.0967741935483871,0.2701612903225806,0.163,0.33299999999999996,3.843,0.34151128557409227,0.020161290322580645,0.08870967741935484,0.04435483870967742,0.9,TRUE
686438-2025-109,686438,Rubel Cespedes,Rubel Cespedes,2025,Double-A,109,Texas League,3898,Wichita Wind Surge,WCH,Third Base,3B,3B,24,398,0.08793969849246232,0.16834170854271358,0.15000000000000002,0.277,3.769,0.20134228187919462,0.022613065326633167,0.0829145728643216,0.005025125628140704,1.02,TRUE
677049-2025-109,677049,Josh Hatcher,Josh Hatcher,2025,Double-A,109,Texas League,540,Frisco RoughRiders,FRI,Outfielder,RF,OF,26,376,0.034574468085106384,0.28191489361702127,0.111,0.304,3.489,0.3288177339901478,0.023936170212765957,0.05585106382978723,0.0398936170212766,1.46,TRUE
672696-2025-109,672696,Francisco Acuna,Francisco Acuna,2025,Double-A,109,Texas League,510,San Antonio Missions,SA,Shortstop,SS,SS,25,477,0.11320754716981132,0.2222222222222222,0.10600000000000001,0.318,4.015,0.24257425742574257,0.016771488469601678,0.05450733752620545,0.06289308176100629,0.7,TRUE
686638-2025-109,686638,Hunter Fitz-Gerald,Hunter Fitz-Gerald,2025,Double-A,109,Texas League,574,Arkansas Travelers,ARK,First Base,1B,3B,24,399,0.09273182957393483,0.2832080200501253,0.14,0.347,3.8949999999999996,0.3558504221954162,0.020050125313283207,0.08270676691729323,0.03007518796992481,1.61,TRUE
814299-2025-109,814299,Pascanel Ferreras,Pascanel Ferreras,2025,Double-A,109,Texas League,482,Corpus Christi Hooks,CC,Second Base,2B,SS,23,454,0.09251101321585903,0.2444933920704846,0.12300000000000001,0.316,3.8149999999999995,0.27379553466509987,0.015418502202643172,0.07268722466960352,0.04405286343612335,1.1400000000000001,TRUE
664332-2025-109,664332,Moisés Gómez,Moisés Gómez,2025,Double-A,109,Texas League,510,San Antonio Missions,SA,Outfielder,RF,OF,26,444,0.08558558558558559,0.2882882882882883,0.132,0.317,4.074,0.33074361820199777,0.015765765765765764,0.08108108108108109,0.02252252252252252,0.4,TRUE
687981-2025-109,687981,John Rhodes,John Rhodes,2025,Double-A,109,Texas League,260,Tulsa Drillers,TUL,First Base,1B,OF,24,430,0.12558139534883722,0.25813953488372093,0.092,0.258,4.049,0.3051519154557464,0.01627906976744186,0.044186046511627906,0.027906976744186046,0.7799999999999999,TRUE
811289-2025-109,811289,Spencer Nivens,Spencer Nivens,2025,Double-A,109,Texas League,1350,Northwest Arkansas Naturals,NWA,Outfielder,LF,OF,23,515,0.13592233009708737,0.21165048543689322,0.096,0.312,4.016,0.2684331797235023,0.011650485436893204,0.05436893203883495,0.03300970873786408,0.76,TRUE
668776-2025-109,668776,Devin Ortiz,Devin Ortiz,2025,Double-A,109,Texas League,510,San Antonio Missions,SA,Third Base,3B,3B,26,532,0.09774436090225563,0.18233082706766918,0.07500000000000001,0.29300000000000004,3.8759999999999994,0.2222222222222222,0.011278195488721804,0.041353383458646614,0.043233082706766915,1.1500000000000001,TRUE
681036-2025-109,681036,Anthony Vilar,Anthony Vilar,2025,Double-A,109,Texas League,510,San Antonio Missions,SA,Second Base,2B,C,26,382,0.12827225130890052,0.2643979057591623,0.10800000000000001,0.281,4.117999999999999,0.2861271676300578,0.015706806282722512,0.05235602094240838,0.041884816753926704,0.88,TRUE
669413-2025-109,669413,Frainyer Chavez,Frainyer Chavez,2025,Double-A,109,Texas League,540,Frisco RoughRiders,FRI,First Base,1B,2B,26,395,0.11645569620253164,0.21772151898734177,0.079,0.323,4.0760000000000005,0.23154848046309695,0.012658227848101266,0.043037974683544304,0.0379746835443038,1.04,TRUE
815039-2025-109,815039,Dustin Dickerson,Dustin Dickerson,2025,Double-A,109,Texas League,1350,Northwest Arkansas Naturals,NWA,Shortstop,SS,SS,24,406,0.1477832512315271,0.2413793103448276,0.07100000000000001,0.278,4.409000000000001,0.2323529411764706,0.012315270935960592,0.03201970443349754,0.06896551724137931,0.73,TRUE
690985-2025-109,690985,Colby Halter,Colby Halter,2025,Double-A,109,Texas League,237,Midland RockHounds,MID,Second Base,2B,2B,23,380,0.13157894736842105,0.26842105263157895,0.14300000000000002,0.392,4.013,0.3112033195020747,0.013157894736842105,0.07894736842105263,0.06578947368421052,0.97,TRUE
683169-2025-109,683169,Sean McLain,Sean McLain,2025,Double-A,109,Texas League,260,Tulsa Drillers,TUL,Shortstop,SS,SS,24,439,0.10933940774487472,0.2164009111617312,0.082,0.254,3.989,0.22163588390501318,0.011389521640091117,0.04328018223234624,0.03416856492027335,0.62,TRUE
681098-2025-109,681098,Bill Knight,Bill Knight,2025,Double-A,109,Texas League,574,Arkansas Travelers,ARK,Outfielder,CF,OF,25,565,0.07964601769911504,0.20707964601769913,0.07,0.313,3.673,0.23660262891809908,0.005309734513274336,0.04247787610619469,0.09557522123893805,1.12,TRUE
805834-2025-109,805834,Javi Vaz,Javi Vaz,2025,Double-A,109,Texas League,1350,Northwest Arkansas Naturals,NWA,Second Base,2B,OF,24,468,0.11538461538461539,0.09188034188034189,0.07,0.278,3.889,0.11640953716690042,0.00641025641025641,0.042735042735042736,0.05982905982905983,0.8400000000000001,TRUE
691558-2025-109,691558,Yeiner Fernandez,Yeiner Fernandez,2025,Double-A,109,Texas League,260,Tulsa Drillers,TUL,Catcher,C,C,22,442,0.08823529411764706,0.11085972850678733,0.051000000000000004,0.281,3.7870000000000004,0.17481662591687042,0.004524886877828055,0.03619909502262444,0.00904977375565611,0.98,TRUE
677601-2025-109,677601,Keyber Rodriguez,Keyber Rodriguez,2025,Double-A,109,Texas League,540,Frisco RoughRiders,FRI,Third Base,3B,SS,24,481,0.07692307692307693,0.1891891891891892,0.065,0.308,3.7070000000000003,0.19928400954653938,0.004158004158004158,0.04573804573804574,0.0395010395010395,0.77,TRUE
805891-2025-109,805891,Taylor Young,Taylor Young,2025,Double-A,109,Texas League,260,Tulsa Drillers,TUL,Second Base,2B,2B,26,575,0.1391304347826087,0.1582608695652174,0.056,0.281,4.061,0.15704387990762125,0.0034782608695652175,0.04,0.09217391304347826,0.99,TRUE
687625-2025-109,687625,Kai Murphy,Kai Murphy,2025,Double-A,109,Texas League,510,San Antonio Missions,SA,Outfielder,LF,OF,24,379,0.11345646437994723,0.1820580474934037,0.043000000000000003,0.271,3.702,0.25882352941176473,0.002638522427440633,0.029023746701846966,0.0395778364116095,1.3800000000000001,TRUE
800683-2025-109,800683,Blake Rambusch,Blake Rambusch,2025,Double-A,109,Texas League,574,Arkansas Travelers,ARK,Second Base,2B,3B,25,393,0.11450381679389313,0.15521628498727735,0.062,0.316,3.9189999999999996,0.16923076923076924,0,0.04071246819338423,0.09414758269720101,1.35,TRUE
