player_league_season_id,playerId,playerName,requested_season,requested_level,requested_league_name,teamName,age,cluster,silhouette_width,pitchesPerPlateAppearance,k_rate,iso,babip,sb_attempt_rate_log,ground_air_ratio_log,row_number,distance_to_center,archetype_name
676203-2022-110,676203,Marcos Castañon,2022,Low-A,California League,Lake Elsinore Storm,23,1,0.132769019694457,1.0229422108076627,0.03300543762439458,1.481688537899058,0.036417450582729285,-1.188844279626854,-0.14022969397706628,1,1.6545514302370254,Strikeout-Prone Power Hitters
692585-2022-110,692585,Yanquiel Fernández,2022,Low-A,California League,Fresno Grizzlies,19,3,0.007985661016936279,-1.3009492495888335,-0.24676127382360202,1.481688537899058,0.5235754780501432,-1.0128520541314479,0.9255052359132501,2,2.3825589105553067,Power Hitters with Moderate Speed
687529-2022-110,687529,Grant McCray,2022,Low-A,California League,San Jose Giants,21,3,0.1946636382507542,0.4719622087251308,0.9633531964686215,1.6988233471932899,2.2716131060214573,1.2833940304082412,1.4151885178936585,3,2.637516489588289,Power Hitters with Moderate Speed
672596-2022-110,672596,Robert Perez Jr.,2022,Low-A,California League,Modesto Nuts,22,1,0.06615176300901607,-0.6699882794620577,0.44499969513029003,1.659344290957975,0.2943246415948904,-0.9951001141990655,-0.24600401618243073,4,1.987980170069599,Strikeout-Prone Power Hitters
700337-2022-110,700337,Edgar Quero,2022,Low-A,California League,Inland Empire 66ers,19,3,0.18004654434517675,0.3786510793401837,-0.9222619558104909,1.3829908973107714,1.3832661147573468,-0.355769543629392,0.3975102530239391,5,1.9077242915613406,Power Hitters with Moderate Speed
691777-2022-110,691777,Max Muncy,2022,Low-A,California League,Stockton Ports,19,1,0.10799323274624081,0.8629802747191865,1.0732834953955368,1.363251369193114,-0.39342786777087096,-0.44261698350991896,0.2998923191606899,6,1.5697841446192298,Strikeout-Prone Power Hitters
678596-2022-110,678596,Yorlis Rodriguez,2022,Low-A,California League,San Jose Giants,22,2,0.21228766190116888,-2.3140415114825283,-0.5694391829317027,0.37627496331024274,-0.6226787042261253,-1.0979943824668605,-0.8788659726686607,7,2.155949597691603,Swinging Early Contact Hitters
691182-2022-110,691182,Adael Amador,2022,Low-A,California League,Fresno Grizzlies,19,2,0.11690238771341045,-1.0787798939103928,-1.8384125646688156,0.1196610977806966,0.007761096025822493,0.6967570051231612,1.974828547276065,8,2.4390397662333316,Swinging Early Contact Hitters
690924-2022-110,690924,Braxton Fulford,2022,Low-A,California League,Fresno Grizzlies,23,2,0.11899208769969336,-0.8921576351405005,-0.39213088545450314,0.6328888288397889,0.12238651425344965,-0.3231455004022431,-0.2816335947938824,9,1.378235318063275,Swinging Early Contact Hitters
678577-2022-110,678577,Junior Perez,2022,Low-A,California League,Stockton Ports,20,3,0.0034527013187470993,1.0318289850348032,1.2111489334267893,0.5539307163691597,1.0107335055175586,1.057882654912038,-0.8399506518043474,10,2.2009878058079,Power Hitters with Moderate Speed
692348-2022-110,692348,Aeverson Arteaga,2022,Low-A,California League,San Jose Giants,19,3,0.009052414047553402,0.2009155947974303,0.6756861119665081,0.2578377946042981,1.4405788238711603,-0.4440850208953829,-1.3224265329706908,11,2.0108855026562353,Power Hitters with Moderate Speed
691285-2022-110,691285,Junior Franco,2022,Low-A,California League,Visalia Rawhide,19,4,0.08257846823769609,-0.35006440728510346,0.27739432192969465,0.08018204154538174,0.12238651425344965,1.0418450186539374,1.3593882872433571,12,1.4452022138854508,"Fast, Aggressive Contact Hitters "
682648-2022-110,682648,Juan Guerrero,2022,Low-A,California League,Fresno Grizzlies,20,2,0.29502563055256625,-1.292062475361695,-1.0648905141304115,0.297316850839613,-0.19283338587252502,0.19405129828033388,0.10031750918619461,13,1.0839428139711673,Swinging Early Contact Hitters
695490-2022-110,695490,Edwin Arroyo,2022,Low-A,California League,Modesto Nuts,18,3,0.10898376555795282,-1.0521195712289786,-0.22157432855988346,0.9882003349576227,2.128331333236923,0.4772864416733648,-0.7627865035882845,14,2.6534970585888114,Power Hitters with Moderate Speed
682729-2022-110,682729,Jonatan Clase,2022,Low-A,California League,Modesto Nuts,20,4,0.13146140511410634,-0.2923003748087091,0.5479773215739426,0.9487212787223079,1.3259534056435331,2.45010643711323,-0.24600401618243073,15,2.403328702185984,"Fast, Aggressive Contact Hitters "
678832-2022-110,678832,Yunior Garcia,2022,Low-A,California League,Rancho Cucamonga Quakes,20,3,0.050683508849865805,-1.478684734131587,-0.5582789033199597,1.1658560880165396,1.4405788238711603,-1.2035856181846,1.4705313644613693,16,2.6965418281692566,Power Hitters with Moderate Speed
694808-2022-110,694808,Zach Kokoska,2022,Low-A,California League,Fresno Grizzlies,23,1,0.047473243480079794,-0.15899876140164498,-0.4769124759612541,0.9684608068399653,-0.794616831567566,0.24411711479693005,0.10031750918619461,17,1.6162799448255138,Strikeout-Prone Power Hitters
691269-2022-110,691269,Adrian Placencia,2022,Low-A,California League,Inland Empire 66ers,19,3,0.2003298024378208,0.4586320473844238,1.1410675638645342,0.49471213201618736,1.5838605966556942,0.5024985677013406,-0.317452190621751,18,1.502690302974802,Power Hitters with Moderate Speed
682674-2022-110,682674,Victor Bericoto,2022,Low-A,California League,San Jose Giants,20,3,0.037617525360552184,-0.22564956810517606,-0.18468958232246066,-0.3540875770430819,0.40895005982251753,-0.9235213327803989,1.6607351951680607,19,1.7870315994686916,Power Hitters with Moderate Speed
701618-2022-110,701618,Damon Keith,2022,Low-A,California League,Rancho Cucamonga Quakes,22,3,0.3359441497670817,0.43197172470300976,-0.07668150889848685,1.0474189193105952,2.0710186241231097,-0.7745508163206266,1.3031230493111623,20,1.704882651218594,Power Hitters with Moderate Speed
682877-2022-110,682877,Juan Brito,2022,Low-A,California League,Fresno Grizzlies,20,1,0.005881582194113156,0.2142457561381373,-1.4761240783622516,0.7118469413104186,0.20835557792417,0.2216392156437988,-0.8399506518043474,21,2.133884728122676,Strikeout-Prone Power Hitters
668993-2022-110,668993,Justin Farmer,2022,Low-A,California League,Lake Elsinore Storm,23,1,0.04662483273691511,1.3250925345303455,0.42022025597127005,-0.038255127160562896,-0.336115158657059,1.3289526376194087,-0.8399506518043474,22,1.9873720400348773,Strikeout-Prone Power Hitters
695670-2022-110,695670,Harry Ford,2022,Low-A,California League,Modesto Nuts,19,3,0.21153021306083636,1.4495073737102748,-0.04238558674078033,0.31705637895727046,1.3259534056435331,0.3340037445213894,0.4297384262845607,23,1.4515146106190109,Power Hitters with Moderate Speed
691177-2022-110,691177,Luis Rodriguez,2022,Low-A,California League,Rancho Cucamonga Quakes,19,3,0.30450462876731405,0.06761398139036617,1.3285812417358023,-0.39356663327839675,1.0967025691882788,-1.1230303188546475,0.8955637700886011,24,1.386405591857466,Power Hitters with Moderate Speed
691558-2022-110,691558,Yeiner Fernandez,2022,Low-A,California League,Rancho Cucamonga Quakes,19,2,0.3617918716803998,-0.9410348933897582,-1.6861593792640448,-0.1961713521018224,0.17969922336726324,-1.0021224632925385,0.10031750918619461,25,1.2544620880664341,Swinging Early Contact Hitters
682643-2022-110,682643,Alexander Ramirez,2022,Low-A,California League,Inland Empire 66ers,19,3,0.05450602147414806,-1.003242312979721,1.221596537471512,-0.5120038019843411,0.40895005982251753,0.3238737370230081,0.5255100955810418,26,1.9296018518835834,Power Hitters with Moderate Speed
683341-2022-110,683341,David Calabrese,2022,Low-A,California League,Inland Empire 66ers,19,4,0.019680558789101094,-0.030140535108147248,0.07617089894537277,-0.21591088021947982,0.15104286881035645,0.3713307830398321,-0.10533664743557243,27,1.2395603018290422,"Fast, Aggressive Contact Hitters "
702789-2022-110,702789,Austin Gauthier,2022,Low-A,California League,Rancho Cucamonga Quakes,23,3,0.28497118744080435,0.9518480169905651,-0.474954882561644,-0.018515599042905458,1.8417677876678553,-0.5162444843860384,0.8955637700886011,28,1.5685844261056703,Power Hitters with Moderate Speed
672013-2022-110,672013,T.J. Schofield-Sam,2022,Low-A,California League,Stockton Ports,21,2,0.32725872707475007,-1.3764868305195033,-0.9662905346650337,-0.6501804988079432,-0.22148974042943181,-0.4881404970316095,1.3593882872433571,29,1.346308444658224,Swinging Early Contact Hitters
679751-2022-110,679751,Danny Bautista Jr.,2022,Low-A,California League,Stockton Ports,21,2,0.2597371575219504,-0.7632994088470048,-1.028417252755797,-0.6107014425726283,0.09373015969654286,-0.0689774090025748,0.9553145094053951,30,0.998588276581944,Swinging Early Contact Hitters
676004-2022-110,676004,Walking Cabrera,2022,Low-A,California League,Modesto Nuts,21,2,0.07758285436637355,-0.6699882794620577,0.14165593075385677,-0.47252474574902625,0.35163735070870394,-0.7829180977353084,-0.8012583425989398,31,1.6260208311113482,Swinging Early Contact Hitters
683102-2022-110,683102,Garrett Frechette,2022,Low-A,California League,San Jose Giants,21,2,0.1813174695319221,-1.1365439263867871,0.11694165785069317,-1.143668701749379,0.5235754780501432,-1.064334096206859,0.2670368310730256,32,1.6672828490534248,Swinging Early Contact Hitters
691186-2022-110,691186,Arol Vera,2022,Low-A,California League,Inland Empire 66ers,19,4,-0.021693673881204203,-0.025697147994578905,0.6115493709871439,-1.4595011516318972,-0.7086477678968457,0.06932616454086661,1.2463849887118086,33,2.189610643713413,"Fast, Aggressive Contact Hitters "
691949-2022-110,691949,Jake Vogel,2022,Low-A,California League,Rancho Cucamonga Quakes,20,2,0.04564141494858113,-0.061244244903129595,-0.17357734414405232,-0.9462734205728045,-0.04955161308799109,0.21542469598544092,-0.9969760890703109,34,1.7386505017681824,Swinging Early Contact Hitters
696045-2022-122,696045,Yosy Galan,2022,Low-A,Carolina League,Down East Wood Ducks,21,1,0.21158178770668634,1.3828565670067399,1.959703853174252,1.481688537899058,-1.1671494408073542,0.4007691353778086,-0.24600401618243073,35,2.2821039693000764,Strikeout-Prone Power Hitters
700246-2022-122,700246,Carson Williams,2022,Low-A,Carolina League,Charleston RiverDogs,19,3,0.03322845490059088,0.39198124068089074,1.44305378114225,1.402730425428429,1.211327987415906,0.8187936814465546,-0.7627865035882845,36,2.2674135978645573,Power Hitters with Moderate Speed
687554-2022-122,687554,DJ Gladney,2022,Low-A,Carolina League,Kannapolis Cannon Ballers,20,3,0.034762650562755945,-0.40338505264792757,1.522646519238468,0.909242222486993,0.6095445417208635,-0.6316114498011315,-0.317452190621751,37,1.7163918001366547,Power Hitters with Moderate Speed
692221-2022-122,692221,Sammy Infante,2022,Low-A,Carolina League,Fredericksburg Nationals,21,1,0.2907050253296843,0.7829993066749483,1.1702729957793905,0.9487212787223079,-1.2817748590349813,0.0209426962673971,-0.1753040039111537,38,1.3641742400664394,Strikeout-Prone Power Hitters
691442-2022-122,691442,Wilfred Veras,2022,Low-A,Carolina League,Kannapolis Cannon Ballers,19,3,0.13142356205485603,-1.0610063454561174,0.6459166647162236,0.7908050537810484,0.5808881871639567,-1.0105375795051372,0.7744521913220743,39,1.7270252004909865,Power Hitters with Moderate Speed
682634-2022-122,682634,Kevin Alcántara,2022,Low-A,Carolina League,Myrtle Beach Pelicans,19,3,0.07528585860593491,-1.1009968294782364,0.25259709202657604,0.5934097726044746,0.953420796403745,-0.31553073972655404,0.10031750918619461,40,1.6299523273826932,Power Hitters with Moderate Speed
681488-2022-122,681488,Logan Cerny,2022,Low-A,Carolina League,Fayetteville Woodpeckers,22,1,0.11782336106262088,1.1118099530790373,1.025310772233428,1.3829908973107714,0.7241699599484906,1.967466869417711,-2.070947420687847,41,3.13741727531683,Strikeout-Prone Power Hitters
691616-2022-122,691616,Hedbert Perez,2022,Low-A,Carolina League,Carolina Mudcats,19,1,0.25139497693368024,-0.5677903758499759,1.084569458572019,0.5736702444868171,-0.9378986043520999,-0.325476921342464,-0.6864942853119123,42,1.3212408680159697,Strikeout-Prone Power Hitters
695770-2022-122,695770,Wes Kath,2022,Low-A,Carolina League,Kannapolis Cannon Ballers,19,3,0.19726398543682314,0.2542362401602563,1.5804915147227439,0.21835873836898378,1.0107335055175586,-1.229986835028331,0.13399233948451192,43,1.4502045073108025,Power Hitters with Moderate Speed
682011-2022-122,682011,Tyler Miller,2022,Low-A,Carolina League,Salem Red Sox,22,2,0.12629966248810942,-1.3364963464973842,0.6183562330975727,-0.5712223863373137,-1.0238676680228203,0.15298973580808722,-0.426062406244488,44,1.8289600119995353,Swinging Early Contact Hitters
682796-2022-122,682796,Eddinson Paulino,2022,Low-A,Carolina League,Salem Red Sox,19,2,0.05473993853456343,-0.9899121516390159,-0.6259333388267623,1.08689797554591,0.06507380513963607,0.430032014328794,-0.4994521448894528,45,1.9375656751406332,Swinging Early Contact Hitters
678652-2022-122,678652,Jesus Chirinos,2022,Low-A,Carolina League,Carolina Mudcats,20,3,0.23983906364145657,0.5786034994507809,1.3684724376669053,-0.5317433301019986,0.810139023619211,-1.1097840710120128,0.5571344600880327,46,1.4286455579048296,Power Hitters with Moderate Speed
683170-2022-122,683170,Kadon Morton,2022,Low-A,Carolina League,Augusta GreenJackets,21,3,0.13222600712976734,1.0851496303976274,1.6543558862615109,0.15914015401601148,0.6668572508346771,-0.11950626858205864,0.06647388204094307,47,1.4418382231004556,Power Hitters with Moderate Speed
676044-2022-122,676044,Bob Seymour,2022,Low-A,Carolina League,Charleston RiverDogs,23,3,0.2715882847533163,0.5386130154286619,0.09776560775344637,0.6526283569574464,1.1540152783020925,-0.17471470360757171,0.46181349600707255,48,0.6729872299061072,Power Hitters with Moderate Speed
701817-2022-122,701817,River Town,2022,Low-A,Carolina League,Columbia Fireflies,22,1,0.20088487144779205,0.871867048946327,-0.8719154909957382,1.2842932567224843,-1.0238676680228203,0.41883046918369843,-0.24600401618243073,49,1.8384687633367212,Strikeout-Prone Power Hitters
695600-2022-122,695600,Carter Jensen,2022,Low-A,Carolina League,Columbia Fireflies,18,1,0.2967472392897657,1.4583941479374116,-0.33844616092197854,0.13940062589835403,-1.0525240225797272,-0.4811190624659607,-0.9180068908559016,50,1.4109822557481373,Strikeout-Prone Power Hitters
686863-2022-122,686863,Daniel Mateo,2022,Low-A,Carolina League,Down East Wood Ducks,20,4,0.1882114629881152,-1.940796993942746,0.16681208046984242,-0.1961713521018224,0.7814826690623042,2.516742158542174,-0.24600401618243073,51,2.4258578488845526,"Fast, Aggressive Contact Hitters "
681868-2022-122,681868,Ezequiel Pagan,2022,Low-A,Carolina League,Myrtle Beach Pelicans,21,2,0.23505588693893933,-0.07901779335740691,-1.6843043450635784,0.06044251342772429,0.15104286881035645,-0.18106665697284627,-0.2105614703409355,52,1.4365193802094074,Swinging Early Contact Hitters
696264-2022-122,696264,Tyler Whitaker,2022,Low-A,Carolina League,Fayetteville Woodpeckers,19,1,0.05782494549327037,0.34310398243163304,1.9060667519743177,-0.43304568951371164,-1.0525240225797272,-0.1804012153965583,0.588611391124948,53,2.376727935674874,Strikeout-Prone Power Hitters
695604-2022-122,695604,T.J. White,2022,Low-A,Carolina League,Fredericksburg Nationals,18,3,0.3221519672585939,0.6985749515171439,0.6415630647477429,0.49471213201618736,0.8961080872899314,-0.6423598899958332,1.1314581376725013,54,0.7205271602720719,Power Hitters with Moderate Speed
682633-2022-122,682633,Eduardo Garcia,2022,Low-A,Carolina League,Carolina Mudcats,19,3,0.22670055418008483,-1.003242312979721,1.5532517959772394,-0.1369527677488501,1.8131114331109486,-0.05529322616241897,0.20084228637246188,55,2.0076458533552755,Power Hitters with Moderate Speed
691938-2022-122,691938,Willy Vasquez,2022,Low-A,Carolina League,Charleston RiverDogs,20,3,-0.010215915955273295,-1.3009492495888335,0.37718805202761035,0.1196610977806966,0.5522318326070499,0.35756939564810625,0.8352795349709173,56,1.8912982737468655,Power Hitters with Moderate Speed
689047-2022-122,689047,Jacob Wetzel,2022,Low-A,Carolina League,Myrtle Beach Pelicans,22,2,0.038725510631738035,0.5163960798608181,-0.6050953305048141,-0.21591088021947982,-1.8835583047300233,-0.09550761238251299,0.3325887001451288,57,2.0897564842307683,Swinging Early Contact Hitters
680631-2022-122,680631,Oneill Manzueta,2022,Low-A,Carolina League,Charleston RiverDogs,21,3,0.2525152641860241,0.263123014387395,1.4114139821332812,-0.1961713521018224,1.4405788238711603,-0.8202487930026668,3.3157504282838803,58,2.9594810261793247,Power Hitters with Moderate Speed
682801-2022-122,682801,Noelberth Romero,2022,Low-A,Carolina League,Delmarva Shorebirds,20,2,0.27029780019949956,-1.309836023815972,-0.642713419212331,-0.6107014425726283,-1.2817748590349813,0.3724874787799027,-0.426062406244488,59,1.381004944740796,Swinging Early Contact Hitters
687071-2022-122,687071,Shane Sasaki,2022,Low-A,Carolina League,Charleston RiverDogs,21,4,0.07000046801949168,-0.3456210201715351,-0.06865657298695782,0.49471213201618736,2.9593656153872203,2.3562944830181873,-0.2105614703409355,60,3.176853637363784,"Fast, Aggressive Contact Hitters "
682722-2022-122,682722,Isaac De León,2022,Low-A,Carolina League,Delmarva Shorebirds,20,3,0.13657388348843483,1.3695264056660328,1.0834588899774473,-0.038255127160562896,0.5235754780501432,-0.9821409400286525,0.2998923191606899,61,1.445435975789832,Power Hitters with Moderate Speed
691458-2022-122,691458,Blaze Jordan,2022,Low-A,Carolina League,Salem Red Sox,19,2,0.17994312621347278,-0.43448876244291185,-1.1718991992754562,0.21835873836898378,0.4949191234932379,-0.9951001141990655,0.5255100955810418,62,1.459455163139611,Swinging Early Contact Hitters
678733-2022-122,678733,Guillermo Quintana,2022,Low-A,Carolina League,Columbia Fireflies,21,2,0.13486695509287316,0.08983091695820986,-1.2389331836367707,-0.7883571956315449,-1.1671494408073542,0.14376439860360304,-0.9969760890703109,63,1.822978944271094,Swinging Early Contact Hitters
688500-2022-122,688500,Stephen Paolini,2022,Low-A,Carolina League,Augusta GreenJackets,21,1,0.07025962827836606,0.5608299509965076,0.6620692986319169,-0.6699200269256006,-0.36477151321396417,0.38062762382781734,-0.35346181986394026,64,1.5819949150401167,Strikeout-Prone Power Hitters
701649-2022-122,701649,James Triantos,2022,Low-A,Carolina League,Myrtle Beach Pelicans,19,2,0.3038456293301879,-1.3942603789737786,-1.1838710116469269,-0.6699200269256006,0.09373015969654286,0.023071436153435272,0.588611391124948,65,0.9907145455167236,Swinging Early Contact Hitters
682900-2022-122,682900,Brainer Bonaci,2022,Low-A,Carolina League,Salem Red Sox,19,4,0.13324407971221472,1.04515914637551,-0.8655873074103996,-0.4922642738666837,0.20835557792417,0.707188222270935,-0.07062300038336321,66,1.5131869596284717,"Fast, Aggressive Contact Hitters "
684222-2022-122,684222,Jorge Burgos,2022,Low-A,Carolina League,Lynchburg Hillcats,19,2,0.04262199542672825,0.027623497368247135,-0.7833760683703717,-0.8278362518668598,0.7241699599484906,-0.829723892128052,1.3593882872433571,67,1.954301849251175,Swinging Early Contact Hitters
682679-2022-122,682679,Dayan Frias,2022,Low-A,Carolina League,Lynchburg Hillcats,20,3,0.0034417281550449715,0.01429333602754013,0.25374378473885895,-1.143668701749379,0.32298099615179715,-0.5970570311492617,0.7130718642393058,68,1.6958562545093554,Power Hitters with Moderate Speed
702416-2022-122,702416,Leosdany Molina,2022,Low-A,Carolina League,Fayetteville Woodpeckers,22,2,0.20523404781691723,-0.9721386031847405,-0.12277654387212682,-1.2818453985729807,-1.1958057953642611,0.2683794443673783,-0.036086917519480406,69,1.4897069814902453,Swinging Early Contact Hitters
684852-2022-122,684852,Geraldo Quintero,2022,Low-A,Carolina League,Augusta GreenJackets,20,4,0.0019907716732096266,-0.3189606974901231,-1.1190033858604707,0.23809826648664068,-0.10686432220180467,1.0645963644870973,-0.1753040039111537,70,1.5106785857652367,"Fast, Aggressive Contact Hitters "
680998-2022-122,680998,Branden Boissiere,2022,Low-A,Carolina League,Fredericksburg Nationals,22,3,0.13698678087240124,0.49862253140654283,0.28680016775501516,-1.1239291736317214,0.6668572508346771,-1.1542532817299416,0.7438317783925644,71,1.7310235825661255,Power Hitters with Moderate Speed
695780-2022-122,695780,Jake Fox,2022,Low-A,Carolina League,Lynchburg Hillcats,19,1,0.13964207838389803,1.0051686623533893,-0.6802008328396659,-0.43304568951371164,-0.13552067675871146,0.1845707533852086,-1.0768798556962889,72,1.749676013007772,Strikeout-Prone Power Hitters
694230-2022-122,694230,Hendry Mendez,2022,Low-A,Carolina League,Carolina Mudcats,18,2,0.088196820397238,-0.40338505264792757,-1.2454669494748203,-1.4595011516318972,-0.7373041224537524,-0.3369797549964097,3.993489555514381,73,4.02288707392237,Swinging Early Contact Hitters
687526-2022-122,687526,Marcus Smith,2022,Low-A,Carolina League,Down East Wood Ducks,21,4,0.015894348608888817,3.4934654459519336,3.1149059151293885,-1.2818453985729807,1.1826716328589992,2.7957510574974607,1.1891660913590978,74,5.199343893586367,"Fast, Aggressive Contact Hitters "
691185-2022-122,691185,Maximo Acosta,2022,Low-A,Carolina League,Down East Wood Ducks,19,4,0.2410279452973412,-1.1543174748410625,-0.6916553203369069,-0.9660129486904622,0.38029370526561074,2.5468433611836128,0.2670368310730256,75,1.7249567946349054,"Fast, Aggressive Contact Hitters "
693309-2022-122,693309,Isaiah Greene,2022,Low-A,Carolina League,Lynchburg Hillcats,20,4,0.08436279654196738,2.4181657644682804,0.10548075327362168,-0.689659555043258,0.06507380513963607,1.3285824809789604,1.217836153455557,76,2.6120199071778103,"Fast, Aggressive Contact Hitters "
702457-2022-122,702457,Colby Smelley,2022,Low-A,Carolina League,Kannapolis Cannon Ballers,22,3,0.18442009021567923,0.8007728551292217,1.8951610215110602e-4,-0.7291386112785729,1.5265478875418808,-1.2841913531747338,-0.24600401618243073,77,1.9038252912516214,Power Hitters with Moderate Speed
678841-2022-122,678841,Brandol Mezquita,2022,Low-A,Carolina League,Augusta GreenJackets,20,3,0.1174341253297939,-0.4478189237836169,0.44611774188905745,-1.0647105892787492,2.128331333236923,0.12235490800837663,0.4297384262845607,78,2.0500698580213146,Power Hitters with Moderate Speed
686798-2022-122,686798,Yordys Valdes,2022,Low-A,Carolina League,Lynchburg Hillcats,20,2,0.0716759092970557,-0.33229085883082815,-0.44241415720249305,-1.6371569046908143,-0.19283338587252502,0.04279085014737114,2.0003551919680476,79,2.310452068024999,Swinging Early Contact Hitters
684712-2022-122,684712,Wilber Sanchez,2022,Low-A,Carolina League,Kannapolis Cannon Ballers,20,4,0.05268947310887737,-0.15899876140164498,-0.07330935812869466,-1.8148126577497312,-2.8292180051079465,1.8726233420422433,-0.35346181986394026,80,3.3701502491714304,"Fast, Aggressive Contact Hitters "
687667-2022-122,687667,Luis Valdez,2022,Low-A,Carolina League,Delmarva Shorebirds,22,4,0.21631087236300703,-1.358713282065228,-0.14719975612841796,-1.498980207867212,1.239984341972813,3.585548452910753,2.7927699202315113,81,3.7897782340538315,"Fast, Aggressive Contact Hitters "
696285-2022-122,696285,Jacob Young,2022,Low-A,Carolina League,Fredericksburg Nationals,22,4,0.13077139777154465,-0.9143745707083443,-1.3380857295077808,-1.5581987922201848,0.036417450582729285,1.8538495377982545,1.2463849887118086,82,2.0183391718094668,"Fast, Aggressive Contact Hitters "
683427-2022-122,683427,Omar Hernandez,2022,Low-A,Carolina League,Columbia Fireflies,20,2,0.14973238320174817,-1.372043443405935,-0.25826728781594166,-1.6766359609261292,-0.2788024495432454,0.40431038830653804,0.3325887001451288,83,1.612521574835548,Swinging Early Contact Hitters
676811-2022-113,676811,Quincy Nieporte,2022,Double-A,Eastern League,Erie SeaWolves,27,1,0.1843060851094383,-0.030140535108147248,-1.1285798909170006,2.3304882469583275,-1.3964002772626085,-1.2484142439564798,-1.2808769281328816,84,2.7057045883168604,Strikeout-Prone Power Hitters
682619-2022-113,682619,Orelvis Martinez,2022,Double-A,Eastern League,New Hampshire Fisher Cats,20,1,0.21388244171404372,-0.8299502155505358,0.8428921258178831,1.8567395721345494,-2.714592586880319,-0.8032674409945583,-1.2808769281328816,85,2.9229710121634027,Strikeout-Prone Power Hitters
677595-2022-113,677595,Ronny Mauricio,2022,Double-A,Eastern League,Binghamton Rumble Ponies,21,2,0.10967418557916282,-1.3676000562923665,-0.03268564164626852,1.264553728604827,-0.5367096405554049,0.3690963786632201,0.7130718642393058,86,2.193816972328685,Swinging Early Contact Hitters
687823-2022-113,687823,Aaron Shackelford,2022,Double-A,Eastern League,Altoona Curve,25,1,0.1871933266060318,-0.07901779335740691,0.914677532871011,2.1923115501347255,-0.8232731861244728,-0.46659142542849363,0.10031750918619461,87,2.0087091879299894,Strikeout-Prone Power Hitters
667472-2022-113,667472,Dane Myers,2022,Double-A,Eastern League,Erie SeaWolves,26,3,0.008814825130338802,-0.15455537428807664,0.555100855912582,1.7777814596639196,0.09373015969654286,0.28040390974145707,0.4297384262845607,88,1.8854242314915135,Power Hitters with Moderate Speed
600902-2022-113,600902,Wilson Garcia,2022,Double-A,Eastern League,Harrisburg Senators,28,2,0.21291637441028657,-2.76282360995298,-0.9991670734828423,1.3435118410754567,-0.3074588041001522,-1.3062824135665225,0.032459757314121325,89,2.8238145869767015,Swinging Early Contact Hitters
686668-2022-113,686668,Brenton Doyle,2022,Double-A,Eastern League,Hartford Yard Goats,24,3,0.10073039035015478,-1.3676000562923665,1.286157372722234,1.1066375036635674,0.06507380513963607,0.19104495980089164,0.8049343626390119,90,2.295414674719919,Power Hitters with Moderate Speed
669911-2022-113,669911,Michael Toglia,2022,Double-A,Eastern League,Hartford Yard Goats,23,1,0.23649525925466716,1.4184036639152906,1.1346699842946457,1.6396047628403176,-0.7373041224537524,-0.7801553184818765,-0.2816335947938824,91,1.7221165457577523,Strikeout-Prone Power Hitters
666149-2022-113,666149,Tyler Fitzgerald,2022,Double-A,Eastern League,Richmond Flying Squirrels,24,1,0.28369398036988247,0.08983091695820986,1.578173867425647,0.9487212787223079,-0.04955161308799109,-0.1315819393573209,-2.024543186625044,92,1.8305880095449585,Strikeout-Prone Power Hitters
687019-2022-113,687019,Andrés Alvarez,2022,Double-A,Eastern League,Altoona Curve,25,1,0.3239495300593333,1.636129632480165,0.7299577615836729,1.2053351442518545,-1.339087568148795,0.14293127670062453,-0.6486690352419712,93,1.6234173878194154,Strikeout-Prone Power Hitters
683146-2022-113,683146,Brett Baty,2022,Double-A,Eastern League,Binghamton Rumble Ponies,22,3,0.31399463714184767,0.4275283375894414,0.2566250684575396,1.659344290957975,2.2429567514645505,-0.9753181584502477,1.923483893157969,94,2.393063730783592,Power Hitters with Moderate Speed
665846-2022-113,665846,Jesús Bastidas,2022,Double-A,Eastern League,Somerset Patriots,23,1,0.19555906936203,-0.8921576351405005,0.3776325675291601,0.7710655256633909,-0.6513350587830321,-0.1427742631878168,-1.4063007727946546,95,1.522147390473738,Strikeout-Prone Power Hitters
685382-2022-113,685382,Andrew Navigato,2022,Double-A,Eastern League,Erie SeaWolves,24,2,0.08187834365029639,-1.0521195712289786,-0.9450172707018099,0.909242222486993,-1.3964002772626085,-0.16025738066576106,-0.6864942853119123,96,1.9423626528323574,Swinging Early Contact Hitters
687588-2022-113,687588,Micah Pries,2022,Double-A,Eastern League,Akron RubberDucks,24,3,0.0020175022749585932,-0.8388369897776745,-0.014858744785629546,1.1855956161341972,0.2370119324810768,0.08219231109587219,0.13399233948451192,97,1.8745718891942604,Power Hitters with Moderate Speed
683011-2022-113,683011,Anthony Volpe,2022,Double-A,Eastern League,Somerset Patriots,21,1,0.16289592836665923,0.4275283375894414,-0.9163153871892358,1.4224699535460859,-1.1384930862504474,1.6208833448461852,-2.024543186625044,98,2.830865766380948,Strikeout-Prone Power Hitters
682266-2022-113,682266,Brett Auerbach,2022,Double-A,Eastern League,Richmond Flying Squirrels,23,1,0.20557340173400532,0.8096596293563624,1.4230263434537662,0.5736702444868171,-0.5080532859984981,-0.0749681408449111,-0.2816335947938824,99,1.2264260304669492,Strikeout-Prone Power Hitters
685313-2022-113,685313,Elijah Dunham,2022,Double-A,Eastern League,Somerset Patriots,24,4,0.03826282755391689,-0.5855639243042513,-0.33844616092197854,1.0276793911929376,-0.6799914133399388,1.339607194938211,0.06647388204094307,100,2.022606362516822,"Fast, Aggressive Contact Hitters "
683766-2022-113,683766,Christian Koss,2022,Double-A,Eastern League,Portland Sea Dogs,24,3,0.14245488427289887,-0.51446973048715,0.40044824475719965,0.4354935476632151,0.35163735070870394,-0.16123208811508621,0.8955637700886011,101,1.1513076620327551,Power Hitters with Moderate Speed
665560-2022-113,665560,Jhailyn Ortiz,2022,Double-A,Eastern League,Reading Fightin Phils,23,1,0.12194559132423995,0.36532091799947675,1.5332144303896034,0.613149300722132,0.5808881871639567,-0.6965807812335859,-1.1171891663412536,102,1.6671144358370478,Strikeout-Prone Power Hitters
678009-2022-113,678009,Parker Meadows,2022,Double-A,Eastern League,Erie SeaWolves,22,1,0.2081948598944539,0.4719622087251308,-0.801969764957577,0.8500236381340207,-0.07820796764489787,-0.17980518775709783,-0.9573760372608738,103,1.341672371827197,Strikeout-Prone Power Hitters
674330-2022-113,674330,Zac Cook,2022,Double-A,Eastern League,New Hampshire Fisher Cats,24,1,0.21859887540320497,0.3120002726366527,2.4581659365059725,0.4552330757808725,-0.8805858952382863,0.024573353010655188,-0.8012583425989398,104,2.117360022663238,Strikeout-Prone Power Hitters
669898-2022-113,669898,Andrew Daschbach,2022,Double-A,Eastern League,Bowie Baysox,24,1,0.08059749313348126,1.951610117543551,2.903309936297236,0.4354935476632151,0.06507380513963607,-1.2138218284845113,-0.8012583425989398,105,3.085965040874981,Strikeout-Prone Power Hitters
681370-2022-113,681370,Hudson Haskin,2022,Double-A,Eastern League,Bowie Baysox,23,2,0.15168125127981924,-1.1276571521596483,-0.2669740512653731,0.8500236381340207,0.036417450582729285,-0.8377499872060902,0.2998923191606899,106,1.6240112400226963,Swinging Early Contact Hitters
680862-2022-113,680862,Willie MacIver,2022,Double-A,Eastern League,Hartford Yard Goats,25,1,0.11484857674186753,-0.12345166449309429,0.5666953374660764,0.6723678850751038,-0.794616831567566,-0.36124721826609735,0.5255100955810418,107,1.521928360339225,Strikeout-Prone Power Hitters
687401-2022-113,687401,Joey Ortiz,2022,Double-A,Eastern League,Bowie Baysox,23,2,0.06840358962771562,-0.11012150315238729,-1.0808292087431737,0.7513259975457335,-0.39342786777087096,-1.1762821391778773,-0.10533664743557243,108,1.7120317593173806,Swinging Early Contact Hitters
671655-2022-113,671655,George Valera,2022,Double-A,Eastern League,Akron RubberDucks,21,3,0.15551884134962968,0.5608299509965076,0.4148363326330251,1.1461165598988823,0.5808881871639567,-0.8887946695988883,0.5255100955810418,109,1.1131839973438342,Power Hitters with Moderate Speed
625506-2022-113,625506,Aldrem Corredor,2022,Double-A,Eastern League,Reading Fightin Phils,26,2,0.10045214851089994,0.40531140202159777,-0.2891270073953954,-0.2553899364547947,-0.6799914133399388,-1.3685926284856165,0.9553145094053951,110,1.9369544006379977,Swinging Early Contact Hitters
693307-2022-113,693307,Dillon Dingler,2022,Double-A,Eastern League,Erie SeaWolves,23,3,-0.016000403083445774,1.134026888646885,1.4098749554515762,0.6526283569574464,0.6668572508346771,-1.299058035147401,-0.5364483441874036,111,1.936228122223571,Power Hitters with Moderate Speed
672823-2022-113,672823,Sebastian Espino,2022,Double-A,Eastern League,New Hampshire Fisher Cats,22,1,0.07912221168510032,0.19647220768386195,3.335284304193194,0.7118469413104186,-0.7373041224537524,-0.8800251608200954,-0.07062300038336321,112,3.091096315464053,Strikeout-Prone Power Hitters
663604-2022-113,663604,Brandon Lockridge,2022,Double-A,Eastern League,Somerset Patriots,25,2,0.07998740684376789,-1.0076857000932893,0.5948416185342715,0.0012239290747519788,-0.5940223496692185,0.07608155332333912,0.032459757314121325,113,1.5949226424231202,Swinging Early Contact Hitters
666165-2022-113,666165,Blake Sabol,2022,Double-A,Eastern League,Altoona Curve,24,3,0.1971723699262234,-0.541130053168564,0.43628919315356024,1.1263770317812247,1.239984341972813,-0.546871380589636,0.10031750918619461,114,1.3911430806764657,Power Hitters with Moderate Speed
668845-2022-113,668845,Aaron Schunk,2022,Double-A,Eastern League,Hartford Yard Goats,24,2,0.19843229805907062,-1.4875715083587255,-0.027207465914446376,0.41575401954555763,0.007761096025822493,-0.8705979798447032,-0.036086917519480406,115,1.5311424119203263,Swinging Early Contact Hitters
669398-2022-113,669398,Gage Workman,2022,Double-A,Eastern League,Erie SeaWolves,22,3,0.08343481583635465,0.7607823711071047,2.7323200823384193,0.8105445818987058,1.35460976020044,0.907934737798577,-0.6110545118922478,116,2.850973561907698,Power Hitters with Moderate Speed
682239-2022-113,682239,Luke Ritter,2022,Double-A,Eastern League,Binghamton Rumble Ponies,25,1,0.11178177922832858,-0.24342311655945337,1.3075004253168847,0.4552330757808725,-0.47939693144159135,-0.7150733253246202,0.06647388204094307,117,1.5267653964385586,Strikeout-Prone Power Hitters
677587-2022-113,677587,Brayan Rocchio,2022,Double-A,Eastern League,Akron RubberDucks,21,2,0.1375702304338257,-0.40782843976149785,-0.7454914115739405,0.3565354351925853,-0.2788024495432454,-0.09550761238251299,-0.24600401618243073,118,1.0736874265914513,Swinging Early Contact Hitters
677588-2022-113,677588,José Tena,2022,Double-A,Eastern League,Akron RubberDucks,21,3,0.19024982356092437,-0.16788553562878364,0.2922726598715658,-0.018515599042905458,0.5808881871639567,-0.6400396785398184,1.819608160008448,119,1.4871112652114096,Power Hitters with Moderate Speed
666152-2022-113,666152,David Hamilton,2022,Double-A,Eastern League,Portland Sea Dogs,24,4,0.1680501318933445,0.26756640150096334,-0.14640014392868514,0.06044251342772429,0.007761096025822493,2.9056780383999903,-1.6206613000343013,120,2.574661903993056,"Fast, Aggressive Contact Hitters "
676847-2022-113,676847,Shane Matheny,2022,Double-A,Eastern League,Richmond Flying Squirrels,26,3,0.14624797062439987,1.1295835015333147,1.1128402613358053,0.27757732272195557,1.3832661147573468,-1.0437328973327318,-0.426062406244488,121,1.6247896917461981,Power Hitters with Moderate Speed
620442-2022-113,620442,Wendell Rijo,2022,Double-A,Eastern League,Reading Fightin Phils,26,4,7.238938811066976e-4,-0.9143745707083443,-0.2923141878697982,0.5934097726044746,0.15104286881035645,0.987640414099259,-0.38966453115080063,122,1.7580899040509035,"Fast, Aggressive Contact Hitters "
676667-2022-113,676667,Justin Connell,2022,Double-A,Eastern League,Harrisburg Senators,23,1,0.15413421070244965,0.9474046298769948,0.9791101285548801,0.37627496331024274,0.036417450582729285,-0.31681647913397754,-0.4626575607572777,123,1.0384849607576143,Strikeout-Prone Power Hitters
666126-2022-113,666126,Carlos Cortes,2022,Double-A,Eastern League,Binghamton Rumble Ponies,25,1,0.29403138924696,1.2362247922589666,0.5618331355242886,0.4749726038985299,-0.13552067675871146,-1.285318207330783,-1.4912300621525407,124,1.4485599014416999,Strikeout-Prone Power Hitters
671271-2022-113,671271,Jeisson Rosario,2022,Double-A,Eastern League,Somerset Patriots,22,2,0.08962115420164352,0.027623497368247135,-0.7147812163417299,0.3565354351925853,-0.794616831567566,-0.02931612346139495,0.23402067981318972,125,1.3360354120536881,Swinging Early Contact Hitters
665782-2022-113,665782,Luis De Los Santos,2022,Double-A,Eastern League,New Hampshire Fisher Cats,24,2,0.08741072545186349,-0.9054877964812076,-0.20557177050409306,-0.33434804892542447,0.2370119324810768,-0.6137730006313115,1.819608160008448,126,1.9125087352197312,Swinging Early Contact Hitters
678894-2022-113,678894,Liover Peguero,2022,Double-A,Eastern League,Altoona Curve,21,2,0.11648858619572063,-1.1809777975224744,-0.32730588136995914,-0.39356663327839675,0.12238651425344965,0.602942107803859,0.10031750918619461,127,1.2282095091327927,Swinging Early Contact Hitters
667663-2022-113,667663,Hunter Stovall,2022,Double-A,Eastern League,Hartford Yard Goats,25,2,0.13504465212933456,-0.6566581181213527,-0.3904207316680808,0.09992156966303917,0.38029370526561074,-0.31133028821608355,0.4297384262845607,128,1.114153105969466,Swinging Early Contact Hitters
669707-2022-113,669707,Jared Triolo,2022,Double-A,Eastern League,Altoona Curve,24,4,-0.04145320298536798,0.04984043293609082,-0.9376699433231084,-0.23565040833713727,0.6095445417208635,0.4069630135823283,-0.8012583425989398,129,1.7892418149373486,"Fast, Aggressive Contact Hitters "
676280-2022-113,676280,Tyler Dearden,2022,Double-A,Eastern League,Portland Sea Dogs,23,3,0.2263983740075634,0.32533043397735967,0.669137794335342,-0.2948689926901096,1.2972970510866264,-1.2031479317568559,-0.036086917519480406,130,1.3130800474381856,Power Hitters with Moderate Speed
686659-2022-113,686659,Julian Escobedo,2022,Double-A,Eastern League,Akron RubberDucks,24,2,0.08775263371438374,0.13426478809389922,-0.6080192970483951,-0.7291386112785729,-1.6256511137178629,0.08864976058417692,-0.4626575607572777,131,1.790752440897282,Swinging Early Contact Hitters
669002-2022-113,669002,Connor Scott,2022,Double-A,Eastern League,Altoona Curve,22,2,0.19422659270937337,-0.9188179578219126,-0.2629981410533578,-0.11721323963119265,-0.19283338587252502,-0.21341418833717243,-0.4994521448894528,132,0.9740900710385708,Swinging Early Contact Hitters
687714-2022-113,687714,Jackson Cluff,2022,Double-A,Eastern League,Harrisburg Senators,25,1,0.2518729670313392,-0.039027309335285906,1.3456296692339837,-0.6501804988079432,-0.9092422497951932,-0.4601909631808162,-2.3562767564189437,133,2.2808305193713028,Strikeout-Prone Power Hitters
670208-2022-113,670208,Matt Fraizer,2022,Double-A,Eastern League,Altoona Curve,24,2,0.06142351544914273,-0.5589036016228374,0.07281717522896744,-0.6699200269256006,-0.8519295406813796,-0.1579425725598669,-0.8788659726686607,134,1.507565648620514,Swinging Early Contact Hitters
682177-2022-113,682177,Daniel Schneemann,2022,Double-A,Eastern League,Akron RubberDucks,25,2,0.07821287065428935,0.2142457561381373,-0.09797658944778616,-1.202887286102351,-1.6256511137178629,0.30249918498918305,0.7438317783925644,135,2.1243500431828917,Swinging Early Contact Hitters
696281-2022-113,696281,Wyatt Young,2022,Double-A,Eastern League,Binghamton Rumble Ponies,22,3,0.10215136818401568,1.0718194690569203,-0.4579521039991859,-0.4922642738666837,0.2370119324810768,-0.8696019480919369,1.014541112678406,136,1.7924737436430713,Power Hitters with Moderate Speed
668667-2022-113,668667,Daniel Cabrera,2022,Double-A,Eastern League,Erie SeaWolves,23,2,0.2734640580189062,-0.4611490851243239,-0.5409142648732133,-0.9660129486904622,-1.7975892410593028,-0.9042726044614459,1.4429166450724902,137,2.113809373045094,Swinging Early Contact Hitters
686555-2022-113,686555,Isaac Collins,2022,Double-A,Eastern League,Hartford Yard Goats,24,4,0.08224756424449596,0.03651027159538382,-0.5263016115374471,-0.4527852176313691,-0.9665549589090068,1.1704483027197563,-0.0017265915630683638,138,1.3257456509633436,"Fast, Aggressive Contact Hitters "
693409-2022-113,693409,César Prieto,2022,Double-A,Eastern League,Bowie Baysox,23,2,0.37256056734289233,-1.0476761841154103,-1.3739481989964824,-1.104189645514064,-0.5080532859984981,-0.8123899485712033,0.9553145094053951,139,1.260526220429297,Swinging Early Contact Hitters
686639-2022-113,686639,Jack Dunn,2022,Double-A,Eastern League,Harrisburg Senators,25,4,-0.018503253836434298,0.8896405974006004,-0.524669925681096,-1.4200220953965825,0.007761096025822493,-0.1543759217161397,1.014541112678406,140,2.125564088179335,"Fast, Aggressive Contact Hitters "
666695-2022-113,666695,Jonathan Guzmán,2022,Double-A,Eastern League,Reading Fightin Phils,22,2,0.15351870276955282,-0.47892263357859927,0.27739432192969465,-1.5976778484554994,-2.5426544595388796,-0.39176214456796987,0.49373690998719866,141,2.7227020259966412,Swinging Early Contact Hitters
657075-2022-113,657075,Jeremy Vasquez,2022,Double-A,Eastern League,Binghamton Rumble Ponies,25,2,0.30260472385988785,-0.22120618099160771,-1.014152965674895,-1.3608035110436103,-0.7373041224537524,-1.3685926284856165,0.10031750918619461,142,1.5482534539745825,Swinging Early Contact Hitters
683364-2022-123,683364,Carlos Dominguez,2022,Low-A,Florida State League,St. Lucie Mets,22,3,0.062489120416318475,0.3786510793401837,2.562760645433312,0.8697631662516782,1.35460976020044,0.8017613204593739,-0.8399506518043474,143,2.7776397212093067,Power Hitters with Moderate Speed
691456-2022-123,691456,Manuel Sequera,2022,Low-A,Florida State League,Lakeland Flying Tigers,19,2,0.0090821893505889,-1.4742413470180187,-0.14759282600256918,0.8302841100163633,-1.3964002772626085,-0.8021264596767602,-0.9573760372608738,144,2.254300347722996,Swinging Early Contact Hitters
684519-2022-123,684519,Omar De Los Santos,2022,Low-A,Florida State League,St. Lucie Mets,22,4,0.12408021882843766,-0.8077332799826942,1.3559181915653271,0.7908050537810484,1.9563932058954825,3.735626827242423,0.8352795349709173,145,3.7007616292675243,"Fast, Aggressive Contact Hitters "
678742-2022-123,678742,Rainer Nunez,2022,Low-A,Florida State League,Dunedin Blue Jays,21,2,0.09426395631285439,-1.6030995733115143,-0.3192890226140927,0.6921074131927611,0.9820771509606517,-1.3685926284856165,-0.2105614703409355,146,2.296657681370569,Swinging Early Contact Hitters
687749-2022-123,687749,Jase Bowen,2022,Low-A,Florida State League,Bradenton Marauders,21,3,0.20144244954775817,-0.8121766670962625,0.503066953781816,0.4749726038985299,1.2686406965297197,0.23479212067240302,0.2998923191606899,147,1.3965894770220972,Power Hitters with Moderate Speed
683550-2022-123,683550,Marcos Cabrera,2022,Low-A,Florida State League,Tampa Tarpons,20,1,0.10890892950211521,0.5474997896558005,2.3966037390346617,0.297316850839613,-0.5080532859984981,0.7189989598452907,-0.2816335947938824,148,2.3392665827620926,Strikeout-Prone Power Hitters
678803-2022-123,678803,Anthony Garcia,2022,Low-A,Florida State League,Tampa Tarpons,21,3,0.001707535510769416,2.782523507780924,2.8346086556887826,0.5144516601338448,0.8387953781761178,0.6745624311486262,-0.7245326365063858,149,3.690390136563433,Power Hitters with Moderate Speed
693850-2022-123,693850,Kala'i Rosario,2022,Low-A,Florida State League,Fort Myers Mighty Mussels,19,3,0.23205012370525532,0.4141981762487364,1.4980216888791402,0.41575401954555763,0.8387953781761178,-0.705813800102305,0.4297384262845607,150,1.025803643377559,Power Hitters with Moderate Speed
686577-2022-123,686577,Keoni Cavaco,2022,Low-A,Florida State League,Fort Myers Mighty Mussels,21,3,0.1253241290567049,-0.04347069644885425,1.889214265632393,0.3565354351925853,0.5808881871639567,-0.5141213096435945,0.06647388204094307,151,1.5397780927397324,Power Hitters with Moderate Speed
683493-2022-123,683493,William Lugo,2022,Low-A,Florida State League,St. Lucie Mets,20,3,0.004891145161427379,-0.2967437619222774,0.31177703566090914,0.3565354351925853,0.6668572508346771,-1.3685926284856165,-0.4994521448894528,152,1.7297727499333189,Power Hitters with Moderate Speed
681433-2022-123,681433,Noah Cardenas,2022,Low-A,Florida State League,Fort Myers Mighty Mussels,22,1,0.12379015967736551,1.2495549535996737,-0.9572109025485083,0.08018204154538174,-0.10686432220180467,-0.14843692047728496,-0.38966453115080063,153,1.7804878297602218,Strikeout-Prone Power Hitters
696135-2022-123,696135,Kahlil Watson,2022,Low-A,Florida State League,Jupiter Hammerheads,19,3,0.21986820575733182,0.2142457561381373,1.9917279535000327,0.31705637895727046,0.9820771509606517,0.24411711479693005,0.3651275075977309,154,1.5405001138767676,Power Hitters with Moderate Speed
680918-2022-123,680918,Brady Allen,2022,Low-A,Florida State League,Jupiter Hammerheads,22,3,0.15465111075014454,0.6008204350186286,0.4774253098148504,-0.6699200269256006,0.7241699599484906,-0.8872076233558372,-0.0017265915630683638,155,1.3421282376344623,Power Hitters with Moderate Speed
682625-2022-123,682625,Antonio Gomez,2022,Low-A,Florida State League,Tampa Tarpons,20,3,0.2332297993569133,0.2986701112959457,0.6091410463092523,-0.6107014425726283,0.6668572508346771,-1.033253352379368,1.4705313644613693,156,1.4882461699801486,Power Hitters with Moderate Speed
691789-2022-123,691789,Izaac Pacheco,2022,Low-A,Florida State League,Lakeland Flying Tigers,19,2,0.11173298341881406,-0.6477713438942141,-0.28505497627715576,0.0012239290747519788,0.4662627689363311,-0.05182702791023682,-0.6110545118922478,157,1.4040520146394655,Swinging Early Contact Hitters
683061-2022-123,683061,Alexander Vargas,2022,Low-A,Florida State League,Tampa Tarpons,20,4,0.04871526011712243,0.3742076922266154,0.8564758044700352,-0.7883571956315449,-1.1671494408073542,1.3991873756063002,-0.6486690352419712,158,2.023656307557049,"Fast, Aggressive Contact Hitters "
682656-2022-123,682656,Sergio Campana,2022,Low-A,Florida State League,Bradenton Marauders,20,4,-0.0034814031778127056,0.39198124068089074,2.43248182152514,-0.689659555043258,1.3259534056435331,1.7261726825023325,0.3975102530239391,159,2.871028346923205,"Fast, Aggressive Contact Hitters "
691907-2022-123,691907,Tsung-Che Cheng,2022,Low-A,Florida State League,Bradenton Marauders,20,4,0.10609740141057028,0.9296310814227214,-0.4194186668326068,0.0012239290747519788,0.810139023619211,1.1799741589494526,0.4297384262845607,160,1.3403800258787617,"Fast, Aggressive Contact Hitters "
691449-2022-123,691449,Roberto Campos,2022,Low-A,Florida State League,Lakeland Flying Tigers,19,2,0.10059345260923744,-1.3142794109295406,-0.27058017816153834,-0.4133061613960542,0.40895005982251753,-0.6801264314083977,2.1265605389721007,161,2.2731716914864752,Swinging Early Contact Hitters
694425-2022-123,694425,Justice Bigbie,2022,Low-A,Florida State League,Lakeland Flying Tigers,23,3,-0.003881204950449429,-0.8832708609133638,0.10141398068175758,-0.9462734205728045,0.9820771509606517,-0.8696019480919369,1.2748136179899983,162,2.0466455626832984,Power Hitters with Moderate Speed
695653-2022-123,695653,Noah Miller,2022,Low-A,Florida State League,Fort Myers Mighty Mussels,19,4,0.02365853147389221,1.4406205994831343,0.024399129847772084,-1.5779383203378419,-0.7086477678968457,0.5650587736199377,-0.6864942853119123,163,2.3676926328259786,"Fast, Aggressive Contact Hitters "
692405-2022-123,692405,Jeremy Rivas,2022,Low-A,Florida State League,Palm Beach Cardinals,19,2,0.14822694876378906,-0.04347069644885425,-0.20038670008898832,-1.8148126577497312,0.12238651425344965,-0.4551224487905776,0.2998923191606899,164,1.7655880151620575,Swinging Early Contact Hitters
692497-2022-123,692497,Estiven Machado,2022,Low-A,Florida State League,Dunedin Blue Jays,19,3,0.14204179787898835,-0.3856115041936522,0.36353206790894843,-1.2818453985729807,1.5265478875418808,-0.6385820023988465,2.585714153499476,165,2.741724950277598,Power Hitters with Moderate Speed
656484-2022-117,656484,Tristan Gray,2022,Triple-A,International League,Durham Bulls,26,1,0.3023638496906711,-0.05235747067599291,1.3902939999816497,2.2515301344876977,-1.5110256954902357,-0.9965852091869574,-1.0768798556962889,166,2.3099236540110955,Strikeout-Prone Power Hitters
623507-2022-117,623507,Josh Lester,2022,Triple-A,International League,Toledo Mud Hens,27,1,0.18106916894048278,-0.3189606974901231,-0.20357610348586314,1.6790838190756325,-1.1671494408073542,-0.8703990917354679,-0.2105614703409355,167,1.7934063372094176,Strikeout-Prone Power Hitters
669742-2022-117,669742,Darick Hall,2022,Triple-A,International League,Lehigh Valley IronPigs,26,1,0.05138014501301239,-0.8521671511183815,-0.11975318633808242,2.488404471899587,-1.2531185044780746,-0.8796604071993994,1.014541112678406,168,3.131186898036823,Strikeout-Prone Power Hitters
676551-2022-117,676551,Brewer Hicklen,2022,Triple-A,International League,Omaha Storm Chasers,26,3,0.03516156201877754,0.16981188500244793,2.0999241798359924,2.093613909546438,1.3832661147573468,0.6301715081077902,-0.8012583425989398,169,2.9256971174297184,Power Hitters with Moderate Speed
594953-2022-117,594953,Daniel Palka,2022,Triple-A,International League,Syracuse Mets,30,3,0.029892307122552014,-0.2967437619222774,0.047532359344608,1.876479100252207,-0.5080532859984981,-1.228743729593965,1.3313142780696945,170,2.5896039566380002,Power Hitters with Moderate Speed
592622-2022-117,592622,Mark Payton,2022,Triple-A,International League,Charlotte Knights,30,2,-0.0029956213761043963,-0.3056305361494161,-1.5064880333456618,1.9356976846051792,-0.3074588041001522,-0.1766162463777314,-0.07062300038336321,171,2.590262836326857,Swinging Early Contact Hitters
572138-2022-117,572138,Jon Singleton,2022,Triple-A,International League,Nashville Sounds,30,1,0.3122041767697568,2.164892698994855,0.7210556039312714,1.3237723129577992,-1.1098367316935407,-1.1546209335821878,-1.4063007727946546,172,2.1658023052079582,Strikeout-Prone Power Hitters
668901-2022-117,668901,Mark Vientos,2022,Triple-A,International League,Syracuse Mets,22,3,0.26987675065419114,0.3742076922266154,0.8619004553603431,1.7777814596639196,1.0967025691882788,-1.2228622128733295,2.5388265381333346,173,2.6038090512509164,Power Hitters with Moderate Speed
663609-2022-117,663609,Luken Baker,2022,Triple-A,International League,Memphis Redbirds,25,1,0.18766609089057856,-0.185659084083059,0.3013214735905982,0.3565354351925853,-1.339087568148795,-1.3685926284856165,-0.7245326365063858,174,1.489973582776294,Strikeout-Prone Power Hitters
656024-2022-117,656024,Carlos Pérez,2022,Triple-A,International League,Charlotte Knights,25,2,0.16668663458592578,-1.398703766087349,-2.406305882101348,0.9487212787223079,-2.2274345594129046,-1.1014710622483177,-0.5736483803226189,175,3.057520861911263,Swinging Early Contact Hitters
676475-2022-117,676475,Alec Burleson,2022,Triple-A,International League,Memphis Redbirds,23,2,0.1552330673823606,-1.7097408640371665,-1.4810985986467673,1.0474189193105952,1.0967025691882788,-1.104300773909123,0.5255100955810418,176,2.5315601299151145,Swinging Early Contact Hitters
608841-2022-117,608841,Joey Meneses,2022,Triple-A,International League,Rochester Red Wings,30,3,0.03264284556746621,-0.40338505264792757,-0.2958170069902167,1.08689797554591,0.2656682870379836,-1.293354347861584,0.46181349600707255,177,1.862314896423465,Power Hitters with Moderate Speed
643271-2022-117,643271,Narciso Crook,2022,Triple-A,International League,Iowa Cubs,26,3,0.24480021220660936,0.027623497368247135,1.14772252549758,1.659344290957975,0.8674517327330246,0.047513944137346734,1.217836153455557,178,1.6575628624358805,Power Hitters with Moderate Speed
676733-2022-117,676733,Mason Martin,2022,Triple-A,International League,Indianapolis Indians,23,1,0.06384546576449482,0.9962818881262525,2.054681918035826,1.0276793911929376,-0.36477151321396417,-0.5156793368810649,0.23402067981318972,179,2.0826406393899912,Strikeout-Prone Power Hitters
672724-2022-117,672724,Oswald Peraza,2022,Triple-A,International League,Scranton/Wilkes-Barre RailRiders,22,4,-0.008258065838513306,-1.1365439263867871,8.098345487581678e-4,0.8105445818987058,-0.2788024495432454,1.2782575316414055,-0.8399506518043474,180,2.251895764559666,"Fast, Aggressive Contact Hitters "
621514-2022-117,621514,Christin Stewart,2022,Triple-A,International League,Worcester Red Sox,28,1,0.2325359612398237,2.058251408269203,1.3878130644128588,1.2842932567224843,0.20835557792417,-0.5409233658663932,-2.1176727938730973,181,2.4750205320145082,Strikeout-Prone Power Hitters
669065-2022-117,669065,Kyle Stowers,2022,Triple-A,International League,Norfolk Tides,24,3,0.01785140220776663,0.17869865922958658,0.36787070130593763,2.2910091907230123,0.15104286881035645,-0.9878033775742147,0.6199422569912528,182,2.259943015206089,Power Hitters with Moderate Speed
666018-2022-117,666018,Jonathan Aranda,2022,Triple-A,International League,Durham Bulls,24,3,0.2902249930243248,0.7252352741985539,-0.2945417871261013,1.08689797554591,1.8704241422247623,-1.1014710622483177,0.8955637700886011,183,1.739739502421893,Power Hitters with Moderate Speed
670113-2022-117,670113,Jim Haley,2022,Triple-A,International League,Durham Bulls,27,3,-0.003895268389507345,-1.2165248944310252,1.0567358331705594,1.2053351442518545,-0.5653659951123117,-0.05988653233352462,0.7744521913220743,184,2.4466849349869237,Power Hitters with Moderate Speed
676059-2022-117,676059,Jordan Westburg,2022,Triple-A,International League,Norfolk Tides,23,1,0.18008469477952754,0.05428382004965917,-0.2476705097961423,1.7185628753109474,0.17969922336726324,-0.475369217305383,-0.5736483803226189,185,1.5748458431241603,Strikeout-Prone Power Hitters
681807-2022-117,681807,David Fry,2022,Triple-A,International League,Columbus Clippers,26,2,0.16171624068218654,-1.2209682815445955,-0.6707502828210654,0.909242222486993,-0.7659604770106593,-1.238649723021203,0.032459757314121325,186,1.7588785397869668,Swinging Early Contact Hitters
660613-2022-117,660613,Ronaldo Hernández,2022,Triple-A,International League,Worcester Red Sox,24,2,0.22293138781412916,-1.5942127990843777,-0.38433585646445634,0.8302841100163633,-0.47939693144159135,-1.1561996246246844,0.588611391124948,187,1.8329320725934684,Swinging Early Contact Hitters
676724-2022-117,676724,Jared Young,2022,Triple-A,International League,Iowa Cubs,26,2,0.0691180993740506,-0.9721386031847405,0.14250829113800653,0.8302841100163633,-1.1671494408073542,-1.0277558786408307,0.588611391124948,188,2.0002910994869394,Swinging Early Contact Hitters
680837-2022-117,680837,Ryan Fitzgerald,2022,Triple-A,International League,Worcester Red Sox,28,1,0.2749469240507361,-0.07901779335740691,0.4347613578533312,0.6526283569574464,-1.2244621499211679,-0.7157642726320304,-0.6486690352419712,189,0.9743746135873723,Strikeout-Prone Power Hitters
670156-2022-117,670156,Miles Mastrobuoni,2022,Triple-A,International League,Durham Bulls,26,3,0.09932114550779385,1.2806586633946542,-1.1007344499111542,0.4354935476632151,0.8674517327330246,0.015324800134403696,0.20084228637246188,190,1.9853274170692676,Power Hitters with Moderate Speed
664057-2022-117,664057,Andrew Stevenson,2022,Triple-A,International League,Rochester Red Wings,28,4,-0.010546319570157923,-0.6299977954399407,-0.12905034038963037,0.5934097726044746,0.8961080872899314,0.920421054252054,0.8049343626390119,191,1.6975955369139024,"Fast, Aggressive Contact Hitters "
643603-2022-117,643603,Tyler White,2022,Triple-A,International League,Gwinnett Stripers,31,1,0.2990173944799223,2.2804207639476437,-0.5184435485307997,0.6723678850751038,-1.6256511137178629,-0.9433189630693095,-1.4912300621525407,192,2.4490489674345457,Strikeout-Prone Power Hitters
607430-2022-117,607430,John Andreoli,2022,Triple-A,International League,St. Paul Saints,32,1,0.1678688155107182,3.1468812510935673,2.0170289660831457,0.5934097726044746,-1.1958057953642611,0.21993951482854213,-0.5736483803226189,193,3.226330063290305,Strikeout-Prone Power Hitters
593528-2022-117,593528,Jorge Bonifacio,2022,Triple-A,International League,Lehigh Valley IronPigs,29,1,0.30796662030793176,1.0096120494669596,0.7934447820756729,0.37627496331024274,0.007761096025822493,-0.6739925973913495,-2.50359437105116,194,1.919357124874285,Strikeout-Prone Power Hitters
680814-2022-117,680814,Peyton Burdick,2022,Triple-A,International League,Jacksonville Jumbo Shrimp,25,1,0.3166662733851178,-0.17232892274235198,0.7531551282104552,0.9289817506046505,-1.1384930862504474,-0.2292420953893304,-0.6864942853119123,195,1.0145438003192901,Strikeout-Prone Power Hitters
676628-2022-117,676628,Mark Contreras,2022,Triple-A,International League,St. Paul Saints,27,3,0.00397293684951536,-0.6877618279163351,1.0221905534169748,0.6526283569574464,-0.020895258531084298,0.42215482302084906,0.16750004834920967,196,1.7729732105337828,Power Hitters with Moderate Speed
664314-2022-117,664314,Estevan Florial,2022,Triple-A,International League,Scranton/Wilkes-Barre RailRiders,24,3,0.10672221404748572,0.9385178556498581,1.1560553858503877,1.0079398630752803,2.472207587919805,1.7816143694991216,0.10031750918619461,197,2.8328735850235662,Power Hitters with Moderate Speed
656514-2022-117,656514,Adam Haseley,2022,Triple-A,International League,Charlotte Knights,26,2,0.21899557450259188,-0.5633469887364057,-1.0569965701571211,0.4749726038985299,-1.5110256954902357,0.014762550356731147,0.8049343626390119,198,1.6993251839274355,Swinging Early Contact Hitters
680438-2022-117,680438,Robert Neustrom,2022,Triple-A,International League,Norfolk Tides,25,1,0.049357262259130195,-0.034583922221717564,-1.0531074145591413,0.5736702444868171,-1.9695273684007435,-0.1718509851273653,-0.8399506518043474,199,2.1081733064034247,Strikeout-Prone Power Hitters
680118-2022-117,680118,Dairon Blanco,2022,Triple-A,International League,Omaha Storm Chasers,29,4,0.1276959484276474,-0.9188179578219126,0.059969335098004034,0.7513259975457335,1.6984860148833214,2.3213541369528268,0.7438317783925644,200,2.455530169922342,"Fast, Aggressive Contact Hitters "
663478-2022-117,663478,Brendon Davis,2022,Triple-A,International League,Toledo Mud Hens,24,1,0.3739894075748454,0.7874426937885187,0.14418129617108166,0.5736702444868171,-0.794616831567566,-0.6516357153497054,-0.9969760890703109,201,0.5825729557187104,Strikeout-Prone Power Hitters
680737-2022-117,680737,Michael Helman,2022,Triple-A,International League,St. Paul Saints,26,4,-0.020648388603211842,0.06761398139036617,-0.6592239400736337,0.3565354351925853,-0.8805858952382863,1.1565289754668842,-0.6110545118922478,202,1.853808689952441,"Fast, Aggressive Contact Hitters "
650339-2022-117,650339,Jermaine Palacios,2022,Triple-A,International League,St. Paul Saints,25,3,0.27211912995935705,0.3742076922266154,0.0862007268822862,0.613149300722132,1.0967025691882788,0.12521925116598637,1.5254242642099545,203,1.172253519387775,Power Hitters with Moderate Speed
676625-2022-117,676625,Rylan Bannon,2022,Triple-A,International League,Gwinnett Stripers,26,1,0.18501027550348817,1.8360820525907622,0.16788830666409882,0.49471213201618736,-0.04955161308799109,-0.5448982313088692,-0.5364483441874036,204,1.5062424053033472,Strikeout-Prone Power Hitters
666164-2022-117,666164,Blake Rutherford,2022,Triple-A,International League,Charlotte Knights,25,2,0.30035485582368104,-2.282937801687546,-0.6250230703690156,0.17887968213366892,0.09373015969654286,-0.5123164974556812,0.6821711719565688,205,1.7479920883271927,Swinging Early Contact Hitters
668930-2022-117,668930,Brice Turang,2022,Triple-A,International League,Nashville Sounds,22,4,0.004688875587094001,0.7829993066749483,-0.61148150618955055,-0.43304568951371164,0.8674517327330246,0.43981261254052567,0.5255100955810418,206,1.5131097671393217,"Fast, Aggressive Contact Hitters "
669008-2022-117,669008,Ronnie Dawson,2022,Triple-A,International League,Louisville Bats,27,3,0.2248945377803542,0.5697167252236442,0.27739432192969465,-0.11721323963119265,0.35163735070870394,-0.40893992092755144,0.8049343626390119,207,0.8559577570904443,Power Hitters with Moderate Speed
664770-2022-117,664770,Nathan Lukes,2022,Triple-A,International League,Buffalo Bisons,27,2,0.19033725243198144,-1.016572474320428,-0.8046666192972913,-0.15669229586650751,0.6955136053915838,0.07926333695027334,0.8352795349709173,208,1.3886564971427968,Swinging Early Contact Hitters
578570-2022-117,578570,Juniel Querecuto,2022,Triple-A,International League,Louisville Bats,29,1,0.030545559047715377,0.7474522097663977,-0.7833760683703717,0.2578377946042981,-0.5080532859984981,-0.30411208376484716,0.20084228637246188,209,1.6424177031486724,Strikeout-Prone Power Hitters
622569-2022-117,622569,Pablo Reyes,2022,Triple-A,International League,Nashville Sounds,28,1,0.11065264670307275,0.8185464035834991,-1.2758766067239737,0.3565354351925853,-0.19283338587252502,0.18047872145067237,-0.9573760372608738,210,1.8543013102508283,Strikeout-Prone Power Hitters
670298-2022-117,670298,Kramer Robertson,2022,Triple-A,International League,Memphis Redbirds,27,4,0.06923207544321518,1.849412213931469,-0.5345461046646304,-0.47252474574902625,-0.5080532859984981,0.855759973790659,2.0003551919680476,211,2.7035424795781315,"Fast, Aggressive Contact Hitters "
655996-2022-117,655996,Cristian Santana,2022,Triple-A,International League,Louisville Bats,25,3,0.09478660248515822,0.5430564025422302,-0.17722155962747674,-0.551482858219656,0.5522318326070499,-1.0607297908353415,0.3325887001451288,212,1.473741823375943,Power Hitters with Moderate Speed
670097-2022-117,670097,Zack Short,2022,Triple-A,International League,Toledo Mud Hens,27,1,0.22750606400828596,1.6583465680480087,0.5482120116587433,-0.07773418339587777,-0.10686432220180467,-0.4884988889833051,-0.9573760372608738,213,1.447776728055329,Strikeout-Prone Power Hitters
664051-2022-117,664051,Mitchell Tolman,2022,Triple-A,International League,Columbus Clippers,28,3,0.062193588257970826,1.622799471139462,-0.5254379795436075,0.49471213201618736,-0.39342786777087096,-0.7842897811940626,1.3031230493111623,214,2.309115816486274,Power Hitters with Moderate Speed
642197-2022-117,642197,Jamie Westbrook,2022,Triple-A,International League,Toledo Mud Hens,27,2,0.3264891830574108,-0.4211586011022049,-1.2519299449915917,-0.39356663327839675,-0.7086477678968457,-1.1860384358414895,0.3975102530239391,215,1.123928558321257,Swinging Early Contact Hitters
642215-2022-117,642215,Weston Wilson,2022,Triple-A,International League,Nashville Sounds,27,1,0.07373046974812131,0.8496501133784794,0.8264758412130313,-0.3540875770430819,-0.2788024495432454,0.017691249442542484,0.032459757314121325,216,1.481508903134877,Strikeout-Prone Power Hitters
663662-2022-117,663662,Daz Cameron,2022,Triple-A,International League,Toledo Mud Hens,25,1,0.18355555515661037,0.6008204350186286,0.8673377217178373,0.06044251342772429,0.2943246415948904,0.2564268196619476,-1.0768798556962889,217,1.290494280169089,Strikeout-Prone Power Hitters
666137-2022-117,666137,Khalil Lee,2022,Triple-A,International League,Syracuse Mets,24,3,0.12711571076486028,0.9651781783312722,1.6281907929679882,0.13940062589835403,0.06507380513963607,-0.12536520412446675,0.6821711719565688,218,1.5144422821107704,Power Hitters with Moderate Speed
669738-2022-117,669738,Jake Noll,2022,Triple-A,International League,Rochester Red Wings,28,2,0.2817570866431393,-1.5497789279486884,-0.834963686135724,0.21835873836898378,-0.5080532859984981,-0.9293423784701584,-0.426062406244488,219,1.2979128113500116,Swinging Early Contact Hitters
605486-2022-117,605486,Cory Spangenberg,2022,Triple-A,International League,Memphis Redbirds,31,3,0.2955600568237527,0.1431515623210359,1.522646519238468,0.020963457192409416,0.6668572508346771,-0.11359184147281719,1.1603737685001374,220,1.2025147837454218,Power Hitters with Moderate Speed
642162-2022-117,642162,Pat Valaika,2022,Triple-A,International League,Gwinnett Stripers,29,2,0.14770857144949345,-0.8032898928691238,-0.44257675229604,-0.43304568951371164,-0.7086477678968457,-1.1684662592102033,-0.9573760372608738,221,1.4835236901791098,Swinging Early Contact Hitters
686823-2022-117,686823,Will Brennan,2022,Triple-A,International League,Columbus Clippers,24,2,0.2665667535420113,-1.1720910232953377,-1.8108989538606368,0.13940062589835403,0.8674517327330246,-0.2369944860018864,0.4297384262845607,222,1.7554343464706452,Swinging Early Contact Hitters
641512-2022-117,641512,Ben DeLuzio,2022,Triple-A,International League,Memphis Redbirds,27,4,0.12161305465729405,-0.14566860006093799,-0.1638505042875595,0.06044251342772429,1.0107335055175586,1.268435399283328,0.6821711719565688,223,1.142311152781344,"Fast, Aggressive Contact Hitters "
687867-2022-117,687867,Clay Dungan,2022,Triple-A,International League,Omaha Storm Chasers,26,2,0.1085634405294672,-0.2745268263544357,-0.636251187607533,-0.43304568951371164,-1.91221465928693,-0.2387478221114372,-0.4994521448894528,224,1.7799433499373691,Swinging Early Contact Hitters
640460-2022-117,640460,Dustin Peterson,2022,Triple-A,International League,Lehigh Valley IronPigs,27,2,0.1492606983758751,-0.26119666501372873,-0.08792201146446083,-0.2553899364547947,-0.2501460949863386,-0.8166091533658879,0.6199422569912528,225,1.199436059190153,Swinging Early Contact Hitters
621545-2022-117,621545,Zach Remillard,2022,Triple-A,International League,Charlotte Knights,28,3,0.055822189427143835,0.15203833654817456,-0.18092515133058995,-0.551482858219656,1.211327987415906,0.24057889934314397,-0.036086917519480406,226,1.4756865584273793,Power Hitters with Moderate Speed
680552-2022-117,680552,Travis Swaggerty,2022,Triple-A,International League,Indianapolis Indians,24,3,0.16304022782299554,-0.14566860006093799,0.36672932048896384,-0.038255127160562896,0.7241699599484906,0.2888777599233889,1.3031230493111623,227,1.1571603088243958,Power Hitters with Moderate Speed
678225-2022-117,678225,Ji Hwan Bae,2022,Triple-A,International League,Indianapolis Indians,22,4,0.10515447183675787,-0.2656400521272971,-1.046085739178603,-0.1369527677488501,0.7528263145053974,1.0413001140596396,0.6821711719565688,228,1.2871760246722799,"Fast, Aggressive Contact Hitters "
624417-2022-117,624417,Bryson Brigman,2022,Triple-A,International League,Jacksonville Jumbo Shrimp,27,2,0.2516144725595651,-0.7321956990520224,-0.20804297532626786,-0.5909619144549711,-0.10686432220180467,-0.475369217305383,0.7130718642393058,229,0.9108033511528717,Swinging Early Contact Hitters
675925-2022-117,675925,Cullen Large,2022,Triple-A,International League,Buffalo Bisons,26,3,0.14405979716878056,0.5341696283150935,0.6270988462044413,-0.4133061613960542,0.40895005982251753,-0.8399994283634663,0.23402067981318972,230,1.1345824446184294,Power Hitters with Moderate Speed
675649-2022-117,675649,Brian Miller,2022,Triple-A,International League,Jacksonville Jumbo Shrimp,26,4,-0.03695017906818043,-0.9321481191626196,-1.0261060818271504,-0.11721323963119265,0.8387953781761178,0.7646320627752305,0.6821711719565688,231,1.6754792439815256,"Fast, Aggressive Contact Hitters "
622668-2022-117,622668,Ivan Castillo,2022,Triple-A,International League,Omaha Storm Chasers,27,2,0.33700858076885265,-1.0387894098882717,-1.8736405538945047,-0.8475757799845173,-1.3677439227057018,-0.47454842925958446,-0.5364483441874036,232,1.6452647934568834,Swinging Early Contact Hitters
661411-2022-117,661411,Lorenzo Cedrola,2022,Triple-A,International League,Louisville Bats,24,2,0.30304201982484835,-2.1629663496211866,-1.0864533227418192,-1.1831477579846936,0.12238651425344965,-0.09550761238251299,-0.036086917519480406,233,1.6103618586248079,Swinging Early Contact Hitters
656734-2022-117,656734,Evan Mendoza,2022,Triple-A,International League,Memphis Redbirds,26,2,0.15768810255100674,0.4541886602708535,-1.637175649568796,-1.3805430391612676,-0.8805858952382863,0.14946207874959552,-0.8012583425989398,234,2.1342561100841695,Swinging Early Contact Hitters
677954-2022-117,677954,Jordan Groshans,2022,Triple-A,International League,Jacksonville Jumbo Shrimp,22,2,0.2941184075796459,-0.14122521294736964,-1.232106954697029,-1.5779383203378419,0.12238651425344965,-1.1423310396868487,0.2670368310730256,235,1.6654723471573212,Swinging Early Contact Hitters
691503-2022-117,691503,Yolbert Sanchez,2022,Triple-A,International League,Charlotte Knights,25,2,0.17987314157892537,-1.6297598959929265,-1.3882651188486672,-1.7161150171614439,0.38029370526561074,-0.09290344118210656,1.949205027040056,236,2.502902995557897,Swinging Early Contact Hitters
592261-2022-117,592261,Delino DeShields,2022,Triple-A,International League,Gwinnett Stripers,29,4,0.25360972100888846,1.1251401144197444,0.6423676352924939,-2.031947467043963,0.40895005982251753,1.8292344229407747,0.06647388204094307,237,2.0263277459053404,"Fast, Aggressive Contact Hitters "
691016-2022-118,691016,Tyler Soderstrom,2022,High-A,Midwest League,Lansing Lugnuts,20,1,0.07313320863824199,-0.1945458583101957,0.5531047622271702,2.093613909546438,-0.16417703131561825,-1.3685926284856165,0.2670368310730256,238,2.2614522323179007,Strikeout-Prone Power Hitters
678413-2022-118,678413,Alexfri Planez,2022,High-A,Midwest League,Lake County Captains,20,1,0.026764181746439367,-1.269845539793851,0.11196805775120902,1.521167594134373,-0.8805858952382863,-0.7032606809531726,0.032459757314121325,239,2.2384082585820364,Strikeout-Prone Power Hitters
682947-2022-118,682947,Jose Ramos,2022,High-A,Midwest League,Great Lakes Loons,21,3,0.07846735852155357,0.22313253036527594,1.5340107021552905,1.5606466503696879,0.2943246415948904,-1.2157185371081194,0.5255100955810418,240,1.9370832508450226,Power Hitters with Moderate Speed
683172-2022-118,683172,Joe Naranjo,2022,High-A,Midwest League,Lake County Captains,21,1,0.24607600084100367,1.2762152762810877,0.35699632453698116,0.613149300722132,-0.47939693144159135,-1.0066591403478302,-0.35346181986394026,241,1.1406282144561717,Strikeout-Prone Power Hitters
676002-2022-118,676002,Juan Carlos Negret,2022,High-A,Midwest League,Quad Cities River Bandits,23,1,0.2157576313147632,-0.7721861830741414,0.26654142290047816,1.402730425428429,-1.9695273684007435,-1.285979991587242,-1.978455707481423,242,2.537264593559666,Strikeout-Prone Power Hitters
677673-2022-118,677673,Imanol Vargas,2022,High-A,Midwest League,Great Lakes Loons,24,3,0.17021851968120283,1.7916481814550747,1.2349894766990552,1.0079398630752803,2.0710186241231097,-1.0385762981765498,-0.317452190621751,243,2.349794225594286,Power Hitters with Moderate Speed
680799-2022-118,680799,Seth Gray,2022,High-A,Midwest League,Cedar Rapids Kernels,24,3,0.3019364411205743,0.29422672418237733,1.4707610110172693,0.09992156966303917,1.0393898600744653,-0.22050277847846383,0.6821711719565688,244,0.9262763977208257,Power Hitters with Moderate Speed
686770-2022-118,686770,Dillan Shrum,2022,High-A,Midwest League,Quad Cities River Bandits,24,1,0.07971702973365866,1.662789955161579,1.6982173251253447,1.659344290957975,0.8961080872899314,-1.2872724984648682,-1.1577405763992141,245,2.690025344770742,Strikeout-Prone Power Hitters
669336-2022-118,669336,Joe Gray Jr.,2022,High-A,Midwest League,Wisconsin Timber Rattlers,22,1,0.3126638067142593,0.9074141458548778,1.6826491057183701,0.23809826648664068,-1.2817748590349813,-0.26402462545980593,-0.8012583425989398,246,1.5679005025958972,Strikeout-Prone Power Hitters
678760-2022-118,678760,Eddys Leonard,2022,High-A,Midwest League,Great Lakes Loons,21,2,0.22818402185499584,-1.678637154242186,-0.3732043778252677,0.4552330757808725,0.15104286881035645,-0.9308836581083263,-0.2816335947938824,247,1.614591082193929,Swinging Early Contact Hitters
685087-2022-118,685087,Jordan Nwogu,2022,High-A,Midwest League,South Bend Cubs,23,1,0.16190165140254079,-0.132338438720231,0.08255894411947821,1.6988233471932899,0.15104286881035645,0.6286487587855659,-0.6110545118922478,248,1.7797196165892333,Strikeout-Prone Power Hitters
686523-2022-118,686523,Peyton Wilson,2022,High-A,Midwest League,Quad Cities River Bandits,22,3,0.16593469587728155,-0.021253760881010563,0.2564120504732099,0.7908050537810484,0.6668572508346771,0.5690647662769047,0.7130718642393058,249,1.1659811938115785,Power Hitters with Moderate Speed
687724-2022-118,687724,Jake Holton,2022,High-A,Midwest League,West Michigan Whitecaps,24,3,0.03749815093873517,0.751895596879968,-0.8194874008061186,0.3960144914279002,-0.16417703131561825,-0.7120156997334319,1.4980335999565255,250,2.0790757471953993,Power Hitters with Moderate Speed
695292-2022-118,695292,L.J. Jones,2022,High-A,Midwest League,Peoria Chiefs,23,2,0.21632054950313515,-1.3898169918602103,-0.466522575163858,0.7908050537810484,-0.19283338587252502,-1.1566806996873722,0.588611391124948,251,1.719339002784098,Swinging Early Contact Hitters
681357-2022-118,681357,Cody Morissette,2022,High-A,Midwest League,Beloit Sky Carp,22,1,0.24089637173838965,0.08983091695820986,0.07227739383925577,0.37627496331024274,-1.0525240225797272,-0.9598547698648345,-0.8399506518043474,252,0.9814561409920309,Strikeout-Prone Power Hitters
682818-2022-118,682818,Yohendrick Piñango,2022,High-A,Midwest League,South Bend Cubs,20,2,0.30164980586988405,-0.4966961820328746,-0.9046069701189503,-0.07773418339587777,-0.794616831567566,-0.43759059101095,0.3651275075977309,253,0.7284235592639681,Swinging Early Contact Hitters
686958-2022-118,686958,Jose Torres,2022,High-A,Midwest League,Dayton Dragons,22,1,0.15527839542312696,-0.2923003748087091,0.5301898807818513,-0.07773418339587777,-0.5940223496692185,0.7020517235040995,-1.0768798556962889,254,1.5006240696529713,Strikeout-Prone Power Hitters
668860-2022-118,668860,Kale Emshoff,2022,High-A,Midwest League,Quad Cities River Bandits,24,1,0.16062684938727667,1.0407157592619398,2.0224620311358965,0.08018204154538174,0.7241699599484906,-1.069441632578637,-2.3562767564189437,255,2.769504745640246,Strikeout-Prone Power Hitters
665820-2022-118,665820,Wander Javier,2022,High-A,Midwest League,Cedar Rapids Kernels,23,1,0.11378831057568195,-0.6122242469856654,1.0729721146547442,0.09992156966303917,-1.0525240225797272,-0.7963517624669741,-0.07062300038336321,256,1.7206476770947778,Strikeout-Prone Power Hitters
687152-2022-118,687152,Darrien Miller,2022,High-A,Midwest League,Wisconsin Timber Rattlers,21,1,0.2675480717586898,0.8274331778106357,-0.2058587805129677,0.31705637895727046,-1.2817748590349813,-0.8008168282906717,-0.6486690352419712,257,1.1629664627469818,Strikeout-Prone Power Hitters
683357-2022-118,683357,Owen Caissie,2022,High-A,Midwest League,South Bend Cubs,19,3,0.33130755203630285,0.32533043397735967,0.8726996448925496,0.0012239290747519788,1.0967025691882788,-0.16761458599127907,0.7130718642393058,258,0.48319290520224256,Power Hitters with Moderate Speed
668698-2022-118,668698,Todd Lott,2022,High-A,Midwest League,Peoria Chiefs,24,3,0.2228470373408652,-0.7810729573012801,0.9128655678120619,0.33679590707492785,1.0107335055175586,-0.6130340862198294,0.23402067981318972,259,1.3063521051925542,Power Hitters with Moderate Speed
676509-2022-118,676509,Josh Crouch,2022,High-A,Midwest League,West Michigan Whitecaps,23,2,0.29648640462394404,-1.056562958342549,-1.414919247636529,0.13940062589835403,0.20835557792417,-1.2870598965758826,-0.24600401618243073,260,1.4764467921775057,Swinging Early Contact Hitters
677577-2022-118,677577,Ynmanol Mariñez,2022,High-A,Midwest League,Beloit Sky Carp,21,2,0.03982454741144061,-0.8032898928691238,0.27739432192969465,-0.5909619144549711,0.5522318326070499,-1.0985801002817195,0.588611391124948,261,1.7024170220024017,Swinging Early Contact Hitters
669442-2022-118,669442,Alerick Soularie,2022,High-A,Midwest League,Cedar Rapids Kernels,22,1,0.059336387035589744,-0.501139569146443,0.6455280049387145,0.13940062589835403,-0.39342786777087096,0.4228706211822204,-0.036086917519480406,262,1.5857596169285604,Strikeout-Prone Power Hitters
678218-2022-118,678218,Brandon Valenzuela,2022,High-A,Midwest League,Fort Wayne TinCaps,21,1,0.181745324246963,0.6363675319271753,-0.04953283744676963,-0.17643182398416496,-1.5969947591609561,-1.293172392954994,-0.6864942853119123,263,1.6936154013186664,Strikeout-Prone Power Hitters
678391-2022-118,678391,Jorbit Vivas,2022,High-A,Midwest League,Great Lakes Loons,21,2,0.3660689914972131,-1.7719482836271312,-2.148818856485945,-0.314608520807767,-0.7659604770106593,-1.20488489197298,-0.036086917519480406,264,1.877914022193081,Swinging Early Contact Hitters
680518-2022-118,680518,Zavier Warren,2022,High-A,Midwest League,Wisconsin Timber Rattlers,23,2,0.04582729015912995,-0.3189606974901231,-0.6502824769518839,0.2578377946042981,-1.6829638228316766,-0.8518855059905642,-0.35346181986394026,265,1.7621902634512423,Swinging Early Contact Hitters
689750-2022-118,689750,Jacob Buchberger,2022,High-A,Midwest League,Peoria Chiefs,24,2,0.24383460292106768,-0.5900073114178197,-0.40799104265142105,-0.43304568951371164,0.007761096025822493,-0.05121344538550387,-0.1753040039111537,266,0.773947497070011,Swinging Early Contact Hitters
678648-2022-118,678648,Herard Gonzalez,2022,High-A,Midwest League,Quad Cities River Bandits,21,3,0.029667571829159627,0.5786034994507809,0.04867453058726694,-0.4922642738666837,-0.16417703131561825,0.0204984191813604,0.5571344600880327,267,1.5329865048003428,Power Hitters with Moderate Speed
702315-2022-118,702315,Bennett Hostetler,2022,High-A,Midwest League,Beloit Sky Carp,24,2,0.30133346748213385,-1.1187703779325118,-0.3154420651840513,-0.4133061613960542,-0.9092422497951932,-1.147150854118146,0.2998923191606899,268,1.143487435733394,Swinging Early Contact Hitters
682621-2022-118,682621,Gabriel Rodriguez,2022,High-A,Midwest League,Lake County Captains,20,2,0.1612990963945741,-0.6966486021434718,-0.5499813960289242,-0.07773418339587777,0.2656682870379836,-0.8545218865142484,1.014541112678406,269,1.3056417559684939,Swinging Early Contact Hitters
672537-2022-118,672537,Dalvy Rosario,2022,High-A,Midwest League,Beloit Sky Carp,21,4,-0.026967454980742645,-1.5497789279486884,0.28615565583550745,-0.37382710516073936,0.17969922336726324,0.8852647007164128,-0.9180068908559016,270,2.114247672688914,"Fast, Aggressive Contact Hitters "
669360-2022-118,669360,Trei Cruz,2022,High-A,Midwest League,West Michigan Whitecaps,23,1,0.0206400874422711,-0.132338438720231,0.07588364209600192,-0.314608520807767,-0.3074588041001522,-0.12490465591625849,-0.4994521448894528,271,1.259735795011605,Strikeout-Prone Power Hitters
693459-2022-118,693459,Kyler Fedko,2022,High-A,Midwest League,Cedar Rapids Kernels,22,1,0.016319064990074753,0.35643414377234006,-0.7287227929919139,-0.07773418339587777,-1.2244621499211679,-0.4451098803041203,-0.426062406244488,272,1.5554650709222517,Strikeout-Prone Power Hitters
678285-2022-118,678285,Fabian Pertuz,2022,High-A,Midwest League,South Bend Cubs,21,1,0.08986237899289777,-0.6033374727585267,0.5525306146725376,-0.2948689926901096,-0.020895258531084298,-0.3045661081239886,-1.0768798556962889,273,1.5475609902491696,Strikeout-Prone Power Hitters
678746-2022-118,678746,Diego Hernandez,2022,High-A,Midwest League,Quad Cities River Bandits,21,4,0.05378535692600526,-1.7763916707406995,-0.637964339857925,-0.17643182398416496,0.7241699599484906,1.4428822177948832,2.274957490107072,274,2.7627512697233425,"Fast, Aggressive Contact Hitters "
686845-2022-118,686845,Tommy Jew,2022,High-A,Midwest League,Peoria Chiefs,24,4,-0.004941459794091017,-0.5900073114178197,1.381461462854253,-0.7686176675138878,-0.9952113134659135,1.3930559534934086,-1.2808769281328816,275,2.6081626072539024,"Fast, Aggressive Contact Hitters "
671976-2022-118,671976,Tristan Peters,2022,High-A,Midwest League,Wisconsin Timber Rattlers,22,3,0.12555312332971585,0.9785083396719751,-1.2075259596056087,0.613149300722132,1.1253589237451858,0.14135524502127714,0.16750004834920967,276,2.020271564517083,Power Hitters with Moderate Speed
690984-2022-118,690984,Petey Halpin,2022,High-A,Midwest League,Lake County Captains,20,4,-0.005377300746585141,0.3964246277944611,-0.344821884625512,-0.4922642738666837,0.5235754780501432,0.24182978241008857,0.49373690998719866,277,1.313765273320115,"Fast, Aggressive Contact Hitters "
681468-2022-118,681468,Corey Rosier,2022,High-A,Midwest League,Fort Wayne TinCaps,22,4,0.18260121228607182,-0.501139569146443,-0.8305033626157974,-0.2948689926901096,0.17969922336726324,1.580963810889217,0.6199422569912528,278,0.963283183202126,"Fast, Aggressive Contact Hitters "
672882-2022-118,672882,Ismael Alcantara,2022,High-A,Midwest League,Great Lakes Loons,23,2,0.1246579727124229,-0.5366866660549936,0.5380743426563831,-1.0054920049257767,-1.8549019501731163,0.06648135248029931,1.3873460475989343,279,2.473919526743285,Swinging Early Contact Hitters
677731-2022-118,677731,Francisco Hernandez,2022,High-A,Midwest League,Peoria Chiefs,22,4,0.017444115770269476,0.671914628835726,0.6820524143047595,-0.689659555043258,-0.2501460949863386,0.46152585905500176,0.9553145094053951,280,1.6535003182890695,"Fast, Aggressive Contact Hitters "
683748-2022-118,683748,Victor Mesa Jr.,2022,High-A,Midwest League,Beloit Sky Carp,20,2,0.2997205332915355,-0.17677230985592032,-0.6967825671213866,-0.9067943643374896,-0.45074057688468455,-0.5478544142763742,0.10031750918619461,281,0.8440246404346,Swinging Early Contact Hitters
696140-2022-118,696140,Ethan Murray,2022,High-A,Midwest League,Wisconsin Timber Rattlers,22,4,-0.03684697176275865,0.03206688448181547,0.5956254390197143,-0.6699200269256006,-0.7373041224537524,0.15298973580808722,0.3651275075977309,282,1.763953793101622,"Fast, Aggressive Contact Hitters "
677605-2022-118,677605,Luis Verdugo,2022,High-A,Midwest League,South Bend Cubs,21,2,0.2318003542062523,0.2142457561381373,-1.0993807885680893,-0.551482858219656,0.12238651425344965,-0.7829180977353084,0.032459757314121325,283,1.3001433653084442,Swinging Early Contact Hitters
673062-2022-118,673062,Jarryd Dale,2022,High-A,Midwest League,Fort Wayne TinCaps,21,4,0.03865876998947717,0.263123014387395,0.2852778343266399,-1.341063982925953,-1.2244621499211679,0.6103035092212684,-0.0017265915630683638,284,1.8982102626867647,"Fast, Aggressive Contact Hitters "
701162-2022-118,701162,Ben Malgeri,2022,High-A,Midwest League,West Michigan Whitecaps,22,3,0.05657230507792661,0.5874902736779215,0.29510662900335055,-1.0054920049257767,0.35163735070870394,-0.0469434932631857,0.3651275075977309,285,1.5392649614366514,Power Hitters with Moderate Speed
686475-2022-118,686475,Tyler Tolbert,2022,High-A,Midwest League,Quad Cities River Bandits,24,4,0.2611239376685486,-0.5900073114178197,0.14285615968937146,-0.6304409706902857,-0.42208422232777776,2.055638900981988,0.5255100955810418,286,1.1400899100182098,"Fast, Aggressive Contact Hitters "
683494-2022-118,683494,Euribiel Angeles,2022,High-A,Midwest League,Lansing Lugnuts,20,2,0.27732721456514897,-2.5406542542745396,-1.36765902267409,-1.4595011516318972,0.38029370526561074,-0.26314137490556494,-0.5364483441874036,287,2.2617060264545965,Swinging Early Contact Hitters
689456-2022-118,689456,Austin Murr,2022,High-A,Midwest League,West Michigan Whitecaps,23,2,0.2642532582025012,0.23646269170598294,-1.8866551528060473,-1.498980207867212,-1.6829638228316766,-0.5773556288334414,0.2670368310730256,288,2.2558077094466578,Swinging Early Contact Hitters
683083-2022-118,683083,Nasim Nuñez,2022,High-A,Midwest League,Beloit Sky Carp,21,4,0.16688100330724712,2.3026376995154876,0.6454167022378811,-1.400282567278925,1.5265478875418808,3.225913080086706,0.9255052359132501,289,3.450289362457787,"Fast, Aggressive Contact Hitters "
649810-2022-126,649810,Dariel Gomez,2022,High-A,Northwest League,Everett AquaSox,25,1,0.115434465565257,1.2228946309182638,1.8617790325480912,1.9949162689581514,-0.5080532859984981,-1.3023093895223767,0.10031750918619461,290,2.519983534928508,Strikeout-Prone Power Hitters
678681-2022-126,678681,Luis Toribio,2022,High-A,Northwest League,Eugene Emeralds,21,1,0.04633703695261799,0.8763104360598973,1.9533352491347349,1.4224699535460859,-0.8519295406813796,-1.3685926284856165,0.8654889342656548,291,2.6866228458832593,Strikeout-Prone Power Hitters
669477-2022-126,669477,Casey Schmitt,2022,High-A,Northwest League,Eugene Emeralds,23,1,0.14896186694415914,-0.14566860006093799,-0.13923798727805212,1.0474189193105952,0.20835557792417,-1.1252656292424654,-0.5364483441874036,292,1.4815063329729354,Strikeout-Prone Power Hitters
685388-2022-126,685388,Colin Simpson,2022,High-A,Northwest League,Spokane Indians,25,1,0.150867725766425,0.0942743040717782,-0.391732002399761,1.6198652347226603,0.8961080872899314,-0.7067905590338764,-1.4063007727946546,293,2.096066023836919,Strikeout-Prone Power Hitters
682622-2022-126,682622,Noelvi Marte,2022,High-A,Northwest League,Everett AquaSox,20,1,0.12234046863699419,-0.10567811603881895,-0.3249140287628012,0.7710655256633909,0.2656682870379836,0.1001764256547681,-0.5364483441874036,294,1.3737641230306081,Strikeout-Prone Power Hitters
691021-2022-126,691021,A.J. Vukovich,2022,High-A,Northwest League,Hillsboro Hops,20,4,0.04022305521882354,-1.611986347538653,0.021672888553785866,0.5736702444868171,0.5235754780501432,1.2345516185937568,0.3975102530239391,295,2.059439694583861,"Fast, Aggressive Contact Hitters "
687346-2022-126,687346,Gabe Matthews,2022,High-A,Northwest League,Tri-City Dust Devils,24,1,0.10979485524914961,1.4983846319595324,0.9751100643616477,0.5341911882515022,-0.13552067675871146,-1.1070711614202586,-0.10533664743557243,296,1.6238495895346923,Strikeout-Prone Power Hitters
682646-2022-126,682646,Jairo Pomares,2022,High-A,Northwest League,Eugene Emeralds,21,3,0.10788352488795128,-0.43004537532934156,1.5705762855301455,0.6921074131927611,1.4405788238711603,-1.3685926284856165,-0.6486690352419712,297,2.1746534976050316,Power Hitters with Moderate Speed
666183-2022-126,666183,Hunter Bishop,2022,High-A,Northwest League,Eugene Emeralds,24,3,0.1329856278505401,-0.12345166449309429,1.5345723184146096,0.4552330757808725,0.4662627689363311,0.49130138527561007,0.2670368310730256,298,1.4757886080828877,Power Hitters with Moderate Speed
676678-2022-126,676678,PK Morris,2022,High-A,Northwest League,Vancouver Canadians,23,1,0.19485541389314417,1.8671857623857424,0.8554239331062641,1.0079398630752803,-0.13552067675871146,-1.1962924543398006,-0.6486690352419712,299,1.7860357924943469,Strikeout-Prone Power Hitters
681466-2022-126,681466,James Parker,2022,High-A,Northwest League,Everett AquaSox,22,1,0.21124603027931801,0.13870817520746756,1.5638605399531786,0.297316850839613,-0.10686432220180467,-0.9293423784701584,-0.9969760890703109,300,1.459879271817125,Strikeout-Prone Power Hitters
679734-2022-126,679734,Julio Carreras,2022,High-A,Northwest League,Spokane Indians,22,3,0.004610628962254377,-1.7586181222864241,0.040994063519965485,0.7118469413104186,1.5838605966556942,0.11997093739030552,-0.5736483803226189,301,2.650633553415785,Power Hitters with Moderate Speed
677599-2022-126,677599,Miguel Hiraldo,2022,High-A,Northwest League,Vancouver Canadians,21,4,0.08731314751116696,-0.7277523119384541,1.0039299831098463,0.06044251342772429,-0.13552067675871146,0.9477614945417143,0.13399233948451192,302,1.6697585326780773,"Fast, Aggressive Contact Hitters "
682641-2022-126,682641,Luis Matos,2022,High-A,Northwest League,Eugene Emeralds,20,2,0.18470821376496815,-2.180739898075462,-1.2003865412156065,-0.2948689926901096,-2.456685395868159,-0.31388454942332183,-1.3642334125424125,303,2.9218159448896532,Swinging Early Contact Hitters
691728-2022-126,691728,Zac Veen,2022,High-A,Northwest League,Spokane Indians,20,4,0.22813284853144533,0.5830468865643512,-0.13175997147175933,0.4354935476632151,0.5808881871639567,2.5806051593072223,0.9255052359132501,304,1.8438850604433095,"Fast, Aggressive Contact Hitters "
669208-2022-126,669208,Ryan Bliss,2022,High-A,Northwest League,Hillsboro Hops,22,4,0.058102004456354474,-0.11012150315238729,0.1759511086896646,-0.37382710516073936,-1.2531185044780746,1.285845242973535,-0.4994521448894528,305,1.7561956204426736,"Fast, Aggressive Contact Hitters "
700032-2022-126,700032,Victor Labrada,2022,High-A,Northwest League,Everett AquaSox,22,4,0.026342084437533397,0.3120002726366527,0.9224972035345788,-0.11721323963119265,0.32298099615179715,0.9040438428902801,0.032459757314121325,306,1.3944287975751617,"Fast, Aggressive Contact Hitters "
679754-2022-126,679754,Alberto Rodriguez,2022,High-A,Northwest League,Everett AquaSox,21,3,0.2225932523965937,-0.05680085778956125,0.47149028654138986,-0.23565040833713727,1.0393898600744653,-0.78236761934593535,0.032459757314121325,307,1.0402871155504192,Power Hitters with Moderate Speed
673990-2022-126,673990,Andy Thomas,2022,High-A,Northwest League,Eugene Emeralds,24,3,0.027443846785037296,1.1784607597825763,0.24394846688325422,-0.11721323963119265,-0.10686432220180467,-1.2837320259410747,0.46181349600707255,308,1.7461092526862783,Power Hitters with Moderate Speed
681134-2022-126,681134,Caleb Roberts,2022,High-A,Northwest League,Hillsboro Hops,22,3,0.128034611290653,0.8007728551292217,0.65575205561276,-0.018515599042905458,0.2370119324810768,0.0730454413449101,0.4297384262845607,309,0.9946380161666397,Power Hitters with Moderate Speed
677347-2022-126,677347,Kyren Paris,2022,High-A,Northwest League,Tri-City Dust Devils,20,4,0.002026781144500099,0.10760446541248521,1.0706526458712897,0.21835873836898378,0.5235754780501432,1.0786429606133783,-0.5736483803226189,310,1.822777845765794,"Fast, Aggressive Contact Hitters "
675440-2022-126,675440,Mike Peabody,2022,High-A,Northwest League,Tri-City Dust Devils,23,3,0.0224874688961066,0.009849948913969814,0.9649538783343421,-0.4133061613960542,-0.9665549589090068,0.14071410006905644,1.4980335999565255,311,2.3465739199876823,Power Hitters with Moderate Speed
678837-2022-126,678837,Bladimir Restituyo,2022,High-A,Northwest League,Spokane Indians,20,2,0.10662642831293678,-3.1893887728555885,-0.44805655289557866,-0.43304568951371164,0.7241699599484906,0.9056722943685839,0.8049343626390119,312,2.9616705964346792,Swinging Early Contact Hitters
669671-2022-126,669671,Justin Lavey,2022,High-A,Northwest League,Everett AquaSox,24,3,0.1240818634757832,0.46307543449799216,1.3892266409553855,-0.4133061613960542,0.6668572508346771,0.6811759932966954,1.1024181381575964,313,1.5762583410679825,Power Hitters with Moderate Speed
677647-2022-126,677647,Eddy Diaz,2022,High-A,Northwest League,Spokane Indians,22,4,0.12041467731246164,-1.9452403810563164,-0.5105362198874905,-0.7686176675138878,0.2943246415948904,2.0543848394818984,0.4297384262845607,314,2.070588602048098,"Fast, Aggressive Contact Hitters "
691011-2022-126,691011,Drew Romo,2022,High-A,Northwest League,Spokane Indians,20,2,0.2835400002859095,-1.4475810243366047,-0.657815491559343,-0.5909619144549711,-0.16417703131561825,0.15298973580808722,-0.5364483441874036,315,1.073309356764548,Swinging Early Contact Hitters
668577-2022-126,668577,Osmy Gregorio,2022,High-A,Northwest League,Tri-City Dust Devils,24,4,-4.323481850268502e-4,-0.6655448923484893,0.3952576986297019,-1.3213244548082954,0.9820771509606517,0.4994059207142423,2.927361542663012,316,3.064707692276037,"Fast, Aggressive Contact Hitters "
677610-2022-126,677610,D'Shawn Knowles,2022,High-A,Northwest League,Tri-City Dust Devils,21,3,0.028110194196204294,0.19647220768386195,0.7145728820024808,-1.8740312421027032,0.6668572508346771,0.05110708331178387,2.0257856908778784,317,2.656302845100796,Power Hitters with Moderate Speed
641829-2022-112,641829,Jason Martin,2022,Triple-A,Pacific Coast League,Oklahoma City Dodgers,26,3,0.12459983816815219,0.5874902736779215,0.24730944741488198,2.587102112487874,0.5808881871639567,-0.6320983127901485,1.1603737685001374,318,2.4210822043914946,Power Hitters with Moderate Speed
667452-2022-112,667452,Corey Julks,2022,Triple-A,Pacific Coast League,Sugar Land Space Cowboys,26,1,0.2478948648761456,0.2275759174788443,-0.2635215235840922,1.6790838190756325,-0.3074588041001522,0.026882599993112877,-0.4994521448894528,319,1.4041321834280158,Strikeout-Prone Power Hitters
542208-2022-112,542208,Carlos Pérez,2022,Triple-A,Pacific Coast League,Albuquerque Isotopes,31,1,0.2815350449884362,0.9696215654448385,-0.6788666703112515,2.4094463594289572,-1.5396820500471426,-1.3685926284856165,-1.5340987107905482,320,2.674370383899144,Strikeout-Prone Power Hitters
656448-2022-112,656448,Stone Garrett,2022,Triple-A,Pacific Coast League,Reno Aces,26,1,0.22529457077327472,-0.27897021346800405,0.09141509765630661,2.8634555061350784,-0.2788024495432454,-0.18636347327137615,-1.0768798556962889,321,2.433112596462012,Strikeout-Prone Power Hitters
686676-2022-112,686676,Korey Lee,2022,Triple-A,Pacific Coast League,Sugar Land Space Cowboys,23,1,0.2575816611534404,0.03206688448181547,0.8461738329362002,1.9159581564875219,-0.8805858952382863,-0.47257236943190256,-0.24600401618243073,322,1.6020656005902112,Strikeout-Prone Power Hitters
676116-2022-112,676116,Ryan Noda,2022,Triple-A,Pacific Coast League,Oklahoma City Dodgers,26,3,0.022687617668295582,1.6539031809344422,0.8048754667329632,1.3435118410754567,0.7814826690623042,-0.09116139926247678,-0.2105614703409355,323,1.8636245177187731,Power Hitters with Moderate Speed
656449-2022-112,656449,Jake Gatewood,2022,Triple-A,Pacific Coast League,Salt Lake Bees,26,1,0.32674727148273847,0.48973575717940615,1.53927204924259,1.5803861784873454,-1.5396820500471426,-1.0063788913177436,-0.9180068908559016,324,1.9029197887734268,Strikeout-Prone Power Hitters
666703-2022-112,666703,Eguy Rosario,2022,Triple-A,Pacific Coast League,El Paso Chihuahuas,22,1,0.16033320698250753,-0.061244244903129595,-0.651182797846655,1.4224699535460859,0.38029370526561074,0.19509065640024031,-0.8012583425989398,325,1.8052134189908966,Strikeout-Prone Power Hitters
592144-2022-112,592144,Wynton Bernard,2022,Triple-A,Pacific Coast League,Albuquerque Isotopes,31,3,0.03546809645034483,-0.9188179578219126,-1.5056570198408525,2.1330929657817532,1.1826716328589992,0.8486227149902328,1.7406389617940385,326,3.46775252168215,Power Hitters with Moderate Speed
683737-2022-112,683737,Michael Busch,2022,Triple-A,Pacific Coast League,Oklahoma City Dodgers,24,3,0.01104824758717558,0.3386605953180647,0.4397571367715418,1.3040327848401418,0.4376064143794243,-1.0607297908353415,0.032459757314121325,327,1.4757515356721524,Power Hitters with Moderate Speed
669200-2022-112,669200,Mason McCoy,2022,Triple-A,Pacific Coast League,Tacoma Rainiers,27,1,0.16069071342611904,0.38309446645375406,0.41567708510712487,1.363251369193114,-0.020895258531084298,0.14413126331780718,-0.24600401618243073,328,1.2017979713230547,Strikeout-Prone Power Hitters
663796-2022-112,663796,Coco Montes,2022,Triple-A,Pacific Coast League,Albuquerque Isotopes,25,1,0.058498419128311586,0.3475473695452014,0.661777269801624,1.5409071222520305,1.1253589237451858,-0.4701610923446579,-1.0768798556962889,329,1.9632227458053624,Strikeout-Prone Power Hitters
656403-2022-112,656403,Drew Ellis,2022,Triple-A,Pacific Coast League,Tacoma Rainiers,26,1,0.3308916742041608,2.138232376313441,0.27739432192969465,1.6001257066050028,-1.2244621499211679,-0.7745508163206266,-1.7083481101487537,330,2.2568919653723905,Strikeout-Prone Power Hitters
605504-2022-112,605504,Dillon Thomas,2022,Triple-A,Pacific Coast League,Salt Lake Bees,29,3,0.24725834091333695,0.8141030164699288,0.4104526287269153,0.9487212787223079,0.9247644418468381,-0.7410814738446616,0.6821711719565688,331,0.9002780363890183,Power Hitters with Moderate Speed
621573-2022-112,621573,Austin Dean,2022,Triple-A,Pacific Coast League,Sacramento River Cats,28,1,0.09225825752030327,-0.7499692475062978,-0.30177385594450995,1.0079398630752803,0.036417450582729285,-0.5256696349717582,-0.9573760372608738,332,1.6163200167696326,Strikeout-Prone Power Hitters
546994-2022-112,546994,C.J. Hinojosa,2022,Triple-A,Pacific Coast League,El Paso Chihuahuas,27,2,0.20495965532022728,-1.1009968294782364,-1.102220347535709,0.8500236381340207,0.2943246415948904,-0.773417079987053,-0.24600401618243073,333,1.6515696720424091,Swinging Early Contact Hitters
694175-2022-112,694175,Pedro León,2022,Triple-A,Pacific Coast League,Sugar Land Space Cowboys,24,1,0.050524069832971766,1.3961867283474467,0.8943730183287123,1.08689797554591,-0.16417703131561825,1.9172069839346142,-0.4626575607572777,334,2.580487026798816,Strikeout-Prone Power Hitters
678246-2022-112,678246,Miguel Vargas,2022,Triple-A,Pacific Coast League,Oklahoma City Dodgers,22,1,0.09655574773026787,0.18314204634315492,-1.422169666045576,1.1855956161341972,0.5522318326070499,-0.13391433175926065,-1.2808769281328816,335,2.2934730687046874,Strikeout-Prone Power Hitters
625510-2022-112,625510,Erick Mejia,2022,Triple-A,Pacific Coast League,Tacoma Rainiers,27,2,0.06082863972261246,0.15203833654817456,-0.5786098619620232,0.4749726038985299,-0.2501460949863386,0.1501392031803227,0.46181349600707255,336,1.5369282282707404,Swinging Early Contact Hitters
670128-2022-112,670128,Taylor Kohlwey,2022,Triple-A,Pacific Coast League,El Paso Chihuahuas,27,2,0.15405586150641354,-0.19010247119662735,-1.2769737773637337,-0.038255127160562896,0.8387953781761178,-0.7374833572557062,-0.0017265915630683638,337,1.5854973140197655,Swinging Early Contact Hitters
671218-2022-112,671218,Heliot Ramos,2022,Triple-A,Pacific Coast League,Sacramento River Cats,22,2,0.15202889485109303,0.03651027159538382,0.04482240778571015,-0.5120038019843411,-0.8232731861244728,-0.5905168726290754,0.7438317783925644,338,1.4795844322509897,Swinging Early Contact Hitters
682073-2022-112,682073,David Hensley,2022,Triple-A,Pacific Coast League,Sugar Land Space Cowboys,26,3,0.2010614778688182,1.1162533401926076,-0.1811406620546933,0.613149300722132,2.042362269566203,0.39528855907816385,2.5152600587849494,339,2.5483640622350316,Power Hitters with Moderate Speed
621008-2022-112,621008,Alex De Goti,2022,Triple-A,Pacific Coast League,Sugar Land Space Cowboys,27,2,0.1469895732252926,0.3519907566587717,-0.8642667047190765,-0.4922642738666837,-0.3074588041001522,-0.83273318733982,-0.14022969397706628,340,1.3434499553683767,Swinging Early Contact Hitters
664954-2022-112,664954,Brett Sullivan,2022,Triple-A,Pacific Coast League,El Paso Chihuahuas,28,2,0.2659803381330984,-1.5542223150622567,-1.8157529053661652,0.21835873836898378,-0.2788024495432454,-1.1722462158464448,-0.9573760372608738,341,1.9717783952953962,Swinging Early Contact Hitters
682183-2022-112,682183,Drew Avans,2022,Triple-A,Pacific Coast League,Oklahoma City Dodgers,26,3,0.03742242035861642,0.9829517267855455,0.3748120108348024,-0.07773418339587777,2.15698768779383,1.4119281187848103,0.3651275075977309,342,2.2376615603481587,Power Hitters with Moderate Speed
670148-2022-112,670148,Nate Mondou,2022,Triple-A,Pacific Coast League,Las Vegas Aviators,27,3,0.0014998821258790044,0.3608775308859084,-0.7887761085373461,0.0012239290747519788,0.810139023619211,-1.229986835028331,-0.35346181986394026,343,1.9485387763188358,Power Hitters with Moderate Speed
676900-2022-112,676900,Ryan Dorow,2022,Triple-A,Pacific Coast League,Round Rock Express,26,2,0.05991286833954678,-0.16344214851521333,-0.07000083284512476,-0.6304409706902857,-0.2501460949863386,-1.0029817330925412,-0.6110545118922478,344,1.4632407883741059,Swinging Early Contact Hitters
657088-2022-112,657088,Forrest Wall,2022,Triple-A,Pacific Coast League,Tacoma Rainiers,26,4,0.22331203714993964,1.4184036639152906,0.5665183408215149,-0.9462734205728045,1.068046214631372,2.636743926062767,0.3651275075977309,345,2.2070530070208334,"Fast, Aggressive Contact Hitters "
666150-2022-112,666150,Dominic Fletcher,2022,Triple-A,Pacific Coast League,Reno Aces,24,3,0.13436150812353684,-0.17232892274235198,-0.6065247529019546,0.08018204154538174,1.641173305769508,-0.6137730006313115,0.23402067981318972,346,1.5776002307626655,Power Hitters with Moderate Speed
668723-2022-112,668723,Ryan Vilade,2022,Triple-A,Pacific Coast League,Albuquerque Isotopes,23,2,0.3460004165263815,-1.1009968294782364,-1.187948961415048,-0.8870548362198322,-0.5940223496692185,-0.2292420953893304,0.8049343626390119,347,0.9060667656085144,Swinging Early Contact Hitters
642221-2022-112,642221,Kean Wong,2022,Triple-A,Pacific Coast League,Salt Lake Bees,27,4,0.20883949049571168,0.28533994995523865,-0.19331415720472134,-1.538459264102527,0.810139023619211,1.1233932342312543,1.3313142780696945,348,1.520858068642101,"Fast, Aggressive Contact Hitters "
681715-2022-116,681715,Heriberto Hernández,2022,High-A,South Atlantic League,Bowling Green Hot Rods,22,3,0.036721292226008104,1.22733801803183,1.3209862443706506,1.876479100252207,0.9820771509606517,-0.8675978834321627,-0.2816335947938824,349,2.1919068661528662,Power Hitters with Moderate Speed
671113-2022-116,671113,Zach Daniels,2022,High-A,South Atlantic League,Asheville Tourists,23,3,0.2701861375764155,0.5697167252236442,1.2307635492728881,1.8172605158992345,1.6984860148833214,0.6109879030395564,1.845727300815821,350,2.369059033812976,Power Hitters with Moderate Speed
676205-2022-116,676205,Tyler Hardman,2022,High-A,South Atlantic League,Hudson Valley Renegades,23,3,0.015470418175983729,0.48084898295226747,1.1652682919507469,1.363251369193114,0.6095445417208635,-0.13739647320325812,-0.2105614703409355,351,1.507496957465107,Power Hitters with Moderate Speed
683593-2022-116,683593,Dariel Lopez,2022,High-A,South Atlantic League,Greensboro Grasshoppers,20,3,0.13352086386229023,-1.3453831207245228,0.35532847305378085,0.8105445818987058,1.0393898600744653,-0.6347646020400386,1.7933875853900716,352,2.1898692177411156,Power Hitters with Moderate Speed
682868-2022-116,682868,Bryan Ramos,2022,High-A,South Atlantic League,Winston-Salem Dash,20,2,0.08095921110459714,-0.6299977954399407,-1.1305500133316602,0.9487212787223079,-0.5940223496692185,-1.296651991757205,-0.4626575607572777,353,1.8853478862641004,Swinging Early Contact Hitters
686677-2022-116,686677,Landon Stephens,2022,High-A,South Atlantic League,Rome Braves,24,1,0.3670225253338387,0.5252828540879548,0.6531482648493974,1.6396047628403176,-1.2531185044780746,-1.0519782116584087,-1.0368097708553274,354,1.4640102086399933,Strikeout-Prone Power Hitters
683090-2022-116,683090,Matthew Lugo,2022,High-A,South Atlantic League,Greenville Drive,21,2,0.14383312014141908,-1.6519768315607721,-0.6176306948859861,1.264553728604827,0.5235754780501432,0.23409836980330564,-0.10533664743557243,355,2.2269057782171755,Swinging Early Contact Hitters
676288-2022-116,676288,Baron Radcliff,2022,High-A,South Atlantic League,Jersey Shore BlueClaws,23,3,0.2108542328566731,2.098241892291324,2.7242974491344696,1.0671584474282525,2.214300396907644,-0.7630153058534856,0.8049343626390119,356,3.146425575335712,Power Hitters with Moderate Speed
682848-2022-116,682848,Endy Rodríguez,2022,High-A,South Atlantic League,Greensboro Grasshoppers,22,1,0.09089849623987278,-0.08790456758454361,-0.40821557512139034,1.8567395721345494,1.1253589237451858,-0.8669262797626954,-1.239581450907824,357,2.414927863014733,Strikeout-Prone Power Hitters
695257-2022-116,695257,Billy Cook,2022,High-A,South Atlantic League,Aberdeen IronBirds,23,1,0.27059806313547125,-0.007923599540305533,1.391567340574386,1.0474189193105952,-0.39342786777087096,0.635200139078817,-1.1985370115693785,358,1.583507678169088,Strikeout-Prone Power Hitters
678900-2022-116,678900,Alexander Ovalles,2022,High-A,South Atlantic League,Bowling Green Hot Rods,21,3,0.13772244655527488,1.2717718891675174,-0.43417836224674716,1.225074672369512,0.12238651425344965,-0.2041706219426682,1.3873460475989343,359,1.9905102439608404,Power Hitters with Moderate Speed
695336-2022-116,695336,Thomas Saggese,2022,High-A,South Atlantic League,Hickory Crawdads,20,3,0.1901711022033021,-0.2656400521272971,-0.1425014923009146,0.613149300722132,1.7271423694402284,-0.3436000629344321,-0.38966453115080063,360,1.6240492436208338,Power Hitters with Moderate Speed
700242-2022-116,700242,Trey Sweeney,2022,High-A,South Atlantic League,Hudson Valley Renegades,22,1,0.1754831919898248,0.12537801386676056,0.04512332567559401,0.5144516601338448,-0.42208422232777776,0.6738981094028734,-0.5364483441874036,361,1.1889285468209203,Strikeout-Prone Power Hitters
683227-2022-116,683227,Cody Freeman,2022,High-A,South Atlantic League,Hickory Crawdads,21,2,0.21752492125502496,0.0809441427310712,-1.1865522324424802,-0.314608520807767,-1.74027653194549,-0.452320442865122,0.6511284070260079,362,1.773283882766082,Swinging Early Contact Hitters
669386-2022-116,669386,Trevor Hauver,2022,High-A,South Atlantic League,Hickory Crawdads,23,1,0.1756484046845917,2.5159202809667955,0.2887913774561974,0.9487212787223079,-1.482369340933329,-1.109066147182463,0.3975102530239391,363,2.6809498898887534,Strikeout-Prone Power Hitters
670868-2022-116,670868,Abrahan Gutierrez,2022,High-A,South Atlantic League,Greensboro Grasshoppers,22,3,0.13782152144763865,0.5519431767693689,0.34233944786643317,0.1196610977806966,0.5522318326070499,-0.9471503744957043,0.16750004834920967,364,0.9488841171239021,Power Hitters with Moderate Speed
672635-2022-116,672635,Luis Mieses,2022,High-A,South Atlantic League,Winston-Salem Dash,22,2,0.30473178691841096,-1.6475334444472018,-1.2013673149757824,0.37627496331024274,0.036417450582729285,-1.3685926284856165,-0.036086917519480406,365,1.6677984209184842,Swinging Early Contact Hitters
685121-2022-116,685121,Beau Philip,2022,High-A,South Atlantic League,Rome Braves,23,3,0.09119077781139753,0.1431515623210359,0.9608369055624127,-0.551482858219656,-0.336115158657059,-0.276621044574985,0.7438317783925644,366,1.6269470240744122,Power Hitters with Moderate Speed
677060-2022-116,677060,Chad Stevens,2022,High-A,South Atlantic League,Asheville Tourists,23,1,0.06330634280027245,0.17869865922958658,0.7902618206223255,0.3960144914279002,0.2656682870379836,0.07429405799747156,-0.35346181986394026,367,1.1712966313838198,Strikeout-Prone Power Hitters
694497-2022-116,694497,Evan Carter,2022,High-A,South Atlantic League,Hickory Crawdads,19,4,0.015521637745594069,0.5697167252236442,-1.0681466429475703,0.8105445818987058,0.4949191234932379,1.1759029291199394,-0.7627865035882845,368,2.14762512823549,"Fast, Aggressive Contact Hitters "
695587-2022-116,695587,Bryson Horne,2022,High-A,South Atlantic League,Rome Braves,23,3,0.0901383319527498,-0.17232892274235198,0.5448801796013475,-0.057994655278220335,0.06507380513963607,-0.9933022730091436,0.46181349600707255,369,1.321013577376745,Power Hitters with Moderate Speed
670919-2022-116,670919,Luis Santana,2022,High-A,South Atlantic League,Asheville Tourists,22,2,0.03213688644640412,-0.7632994088470048,-0.9624671732262265,0.5341911882515022,0.8961080872899314,-0.2091188571283516,1.3873460475989343,370,2.0579550271575076,Swinging Early Contact Hitters
694377-2022-116,694377,Nick Yorke,2022,High-A,South Atlantic League,Greenville Drive,20,1,0.14441771527784916,1.1917909211232793,0.31030217394589743,-0.27512946457245213,-0.6799914133399388,-0.3810826147498071,0.16750004834920967,371,1.520334858851385,Strikeout-Prone Power Hitters
701648-2022-116,701648,Aaron Zavala,2022,High-A,South Atlantic League,Hickory Crawdads,22,1,0.031612202209375724,1.2584417278268105,-0.3663417663552597,0.31705637895727046,0.9247644418468381,-0.1454455769238579,-0.7627865035882845,372,1.8767378371082302,Strikeout-Prone Power Hitters
671276-2022-116,671276,Yasel Antuna,2022,High-A,South Atlantic League,Wilmington Blue Rocks,22,1,0.113890786475568,1.9205064077485705,-0.3437314728725128,-0.23565040833713727,-0.8232731861244728,0.9479245040845504,-0.9573760372608738,373,2.2520188638207994,Strikeout-Prone Power Hitters
682685-2022-116,682685,Cristian Gonzalez,2022,High-A,South Atlantic League,Asheville Tourists,20,2,0.1442164626405502,-1.5764392506301024,0.8566464676441126,-0.5120038019843411,-0.2788024495432454,-1.1590537515604535,0.6821711719565688,374,2.087077970566528,Swinging Early Contact Hitters
687431-2022-116,687431,Hudson Head,2022,High-A,South Atlantic League,Greensboro Grasshoppers,21,3,0.24867374795635325,1.2362247922589666,1.680209042163251,0.09992156966303917,1.211327987415906,0.15298973580808722,0.46181349600707255,375,1.5065986232637445,Power Hitters with Moderate Speed
665827-2022-116,665827,Harvin Mendoza,2022,High-A,South Atlantic League,Winston-Salem Dash,23,2,0.05176483952478266,0.26756640150096334,-0.500996772834047,-0.6304409706902857,-3.0011561324493874,-1.3685926284856165,0.2670368310730256,376,3.058141881052599,Swinging Early Contact Hitters
677068-2022-116,677068,Tyler Osik,2022,High-A,South Atlantic League,Winston-Salem Dash,25,3,0.2521939864579061,0.32533043397735967,-0.30385550992195304,0.09992156966303917,1.9563932058954825,-0.9372406315685593,2.201166706676946,377,2.180341741209293,Power Hitters with Moderate Speed
688403-2022-116,688403,Michael Sandle,2022,High-A,South Atlantic League,Asheville Tourists,23,2,0.15962350524135172,-0.8654973124590886,-0.31603556926325405,-0.27512946457245213,0.5808881871639567,0.14165134186667006,-0.2816335947938824,378,1.2876643126394067,Swinging Early Contact Hitters
669451-2022-116,669451,Chris Seise,2022,High-A,South Atlantic League,Hickory Crawdads,23,3,0.27361988135674714,0.3875378535673224,1.4584582616452326,-0.17643182398416496,1.1540152783020925,-0.1856599631439515,2.274957490107072,379,1.9541640303418641,Power Hitters with Moderate Speed
675961-2022-116,675961,Alika Williams,2022,High-A,South Atlantic League,Bowling Green Hot Rods,23,1,0.1859468259549802,1.320649147416779,-0.8854652487902274,-0.23565040833713727,-0.6513350587830321,-0.6385820023988465,-1.1985370115693785,380,1.8217994644161952,Strikeout-Prone Power Hitters
669363-2022-116,669363,Jacob Gonzalez,2022,High-A,South Atlantic League,Greensboro Grasshoppers,24,2,0.38353722974043597,-1.1543174748410625,-1.6641689470262668,-0.43304568951371164,-0.19283338587252502,-1.1187681774972102,-0.036086917519480406,381,1.2081920341750392,Swinging Early Contact Hitters
665850-2022-116,665850,Cristian Inoa,2022,High-A,South Atlantic League,Hickory Crawdads,22,2,0.11448451907366478,-1.1676476361817694,-0.7329866960054363,-0.07773418339587777,0.38029370526561074,-0.8393586785983381,-1.6206613000343013,382,2.0635867152336456,Swinging Early Contact Hitters
694812-2022-116,694812,Tyler McDonough,2022,High-A,South Atlantic League,Greenville Drive,23,3,0.22447330168445626,0.6274807577000386,1.3141295721345396,-0.4133061613960542,0.6382008962777702,0.16160591273603744,1.1603737685001374,383,1.3205030051310604,Power Hitters with Moderate Speed
681941-2022-116,681941,Jaylen Palmer,2022,High-A,South Atlantic League,Brooklyn Cyclones,21,3,0.11043035007792318,1.2228946309182638,2.5673560170943315,-0.15669229586650751,-0.10686432220180467,0.6337799839223274,1.014541112678406,384,2.6528171919163954,Power Hitters with Moderate Speed
688682-2022-116,688682,Cooper Bowman,2022,High-A,South Atlantic League,Hudson Valley Renegades,22,4,0.13024504243916998,2.3426281835376126,0.5471663835130709,-0.21591088021947982,-0.7373041224537524,1.9600158474751248,0.8955637700886011,385,2.7940390428313804,"Fast, Aggressive Contact Hitters "
682182-2022-116,682182,J.C. Correa,2022,High-A,South Atlantic League,Asheville Tourists,23,2,0.3489714306954945,-1.4609111856773116,-2.5135256926630056,-0.23565040833713727,0.15104286881035645,-1.1627420316419024,0.5571344600880327,386,2.0893815753903513,Swinging Early Contact Hitters
665989-2022-116,665989,Shervyen Newton,2022,High-A,South Atlantic League,Brooklyn Cyclones,23,3,0.09662597920935653,0.08983091695820986,1.9876159715971478,-0.33434804892542447,-0.2501460949863386,-1.2040209949053104,0.8049343626390119,387,2.18663638007987,Power Hitters with Moderate Speed
672692-2022-116,672692,Jose Peroza,2022,High-A,South Atlantic League,Brooklyn Cyclones,22,3,-0.018528300531480284,-1.083223281023961,0.1080276209574152,-0.39356663327839675,1.1253589237451858,-1.0307101013676498,0.23402067981318972,388,1.8922420470546726,Power Hitters with Moderate Speed
688449-2022-116,688449,TT Bowens,2022,High-A,South Atlantic League,Aberdeen IronBirds,24,3,0.3470606385690875,0.9918385010126822,0.9373206016094596,-0.07773418339587777,1.3832661147573468,-1.0824782162335485,1.923483893157969,389,1.7739612712453288,Power Hitters with Moderate Speed
686601-2022-116,686601,Drew Campbell,2022,High-A,South Atlantic League,Rome Braves,24,4,0.01194889340851351,-0.20343263253733238,-0.3269255787358912,-0.8278362518668598,0.6955136053915838,0.24992515135200624,1.2463849887118086,390,1.5906409239412127,"Fast, Aggressive Contact Hitters "
668752-2022-116,668752,Duke Ellis,2022,High-A,South Atlantic League,Winston-Salem Dash,24,4,0.21099245535389327,0.16092511077531124,0.27739432192969465,-0.5909619144549711,1.497891532984974,2.5602452746654714,1.4151885178936585,391,2.0877030058559356,"Fast, Aggressive Contact Hitters "
666141-2022-116,666141,Drew Mendoza,2022,High-A,South Atlantic League,Wilmington Blue Rocks,24,1,0.12978040381523706,0.0942743040717782,1.1541535220756673,-0.7883571956315449,-0.5653659951123117,-1.130830977289061,-0.317452190621751,392,1.889650675423116,Strikeout-Prone Power Hitters
681159-2022-116,681159,Ethan Wilson,2022,High-A,South Atlantic League,Jersey Shore BlueClaws,22,4,0.05573176921420998,1.174017372669006,-0.49088666568002254,-0.8278362518668598,-0.6799914133399388,0.7376085548339719,-0.35346181986394026,393,1.8099050097947074,"Fast, Aggressive Contact Hitters "
681286-2022-116,681286,JT Schwartz,2022,High-A,South Atlantic League,Brooklyn Cyclones,22,3,0.008907231945341551,0.8540935004920498,-0.6128534812954471,-0.39356663327839675,0.6955136053915838,-0.960033263119408,-0.4626575607572777,394,1.9528318809302672,Power Hitters with Moderate Speed
678362-2022-116,678362,Gilberto Jimenez,2022,High-A,South Atlantic League,Greenville Drive,21,4,0.019102126696655248,-1.9496837681698846,0.18736036983646498,-1.0054920049257767,1.1253589237451858,0.7677827302856984,2.051120765552438,395,2.8679746734548273,"Fast, Aggressive Contact Hitters "
676045-2022-116,676045,Casey Martin,2022,High-A,South Atlantic League,Jersey Shore BlueClaws,23,2,0.03192686106792071,-1.2654021526802828,0.021079567362658536,-0.9265338924551471,-2.428029041311252,-0.023233530921882222,-1.8872139205947809,396,3.0909851418209775,Swinging Early Contact Hitters
672750-2022-116,672750,Ricardo Méndez,2022,High-A,South Atlantic League,Wilmington Blue Rocks,22,2,0.16964156241704426,-1.3631566691787962,-0.5226280394697964,-1.104189645514064,-0.9952113134659135,0.49130138527561007,1.3873460475989343,397,1.8207302046555094,Swinging Early Contact Hitters
672566-2022-116,672566,José Sánchez,2022,High-A,South Atlantic League,Wilmington Blue Rocks,21,2,0.3193707459811976,-0.4700358593514606,-0.7726476699855412,-1.2423663423376659,-0.9378986043520999,-1.0255060858857215,0.032459757314121325,398,1.2354670611627983,Swinging Early Contact Hitters
677601-2022-116,677601,Keyber Rodriguez,2022,High-A,South Atlantic League,Hickory Crawdads,21,2,0.2636164620390972,-1.3053926367024018,-0.23901400954786894,-1.4792406797495548,0.06507380513963607,-0.47323202596725317,0.8352795349709173,399,1.4904654248369287,Swinging Early Contact Hitters
689822-2022-116,689822,Matt Rudick,2022,High-A,South Atlantic League,Brooklyn Cyclones,23,2,0.08625092980433258,0.46307543449799216,-1.2206022713980331,-0.6107014425726283,-0.7086477678968457,0.45181147852377185,-0.7627865035882845,400,1.864025628397704,Swinging Early Contact Hitters
702250-2022-116,702250,Jared Carr,2022,High-A,South Atlantic League,Jersey Shore BlueClaws,23,4,0.07522480647913077,0.5519431767693689,0.6941255466904349,-1.7950731296320737,-0.020895258531084298,0.38587739274726635,1.4151885178936585,401,2.1622429793383824,"Fast, Aggressive Contact Hitters "
672479-2022-116,672479,Aldenis Sanchez,2022,High-A,South Atlantic League,Hudson Valley Renegades,23,4,0.0987030615200971,-0.51446973048715,0.9198680057832173,-1.9135102983380181,1.9277368513385758,1.9687119538451578,2.9495349270533398,402,3.6228167897472083,"Fast, Aggressive Contact Hitters "
656666-2022-111,656666,Drew Lugbauer,2022,Double-A,Southern League,Mississippi Braves,25,1,0.13639272264440327,1.0096120494669596,2.4374341051121458,1.6198652347226603,0.007761096025822493,-1.3685926284856165,-0.8788659726686607,403,2.60110977762406,Strikeout-Prone Power Hitters
665052-2022-111,665052,Griffin Conine,2022,Double-A,Southern League,Pensacola Blue Wahoos,24,3,0.09660626278814656,0.5697167252236442,2.2241768469850003,1.4224699535460859,-0.10686432220180467,-1.2430944623784876,1.1891660913590978,404,2.5081317583662432,Power Hitters with Moderate Speed
666632-2022-111,666632,Yonathan Perlaza,2022,Double-A,Southern League,Tennessee Smokies,23,1,0.2112169931777535,0.2186891432517076,-0.014324461299861403,1.7383024034286048,-0.2788024495432454,-0.19372491583434037,-0.24600401618243073,405,1.4031055911424721,Strikeout-Prone Power Hitters
670286-2022-111,670286,Craig Dedelow,2022,Double-A,Southern League,Birmingham Barons,27,1,0.1015892280524595,1.3517528572117594,2.491748292899702,1.7185628753109474,1.0107335055175586,-0.4110447535266254,-1.8420512807757483,406,3.1250642484667903,Strikeout-Prone Power Hitters
668664-2022-111,668664,Chase Strumpf,2022,Double-A,Southern League,Tennessee Smokies,24,1,0.08180689693238467,0.9163009200820145,1.641241966601208,1.5409071222520305,0.6955136053915838,-1.1129661792941818,-0.8788659726686607,407,2.1735514222298327,Strikeout-Prone Power Hitters
687478-2022-111,687478,Cam Devanney,2022,Double-A,Southern League,Biloxi Shuckers,25,1,0.137177370158174,-0.6477713438942141,-0.3911584450661452,1.5014280660167156,-0.6513350587830321,-0.829723892128052,-0.6864942853119123,408,1.7335774241666047,Strikeout-Prone Power Hitters
670237-2022-111,670237,Jake Slaughter,2022,Double-A,Southern League,Tennessee Smokies,25,4,-0.014007995562909164,0.1564817236617429,-0.29499769474591486,1.837000044016892,0.5808881871639567,1.4122213783840576,0.13399233948451192,409,2.5366798599669753,"Fast, Aggressive Contact Hitters "
673461-2022-111,673461,Yoelqui Céspedes,2022,Double-A,Southern League,Birmingham Barons,24,4,0.024102533415126703,-1.9896742521920037,1.1084889804013982,0.613149300722132,1.068046214631372,1.2585564322425826,-0.1753040039111537,410,2.8528648762557847,"Fast, Aggressive Contact Hitters "
686759-2022-111,686759,TJ Hopkins,2022,Double-A,Southern League,Chattanooga Lookouts,25,1,0.1413820775106704,0.24534946593311963,0.6913621952535184,1.1066375036635674,0.4376064143794243,-0.5716880051897959,-0.7245326365063858,411,1.2004844703045845,Strikeout-Prone Power Hitters
680574-2022-111,680574,Matt McLain,2022,Double-A,Southern League,Chattanooga Lookouts,22,1,0.19504783737771253,1.622799471139462,0.7843111456129119,1.4422094816637432,-0.336115158657059,0.6354962584161726,-0.426062406244488,412,1.8081982803033276,Strikeout-Prone Power Hitters
670224-2022-111,670224,Kameron Misner,2022,Double-A,Southern League,Montgomery Biscuits,24,3,0.04917351985651106,2.049364634042066,1.159883974364203,0.6526283569574464,1.2686406965297197,0.929451059655139,-0.6486690352419712,413,2.5362654842297747,Power Hitters with Moderate Speed
686894-2022-111,686894,Joey Wiemer,2022,Double-A,Southern League,Biloxi Shuckers,23,3,0.06441004851088349,-0.3545077943986718,1.1307107627134756,0.9882003349576227,0.20835557792417,0.7273963889863446,0.3325887001451288,414,1.733922192422913,Power Hitters with Moderate Speed
689172-2022-111,689172,Brett Wisely,2022,Double-A,Southern League,Montgomery Biscuits,23,4,-0.009563570335891192,-0.22120618099160771,-0.40998489098474833,0.7513259975457335,0.4949191234932379,1.1468250763222287,-1.0368097708553274,415,2.0196220547954047,"Fast, Aggressive Contact Hitters "
669326-2022-111,669326,Bryce Teodosio,2022,Double-A,Southern League,Rocket City Trash Pandas,23,3,-0.009527433563225654,-0.09679134181168227,2.578285524822577,-0.1369527677488501,-0.336115158657059,0.9635157841697021,0.10031750918619461,416,2.8218810277454995,Power Hitters with Moderate Speed
682192-2022-111,682192,Paul McIntosh,2022,Double-A,Southern League,Pensacola Blue Wahoos,24,3,-0.02151595042900627,1.3828565670067399,-0.609284695102177,1.1855956161341972,-0.42208422232777776,-0.17050987579548152,0.9255052359132501,417,2.2809851655792808,Power Hitters with Moderate Speed
666186-2022-111,666186,Thomas Dillard,2022,Double-A,Southern League,Biloxi Shuckers,24,3,0.061479538907321024,1.2228946309182638,1.1654811603204474,0.19861921025132637,0.7241699599484906,-0.41626665705718485,-0.317452190621751,418,1.409918531497805,Power Hitters with Moderate Speed
672279-2022-111,672279,Michael Siani,2022,Double-A,Southern League,Chattanooga Lookouts,22,4,0.20040162912499798,0.17425527211601824,-1.040221199193632,0.06044251342772429,-0.6513350587830321,2.0227443171147383,0.23402067981318972,419,1.5667680617700492,"Fast, Aggressive Contact Hitters "
680589-2022-111,680589,Felix Valerio,2022,Double-A,Southern League,Biloxi Shuckers,21,1,0.037480289602723205,0.9029707587413074,-1.0864533227418192,-0.37382710516073936,-1.7975892410593028,1.0676081363457417,-0.7627865035882845,420,2.628156652688811,Strikeout-Prone Power Hitters
668787-2022-111,668787,Bryce Ball,2022,Double-A,Southern League,Tennessee Smokies,23,3,0.023244701249268945,0.10316107829891687,-0.29047106748869356,-0.15669229586650751,0.5235754780501432,-1.0923618394345584,0.16750004834920967,421,1.4404638861430126,Power Hitters with Moderate Speed
670867-2022-111,670867,Kevin Maitan,2022,Double-A,Southern League,Rocket City Trash Pandas,22,3,0.3329010613766808,0.5786034994507809,1.2775492613554713,-0.1961713521018224,1.6984860148833214,-0.9555236467147105,2.1763894697751325,422,2.047159415687359,Power Hitters with Moderate Speed
679563-2022-111,679563,José Rodríguez,2022,Double-A,Southern League,Birmingham Barons,21,4,0.04287880675407473,-0.9987989258661526,-1.5823979208041876,0.04070298531006685,-0.10686432220180467,1.6973568977264477,0.5571344600880327,423,1.9250593205864202,"Fast, Aggressive Contact Hitters "
687859-2022-111,687859,Troy Johnston,2022,Double-A,Southern League,Pensacola Blue Wahoos,25,2,0.20654786122758956,-1.163204249068201,-0.7237278853291822,0.19861921025132637,0.7241699599484906,-1.1207535583542136,-0.4994521448894528,424,1.6859490123127647,Swinging Early Contact Hitters
663692-2022-111,663692,Jalen Miller,2022,Double-A,Southern League,Mississippi Braves,25,2,0.054814872439412375,-0.5900073114178197,-0.14363516204541643,0.09992156966303917,-0.47939693144159135,0.39109858180547585,-0.4626575607572777,425,1.3479816921951684,Swinging Early Contact Hitters
641945-2022-111,641945,Preston Palmeiro,2022,Double-A,Southern League,Rocket City Trash Pandas,27,2,0.33794861607704896,-1.043232797001842,-0.9156041577505711,-0.2553899364547947,-0.10686432220180467,-1.1671737225720902,-0.036086917519480406,426,0.9478120978550753,Swinging Early Contact Hitters
670869-2022-111,670869,Livan Soto,2022,Double-A,Southern League,Rocket City Trash Pandas,22,2,0.07573832087535254,-0.2923003748087091,-0.739840109178893,-1.3213244548082954,0.953420796403745,0.09002313403528271,-0.5364483441874036,427,1.8598678581458334,Swinging Early Contact Hitters
664697-2022-111,664697,Cobie Fletcher-Vance,2022,Double-A,Southern League,Pensacola Blue Wahoos,24,2,0.37328437173540296,-1.3231661851566792,-1.2991635058557247,-1.3213244548082954,-0.9378986043520999,-1.0129872682267609,-0.35346181986394026,428,1.4669409884420364,Swinging Early Contact Hitters
676629-2022-111,676629,Riley Delgado,2022,Double-A,Southern League,Mississippi Braves,27,2,0.22940024832558709,0.4097547891351661,-1.5498966971447605,-1.7950731296320737,0.09373015969654286,-1.0672738381322429,0.7130718642393058,429,2.2125272755236223,Swinging Early Contact Hitters
660681-2022-109,660681,Leandro Cedeño,2022,Double-A,Texas League,Amarillo Sod Poodles,23,3,0.2086885581599907,0.09871769118534654,0.012597180062365149,2.093613909546438,1.1540152783020925,-1.3685926284856165,1.2748136179899983,430,2.2744170591451565,Power Hitters with Moderate Speed
669899-2022-109,669899,Ryan Ward,2022,Double-A,Texas League,Tulsa Drillers,24,1,0.1951706613937827,-0.554460214509269,-0.06221991369997063,1.6396047628403176,-0.8805858952382863,-1.0009704675702515,-0.5736483803226189,431,1.727580249432445,Strikeout-Prone Power Hitters
681624-2022-109,681624,Andy Pages,2022,Double-A,Texas League,Tulsa Drillers,21,1,0.37907338117171874,1.1206967273061779,0.19857300446181386,1.659344290957975,-1.1671494408073542,-0.8808741397957246,-1.75262229816328,432,1.7430373645302737,Strikeout-Prone Power Hitters
688760-2022-109,688760,Blaine Crim,2022,Double-A,Texas League,Frisco RoughRiders,25,2,0.1324841058223553,-1.4075905403144855,-1.286792524783962,1.2842932567224843,-0.22148974042943181,-1.1345483616035175,-0.6864942853119123,433,2.2400006333588243,Swinging Early Contact Hitters
686781-2022-109,686781,Brandon Lewis,2022,Double-A,Texas League,Tulsa Drillers,23,1,0.19152498357090025,0.15203833654817456,1.7038037851641212,1.6001257066050028,-1.5683384046040494,-1.2971464295570385,0.2998923191606899,434,2.446666529685913,Strikeout-Prone Power Hitters
666143-2022-109,666143,Joe Rizzo,2022,Double-A,Texas League,Arkansas Travelers,24,2,0.02335437921460422,-0.7055353763706104,-0.6924528920589372,0.8500236381340207,-0.020895258531084298,-1.1958151661006082,-0.7245326365063858,435,1.8650144156268873,Swinging Early Contact Hitters
676595-2022-109,676595,Jake Scheiner,2022,Double-A,Texas League,Arkansas Travelers,26,1,0.3151264859570217,0.8896405974006004,-0.38532037865012536,1.08689797554591,-0.7373041224537524,-1.1497408377749772,-0.8399506518043474,436,1.3060516189337414,Strikeout-Prone Power Hitters
688869-2022-109,688869,Justin Dirden,2022,Double-A,Texas League,Corpus Christi Hooks,24,3,0.06871400579136484,-0.46559247223789224,-0.034246540366253235,2.843715978017421,2.2716131060214573,-0.6864845872208412,-0.8399506518043474,437,3.387485767274028,Power Hitters with Moderate Speed
687799-2022-109,687799,Cade Marlowe,2022,Double-A,Texas League,Arkansas Travelers,25,3,0.06196183968277528,-0.23009295521874637,0.3879765633895469,0.8697631662516782,1.641173305769508,1.2847028099032545,0.10031750918619461,438,1.9957848305505317,Power Hitters with Moderate Speed
668832-2022-109,668832,Kyle McCann,2022,Double-A,Texas League,Midland RockHounds,24,3,0.20101263376440479,0.9029707587413074,1.6666158762695154,1.2448142004871694,0.4949191234932379,-1.2238765813683476,1.3313142780696945,439,1.9683393586961095,Power Hitters with Moderate Speed
674671-2022-109,674671,Robbie Glendinning,2022,Double-A,Texas League,Northwest Arkansas Naturals,26,3,0.17234395361630495,1.7872047943415084,1.4937989779880718,0.7710655256633909,1.469235178428067,-0.536909949453629,-0.036086917519480406,440,1.9330941644812671,Power Hitters with Moderate Speed
691023-2022-109,691023,Jordan Walker,2022,Double-A,Texas League,Springfield Cardinals,20,3,0.09834595685817471,-1.3231661851566792,-0.27221592293793045,1.1066375036635674,1.5265478875418808,0.16407030163520464,0.7744521913220743,441,2.2010335163483075,Power Hitters with Moderate Speed
694376-2022-109,694376,Shay Whitcomb,2022,Double-A,Texas League,Corpus Christi Hooks,23,1,0.12945760874013287,-0.07901779335740691,1.522646519238468,0.6328888288397889,-0.5367096405554049,-0.04131776001218664,0.032459757314121325,442,1.5506251697171993,Strikeout-Prone Power Hitters
687957-2022-109,687957,Dustin Harris,2022,Double-A,Texas League,Frisco RoughRiders,22,1,0.28861750626774196,0.6319241448136089,-0.6437383804924269,1.3237723129577992,-0.9378986043520999,0.5316652735721393,-1.6643623553734188,443,1.7963055216740913,Strikeout-Prone Power Hitters
666397-2022-109,666397,Edouard Julien,2022,Double-A,Texas League,Wichita Wind Surge,23,3,0.2725499146457157,1.7516576974329539,0.2129605749373398,0.8302841100163633,2.3289258151352707,0.18805016917177494,0.588611391124948,444,2.096344926258639,Power Hitters with Moderate Speed
666197-2022-109,666197,Grae Kessinger,2022,Double-A,Texas League,Corpus Christi Hooks,24,1,0.22198662996967639,0.5430564025422302,-0.11539379973570114,0.1196610977806966,-1.8549019501731163,0.6246244666072815,-1.1985370115693785,445,1.8070876677582475,Strikeout-Prone Power Hitters
665890-2022-109,665890,Seuly Matias,2022,Double-A,Texas League,Northwest Arkansas Naturals,23,1,0.17112433446970224,0.9474046298769948,1.6807737823887883,1.0079398630752803,0.007761096025822493,-0.8456971085094587,-0.6864942853119123,446,1.6038408512173192,Strikeout-Prone Power Hitters
677800-2022-109,677800,Wilyer Abreu,2022,Double-A,Texas League,Corpus Christi Hooks,23,1,0.19026962228290656,2.018260924247082,0.48645126016401447,1.225074672369512,0.38029370526561074,0.401315022392278,-1.3224265329706908,447,2.0911910546308095,Strikeout-Prone Power Hitters
672478-2022-109,672478,Jordan Diaz,2022,Double-A,Texas League,Midland RockHounds,21,2,0.10568619514981772,-1.8963631228070565,-1.3612334378844828,0.7710655256633909,1.0393898600744653,-1.3685926284856165,2.0003551919680476,448,3.070848543498482,Swinging Early Contact Hitters
679822-2022-109,679822,Justin Foscue,2022,Double-A,Texas League,Frisco RoughRiders,23,1,0.024615590740664325,-0.23009295521874637,-1.4659587543025878,0.9289817506046505,-0.10686432220180467,-0.8975938910421218,-1.3224265329706908,449,2.2136524520087826,Strikeout-Prone Power Hitters
660857-2022-109,660857,Yorman Rodriguez,2022,Double-A,Texas League,San Antonio Missions,24,2,0.3694959828509639,-1.1409873135003554,-1.2986074008018322,-0.0974737115135352,-0.2501460949863386,-0.9669242142671309,0.06647388204094307,450,0.9324372499876411,Swinging Early Contact Hitters
669722-2022-109,669722,Logan Davidson,2022,Double-A,Texas League,Midland RockHounds,24,3,0.1619247315083961,-0.6966486021434718,0.7169815793031581,0.09992156966303917,0.5808881871639567,-1.0480733406594618,1.0732526954909305,451,1.4618071950302756,Power Hitters with Moderate Speed
676113-2022-109,676113,Zach DeLoach,2022,Double-A,Texas League,Arkansas Travelers,23,1,0.10980397259895731,0.12537801386676056,0.08880617066249119,0.06044251342772429,0.35163735070870394,-1.0576603201176624,-0.6864942853119123,452,1.3827197525516906,Strikeout-Prone Power Hitters
689288-2022-109,689288,Matt Koperniak,2022,Double-A,Texas League,Springfield Cardinals,24,2,0.05230394269463676,-0.3545077943986718,-0.743150711954939,0.09992156966303917,0.5522318326070499,-0.3160882792532084,1.1603737685001374,453,1.5781182958548403,Swinging Early Contact Hitters
680716-2022-109,680716,Jonathan Ornelas,2022,Double-A,Texas League,Frisco RoughRiders,22,3,0.08298148352071032,-0.5366866660549936,-0.3998265774934017,-0.43304568951371164,1.5265478875418808,-0.31133028821608355,0.8654889342656548,454,1.6627063532064663,Power Hitters with Moderate Speed
670231-2022-109,670231,John Rave,2022,Double-A,Texas League,Northwest Arkansas Naturals,24,3,0.08683493303842438,2.2359868928119564,0.2685189576476676,0.08018204154538174,0.5808881871639567,0.4702874697661485,0.2998923191606899,455,2.1045620291833487,Power Hitters with Moderate Speed
680869-2022-109,680869,Zack Gelof,2022,Double-A,Texas League,Midland RockHounds,22,3,0.23419324902468328,1.0895930175111976,0.6641570868365414,0.37627496331024274,1.3259534056435331,-0.5267040220161603,0.06647388204094307,456,0.9949021330078173,Power Hitters with Moderate Speed
678489-2022-109,678489,Jorge Barrosa,2022,Double-A,Texas League,Amarillo Sod Poodles,21,4,0.05090547715060489,1.1962343082368496,-1.2469059868208205,0.2578377946042981,0.06507380513963607,0.5867415428263144,0.2998923191606899,457,2.0444240865952947,"Fast, Aggressive Contact Hitters "
666124-2022-109,666124,Luke Berryhill,2022,Double-A,Texas League,Corpus Christi Hooks,24,3,0.09080566977898917,2.311524473742624,0.8077795170797273,0.09992156966303917,1.0393898600744653,-0.8673102736086085,-0.1753040039111537,458,2.180363113386094,Power Hitters with Moderate Speed
674646-2022-109,674646,Tucker Bradley,2022,Double-A,Texas League,Northwest Arkansas Naturals,24,3,-0.020639527161068993,-0.20343263253733238,-0.8255433385437903,0.27757732272195557,0.9820771509606517,0.28185872989390715,-0.10533664743557243,459,1.788719005476641,Power Hitters with Moderate Speed
679845-2022-109,679845,Nick Loftin,2022,Double-A,Texas League,Northwest Arkansas Naturals,23,2,0.2547884456304729,-1.4564677985637433,-1.6191561674841042,0.08018204154538174,-0.6799914133399388,0.6211824653684976,-0.38966453115080063,460,1.6098678908621125,Swinging Early Contact Hitters
687659-2022-109,687659,Kaden Polcovich,2022,Double-A,Texas League,Arkansas Travelers,23,1,0.13774256078960578,-0.06568763201669992,-0.12863665625495463,-0.07773418339587777,-0.3074588041001522,-0.20043163676176728,-1.1171891663412536,461,1.1149894654978159,Strikeout-Prone Power Hitters
666452-2022-109,666452,Eduardo Diaz,2022,Double-A,Texas League,Amarillo Sod Poodles,24,2,0.030980959287906326,-1.1276571521596483,0.25983405182662805,0.23809826648664068,0.6955136053915838,0.006050244383024376,-0.2105614703409355,462,1.7919792754563382,Swinging Early Contact Hitters
689374-2022-109,689374,Jake Means,2022,Double-A,Texas League,Northwest Arkansas Naturals,26,1,0.23478641776484602,0.11649123963962386,0.7150942637079944,-0.018515599042905458,-1.1384930862504474,-0.5808382906374908,-0.426062406244488,463,1.093526690531965,Strikeout-Prone Power Hitters
691026-2022-109,691026,Masyn Winn,2022,Double-A,Texas League,Springfield Cardinals,20,4,-0.03191772161535826,0.5386130154286619,-0.32161568577963034,0.5144516601338448,-0.10686432220180467,1.08594260069828,-0.5364483441874036,464,1.6303806569864039,"Fast, Aggressive Contact Hitters "
677223-2022-109,677223,Jack Larsen,2022,Double-A,Texas League,Arkansas Travelers,27,2,0.0867512873234775,-0.11900827737952398,-0.49751911254275644,-0.1961713521018224,0.5235754780501432,-0.7834675432412262,-0.0017265915630683638,465,1.337722510127762,Swinging Early Contact Hitters
642736-2022-109,642736,Domingo Leyba,2022,Double-A,Texas League,San Antonio Missions,26,1,0.1189615138271951,1.5916957613444775,-1.5656430357345126,-0.11721323963119265,-0.7086477678968457,-0.46859392609475575,-1.1577405763992141,466,2.407141917664647,Strikeout-Prone Power Hitters
663618-2022-109,663618,Josh Stowers,2022,Double-A,Texas League,Frisco RoughRiders,25,1,0.2858346989289329,0.7430088226528313,0.7949403255162598,0.08018204154538174,-0.336115158657059,0.5789274494358192,-1.6643623553734188,467,1.4398154105312266,Strikeout-Prone Power Hitters
687005-2022-109,687005,Kellen Strahm,2022,Double-A,Texas League,Frisco RoughRiders,25,3,0.21423066804782498,0.9385178556498581,-0.22341809262635787,-0.3540875770430819,0.953420796403745,-0.5160679562652647,2.5152600587849494,468,2.2518031435879764,Power Hitters with Moderate Speed
656431-2022-109,656431,Ti'Quan Forbes,2022,Double-A,Texas League,Amarillo Sod Poodles,25,3,-0.0013315946551600189,-0.9721386031847405,0.2985940262510136,-0.4527852176313691,0.5808881871639567,-0.41383687503863265,1.2463849887118086,469,1.7515174285137813,Power Hitters with Moderate Speed
667442-2022-109,667442,Connor Hollis,2022,Double-A,Texas League,San Antonio Missions,27,3,0.10800929392445496,0.24534946593311963,-0.6432028382235769,-0.23565040833713727,2.902052906273407,0.5831517583973327,1.8976643990600028,470,2.836911571439944,Power Hitters with Moderate Speed
624523-2022-109,624523,Riley Unroe,2022,Double-A,Texas League,Arkansas Travelers,26,4,0.018312792365228068,-0.14566860006093799,-0.6087923964974177,-0.23565040833713727,0.2370119324810768,0.7158970333279043,-0.7627865035882845,471,1.433970876940867,"Fast, Aggressive Contact Hitters "
657144-2022-109,657144,Justin Yurchak,2022,Double-A,Texas League,Tulsa Drillers,25,2,0.2217481225098783,0.2542362401602563,-1.6005422353674448,-0.6107014425726283,0.17969922336726324,-1.1618321880991092,-0.2816335947938824,472,1.7382012780707594,Swinging Early Contact Hitters
680709-2022-109,680709,Nick Dunn,2022,Double-A,Texas League,Springfield Cardinals,25,2,0.22485058161531715,0.10760446541248521,-2.3578367203169583,-0.551482858219656,-0.7086477678968457,-0.9094807294221711,-0.6864942853119123,473,2.095776886701461,Swinging Early Contact Hitters
680577-2022-109,680577,DaShawn Keirsey Jr.,2022,Double-A,Texas League,Wichita Wind Surge,25,4,0.2262353773457139,-0.9410348933897582,-0.03733974991757749,-0.4527852176313691,0.9247644418468381,1.73676529139276,1.2463849887118086,474,1.5395751650776406,"Fast, Aggressive Contact Hitters "
672359-2022-109,672359,Tirso Ornelas,2022,Double-A,Texas League,San Antonio Missions,22,3,0.05367146274659907,0.5963770479050582,-0.9866595926439033,-0.551482858219656,0.8674517327330246,-0.8032674409945583,1.3313142780696945,475,2.0094897119710087,Power Hitters with Moderate Speed
682079-2022-109,682079,Chase Calabuig,2022,Double-A,Texas League,Midland RockHounds,26,2,0.14080025501405002,-0.6477713438942141,-1.7023845171095993,-0.47252474574902625,1.1826716328589992,-1.0824782162335485,1.4429166450724902,476,2.3353754547583914,Swinging Early Contact Hitters
668885-2022-109,668885,Austin Martin,2022,Double-A,Texas League,Wichita Wind Surge,23,4,0.0021079384350605602,-0.7188655377113174,-1.6373671496534647,-1.4595011516318972,-0.9092422497951932,1.4918454311758809,0.7744521913220743,477,2.1899768871156153,"Fast, Aggressive Contact Hitters "
667749-2022-109,667749,Juan Fernandez,2022,Double-A,Texas League,San Antonio Missions,23,2,0.1971668778537951,-1.189864571749613,-1.0801245633697933,-1.992468410808648,0.5808881871639567,-0.44184722818296385,1.4151885178936585,478,2.22620976186213,Swinging Early Contact Hitters
699073-2023-110,699073,Thayron Liranzo,2023,Low-A,California League,Rancho Cucamonga Quakes,19,3,0.15127255066828854,0.7207918870849876,0.5710457286771499,2.8042369217821057,0.6668572508346771,-1.1455672284553091,1.687474990429941,479,2.871964280266265,Power Hitters with Moderate Speed
676038-2023-110,676038,Skyler Messinger,2023,Low-A,California League,Fresno Grizzlies,24,3,0.03529644491155617,0.44974527315728513,0.4372937009601477,1.363251369193114,0.17969922336726324,-0.8002625095023004,0.4297384262845607,480,1.4169853318214956,Power Hitters with Moderate Speed
695521-2023-110,695521,Gavin Conticello,2023,Low-A,California League,Visalia Rawhide,20,1,0.23253652766254912,0.2053589819110006,-0.1729628628447396,0.8697631662516782,-1.8549019501731163,-0.15106421529458106,-0.6864942853119123,481,1.4928007326389574,Strikeout-Prone Power Hitters
703607-2023-110,703607,Henry Bolte,2023,Low-A,California League,Stockton Ports,19,3,0.09990639171957505,0.09871769118534654,1.652352741710548,0.31705637895727046,2.013705915009296,1.132524886387849,4.780301350012487,482,4.6654728120689315,Power Hitters with Moderate Speed
699061-2023-110,699061,Rayne Doncon,2023,Low-A,California League,Rancho Cucamonga Quakes,19,2,0.11636741423872492,-1.438694250109468,-0.250267663218058,0.08018204154538174,-1.8262455956162096,-1.0406584586272554,-0.7627865035882845,483,2.106213156311079,Swinging Early Contact Hitters
694214-2023-110,694214,Samuel Zavala,2023,Low-A,California League,Lake Elsinore Storm,18,1,0.07622184282460191,2.244873667039097,0.5002452442616412,0.7118469413104186,1.2686406965297197,0.34972872880797706,-1.5772412823642121,484,2.7294791387733266,Strikeout-Prone Power Hitters
681044-2023-110,681044,EJ Andrews Jr.,2023,Low-A,California League,Fresno Grizzlies,22,1,0.282242470146823,0.671914628835726,1.3306627999928438,0.49471213201618736,-0.6226787042261253,-0.2316653099556317,-0.6110545118922478,485,0.9782112684766274,Strikeout-Prone Power Hitters
682732-2023-110,682732,Gabriel Moncada,2023,Low-A,California League,Modesto Nuts,21,3,0.03613628885134411,0.5919336607914879,0.5089910917795742,0.5144516601338448,0.6668572508346771,-1.2218335238031806,-0.2816335947938824,486,1.3464107656201738,Power Hitters with Moderate Speed
701864-2023-110,701864,Griffin Doersching,2023,Low-A,California League,Lake Elsinore Storm,24,1,0.3289827007087234,0.3475473695452014,0.23564388382750542,0.5539307163691597,-0.5653659951123117,-1.2098836234012564,-1.7971887271577296,487,1.318493292277892,Strikeout-Prone Power Hitters
681377-2023-110,681377,Josh Hood,2023,Low-A,California League,Modesto Nuts,22,2,0.034283302227699285,0.018736723141108472,-0.49668136828927234,-0.0974737115135352,0.7241699599484906,0.0726127526754892,-0.5364483441874036,488,1.7030033719441398,Swinging Early Contact Hitters
689909-2023-110,689909,Jadiel Sanchez,2023,Low-A,California League,Inland Empire 66ers,22,2,0.2156326746135938,-0.8032898928691238,-1.4497355396069176,0.5934097726044746,0.40895005982251753,-0.6036740733662141,-0.4626575607572777,489,1.6196340074840525,Swinging Early Contact Hitters
684109-2023-110,684109,Jesus Bugarin,2023,Low-A,California League,Fresno Grizzlies,21,2,0.1006783721936841,-3.2027189341962936,0.5776123569202797,-0.5909619144549711,0.810139023619211,-0.15047521199521327,2.0003551919680476,490,3.517079884649353,Swinging Early Contact Hitters
682630-2023-110,682630,Alvin Guzman,2023,Low-A,California League,Visalia Rawhide,21,3,0.05100736552022673,-0.034583922221717564,2.526671851099992,-0.21591088021947982,1.5838605966556942,1.5145860954621009,-0.2816335947938824,491,2.955689977518363,Power Hitters with Moderate Speed
681201-2023-110,681201,Tanner O'Tremba,2023,Low-A,California League,San Jose Giants,23,3,0.07536494132444631,-0.08346118047097525,-0.39503195413397624,0.3960144914279002,0.7528263145053974,0.23973875472623216,0.06647388204094307,492,1.3510822854136104,Power Hitters with Moderate Speed
694196-2023-110,694196,Diego Velasquez,2023,Low-A,California League,San Jose Giants,19,2,0.11256959583060831,-0.9765819902983089,-1.2183534818009596,-0.23565040833713727,0.9247644418468381,0.3334314283499416,1.3873460475989343,493,1.9729340036802319,Swinging Early Contact Hitters
694203-2023-110,694203,Denzer Guzman,2023,Low-A,California League,Inland Empire 66ers,19,3,0.04219217897919856,0.08983091695820986,0.7281575265245166,-0.33434804892542447,0.4662627689363311,-0.5856330405708071,-0.317452190621751,494,1.3104701654198274,Power Hitters with Moderate Speed
692222-2023-110,692222,Jose Izarra,2023,Low-A,California League,Rancho Cucamonga Quakes,21,1,0.15094177647982893,0.3742076922266154,1.4014445785270955,-0.689659555043258,0.20835557792417,-0.49004855492277,-1.239581450907824,495,1.8617249646439045,Strikeout-Prone Power Hitters
686744-2023-110,686744,Jake Snider,2023,Low-A,California League,Fresno Grizzlies,25,3,0.03304706604602042,-0.24342311655945337,-0.40910617035462415,-0.1369527677488501,0.4949191234932379,0.2624327494249003,1.687474990429941,496,1.8109928484522169,Power Hitters with Moderate Speed
683665-2023-110,683665,Alexander Suarez,2023,Low-A,California League,San Jose Giants,21,4,0.10925226508479663,-0.4966961820328746,0.641987256643862,-0.8080967237492024,0.5522318326070499,0.6489462005261559,-0.24600401618243073,497,1.3897791225802376,"Fast, Aggressive Contact Hitters "
699912-2023-110,699912,Jose Fernandez,2023,Low-A,California League,Visalia Rawhide,19,2,0.14516874869424795,-1.2565153784531462,0.007394026791679382,-0.6501804988079432,0.6095445417208635,-0.5098430666583071,0.8352795349709173,498,1.5404379702281754,Swinging Early Contact Hitters
702284-2023-110,702284,Cole Young,2023,Low-A,California League,Modesto Nuts,19,2,0.176531083905229,-0.12345166449309429,-1.5507418826299937,0.27757732272195557,-0.2501460949863386,0.4047469229359549,-0.0017265915630683638,499,1.49092845722532,Swinging Early Contact Hitters
700164-2023-110,700164,Bryant Betancourt,2023,Low-A,California League,Fresno Grizzlies,19,2,0.3479419372790368,-1.2076381202038884,-1.1228225932663924,-1.2621058704553232,-0.7086477678968457,-1.2302941659557323,-0.4994521448894528,500,1.4626390982392938,Swinging Early Contact Hitters
698916-2023-110,698916,Rosman Verdugo,2023,Low-A,California League,Lake Elsinore Storm,18,1,0.05163606991668098,-0.4833660206921676,0.48543887789653606,-0.7093990831609155,-0.22148974042943181,0.11521110951365411,-1.1577405763992141,501,1.7698211801210806,Strikeout-Prone Power Hitters
703185-2023-110,703185,Nelson Rada,2023,Low-A,California League,Inland Empire 66ers,17,4,0.1613810290148818,-0.3767247299665155,-0.8439915192446608,-1.5187197359848696,1.0393898600744653,2.2275205113187613,3.7028368099983604,502,3.75329952113431,"Fast, Aggressive Contact Hitters "
692374-2023-110,692374,Jose Ramos,2023,Low-A,California League,San Jose Giants,20,4,0.13348251600612487,-0.3944982784207909,0.055027858124556496,-0.9265338924551471,-0.9092422497951932,1.3096355916581235,0.9553145094053951,503,1.4029768414539925,"Fast, Aggressive Contact Hitters "
699232-2023-110,699232,Anderdson Rojas,2023,Low-A,California League,Visalia Rawhide,19,2,0.3009884017405756,-2.940559094495734,-1.1190033858604707,-1.0054920049257767,-0.47939693144159135,-0.1282741060711965,0.3651275075977309,504,2.186394061788702,Swinging Early Contact Hitters
671080-2023-110,671080,Jeremy Arocho,2023,Low-A,California League,Inland Empire 66ers,24,4,0.26009312962020925,1.1917909211232793,-1.3254781676842493,-1.6766359609261292,-0.04955161308799109,2.482724690444951,1.1603737685001374,505,2.396193356957589,"Fast, Aggressive Contact Hitters "
805737-2023-110,805737,Bjay Cooke,2023,Low-A,California League,Stockton Ports,20,3,0.08714111186811979,1.4717243092781185,2.673719978935653,-2.2885613325735092,1.068046214631372,0.2629407722665707,2.2993762851815718,506,3.937956272847993,Power Hitters with Moderate Speed
700321-2023-110,700321,Andy Perez,2023,Low-A,California League,Fresno Grizzlies,19,2,0.2099109474597223,-3.2826999022405334,-1.4016053681240808,-1.5187197359848696,-0.7659604770106593,0.5585842570279573,0.7438317783925644,507,2.92457068469262,Swinging Early Contact Hitters
683529-2023-110,683529,Milkar Perez,2023,Low-A,California League,Modesto Nuts,21,3,0.2434452158232951,0.6052638221321949,0.1702858681596806,-1.0054920049257767,1.7844550785540418,-1.2057397665551348,1.4429166450724902,508,2.03601207798908,Power Hitters with Moderate Speed
684494-2023-122,684494,Jeremy Celedonio,2023,Low-A,Carolina League,Augusta GreenJackets,21,3,0.04974938351501,1.333979308757482,3.3115722280528375,0.9882003349576227,0.06507380513963607,0.0024524256883932836,0.5255100955810418,509,3.1129604858034847,Power Hitters with Moderate Speed
689531-2023-122,689531,Brett Squires,2023,Low-A,Carolina League,Columbia Fireflies,23,3,0.10029188831421354,0.751895596879968,0.8619004553603431,0.37627496331024274,1.4119224693142536,0.9817660961955648,-0.6864942853119123,510,1.9416011706555079,Power Hitters with Moderate Speed
685776-2023-122,685776,Stiven Acevedo,2023,Low-A,Carolina League,Delmarva Shorebirds,20,4,0.11234358419799213,-0.3278474717172598,1.0881608941076908,0.49471213201618736,0.15104286881035645,1.6429451877934904,0.2670368310730256,511,1.7516438005312782,"Fast, Aggressive Contact Hitters "
701778-2023-122,701778,Jace Avina,2023,Low-A,Carolina League,Carolina Mudcats,20,1,0.27926450299300476,0.4275283375894414,1.025972352463683,1.2053351442518545,0.2370119324810768,-0.3687011170247133,-1.75262229816328,512,1.4853804313939314,Strikeout-Prone Power Hitters
800060-2023-122,800060,Xavier Isaac,2023,Low-A,Carolina League,Charleston RiverDogs,19,3,-0.006537105074835947,0.07650075561750286,-0.33198441292353476,0.9487212787223079,0.06507380513963607,-0.550008830511029,0.3325887001451288,513,1.5076931000780622,Power Hitters with Moderate Speed
696513-2023-122,696513,Andy Garriola,2023,Low-A,Carolina League,Myrtle Beach Pelicans,23,2,0.1705153602715943,-1.0521195712289786,-0.5881243756503044,0.1196610977806966,-1.6543074682747696,-0.3363292893080936,-0.426062406244488,514,1.5588902244035143,Swinging Early Contact Hitters
801600-2023-122,801600,Bryce Willits,2023,Low-A,Carolina League,Kannapolis Cannon Ballers,23,1,-0.0058825379168715875,-0.1945458583101957,-0.31672013150255357,0.3960144914279002,-0.020895258531084298,-0.7761629671748378,-0.2105614703409355,515,1.385989887530662,Strikeout-Prone Power Hitters
702726-2023-122,702726,Luke Adams,2023,Low-A,Carolina League,Carolina Mudcats,19,1,0.07293925181644847,1.8938460850671566,-0.13175997147175933,0.3960144914279002,-0.5653659951123117,1.3449661179159722,-0.5364483441874036,516,2.2872162036326658,Strikeout-Prone Power Hitters
691410-2023-122,691410,Jose Devers,2023,Low-A,Carolina League,Lynchburg Hillcats,20,4,0.17666802267085768,0.018736723141108472,-0.5266206651037304,-0.038255127160562896,-0.336115158657059,1.5542136761748833,1.7141093029906374,517,1.6701712745434847,"Fast, Aggressive Contact Hitters "
691476-2023-122,691476,Luis Encarnacion,2023,Low-A,Carolina League,Fayetteville Woodpeckers,20,2,0.318684574570696,-2.1585229625076185,-0.4757752728889026,-0.4922642738666837,-0.794616831567566,-0.3760455058615057,1.1603737685001374,518,1.7343938737739502,Swinging Early Contact Hitters
695692-2023-122,695692,Cooper Kinney,2023,Low-A,Carolina League,Charleston RiverDogs,20,2,0.1953757693309738,-1.2342984428853025,-0.3464646996923245,-0.5909619144549711,0.7241699599484906,-0.8784253325594351,0.5255100955810418,519,1.430422798691178,Swinging Early Contact Hitters
691797-2023-122,691797,Ryan Spikes,2023,Low-A,Carolina League,Charleston RiverDogs,20,4,-0.01916270935237472,-0.41671521398863454,1.2165708437094798,-0.37382710516073936,-0.22148974042943181,0.7954835785646225,-0.5736483803226189,520,1.8836802742842969,"Fast, Aggressive Contact Hitters "
699213-2023-122,699213,Gleider Figuereo,2023,Low-A,Carolina League,Down East Wood Ducks,19,2,0.039324362497912706,-0.4478189237836169,0.9865950971588817,-0.8673153081021747,-0.36477151321396417,-0.6154302851204958,0.5255100955810418,521,1.9638894208243172,Swinging Early Contact Hitters
699816-2023-122,699816,Jackson Loftin,2023,Low-A,Carolina League,Fayetteville Woodpeckers,23,4,0.19155950090694474,-0.2567532779001604,-0.17722155962747674,-0.7883571956315449,-1.6256511137178629,2.959912342954518,-0.9969760890703109,522,2.760234822698512,"Fast, Aggressive Contact Hitters "
701424-2023-122,701424,JoJo Blackmon,2023,Low-A,Carolina League,Down East Wood Ducks,20,3,0.03307334560424701,0.8452067262649091,2.3442562164318854,0.0012239290747519788,0.7241699599484906,1.909168254107312,2.051120765552438,523,3.2307036863109513,Power Hitters with Moderate Speed
802991-2023-122,802991,E.J. Exposito,2023,Low-A,Carolina League,Augusta GreenJackets,22,1,0.21516785387911433,0.8763104360598973,1.1430882611978046,-0.551482858219656,-0.5080532859984981,0.5179761352517394,-1.2808769281328816,524,1.724762149185507,Strikeout-Prone Power Hitters
699393-2023-122,699393,Pedro Ramírez,2023,Low-A,Carolina League,Myrtle Beach Pelicans,19,2,0.12315347824534878,-0.2967437619222774,-1.0073896911666584,-0.1961713521018224,-0.13552067675871146,0.38884426257705884,1.1024181381575964,525,1.3826685194620398,Swinging Early Contact Hitters
682662-2023-122,682662,Rafael Morel,2023,Low-A,Carolina League,Myrtle Beach Pelicans,21,4,0.07179282559447556,-0.030140535108147248,0.12042975924371487,-1.0844501173964065,0.9820771509606517,0.5642595626199443,0.7130718642393058,526,1.3111055788575752,"Fast, Aggressive Contact Hitters "
691497-2023-122,691497,Lizandro Rodriguez,2023,Low-A,Carolina League,Columbia Fireflies,20,4,-0.010168831692854815,0.11204785252605355,-0.17722155962747674,-0.689659555043258,-0.42208422232777776,0.4389088072864495,-0.07062300038336321,527,1.2430024964418178,"Fast, Aggressive Contact Hitters "
694222-2023-122,694222,Ambioris Tavarez,2023,Low-A,Carolina League,Augusta GreenJackets,19,3,0.08921247716083669,-0.12345166449309429,2.8687048468055703,-0.551482858219656,2.185644042350737,1.1875554080265833,-0.5364483441874036,528,3.359241565953048,Power Hitters with Moderate Speed
686404-2023-122,686404,Wuilfredo Antunez,2023,Low-A,Carolina League,Lynchburg Hillcats,21,2,0.002232793393490002,-0.2478665036730217,-0.7454914115739405,-0.057994655278220335,0.5522318326070499,-0.017639276815305846,-1.4063007727946546,529,1.9927547859321413,Swinging Early Contact Hitters
698945-2023-122,698945,Anderson De Los Santos,2023,Low-A,Carolina League,Delmarva Shorebirds,19,2,0.06142588084209945,-0.594450698531388,0.2480992651229078,-0.7291386112785729,-0.5367096405554049,0.08557531833380963,-0.8012583425989398,530,1.5558484006267554,Swinging Early Contact Hitters
691252-2023-122,691252,Jhon Diaz,2023,Low-A,Carolina League,Charleston RiverDogs,20,4,-0.006072580999558428,-0.7188655377113174,0.44439607433845163,-0.07773418339587777,0.06507380513963607,0.4846011484483886,0.6511284070260079,531,1.4885892807276537,"Fast, Aggressive Contact Hitters "
695744-2023-122,695744,Ian Moller,2023,Low-A,Carolina League,Down East Wood Ducks,20,1,0.22668710164760578,1.0007252752398228,0.8381641656778808,-0.8673153081021747,-1.2817748590349813,-0.6642307690530747,-0.5736483803226189,532,1.824924548230287,Strikeout-Prone Power Hitters
699144-2023-122,699144,Luis Ravelo,2023,Low-A,Carolina League,Salem Red Sox,19,2,0.12544154350911524,-0.6788750536891964,0.8303055292289567,-1.2226268142200083,-0.336115158657059,-0.536909949453629,-0.10533664743557243,533,1.86109852918962,Swinging Early Contact Hitters
699130-2023-122,699130,Jadher Areinamo,2023,Low-A,Carolina League,Carolina Mudcats,19,2,0.22625286272456616,-1.3231661851566792,-1.7878606828585972,-0.9265338924551471,0.7814826690623042,0.15298973580808722,-0.4626575607572777,534,1.810720179349419,Swinging Early Contact Hitters
694227-2023-122,694227,Danyer Cueva,2023,Low-A,Carolina League,Down East Wood Ducks,19,3,0.036159202042209945,-1.8297123161035256,1.641241966601208,-1.104189645514064,0.6955136053915838,-0.39744522757109413,1.2748136179899983,535,2.9239020774598634,Power Hitters with Moderate Speed
694183-2023-122,694183,Cristian Hernández,2023,Low-A,Carolina League,Myrtle Beach Pelicans,19,4,0.1873860492066685,0.303113498409514,0.6666130233092684,-1.3805430391612676,-0.07820796764489787,0.8649344440265011,0.7438317783925644,536,1.3760907858862401,"Fast, Aggressive Contact Hitters "
805763-2023-122,805763,Drake Logan,2023,Low-A,Carolina League,Kannapolis Cannon Ballers,22,3,0.18645374591885694,1.1962343082368496,3.3073477379296516,-1.538459264102527,2.7874274880457794,-0.29166948103125906,0.7438317783925644,537,3.856177066457329,Power Hitters with Moderate Speed
692453-2023-122,692453,Roismar Quintana,2023,Low-A,Carolina League,Fredericksburg Nationals,20,3,0.25209642723634096,0.6808014030628626,0.7490735341619342,-1.143668701749379,1.35460976020044,-1.3685926284856165,1.687474990429941,538,2.1642028140098004,Power Hitters with Moderate Speed
684976-2023-122,684976,Johnathon Thomas,2023,Low-A,Carolina League,Fredericksburg Nationals,23,4,0.28242906721145844,-0.40782843976149785,0.13923832675517767,-1.5187197359848696,-0.2501460949863386,4.317333421791165,0.13399233948451192,539,3.1086283706313202,"Fast, Aggressive Contact Hitters "
691405-2023-122,691405,Juan Benjamin,2023,Low-A,Carolina League,Lynchburg Hillcats,20,4,0.1512529158989283,-0.5589036016228374,-0.6043183200250127,-1.4397616235142399,0.8387953781761178,1.0985830202392048,0.6821711719565688,540,1.3065699036438774,"Fast, Aggressive Contact Hitters "
694182-2023-122,694182,Armando Cruz,2023,Low-A,Carolina League,Fredericksburg Nationals,19,2,0.26942660658722084,-1.5542223150622567,-0.8664778961818973,-1.7358545452791014,-2.3993726867543455,-0.21646284684611014,-0.38966453115080063,541,2.53556847078642,Swinging Early Contact Hitters
678706-2023-122,678706,Reivaj Garcia,2023,Low-A,Carolina League,Myrtle Beach Pelicans,21,4,0.06478149083258973,-0.6388845696670774,-1.014152965674895,-0.9857524768081194,1.5552042420987875,0.737915278205803,2.4678788855429845,542,2.8381198640815293,"Fast, Aggressive Contact Hitters "
694187-2023-122,694187,Daniel Vazquez,2023,Low-A,Carolina League,Columbia Fireflies,19,4,0.13328437038546026,-0.3545077943986718,-0.09614356801218477,-1.6371569046908143,-0.47939693144159135,1.2952669007167603,-0.5736483803226189,543,1.5461246892619962,"Fast, Aggressive Contact Hitters "
677356-2023-122,677356,Carter Young,2023,Low-A,Carolina League,Delmarva Shorebirds,22,1,0.09483482643866278,0.30755688552308436,0.5726603068585789,-1.2818453985729807,0.4662627689363311,-0.6534625174585571,-1.2808769281328816,544,2.2360241423594367,Strikeout-Prone Power Hitters
683539-2023-122,683539,Cristopher Barete,2023,Low-A,Carolina League,Charleston RiverDogs,21,4,0.16805292594754576,-0.7499692475062978,0.3879765633895469,-1.5976778484554994,0.953420796403745,1.2957598042372478,1.8976643990600028,545,2.1832962870651813,"Fast, Aggressive Contact Hitters "
680519-2023-122,680519,Mario Camilletti,2023,Low-A,Carolina League,Kannapolis Cannon Ballers,24,3,0.11272524997725694,2.147119150540578,-1.1744434933657877,-1.2226268142200083,1.211327987415906,-1.2968175629892233,0.9553145094053951,546,3.119617282368644,Power Hitters with Moderate Speed
699126-2023-122,699126,Gregory Barrios,2023,Low-A,Carolina League,Carolina Mudcats,19,2,0.14355301943717957,-2.5450976413881077,-1.6074737712680152,-1.5187197359848696,-1.3104312135918883,1.3157518280115905,-1.1985370115693785,547,3.1496148103437265,Swinging Early Contact Hitters
686956-2023-122,686956,Adam Crampton,2023,Low-A,Carolina League,Delmarva Shorebirds,22,4,-0.027405749503070544,0.018736723141108472,0.36699015260154627,-1.7358545452791014,-1.1958057953642611,0.401315022392278,-0.6486690352419712,548,2.3319470676958414,"Fast, Aggressive Contact Hitters "
802415-2023-122,802415,Chandler Simpson,2023,Low-A,Carolina League,Charleston RiverDogs,22,4,0.1697871841259935,-1.3764868305195033,-2.371287124019265,-1.9727288826909903,0.15104286881035645,5.195150127691972,0.3325887001451288,549,4.76656179777411,"Fast, Aggressive Contact Hitters "
696100-2023-113,696100,Hunter Goodman,2023,Double-A,Eastern League,Hartford Yard Goats,23,1,0.2927190374464936,0.5030659185201132,0.19556346324940377,2.6857997530761613,-1.7116201773885833,-1.3685926284856165,-0.8399506518043474,550,2.5943414305947465,Strikeout-Prone Power Hitters
695257-2023-113,695257,Billy Cook,2023,Double-A,Eastern League,Bowie Baysox,24,1,0.27911176509765157,-0.3633945686258105,0.269227569566392,1.1461165598988823,-0.6226787042261253,0.6207702241778541,-1.978455707481423,551,1.8079259470968798,Strikeout-Prone Power Hitters
678926-2023-113,678926,Carlos De La Cruz,2023,Double-A,Eastern League,Reading Fightin Phils,23,3,0.19827414053003323,-0.4611490851243239,0.6851425868314878,0.909242222486993,0.4376064143794243,-1.2082516470439755,0.9553145094053951,552,1.509557970630221,Power Hitters with Moderate Speed
686554-2023-113,686554,Oliver Dunn,2023,Double-A,Eastern League,Reading Fightin Phils,25,3,0.20378444023549716,0.8940839845141707,0.6905996479390842,1.7185628753109474,1.2972970510866264,-0.09797790841076326,0.4297384262845607,553,1.5588726838071982,Power Hitters with Moderate Speed
671913-2023-113,671913,Damiano Palmegiani,2023,Double-A,Eastern League,New Hampshire Fisher Cats,23,1,0.22809247337907684,0.8807538231734637,0.6235335289287558,1.3040327848401418,0.007761096025822493,-0.9653165065635448,-0.6864942853119123,554,1.186211191811998,Strikeout-Prone Power Hitters
683770-2023-113,683770,Will Robertson,2023,Double-A,Eastern League,New Hampshire Fisher Cats,25,1,0.32027762469501597,-0.11900827737952398,0.5157366287654931,1.8567395721345494,-0.5653659951123117,-0.47323202596725317,-1.0768798556962889,555,1.4166526966960453,Strikeout-Prone Power Hitters
677570-2023-113,677570,Aaron Bracho,2023,Double-A,Eastern League,Akron RubberDucks,22,1,0.35985896710639115,1.556148664435923,-0.07000083284512476,0.9487212787223079,-0.8519295406813796,-1.0029817330925412,-2.024543186625044,556,1.8480587102774215,Strikeout-Prone Power Hitters
672361-2023-113,672361,Agustin Ruiz,2023,Double-A,Eastern League,Binghamton Rumble Ponies,23,1,0.3627659160154638,0.39198124068089074,1.3704069733331063,0.9882003349576227,-1.5683384046040494,-1.2214873925572507,-1.4486318799747453,557,1.801077892997866,Strikeout-Prone Power Hitters
685301-2023-113,685301,Matt Gorski,2023,Double-A,Eastern League,Altoona Curve,25,1,0.1918383395213484,-0.7855163444148485,0.36005175494008906,1.0079398630752803,-0.9665549589090068,0.39208052597355425,-0.9573760372608738,558,1.5837877468388442,Strikeout-Prone Power Hitters
680693-2023-113,680693,Grant Lavigne,2023,Double-A,Eastern League,Hartford Yard Goats,23,1,0.10793414795562088,0.5341696283150935,0.5379045461927925,0.4552330757808725,-0.5940223496692185,-1.0201392582116309,0.3975102530239391,559,1.4242136095551001,Strikeout-Prone Power Hitters
687981-2023-113,687981,John Rhodes,2023,Double-A,Eastern League,Bowie Baysox,22,1,0.3392494384450151,0.25867962727382465,0.48721703649454307,0.909242222486993,-0.8805858952382863,-0.7745508163206266,-0.4994521448894528,560,0.7445312293850002,Strikeout-Prone Power Hitters
681159-2023-113,681159,Ethan Wilson,2023,Double-A,Eastern League,Reading Fightin Phils,23,1,0.27370227914769213,0.2808965628416703,0.07414272909527919,0.8895026943693356,-0.5080532859984981,-0.11437325400232673,-0.317452190621751,561,0.74602850391017,Strikeout-Prone Power Hitters
691176-2023-113,691176,Jasson Domínguez,2023,Double-A,Eastern League,Somerset Patriots,20,4,0.09146205546161798,0.2720097886145317,0.3823056792121184,0.23809826648664068,0.4376064143794243,1.2268459601690203,0.3651275075977309,562,1.12776251024216,"Fast, Aggressive Contact Hitters "
678837-2023-113,678837,Bladimir Restituyo,2023,Double-A,Eastern League,Hartford Yard Goats,21,2,0.24603089655791796,-3.5981803873039198,-0.7275460478282626,0.15914015401601148,-0.6799914133399388,0.16601385468284485,0.20084228637246188,563,2.8779572484379066,Swinging Early Contact Hitters
669360-2023-113,669360,Trei Cruz,2023,Double-A,Eastern League,Erie SeaWolves,24,1,0.2906504395014328,0.8007728551292217,0.049241370218846836,0.17887968213366892,-1.339087568148795,-0.5109881150669556,-0.6864942853119123,564,1.037441080266059,Strikeout-Prone Power Hitters
687724-2023-113,687724,Jake Holton,2023,Double-A,Eastern League,Erie SeaWolves,25,2,0.1650590749817664,0.29422672418237733,-1.4104776011734959,0.15914015401601148,-1.3677439227057018,-1.3013083473864056,0.7438317783925644,565,2.081445327203743,Swinging Early Contact Hitters
666177-2023-113,666177,Carter Aldrete,2023,Double-A,Eastern League,Richmond Flying Squirrels,25,1,0.22996957079693725,0.4541886602708535,0.5074810883901699,0.2578377946042981,-1.0525240225797272,-1.1406774689517116,-0.036086917519480406,566,1.289587994464185,Strikeout-Prone Power Hitters
663979-2023-113,663979,Kyle Datres,2023,Double-A,Eastern League,Hartford Yard Goats,27,3,0.0326034971840363,1.054045920602647,0.062049956981560725,0.3960144914279002,-0.10686432220180467,0.7720919963575886,1.1891660913590978,567,1.8327749266247935,Power Hitters with Moderate Speed
679821-2023-113,679821,Rowdey Jordan,2023,Double-A,Eastern League,Binghamton Rumble Ponies,24,1,0.2048776683321206,0.7430088226528313,-0.08433344237414502,0.21835873836898378,-0.8805858952382863,0.7053315109202639,-0.7245326365063858,568,1.2929964770534936,Strikeout-Prone Power Hitters
701162-2023-113,701162,Ben Malgeri,2023,Double-A,Eastern League,Erie SeaWolves,23,1,0.1158558118540329,0.6408109190407456,1.1503970559225143,0.6328888288397889,0.036417450582729285,0.2711124035049745,-0.317452190621751,569,1.2501345280786051,Strikeout-Prone Power Hitters
700242-2023-113,700242,Trey Sweeney,2023,Double-A,Eastern League,Somerset Patriots,23,1,0.20485084170381462,0.4675188216115605,-0.6934802725822304,0.21835873836898378,-0.5080532859984981,0.36620845788133866,-1.7083481101487537,570,1.6247530152596976,Strikeout-Prone Power Hitters
694377-2023-113,694377,Nick Yorke,2023,Double-A,Eastern League,Portland Sea Dogs,21,3,0.149145126189941,1.0096120494669596,0.13184536380269513,0.37627496331024274,0.7814826690623042,0.017691249442542484,0.13399233948451192,571,0.9830728045472671,Power Hitters with Moderate Speed
676762-2023-113,676762,Frankie Tostado,2023,Double-A,Eastern League,Harrisburg Senators,25,2,0.2120897964301868,-0.18121569696948867,-1.0799433101180886,-0.1369527677488501,-1.4537129863764222,-1.146097614410775,0.2998923191606899,572,1.5724076474660296,Swinging Early Contact Hitters
682657-2023-113,682657,Angel Martínez,2023,Double-A,Eastern League,Akron RubberDucks,21,2,0.01549044548597428,-0.15899876140164498,-0.7056995180509158,-0.038255127160562896,-0.8519295406813796,-0.4543867417830924,-0.9180068908559016,573,1.4475451813989861,Swinging Early Contact Hitters
673990-2023-113,673990,Andy Thomas,2023,Double-A,Eastern League,Richmond Flying Squirrels,25,1,0.021616359553313362,-0.003480212426735216,0.09473615523261715,-0.27512946457245213,-0.9378986043520999,-0.9536918013036083,-0.1753040039111537,574,1.4471205835284886,Strikeout-Prone Power Hitters
682877-2023-113,682877,Juan Brito,2023,Double-A,Eastern League,Akron RubberDucks,21,1,0.1184013721547965,0.19202882057029358,-1.0572801110910912,0.3960144914279002,-0.04955161308799109,-0.5456886271167591,-1.5772412823642121,575,1.774023010515549,Strikeout-Prone Power Hitters
672692-2023-113,672692,Jose Peroza,2023,Double-A,Eastern League,Binghamton Rumble Ponies,23,3,0.06984956568185359,0.6363675319271753,1.209131821754788,0.297316850839613,0.953420796403745,-0.9849930541952834,-0.5364483441874036,576,1.4954164443384008,Power Hitters with Moderate Speed
671271-2023-113,671271,Jeisson Rosario,2023,Double-A,Eastern League,Somerset Patriots,23,1,0.12243032379646931,1.54281850309522,1.030848615139832,-0.21591088021947982,-0.13552067675871146,-0.22663430391977205,-0.35346181986394026,577,1.611817742920562,Strikeout-Prone Power Hitters
690984-2023-113,690984,Petey Halpin,2023,Double-A,Eastern League,Akron RubberDucks,21,1,0.09827650982168701,0.263123014387395,0.22925852270599434,-0.39356663327839675,-0.020895258531084298,-0.5240390238923383,-0.38966453115080063,578,1.2737104238659152,Strikeout-Prone Power Hitters
689651-2023-113,689651,Phillip Sikes,2023,Double-A,Eastern League,Portland Sea Dogs,24,1,0.12181906855637514,1.2495549535996737,1.20572759267249,-0.4922642738666837,-0.5653659951123117,1.508330829837723,-2.2121049552833076,579,2.7809945423991564,Strikeout-Prone Power Hitters
687019-2023-113,687019,Andrés Alvarez,2023,Double-A,Eastern League,Altoona Curve,26,1,0.04985173910047974,-0.012366986653873875,0.4066009408985753,-0.3540875770430819,-1.1098367316935407,-0.7993362356203445,-0.036086917519480406,580,1.531866421355896,Strikeout-Prone Power Hitters
670208-2023-113,670208,Matt Fraizer,2023,Double-A,Eastern League,Altoona Curve,25,4,-0.0020972901860116895,0.5608299509965076,-0.3119225615703421,-0.8475757799845173,0.06507380513963607,0.13465027500769217,-0.24600401618243073,581,1.5414566921270192,"Fast, Aggressive Contact Hitters "
690987-2023-113,690987,Robert Hassell III,2023,Double-A,Eastern League,Harrisburg Senators,21,3,0.19460952151284347,0.8985273716277411,1.412023875059777,-0.9660129486904622,0.5522318326070499,-0.21103183073375717,2.1763894697751325,582,2.2823973565372504,Power Hitters with Moderate Speed
676024-2023-113,676024,Donta' Williams,2023,Double-A,Eastern League,Bowie Baysox,24,4,0.00412665515656276,1.4095168896881538,0.7988654801864498,-0.39356663327839675,-1.339087568148795,1.1276394391792457,0.3975102530239391,583,2.358909681280288,"Fast, Aggressive Contact Hitters "
672642-2023-113,672642,Steward Berroa,2023,Double-A,Eastern League,New Hampshire Fisher Cats,24,4,0.1079886022136052,1.04515914637551,0.5666953374660764,-0.11721323963119265,1.8704241422247623,2.548671234008468,1.1603737685001374,584,2.577878299802153,"Fast, Aggressive Contact Hitters "
805367-2023-113,805367,Chase Meidroth,2023,Double-A,Eastern League,Portland Sea Dogs,21,3,0.12867016202648845,1.72944076186511,-0.5905087246794505,-0.551482858219656,0.09373015969654286,-0.5908402959164073,1.7141093029906374,585,2.446382357968681,Power Hitters with Moderate Speed
681468-2023-113,681468,Corey Rosier,2023,Double-A,Eastern League,Portland Sea Dogs,23,4,0.27281194835687017,-0.7499692475062978,-0.2954216888323411,0.1196610977806966,1.211327987415906,2.717687807244943,0.06647388204094307,586,1.973606384619136,"Fast, Aggressive Contact Hitters "
657010-2023-113,657010,Madison Stokes,2023,Double-A,Eastern League,Reading Fightin Phils,27,1,0.16851058890079082,0.07650075561750286,0.7045855795414212,-0.39356663327839675,-0.336115158657059,-0.7950361921479778,-0.5364483441874036,587,1.272858285750548,Strikeout-Prone Power Hitters
686793-2023-113,686793,J.T. Arruda,2023,Double-A,Eastern League,Harrisburg Senators,25,4,0.19324823923110673,1.2317814051454004,0.4024633199126717,-0.9265338924551471,-0.020895258531084298,1.1799741589494526,-0.0017265915630683638,588,1.4719709835421195,"Fast, Aggressive Contact Hitters "
701634-2023-113,701634,Connor Kokx,2023,Double-A,Eastern League,Akron RubberDucks,23,4,0.18157135903363006,0.04984043293609082,-0.12126883574351695,-1.2818453985729807,-0.336115158657059,1.2381637799965006,-0.5364483441874036,589,1.2149402810628314,"Fast, Aggressive Contact Hitters "
696281-2023-113,696281,Wyatt Young,2023,Double-A,Eastern League,Binghamton Rumble Ponies,23,2,0.03137939237318972,0.8185464035834991,-0.2978093266187686,-1.9332498264556754,-1.1671494408073542,0.08595218236359384,-0.8399506518043474,590,2.6410369405645477,Swinging Early Contact Hitters
683616-2023-123,683616,Rodolfo Nolasco,2023,Low-A,Florida State League,Bradenton Marauders,21,3,-0.018380040940664505,0.20980236902456895,1.788684955214345,1.5409071222520305,-0.47939693144159135,-0.40042722749613885,0.7130718642393058,591,2.251124044236677,Power Hitters with Moderate Speed
691858-2023-123,691858,Jared Serna,2023,Low-A,Florida State League,Tampa Tarpons,21,2,0.1533236591061934,-0.4611490851243239,-1.0433520427747731,1.0276793911929376,-0.16417703131561825,0.34348664436235915,0.588611391124948,592,1.7870760329455884,Swinging Early Contact Hitters
683079-2023-123,683079,Omar Martinez,2023,Low-A,Florida State League,Tampa Tarpons,21,1,0.11076509460416864,0.2986701112959457,0.24053357477641044,0.909242222486993,-0.19283338587252502,-0.7427605462973428,0.13399233948451192,593,1.179480679003615,Strikeout-Prone Power Hitters
699302-2023-123,699302,Héctor Rodríguez,2023,Low-A,Florida State League,Daytona Tortugas,19,2,0.12880312573053188,-1.8697028001256446,-0.7178458512089773,1.363251369193114,0.6668572508346771,0.20645953406265716,0.2998923191606899,594,2.424161677721182,Swinging Early Contact Hitters
702906-2023-123,702906,Wilfredo Lara,2023,Low-A,Florida State League,St. Lucie Mets,19,1,0.043030774169833155,-1.069893119683254,-0.252805618174879,0.7908050537810484,0.09373015969654286,0.3376207076964534,-1.2808769281328816,595,1.9991370287591,Strikeout-Prone Power Hitters
686438-2023-123,686438,Rubel Cespedes,2023,Low-A,Florida State League,Fort Myers Mighty Mussels,22,2,0.051622878788300845,-0.09234795469811195,-0.3414945252321687,0.31705637895727046,-1.1098367316935407,-1.1076182838523976,0.3325887001451288,596,1.625714137007521,Swinging Early Contact Hitters
682627-2023-123,682627,Jose De La Cruz,2023,Low-A,Florida State League,Lakeland Flying Tigers,21,3,0.12801379123433107,0.25867962727382465,1.3405511473035516,0.1196610977806966,0.7528263145053974,-0.9619864489743627,-0.14022969397706628,597,1.2905504760314437,Power Hitters with Moderate Speed
694184-2023-123,694184,Cristian Santana,2023,Low-A,Florida State League,Lakeland Flying Tigers,19,1,0.24806799793071,2.449269474263261,0.7168201740314946,0.15914015401601148,-3.3736887416891754,-0.560423083660467,-3.0730480496592487,598,4.136166018591625,Strikeout-Prone Power Hitters
694185-2023-123,694185,Danny De Andrade,2023,Low-A,Florida State League,Fort Myers Mighty Mussels,19,1,0.16923551094058065,0.06317059427679783,-0.26527347773960236,0.08018204154538174,-0.5080532859984981,0.16861802588325106,-1.1577405763992141,599,1.1364016316794483,Strikeout-Prone Power Hitters
691627-2023-123,691627,Ricardo Olivar,2023,Low-A,Florida State League,Fort Myers Mighty Mussels,21,3,0.25873283518212165,0.5919336607914879,-0.42427339726656266,0.37627496331024274,1.211327987415906,-0.47847451426576676,0.5255100955810418,600,1.0799806822301363,Power Hitters with Moderate Speed
701398-2023-123,701398,Sal Stewart,2023,Low-A,Florida State League,Daytona Tortugas,19,3,0.00934166009847711,1.422847051028857,-1.3190474947013018,0.13940062589835403,-0.336115158657059,-0.2603350712374601,1.7141093029906374,601,2.7615156323603696,Power Hitters with Moderate Speed
699115-2023-123,699115,Carlos Jorge,2023,Low-A,Florida State League,Daytona Tortugas,19,4,0.14059843634167588,0.009849948913969814,-0.5960811358936341,0.7908050537810484,1.2686406965297197,1.7943226339207135,-0.317452190621751,602,1.9807362853157002,"Fast, Aggressive Contact Hitters "
691927-2023-123,691927,Enmanuel Terrero,2023,Low-A,Florida State League,Bradenton Marauders,20,4,0.007521491660713828,-0.4966961820328746,0.4020673753207192,-0.0974737115135352,1.211327987415906,1.1209934610630243,1.4705313644613693,603,1.8047429245037094,"Fast, Aggressive Contact Hitters "
695491-2023-123,695491,Joshua Báez,2023,Low-A,Florida State League,Palm Beach Cardinals,20,1,0.11823060970771143,0.7963294680156554,1.7631501359573207,0.31705637895727046,0.7241699599484906,1.3013794550664628,-1.75262229816328,604,2.6802787371377534,Strikeout-Prone Power Hitters
800231-2023-123,800231,Won-Bin Cho,2023,Low-A,Florida State League,Palm Beach Cardinals,19,4,0.2474313527104808,-0.09679134181168227,-0.26573084630232396,-0.5712223863373137,0.8387953781761178,1.4654762128596917,0.8049343626390119,605,0.7985408875792136,"Fast, Aggressive Contact Hitters "
692371-2023-123,692371,Lizandro Espinoza,2023,Low-A,Florida State League,Palm Beach Cardinals,20,2,0.03260949937627335,-1.4831281212451553,0.38637004172184974,-0.8278362518668598,-2.170121850299091,0.10620944912720179,-1.6643623553734188,606,2.951343716844423,Swinging Early Contact Hitters
693808-2023-123,693808,Daury Arias,2023,Low-A,Florida State League,Tampa Tarpons,21,2,0.2560076488371498,-0.4478189237836169,-0.446945814714028,-0.9265338924551471,-1.1958057953642611,-0.4859039270753058,1.4980335999565255,607,1.7340928612721718,Swinging Early Contact Hitters
694202-2023-123,694202,Manuel Beltre,2023,Low-A,Florida State League,Dunedin Blue Jays,19,2,0.29502997951541,-0.923261344935483,-0.6624264448161046,-0.7686176675138878,-0.9092422497951932,-0.37168690119586784,-0.5736483803226189,608,0.9616188338380803,Swinging Early Contact Hitters
702253-2023-123,702253,Cam Collier,2023,Low-A,Florida State League,Daytona Tortugas,18,3,0.0458176006157188,0.19647220768386195,-0.05099415650531193,-0.7488781393962304,0.15104286881035645,-0.9653165065635448,1.7406389617940385,609,1.9826932283210243,Power Hitters with Moderate Speed
694200-2023-123,694200,Ariel Almonte,2023,Low-A,Florida State League,Daytona Tortugas,19,3,0.11819365056874995,1.0229422108076627,1.8691434006977539,-1.0252315330434343,0.15104286881035645,-1.0445767040427143,0.5255100955810418,610,2.2497205206560014,Power Hitters with Moderate Speed
691588-2023-123,691588,Ian Lewis Jr.,2023,Low-A,Florida State League,Jupiter Hammerheads,20,4,0.08872428026609545,-0.45670569801075556,-0.45170662019029684,-0.7686176675138878,-0.9092422497951932,1.3231651717696247,1.3313142780696945,611,1.6143879915711152,"Fast, Aggressive Contact Hitters "
689355-2023-123,689355,Brett Roberts,2023,Low-A,Florida State League,Jupiter Hammerheads,22,2,0.12497737198222249,-1.309836023815972,-0.43560913842136473,-0.689659555043258,0.6668572508346771,0.41860869318238647,-0.7627865035882845,612,1.7061253093457975,Swinging Early Contact Hitters
702283-2023-123,702283,Tucker Toman,2023,Low-A,Florida State League,Dunedin Blue Jays,19,3,0.007373331636937551,0.6141505963593316,0.578362688845277,-0.8475757799845173,-0.6513350587830321,-0.8764916536744362,0.6821711719565688,613,2.080744668486473,Power Hitters with Moderate Speed
700931-2023-123,700931,Seth Stephenson,2023,Low-A,Florida State League,Lakeland Flying Tigers,22,4,0.27839486759095977,-1.003242312979721,-0.4809923546267761,-0.5120038019843411,1.1253589237451858,3.571042450851162,-0.07062300038336321,614,2.5893216567050437,"Fast, Aggressive Contact Hitters "
691601-2023-123,691601,Brenny Escanio,2023,Low-A,Florida State League,Tampa Tarpons,20,4,-0.0126732522209216,0.9518480169905651,0.27739432192969465,-1.4792406797495548,-0.22148974042943181,0.35202512821937093,-0.9573760372608738,615,2.183840117543325,"Fast, Aggressive Contact Hitters "
694193-2023-123,694193,Victor Acosta,2023,Low-A,Florida State League,Daytona Tortugas,19,2,0.25953607458243255,-0.8966010222540709,-0.4294172311482431,-0.8673153081021747,0.4376064143794243,-0.32397934626511127,0.3651275075977309,616,1.0123990175480604,Swinging Early Contact Hitters
683152-2023-123,683152,Michael Curialle,2023,Low-A,Florida State League,Palm Beach Cardinals,22,3,0.234684965518235,0.3964246277944611,0.05356812203830861,-0.6304409706902857,2.013705915009296,-0.22954811147395945,0.7744521913220743,617,1.5239729837989995,Power Hitters with Moderate Speed
696291-2023-123,696291,Jordan McCants,2023,Low-A,Florida State League,Jupiter Hammerheads,21,4,0.16487781837376875,0.3208870468637894,0.6247095606348623,-1.7161150171614439,0.12238651425344965,1.1127356146698626,1.819608160008448,618,2.0513321811322567,"Fast, Aggressive Contact Hitters "
701437-2023-123,701437,Jaden Rudd,2023,Low-A,Florida State League,Dunedin Blue Jays,20,4,0.09691217906137885,1.320649147416779,0.37343993070937825,-1.4200220953965825,-0.5653659951123117,0.4098967505115311,0.3325887001451288,619,2.0711605990504056,"Fast, Aggressive Contact Hitters "
692944-2023-123,692944,Kevin Villavicencio,2023,Low-A,Florida State League,St. Lucie Mets,19,2,0.08620466588655458,-1.3898169918602103,-0.9285341217798543,-1.6174173765731568,-0.6226787042261253,1.0011230295917442,0.7744521913220743,620,1.9478055338589806,Swinging Early Contact Hitters
702708-2023-123,702708,Emaarion Boyd,2023,Low-A,Florida State League,Clearwater Threshers,19,4,0.1572263410270579,-1.5897694119708095,-1.3774977332672538,-1.7161150171614439,0.036417450582729285,3.88878355005613,3.0810674532383624,621,4.339641304148396,"Fast, Aggressive Contact Hitters "
691913-2023-123,691913,Jesus Castillo,2023,Low-A,Florida State League,Bradenton Marauders,19,4,0.1338547150309524,0.48973575717940615,-0.7414483849593017,-2.0911660513969346,-1.1958057953642611,1.4577555797083028,0.4297384262845607,622,2.159859839311749,"Fast, Aggressive Contact Hitters "
701010-2023-123,701010,Roque Salinas,2023,Low-A,Florida State League,Dunedin Blue Jays,20,2,0.32698850268224416,-2.5939748996373635,-1.7732830718569697,-1.6766359609261292,-0.47939693144159135,-0.9230671629567893,0.6511284070260079,623,2.429702156217707,Swinging Early Contact Hitters
691594-2023-123,691594,Javier Sanoja,2023,Low-A,Florida State League,Jupiter Hammerheads,20,4,0.017848067504845293,-1.269845539793851,-2.607426272098991,-1.0844501173964065,0.5522318326070499,1.8380631476840903,0.4297384262845607,624,2.8296619732004977,"Fast, Aggressive Contact Hitters "
666915-2023-117,666915,Bobby Dalbec,2023,Triple-A,International League,Worcester Red Sox,28,1,0.018331152252631638,1.7338841489786765,1.7961617801947272,2.764757865546791,1.497891532984974,-0.12841919383538278,-1.1577405763992141,625,3.530095175000532,Strikeout-Prone Power Hitters
642215-2023-117,642215,Weston Wilson,2023,Triple-A,International League,Lehigh Valley IronPigs,28,1,0.10835446393181862,1.5650354386630636,0.5782430670778225,2.1528324938994103,-0.13552067675871146,0.7371405703473998,-0.0017265915630683638,626,2.362104307700999,Strikeout-Prone Power Hitters
664332-2023-117,664332,Moisés Gómez,2023,Triple-A,International League,Memphis Redbirds,24,1,0.3220598038284048,-0.13678182583379933,1.381461462854253,1.5409071222520305,-0.7086477678968457,-1.0403132583926742,-2.070947420687847,627,2.058415127156228,Strikeout-Prone Power Hitters
656484-2023-117,656484,Tristan Gray,2023,Triple-A,International League,Durham Bulls,27,1,0.29404945576417574,0.027623497368247135,1.360679022554497,2.0146557970758083,-0.5653659951123117,-1.0729861290525715,-1.6206613000343013,628,2.0579047711376472,Strikeout-Prone Power Hitters
664314-2023-117,664314,Estevan Florial,2023,Triple-A,International League,Scranton/Wilkes-Barre RailRiders,25,3,0.06152069786114496,1.1784607597825763,1.0753300808453934,2.626581168723189,1.4405788238711603,0.8175249935228456,-0.2816335947938824,629,2.916599440763869,Power Hitters with Moderate Speed
678877-2023-117,678877,Jhonkensy Noel,2023,Triple-A,International League,Columbus Clippers,21,1,0.25347584429766645,0.4453018860437168,0.24242386950222009,1.0276793911929376,-1.7975892410593028,-1.156079014376445,-0.14022969397706628,630,1.6996560400370408,Strikeout-Prone Power Hitters
666464-2023-117,666464,Jerar Encarnacion,2023,Triple-A,International League,Jacksonville Jumbo Shrimp,25,3,0.18045093277337856,1.56947882577663,2.5293288049919616,1.5014280660167156,1.0393898600744653,-0.8887946695988883,1.1024181381575964,631,2.678720231145724,Power Hitters with Moderate Speed
666018-2023-117,666018,Jonathan Aranda,2023,Triple-A,International League,Durham Bulls,25,3,0.0714666263193246,2.524807055193932,-0.533372250248302,2.508144000017244,2.15698768779383,-1.0824782162335485,-0.317452190621751,632,3.6800236695344717,Power Hitters with Moderate Speed
665953-2023-117,665953,Andrés Chaparro,2023,Triple-A,International League,Scranton/Wilkes-Barre RailRiders,24,1,0.27836511868959163,0.14759494943460622,-0.24681334182923984,0.9684608068399653,-0.9952113134659135,-1.1617178918269482,-1.2808769281328816,633,1.320727179883894,Strikeout-Prone Power Hitters
680814-2023-117,680814,Peyton Burdick,2023,Triple-A,International League,Jacksonville Jumbo Shrimp,26,1,0.20648589826631492,0.751895596879968,2.1734751937900914,1.6001257066050028,-0.020895258531084298,-0.49357023661499316,-1.3224265329706908,634,2.166623942456539,Strikeout-Prone Power Hitters
663905-2023-117,663905,Travis Blankenhorn,2023,Triple-A,International League,Rochester Red Wings,26,1,0.05790121363440678,0.20980236902456895,0.14250829113800653,2.093613909546438,-0.13552067675871146,-1.2318106013547494,0.4297384262845607,635,2.2181149625324337,Strikeout-Prone Power Hitters
623507-2023-117,623507,Josh Lester,2023,Triple-A,International League,Norfolk Tides,28,1,0.1942752915026383,-0.714422150597747,0.4340917108919534,1.3829908973107714,-0.2788024495432454,-1.2361667301746375,-0.5736483803226189,636,1.7324624426835769,Strikeout-Prone Power Hitters
669234-2023-117,669234,Justyn-Henry Malloy,2023,Triple-A,International League,Toledo Mud Hens,23,1,0.03760872797570192,2.089355118064183,0.25730491308837933,0.9684608068399653,1.211327987415906,-1.0638385532576666,-1.0368097708553274,637,2.529135256832109,Strikeout-Prone Power Hitters
677595-2023-117,677595,Ronny Mauricio,2023,Triple-A,International League,Syracuse Mets,22,2,0.0730962846937064,-1.0610063454561174,-0.8300909835178502,1.3040327848401418,0.32298099615179715,0.39767627927076443,1.1024181381575964,638,2.2768088795001105,Swinging Early Contact Hitters
666632-2023-117,666632,Yonathan Perlaza,2023,Triple-A,International League,Iowa Cubs,24,3,0.015722385646598114,-0.021253760881010563,-0.22745535869456734,1.9949162689581514,0.6955136053915838,-0.3515594959223545,-0.0017265915630683638,639,2.0231717606430086,Power Hitters with Moderate Speed
665180-2023-117,665180,Ruben Cardenas,2023,Triple-A,International League,Durham Bulls,25,1,0.1632303193915713,0.24534946593311963,0.5005693910577601,1.1461165598988823,0.7528263145053974,-0.25467949663024936,-1.2808769281328816,640,1.5091703909369356,Strikeout-Prone Power Hitters
670223-2023-117,670223,Matt Mervis,2023,Triple-A,International League,Iowa Cubs,25,1,0.1868401200341927,0.8141030164699288,-0.10299855855691778,2.034395325193466,0.4376064143794243,-1.1571596003744513,-1.0768798556962889,641,2.026421371624344,Strikeout-Prone Power Hitters
608703-2023-117,608703,Matt Reynolds,2023,Triple-A,International League,Louisville Bats,32,1,0.07796710027926236,0.7607823711071047,0.6666867564281659,1.975176740840494,0.5808881871639567,-0.8878701668213521,-0.4626575607572777,642,1.9311147053784055,Strikeout-Prone Power Hitters
670237-2023-117,670237,Jake Slaughter,2023,Triple-A,International League,Iowa Cubs,26,1,0.03782437955563436,0.005406561800401471,0.6941255466904349,1.8172605158992345,-0.5940223496692185,0.18047872145067237,0.8654889342656548,643,2.2206778028189413,Strikeout-Prone Power Hitters
657562-2023-117,657562,Patrick Dorrian,2023,Triple-A,International League,Nashville Sounds,27,3,-0.008095381646809298,0.711905112857847,1.2927403571519767,1.5606466503696879,-0.3074588041001522,-0.8367800693994795,0.7130718642393058,644,2.0131248804782467,Power Hitters with Moderate Speed
670224-2023-117,670224,Kameron Misner,2023,Triple-A,International League,Durham Bulls,25,1,0.06515818638430572,2.307081086629058,2.0511846112423564,1.6790838190756325,0.7814826690623042,0.21302103864159128,-1.0368097708553274,645,3.0423394525699847,Strikeout-Prone Power Hitters
681393-2023-117,681393,Connor Norby,2023,Triple-A,International League,Norfolk Tides,23,3,0.10706821755592826,-0.3856115041936522,-0.2720229756867918,0.8895026943693356,1.0107335055175586,-0.6863661562413143,-0.1753040039111537,646,1.557305217362521,Power Hitters with Moderate Speed
642197-2023-117,642197,Jamie Westbrook,2023,Triple-A,International League,Scranton/Wilkes-Barre RailRiders,28,2,0.026443250404343074,-0.0745744062438366,-1.1414471793817993,1.0671584474282525,0.2943246415948904,-0.7460918769838778,1.014541112678406,647,2.118941868327288,Swinging Early Contact Hitters
622682-2023-117,622682,Victor Reyes,2023,Triple-A,International League,Charlotte Knights,28,3,0.18925783014944197,0.023180110254676818,-0.0972890969361058,0.6921074131927611,0.5522318326070499,-1.140954740465886,1.6607351951680607,648,1.6419815354853948,Power Hitters with Moderate Speed
678009-2023-117,678009,Parker Meadows,2023,Triple-A,International League,Toledo Mud Hens,23,1,0.3264201276165888,0.9207443071955848,0.07954408334098392,1.3829908973107714,-0.19283338587252502,-0.12689061448904193,-1.239581450907824,649,1.1078712615456803,Strikeout-Prone Power Hitters
691026-2023-117,691026,Masyn Winn,2023,Triple-A,International League,Memphis Redbirds,21,2,0.024167580127221183,-0.32340408460369147,-1.0864533227418192,0.7710655256633909,0.17969922336726324,-0.2008921033697612,-0.8012583425989398,650,1.7827368972626498,Swinging Early Contact Hitters
650331-2023-117,650331,Lewin Díaz,2023,Triple-A,International League,Norfolk Tides,26,1,0.25368825416238794,1.8849593108400198,-0.5951293265247519,0.5144516601338448,-0.16417703131561825,-1.2397236343997962,-1.4063007727946546,651,2.0624402447090073,Strikeout-Prone Power Hitters
666152-2023-117,666152,David Hamilton,2023,Triple-A,International League,Worcester Red Sox,25,4,0.08510133729863895,0.7030183386307103,-0.01049675871525169,0.8500236381340207,-0.42208422232777776,3.0276201716538416,-1.4063007727946546,652,2.9680316681789765,"Fast, Aggressive Contact Hitters "
680881-2023-117,680881,Niko Hulsizer,2023,Triple-A,International League,Durham Bulls,26,1,0.2798416290060702,1.3872999541203102,1.5835739900823285,0.8500236381340207,-0.45074057688468455,-0.5230324312838865,-1.1171891663412536,653,1.5343159034239588,Strikeout-Prone Power Hitters
700932-2023-117,700932,Kyle Manzardo,2023,Triple-A,International League,Columbus Clippers,22,1,0.29941565306899026,0.8896405974006004,-0.6217348660389329,1.6790838190756325,-1.4537129863764222,-1.2149654597280557,-1.7971887271577296,654,2.2031475716793163,Strikeout-Prone Power Hitters
594953-2023-117,594953,Daniel Palka,2023,Triple-A,International League,Syracuse Mets,31,1,0.13264063266827364,0.26756640150096334,-6.717027120701193e-4,0.6921074131927611,-1.0525240225797272,-0.9923968461184631,0.3651275075977309,655,1.529574539422771,Strikeout-Prone Power Hitters
609280-2023-117,609280,Miguel Andujar,2023,Triple-A,International League,Indianapolis Indians,28,2,0.12416480900975253,-0.7277523119384541,-1.8783648583575363,0.9882003349576227,1.3259534056435331,-0.8366180717308203,-0.8012583425989398,656,2.712096554494054,Swinging Early Contact Hitters
663662-2023-117,663662,Daz Cameron,2023,Triple-A,International League,Norfolk Tides,26,1,0.19018732561260518,9.631746868331273e-4,-0.3280806413998113,0.7118469413104186,-0.13552067675871146,0.5960118995124789,-0.9969760890703109,657,1.3704784080684245,Strikeout-Prone Power Hitters
641470-2023-117,641470,Zack Collins,2023,Triple-A,International League,Columbus Clippers,28,3,0.03784112664701294,1.662789955161579,1.442864127376261,0.7118469413104186,1.35460976020044,-1.0551603199405777,-0.8788659726686607,658,2.3391447757288746,Power Hitters with Moderate Speed
694355-2023-117,694355,Tyler Gentry,2023,Triple-A,International League,Omaha Storm Chasers,24,1,0.07771464476327636,1.8360820525907622,-0.18040069166633782,0.3960144914279002,-0.07820796764489787,-0.45523486429198384,0.10031750918619461,659,1.8227377438443413,Strikeout-Prone Power Hitters
669699-2023-117,669699,Braden Shewmake,2023,Triple-A,International League,Gwinnett Stripers,25,2,0.20729310710932672,-1.4475810243366047,-0.5782515387957797,0.49471213201618736,-1.3677439227057018,0.2488347515479618,-0.036086917519480406,660,1.6533962149357275,Swinging Early Contact Hitters
664057-2023-117,664057,Andrew Stevenson,2023,Triple-A,International League,St. Paul Saints,29,4,0.0448102123733008,-0.8877142480269322,-0.4364493388983743,1.1066375036635674,2.042362269566203,1.724185065097926,0.032459757314121325,661,2.726589575472861,"Fast, Aggressive Contact Hitters "
676070-2023-117,676070,Jacob Amaya,2023,Triple-A,International League,Jacksonville Jumbo Shrimp,24,2,0.1788122219984901,0.10760446541248521,-0.7491058487948015,0.13940062589835403,-0.6799914133399388,-0.9308836581083263,0.8352795349709173,662,1.4978633052514252,Swinging Early Contact Hitters
666126-2023-117,666126,Carlos Cortes,2023,Triple-A,International League,Syracuse Mets,26,1,0.2668262466910375,1.214007856691123,-0.5186977421545824,0.7710655256633909,-1.081180377136634,-1.0177874425027869,-0.426062406244488,663,1.520541669320502,Strikeout-Prone Power Hitters
605361-2023-117,605361,Nick Martini,2023,Triple-A,International League,Louisville Bats,33,1,0.15059886929536903,1.0184988236940962,-0.39962357362666806,1.1461165598988823,0.38029370526561074,-1.293894982732184,-0.6864942853119123,664,1.741603098910158,Strikeout-Prone Power Hitters
675986-2023-117,675986,Canaan Smith-Njigba,2023,Triple-A,International League,Indianapolis Indians,24,3,0.23340925767329243,1.4095168896881538,0.5256452415215885,0.8895026943693356,1.497891532984974,0.4022816483165517,2.562311046953195,665,2.4442778267606897,Power Hitters with Moderate Speed
660620-2023-117,660620,Jonathan Araúz,2023,Triple-A,International League,Syracuse Mets,24,1,0.31043348115211494,1.4050735025745835,-0.26485835607223235,0.5539307163691597,-1.0238676680228203,-1.2186584349172305,-0.8012583425989398,666,1.5115494024421787,Strikeout-Prone Power Hitters
623520-2023-117,623520,David Bote,2023,Triple-A,International League,Iowa Cubs,30,1,0.05737751138259454,-0.07901779335740691,-0.11731923170464914,0.9684608068399653,-0.020895258531084298,-0.7870139620530315,0.16750004834920967,667,1.492849519419176,Strikeout-Prone Power Hitters
693304-2023-117,693304,Nick Gonzales,2023,Triple-A,International League,Indianapolis Indians,24,3,0.1858381558466332,0.13870817520746756,0.5452379902963347,1.521167594134373,1.641173305769508,-0.8796604071993994,-0.10533664743557243,668,1.6808013401081838,Power Hitters with Moderate Speed
689288-2023-117,689288,Matt Koperniak,2023,Triple-A,International League,Memphis Redbirds,25,2,0.20176467241384172,0.4230849504758731,-1.4484223658773865,0.15914015401601148,-0.5367096405554049,-0.6382020506180398,0.9849927527010691,669,1.8000961819451506,Swinging Early Contact Hitters
687588-2023-117,687588,Micah Pries,2023,Triple-A,International League,Columbus Clippers,25,1,0.19634491927836983,0.5874902736779215,-0.25168450574459933,0.8697631662516782,-1.1384930862504474,-0.9016239780050282,0.13399233948451192,670,1.451772473634663,Strikeout-Prone Power Hitters
687823-2023-117,687823,Aaron Shackelford,2023,Triple-A,International League,Indianapolis Indians,26,1,0.36905730832182426,0.39198124068089074,0.9224140315272813,0.6921074131927611,-0.5080532859984981,-0.7150733253246202,-1.5772412823642121,671,0.9854133001631207,Strikeout-Prone Power Hitters
664068-2023-117,664068,Scott Kingery,2023,Triple-A,International League,Lehigh Valley IronPigs,29,1,0.14633190289621997,0.3875378535673224,0.9271243157431629,0.15914015401601148,0.4662627689363311,0.26115393426384864,-1.0768798556962889,672,1.3970963310661801,Strikeout-Prone Power Hitters
670148-2023-117,670148,Nate Mondou,2023,Triple-A,International League,Charlotte Knights,28,1,0.25526402325585845,1.2406681793725371,-0.6816985378715631,0.33679590707492785,0.12238651425344965,-0.5739954486588921,-1.3642334125424125,673,1.6215457474844484,Strikeout-Prone Power Hitters
682515-2023-117,682515,Logan Porter,2023,Triple-A,International League,Omaha Storm Chasers,27,1,0.2427415011297325,0.7607823711071047,0.31392595526911005,-0.057994655278220335,-0.5940223496692185,-1.2296781351367938,-0.426062406244488,674,1.2224492756368264,Strikeout-Prone Power Hitters
578570-2023-117,578570,Juniel Querecuto,2023,Triple-A,International League,Memphis Redbirds,30,1,0.16114067661359482,0.05428382004965917,-0.05736828176240401,0.020963457192409416,0.5522318326070499,-0.4605300934739632,-1.2808769281328816,675,1.4866130413239145,Strikeout-Prone Power Hitters
642020-2023-117,642020,Chuckie Robinson,2023,Triple-A,International League,Louisville Bats,28,2,0.06219111220416304,-0.9676952160711723,-0.7628284579045106,0.23809826648664068,0.5808881871639567,-0.6962881023491411,2.0257856908778784,676,2.258812503396153,Swinging Early Contact Hitters
682177-2023-117,682177,Daniel Schneemann,2023,Triple-A,International League,Columbus Clippers,26,3,0.06194584379033953,0.018736723141108472,-0.43270817075051476,0.41575401954555763,0.2656682870379836,-0.10581882166551657,1.1314581376725013,677,1.4030060258837553,Power Hitters with Moderate Speed
672463-2023-117,672463,Rafael Lantigua,2023,Triple-A,International League,Buffalo Bisons,25,3,0.10124658072286867,0.26756640150096334,-0.7844247785931099,0.297316850839613,1.5552042420987875,0.5664643950428174,1.3313142780696945,678,1.8766709453765114,Power Hitters with Moderate Speed
670113-2023-117,670113,Jim Haley,2023,Triple-A,International League,Lehigh Valley IronPigs,28,3,-0.03354679243134454,-0.05680085778956125,-0.06190436040321832,0.21835873836898378,-0.07820796764489787,0.04413708710306776,0.2998923191606899,679,1.3854064495630405,Power Hitters with Moderate Speed
686531-2023-117,686531,Andre Lipcius,2023,Triple-A,International League,Toledo Mud Hens,25,1,0.16352890320125563,1.9071762464078634,-0.9237030071485595,-0.018515599042905458,-0.020895258531084298,-1.2200863850404704,-0.8012583425989398,680,2.2911391458272954,Strikeout-Prone Power Hitters
664901-2023-117,664901,Danny Mendick,2023,Triple-A,International League,Syracuse Mets,29,2,0.31761740718887194,-0.4966961820328746,-1.5036302493472231,-0.11721323963119265,-0.020895258531084298,-0.2160826449309408,-0.14022969397706628,681,0.9703499124328129,Swinging Early Contact Hitters
687462-2023-117,687462,Spencer Horwitz,2023,Triple-A,International League,Buffalo Bisons,25,3,0.10769208954769001,0.5252828540879548,-1.3795114943241276,0.19861921025132637,2.128331333236923,-0.6677484784011551,-0.35346181986394026,682,2.51509072547028,Power Hitters with Moderate Speed
672279-2023-117,672279,Michael Siani,2023,Triple-A,International League,Memphis Redbirds,23,1,0.07360614500600682,1.3428660829846228,0.06991242872408931,-0.5120038019843411,-0.5367096405554049,0.2942470344160474,0.032459757314121325,683,1.8059673610358666,Strikeout-Prone Power Hitters
687093-2023-117,687093,Vaughn Grissom,2023,Triple-A,International League,Gwinnett Stripers,22,2,0.030844902676196953,-0.634441182553509,-1.5060987518715154,0.4552330757808725,1.8417677876678553,-0.38471758790997396,0.032459757314121325,684,2.518127550694865,Swinging Early Contact Hitters
680700-2023-117,680700,Richie Palacios,2023,Triple-A,International League,Memphis Redbirds,26,2,0.21302709432460387,0.711905112857847,-1.662561379542717,-0.43304568951371164,-1.0238676680228203,-0.3763694195938436,0.9255052359132501,685,2.0394373734010123,Swinging Early Contact Hitters
570560-2023-117,570560,Yolmer Sánchez,2023,Triple-A,International League,Gwinnett Stripers,31,1,0.2350543757421163,1.7916481814550747,-0.20746627524042743,-0.6699200269256006,-0.39342786777087096,-0.9180094233584365,-1.239581450907824,686,2.059868752731977,Strikeout-Prone Power Hitters
669392-2023-117,669392,Samad Taylor,2023,Triple-A,International League,Omaha Storm Chasers,24,4,0.1362721150361554,1.4184036639152906,-0.45394427014053734,0.31705637895727046,1.755798723997135,2.38820572137811,-0.5736483803226189,687,2.6772884010195668,"Fast, Aggressive Contact Hitters "
647351-2023-117,647351,Abraham Toro,2023,Triple-A,International League,Nashville Sounds,26,1,0.052638811773332066,1.1384702757604552,-0.9283260595914984,0.613149300722132,0.810139023619211,-0.6242553341419884,-0.6486690352419712,688,2.0498085853733357,Strikeout-Prone Power Hitters
657088-2023-117,657088,Forrest Wall,2023,Triple-A,International League,Gwinnett Stripers,27,4,0.21047186528163991,1.4894978577323958,-0.23031538521079561,-0.018515599042905458,1.1253589237451858,2.880998269189993,0.588611391124948,689,2.3865714192502065,"Fast, Aggressive Contact Hitters "
669364-2023-117,669364,Xavier Edwards,2023,Triple-A,International League,Jacksonville Jumbo Shrimp,23,2,0.08179338822118934,-2.0785419944633805,-2.6802337112032184,-0.8475757799845173,1.497891532984974,1.1220986641460438,0.06647388204094307,690,3.266552196176398,Swinging Early Contact Hitters
664670-2023-117,664670,Alejo Lopez,2023,Triple-A,International League,Louisville Bats,27,2,0.1438815123888291,0.289783337068807,-1.5850642896109743,-0.5909619144549711,0.6382008962777702,-0.16264704023494245,0.7438317783925644,691,1.8167824892399989,Swinging Early Contact Hitters
665922-2023-117,665922,Símon Muzziotti,2023,Triple-A,International League,Lehigh Valley IronPigs,24,4,0.01995385708541634,-0.634441182553509,-1.2842632864728016,-0.7883571956315449,0.8961080872899314,0.8147620510906732,1.1314581376725013,692,1.7659993983428617,"Fast, Aggressive Contact Hitters "
677587-2023-117,677587,Brayan Rocchio,2023,Triple-A,International League,Columbus Clippers,22,2,0.17336484266184424,-0.2345363423323147,-1.8026638177089824,-0.1369527677488501,0.007761096025822493,0.4365406123075081,0.06647388204094307,693,1.4820457866047652,Swinging Early Contact Hitters
686765-2023-117,686765,Nick Sogard,2023,Triple-A,International League,Worcester Red Sox,25,4,-0.05015703570028206,0.6363675319271753,-1.0034365095879005,-0.4527852176313691,0.12238651425344965,0.21749079746141695,-0.317452190621751,694,1.7370312543384367,"Fast, Aggressive Contact Hitters "
677954-2023-117,677954,Jordan Groshans,2023,Triple-A,International League,Jacksonville Jumbo Shrimp,23,2,0.2694422159843172,0.0809441427310712,-0.9624671732262265,-1.202887286102351,-0.5653659951123117,-1.3685926284856165,0.8955637700886011,695,1.749416120606696,Swinging Early Contact Hitters
671088-2023-117,671088,Tanner Morris,2023,Triple-A,International League,Buffalo Bisons,25,3,0.12564325443074195,0.6141505963593316,-0.5886987078982007,-0.689659555043258,1.0967025691882788,-1.2172027574453443,1.1024181381575964,696,1.8786304904374425,Power Hitters with Moderate Speed
668723-2023-117,668723,Ryan Vilade,2023,Triple-A,International League,Indianapolis Indians,24,3,0.22921418693291729,0.24979285304668797,0.2533735219256952,-0.7291386112785729,1.5838605966556942,-0.7043879016784448,0.06647388204094307,697,1.4381557200430124,Power Hitters with Moderate Speed
570481-2023-117,570481,Erik González,2023,Triple-A,International League,Charlotte Knights,31,2,0.1132888718324621,-1.7541747351728558,-0.36164990914357037,-1.1831477579846936,0.8387953781761178,-0.9289000171457111,2.4201628602425984,698,2.9129683317058723,Swinging Early Contact Hitters
663968-2023-117,663968,Jake Mangum,2023,Triple-A,International League,Jacksonville Jumbo Shrimp,27,2,0.19746847887845673,-1.88747634857992,-0.9222619558104909,-0.4133061613960542,1.2686406965297197,-0.06403446772466878,0.8654889342656548,699,2.0904272864676825,Swinging Early Contact Hitters
678545-2023-117,678545,Osleivis Basabe,2023,Triple-A,International League,Durham Bulls,22,2,0.14568622272270332,-1.2209682815445955,-1.2785445403011872,-0.3540875770430819,0.9247644418468381,0.20175636371603037,1.5527042588111415,700,2.0712906931705017,Swinging Early Contact Hitters
671117-2023-117,671117,Darren Baker,2023,Triple-A,International League,Rochester Red Wings,24,4,0.002377968627576219,0.01429333602754013,-1.0377444782892646,-1.5976778484554994,0.4949191234932379,0.25888543073912795,2.323707084407349,701,2.657773976858064,"Fast, Aggressive Contact Hitters "
686490-2023-117,686490,Cam Eden,2023,Triple-A,International League,Buffalo Bisons,25,4,0.24308030267790792,0.35643414377234006,0.24181568772087278,-1.4200220953965825,1.0967025691882788,2.274472615110821,1.633889078373057,702,2.0257109563083646,"Fast, Aggressive Contact Hitters "
621006-2023-117,621006,Richie Martin Jr.,2023,Triple-A,International League,Rochester Red Wings,28,4,0.15390629498933928,1.333979308757482,0.15224124394807323,-1.0054920049257767,-0.5367096405554049,1.0994038082850035,-0.0017265915630683638,703,1.6797036530036094,"Fast, Aggressive Contact Hitters "
670298-2023-117,670298,Kramer Robertson,2023,Triple-A,International League,Memphis Redbirds,28,4,0.07185396842346717,1.7116672134108366,-0.12373733826780926,-1.8148126577497312,-1.0238676680228203,0.24022406455408854,1.0439607212235713,704,2.789092782800293,"Fast, Aggressive Contact Hitters "
691503-2023-117,691503,Yolbert Sanchez,2023,Triple-A,International League,Charlotte Knights,26,2,0.28421497982234734,-1.016572474320428,-1.0558050610638074,-1.6963754890437865,0.2656682870379836,-0.5387542530818517,0.588611391124948,705,1.4762008783364506,Swinging Early Contact Hitters
693850-2023-118,693850,Kala'i Rosario,2023,High-A,Midwest League,Cedar Rapids Kernels,20,3,-0.01831259093538658,1.0051686623533893,1.033943770105968,1.3435118410754567,0.6955136053915838,-1.1341084246298003,-0.38966453115080063,706,1.8449299214474006,Power Hitters with Moderate Speed
676002-2023-118,676002,Juan Carlos Negret,2023,High-A,Midwest League,Quad Cities River Bandits,24,1,0.311450449547257,0.2142457561381373,0.5948416185342715,0.6328888288397889,-1.74027653194549,-1.1008978329714523,-1.1171891663412536,707,1.4723313125782256,Strikeout-Prone Power Hitters
805346-2023-118,805346,Ben Ross,2023,High-A,Midwest League,Cedar Rapids Kernels,22,1,0.34247603067455634,-0.12789505160666265,0.3400656578992828,1.3237723129577992,-0.794616831567566,-0.6935391683282034,-1.6643623553734188,708,1.3277643088429048,Strikeout-Prone Power Hitters
680918-2023-118,680918,Brady Allen,2023,High-A,Midwest League,West Michigan Whitecaps,23,3,0.09319820669929263,0.5075093056336815,0.1879172398737109,1.225074672369512,0.2943246415948904,-0.9987908386134067,0.588611391124948,709,1.3860497012593183,Power Hitters with Moderate Speed
702140-2023-118,702140,Ruben Ibarra,2023,High-A,Midwest League,Dayton Dragons,24,1,0.12476349456591763,-0.003480212426735216,0.1756146469542086,1.08689797554591,-1.0238676680228203,-1.291111216724003,0.5571344600880327,710,1.8943967582186965,Strikeout-Prone Power Hitters
680756-2023-118,680756,Mat Nelson,2023,High-A,Midwest League,Dayton Dragons,24,1,0.326551549144148,0.09871769118534654,0.7270144245686554,1.0474189193105952,-1.482369340933329,-0.8587242876425064,-0.6110545118922478,711,1.271621401625043,Strikeout-Prone Power Hitters
687210-2023-118,687210,Nathan Martorella,2023,High-A,Midwest League,Fort Wayne TinCaps,22,2,0.08012914086880245,-0.2567532779001604,-0.8662046347824439,0.8500236381340207,-0.7373041224537524,-0.8562812770116428,0.20084228637246188,712,1.598584431626267,Swinging Early Contact Hitters
691181-2023-118,691181,Emmanuel Rodriguez,2023,High-A,Midwest League,Cedar Rapids Kernels,20,3,-0.023151897948816048,1.8582989881586058,1.0057788882048109,1.481688537899058,0.5808881871639567,0.2995189898325987,-0.24600401618243073,713,2.2265666303073837,Power Hitters with Moderate Speed
665989-2023-118,665989,Shervyen Newton,2023,High-A,Midwest League,Quad Cities River Bandits,24,3,-0.009235795779303009,0.8540935004920498,1.5070930179449933,1.225074672369512,-0.39342786777087096,-1.0296082888574276,0.7130718642393058,714,2.063869408828442,Power Hitters with Moderate Speed
687221-2023-118,687221,Dalton Rushing,2023,High-A,Midwest League,Great Lakes Loons,22,1,0.2533820830795857,0.6674712417221557,0.18074370144116236,1.5014280660167156,-1.0238676680228203,-1.2868461801272473,-0.0017265915630683638,715,1.6377777485856395,Strikeout-Prone Power Hitters
690988-2023-118,690988,Austin Hendrick,2023,High-A,Midwest League,Dayton Dragons,22,1,0.2301916573581687,-0.634441182553509,2.053567998711201,-0.33434804892542447,-0.39342786777087096,0.04920843473475585,-2.259820980583694,716,2.6592115286527944,Strikeout-Prone Power Hitters
690291-2023-118,690291,Jace Jung,2023,High-A,Midwest League,West Michigan Whitecaps,22,1,0.3048048302078728,0.8052162422427921,-0.10269436592957958,1.2448142004871694,-0.2501460949863386,-0.8614879237994254,-0.8788659726686607,717,1.0632088114869447,Strikeout-Prone Power Hitters
695490-2023-118,695490,Edwin Arroyo,2023,High-A,Midwest League,Dayton Dragons,19,2,0.13602011597649155,-1.212081507317457,-0.3815433041475533,0.613149300722132,-0.42208422232777776,0.6112539666942766,-0.317452190621751,718,1.632811008269807,Swinging Early Contact Hitters
674976-2023-118,674976,Griffin Lockwood-Powell,2023,High-A,Midwest League,Great Lakes Loons,25,1,0.2908339710533814,2.133788989199871,-0.20944749553532652,0.9882003349576227,-0.8805858952382863,-1.2110859694798755,-1.0368097708553274,719,2.0306334194217848,Strikeout-Prone Power Hitters
805300-2023-118,805300,Jakob Marsee,2023,High-A,Midwest League,Fort Wayne TinCaps,22,4,0.10842865425209519,0.9251876943091512,-1.1247175853177733,0.08018204154538174,0.036417450582729285,1.6094557487621204,-0.9969760890703109,720,2.036900352593054,"Fast, Aggressive Contact Hitters "
679788-2023-118,679788,Jack Rogers,2023,High-A,Midwest League,Dayton Dragons,24,3,0.3251686460791365,0.2009155947974303,1.7060328285808528,1.0474189193105952,2.042362269566203,0.07882501074251266,1.4429166450724902,721,1.958484495670053,Power Hitters with Moderate Speed
682634-2023-118,682634,Kevin Alcántara,2023,High-A,Midwest League,South Bend Cubs,20,3,0.1983625336484517,-0.7010919892570421,0.07682849183094247,0.6526283569574464,1.1826716328589992,0.050906986092292494,1.217836153455557,722,1.4465427063970269,Power Hitters with Moderate Speed
699625-2023-118,699625,Jimmy Crooks,2023,High-A,Midwest League,Peoria Chiefs,21,2,0.030264731483371197,-0.9499216676168949,-0.34877472247923924,0.27757732272195557,0.4949191234932379,-1.1730668958952373,1.633889078373057,723,2.11940829806322,Swinging Early Contact Hitters
688457-2023-118,688457,Gavin Cross,2023,High-A,Midwest League,Quad Cities River Bandits,22,1,0.261227656327957,0.5297262412015251,0.7297762188109096,0.5736702444868171,-1.4250566318195155,0.5626017726827164,-0.14022969397706628,724,1.4669417161812286,Strikeout-Prone Power Hitters
691789-2023-118,691789,Izaac Pacheco,2023,High-A,Midwest League,West Michigan Whitecaps,20,1,0.30666903242488824,0.9873951138991158,1.3405511473035516,-0.1369527677488501,-0.5653659951123117,-0.9417946372024043,-1.5772412823642121,725,1.6074544183801105,Strikeout-Prone Power Hitters
678577-2023-118,678577,Junior Perez,2023,High-A,Midwest League,Lansing Lugnuts,21,4,0.0016207013354045798,1.1295835015333147,1.1654168248496866,0.1196610977806966,0.5808881871639567,1.6440038830958468,-1.0768798556962889,726,2.412695720355991,"Fast, Aggressive Contact Hitters "
682679-2023-118,682679,Dayan Frias,2023,High-A,Midwest League,Lake County Captains,21,2,0.04215970846010179,-0.27897021346800405,-0.39250565467218235,0.3565354351925853,-0.07820796764489787,-0.5162444843860384,-0.24600401618243073,727,1.2376095458496308,Swinging Early Contact Hitters
669336-2023-118,669336,Joe Gray Jr.,2023,High-A,Midwest League,Wisconsin Timber Rattlers,23,1,0.17514177967589248,0.1564817236617429,0.05421925280162873,-0.37382710516073936,-0.16417703131561825,0.2877037776464392,-1.4063007727946546,728,1.4456232208477813,Strikeout-Prone Power Hitters
695600-2023-118,695600,Carter Jensen,2023,High-A,Midwest League,Quad Cities River Bandits,19,1,0.31803232253736885,1.187347534009713,0.13744214913644073,0.09992156966303917,-1.2817748590349813,-0.6245513213879756,-0.7245326365063858,729,1.1993261757439686,Strikeout-Prone Power Hitters
701618-2023-118,701618,Damon Keith,2023,High-A,Midwest League,Great Lakes Loons,23,3,0.1499113397212923,0.1564817236617429,1.6288151087909895,-0.07773418339587777,0.6095445417208635,-0.8752404973836069,0.10031750918619461,730,1.4161455380503665,Power Hitters with Moderate Speed
691024-2023-118,691024,Cayden Wallace,2023,High-A,Midwest League,Quad Cities River Bandits,21,3,4.395075700665354e-4,-0.3633945686258105,-0.21970902519356736,0.4354935476632151,0.20835557792417,0.12521925116598637,0.7744521913220743,731,1.4129191559240533,Power Hitters with Moderate Speed
690976-2023-118,690976,Alex Freeland,2023,High-A,Midwest League,Great Lakes Loons,21,4,0.08725130746025252,1.080706243284057,0.8365422716974085,-0.5120038019843411,0.5808881871639567,1.1640446405694935,-0.38966453115080063,732,1.7093866274032965,"Fast, Aggressive Contact Hitters "
681142-2023-118,681142,Justice Thompson,2023,High-A,Midwest League,Dayton Dragons,22,3,0.13950769031441557,0.9562914041041355,1.087395207343741,0.21835873836898378,1.1540152783020925,-0.27968517926810194,-0.38966453115080063,733,1.2783481852230663,Power Hitters with Moderate Speed
672613-2023-118,672613,Eliezer Alfonzo,2023,High-A,Midwest League,West Michigan Whitecaps,23,2,0.3190436158903345,-1.1365439263867871,-2.654014919402242,-0.8080967237492024,-1.3104312135918883,-1.3685926284856165,-0.24600401618243073,734,2.3607634104223,Swinging Early Contact Hitters
682997-2023-118,682997,Tyler Callihan,2023,High-A,Midwest League,Dayton Dragons,23,2,0.1256856036663111,-1.149874087727494,-0.006359214881157353,-0.1961713521018224,-0.336115158657059,0.5917520945806262,-0.4994521448894528,735,1.4660930379926278,Swinging Early Contact Hitters
695780-2023-118,695780,Jake Fox,2023,High-A,Midwest League,Lake County Captains,20,1,0.16455652698255024,-0.039027309335285906,-0.09292192596124618,-0.11721323963119265,0.2943246415948904,-0.4193725481256162,-1.6643623553734188,736,1.5785713737000042,Strikeout-Prone Power Hitters
695653-2023-118,695653,Noah Miller,2023,High-A,Midwest League,Cedar Rapids Kernels,20,2,0.18368195788086475,0.10316107829891687,-0.45379395905389236,-0.6107014425726283,-1.1671494408073542,-0.4916955276565024,0.3651275075977309,737,1.3322620885021481,Swinging Early Contact Hitters
691001-2023-118,691001,Robert Moore,2023,High-A,Midwest League,Wisconsin Timber Rattlers,21,2,0.09251411245902674,-0.23009295521874637,-0.6746343181340795,-0.37382710516073936,-0.9092422497951932,0.7201944690435056,-0.38966453115080063,738,1.4570260369071741,Swinging Early Contact Hitters
804588-2023-118,804588,Bubba Alleyne,2023,High-A,Midwest League,Great Lakes Loons,24,1,0.0958367355371196,-0.025697147994578905,0.3791739969051807,-0.4922642738666837,-1.6256511137178629,1.0200386923250693,-1.0368097708553274,739,2.125909915691908,Strikeout-Prone Power Hitters
683494-2023-118,683494,Euribiel Angeles,2023,High-A,Midwest League,Lansing Lugnuts,21,2,0.22354629308109392,-3.380454418739047,-1.6057013416769976,-0.5909619144549711,-0.336115158657059,0.38472631424078907,1.217836153455557,740,2.9349099148173727,Swinging Early Contact Hitters
684222-2023-118,684222,Jorge Burgos,2023,High-A,Midwest League,Lake County Captains,20,2,0.07001789855269752,0.39198124068089074,-0.09858529903380348,-0.5909619144549711,-0.36477151321396417,-1.1167507307511018,0.2670368310730256,741,1.6564606480327908,Swinging Early Contact Hitters
702472-2023-118,702472,Austin Callahan,2023,High-A,Midwest League,Dayton Dragons,22,3,0.04641283466286073,-0.9810253774118773,0.896709753629166,0.49471213201618736,1.1540152783020925,-1.0605777573332882,-0.8399506518043474,742,2.170767839483462,Power Hitters with Moderate Speed
690903-2023-118,690903,Lucas Dunn,2023,High-A,Midwest League,Fort Wayne TinCaps,24,4,0.0639813084812151,0.3742076922266154,0.3542709115040809,-0.7686176675138878,-0.22148974042943181,0.2798450463793946,0.16750004834920967,743,1.396684935937296,"Fast, Aggressive Contact Hitters "
672861-2023-118,672861,Carlos Luis,2023,High-A,Midwest League,Fort Wayne TinCaps,23,2,0.1784009879883632,-0.31007392326298444,-0.38548134894416947,-0.7488781393962304,-0.794616831567566,-1.3685926284856165,1.845727300815821,744,2.1620452958666987,Swinging Early Contact Hitters
687152-2023-118,687152,Darrien Miller,2023,High-A,Midwest League,Wisconsin Timber Rattlers,22,1,0.1546067010655948,0.8363199520377724,-0.4705221283740384,-0.23565040833713727,-1.0525240225797272,-0.9522145849903112,-0.6864942853119123,745,1.5031846767803114,Strikeout-Prone Power Hitters
691740-2023-118,691740,Daniel Susac,2023,High-A,Midwest League,Lansing Lugnuts,22,3,0.16028534406168307,-0.5455734402821323,-0.301409312638216,-0.27512946457245213,1.9850495604523894,-0.765940982687785,2.4201628602425984,746,2.5549746982840733,Power Hitters with Moderate Speed
694976-2023-118,694976,Osvaldo Tovalin,2023,High-A,Midwest League,Peoria Chiefs,23,2,0.34261005013976514,-1.6030995733115143,-1.0396259358003075,-0.5909619144549711,-1.0238676680228203,-0.6409906456207778,1.4705313644613693,747,1.6873885710240297,Swinging Early Contact Hitters
805891-2023-118,805891,Taylor Young,2023,High-A,Midwest League,Great Lakes Loons,24,4,0.17444079208846905,1.702780439183696,-0.4508252461426179,-0.6107014425726283,-0.07820796764489787,1.94008758084676,-0.6864942853119123,748,2.09874825592504,"Fast, Aggressive Contact Hitters "
691558-2023-118,691558,Yeiner Fernandez,2023,High-A,Midwest League,Great Lakes Loons,20,2,0.31996282722799485,0.03651027159538382,-1.6975074637724739,-0.9067943643374896,-0.2501460949863386,-0.9394172472173746,0.6511284070260079,749,1.5309814087722569,Swinging Early Contact Hitters
691788-2023-118,691788,Joe Mack,2023,High-A,Midwest League,Beloit Sky Carp,20,2,0.22242939736373044,-0.43004537532934156,0.025231636135557917,-1.5581987922201848,-0.9092422497951932,-1.3685926284856165,1.2463849887118086,750,2.1480152141420907,Swinging Early Contact Hitters
682818-2023-118,682818,Yohendrick Piñango,2023,High-A,Midwest League,South Bend Cubs,21,2,0.2349285695839696,-0.2700834392408654,-1.1299473250775847,-0.9067943643374896,-0.7659604770106593,0.08864976058417692,-0.8012583425989398,751,1.3591744786390707,Swinging Early Contact Hitters
701817-2023-118,701817,River Town,2023,High-A,Midwest League,Quad Cities River Bandits,23,2,0.10370973210181843,-0.5100263433735815,-1.2927496051291065,-1.0252315330434343,-0.07820796764489787,0.6604970021758787,0.3325887001451288,752,1.3152604807651376,Swinging Early Contact Hitters
805834-2023-118,805834,Javi Vaz,2023,High-A,Midwest League,Quad Cities River Bandits,22,2,0.0660166322916015,0.791886080902085,-2.4643612524099456,-0.551482858219656,-0.8232731861244728,0.8044629492731514,-0.5736483803226189,753,2.719633759575688,Swinging Early Contact Hitters
691449-2023-118,691449,Roberto Campos,2023,High-A,Midwest League,West Michigan Whitecaps,20,2,0.23873920033181986,-1.2965058624752652,-0.24094130582955978,-0.17643182398416496,0.2370119324810768,-0.868267691254189,0.49373690998719866,754,1.1942911190332475,Swinging Early Contact Hitters
691268-2023-118,691268,Yiddi Cappe,2023,High-A,Midwest League,Beloit Sky Carp,20,2,0.2838344731787788,-2.242947317665427,-0.6996905578349719,-1.1831477579846936,-1.3964002772626085,0.16407030163520464,-0.38966453115080063,755,1.999325146603655,Swinging Early Contact Hitters
802407-2023-118,802407,Joe Lampe,2023,High-A,Midwest League,Lake County Captains,22,2,0.22474757179273303,-0.2834136005815724,-0.6407514780779257,-1.0054920049257767,-0.7086477678968457,0.0914560129885364,-0.14022969397706628,756,1.006370234850728,Swinging Early Contact Hitters
690902-2023-118,690902,Ben Metzinger,2023,High-A,Midwest League,Wisconsin Timber Rattlers,24,3,0.06442576013119315,1.5916957613444775,1.379383218824278,-1.0647105892787492,0.953420796403745,-1.2855399770237772,-0.5736483803226189,757,2.5225445653659766,Power Hitters with Moderate Speed
681868-2023-118,681868,Ezequiel Pagan,2023,High-A,Midwest League,South Bend Cubs,22,2,0.0720799830035582,-0.185659084083059,-1.296276037306667,-0.8673153081021747,1.1253589237451858,0.19104495980089164,0.2998923191606899,758,1.8357498185858834,Swinging Early Contact Hitters
695370-2023-118,695370,Thomas Francisco,2023,High-A,Midwest League,Peoria Chiefs,24,2,0.33048208771768456,-1.4609111856773116,-1.1635860944198995,-1.0252315330434343,-1.339087568148795,-0.8123899485712033,-0.6486690352419712,759,1.5969655328831283,Swinging Early Contact Hitters
691191-2023-118,691191,Jose Salas,2023,High-A,Midwest League,Cedar Rapids Kernels,20,2,0.04893543235858534,-1.4697979599044484,0.45337466317763175,-1.301584926690638,-1.7116201773885833,1.1276394391792457,-0.24600401618243073,760,2.602770471703547,Swinging Early Contact Hitters
682618-2023-118,682618,Misael Urbina,2023,High-A,Midwest League,Cedar Rapids Kernels,21,1,0.16692655313251767,0.831876564924206,0.5157366287654931,-0.9265338924551471,-1.8835583047300233,-0.6946738003347235,-0.6486690352419712,761,2.101166737837988,Strikeout-Prone Power Hitters
679751-2023-118,679751,Danny Bautista Jr.,2023,High-A,Midwest League,Lansing Lugnuts,22,2,0.20697390224411294,-1.7408445738321487,-2.160303889283179,-1.5581987922201848,-0.5080532859984981,0.7260832559857779,-0.317452190621751,762,2.244404971672505,Swinging Early Contact Hitters
681433-2023-118,681433,Noah Cardenas,2023,High-A,Midwest League,Cedar Rapids Kernels,23,3,0.12922209422650546,1.2895454376217907,-0.48029881399892416,-0.7488781393962304,1.068046214631372,-0.23442210573133562,0.13399233948451192,763,1.8262406612330533,Power Hitters with Moderate Speed
701675-2023-118,701675,Nathan Church,2023,High-A,Midwest League,Peoria Chiefs,22,2,0.1869318818319573,-1.069893119683254,-1.9184530442016612,-1.3213244548082954,0.12238651425344965,0.5574567999427881,-0.2105614703409355,764,1.7573464621981478,Swinging Early Contact Hitters
692405-2023-118,692405,Jeremy Rivas,2023,High-A,Midwest League,Peoria Chiefs,20,2,0.04458997405558125,0.2275759174788443,-0.16517875481801503,-1.5779383203378419,-1.2531185044780746,0.4369035829043189,-0.4994521448894528,765,2.145482861823123,Swinging Early Contact Hitters
691949-2023-118,691949,Jake Vogel,2023,High-A,Midwest League,Great Lakes Loons,21,4,0.07799697465119244,-0.11456489026595564,0.423173761383894,-1.1634082298670363,0.17969922336726324,0.7780976295614372,-1.239581450907824,766,1.860081154721262,"Fast, Aggressive Contact Hitters "
678648-2023-118,678648,Herard Gonzalez,2023,High-A,Midwest League,Quad Cities River Bandits,22,2,0.13172371619357032,0.07650075561750286,0.19034021695066175,-1.400282567278925,-0.794616831567566,-0.3888392098273381,-0.036086917519480406,767,1.724201644815839,Swinging Early Contact Hitters
687783-2023-118,687783,Matthew Wood,2023,High-A,Midwest League,Wisconsin Timber Rattlers,22,2,0.2562450957956053,0.10760446541248521,-1.411358855821459,-2.0911660513969346,-0.7373041224537524,-1.110498033814492,-0.4626575607572777,768,2.2226900264666885,Swinging Early Contact Hitters
702112-2023-126,702112,Hogan Windish,2023,High-A,Northwest League,Everett AquaSox,24,3,0.27126747653224237,0.44085849893014845,1.2188112801985267,1.7383024034286048,1.4119224693142536,-0.618723116067117,1.0439607212235713,769,1.7076762518219388,Power Hitters with Moderate Speed
683103-2023-126,683103,Cade Doughty,2023,High-A,Northwest League,Vancouver Canadians,22,3,0.07016400926231987,-0.132338438720231,1.0493835547626267,0.9289817506046505,0.9820771509606517,-0.9303711014730833,-0.4626575607572777,770,1.551192906587927,Power Hitters with Moderate Speed
692348-2023-126,692348,Aeverson Arteaga,2023,High-A,Northwest League,Eugene Emeralds,20,2,0.016093358628398342,-1.4653545727908799,0.14250829113800653,0.5144516601338448,-0.8232731861244728,-0.8025834044484127,-0.9969760890703109,771,2.0188812860254584,Swinging Early Contact Hitters
678681-2023-126,678681,Luis Toribio,2023,High-A,Northwest League,Eugene Emeralds,22,3,0.06466116995954262,0.765225758220675,0.6349077821833923,1.0474189193105952,-0.7373041224537524,-1.2929895558415034,1.633889078373057,772,2.361091109533324,Power Hitters with Moderate Speed
695670-2023-126,695670,Harry Ford,2023,High-A,Northwest League,Everett AquaSox,20,1,0.15807790740918784,1.72944076186511,-0.6455647413382392,0.49471213201618736,-0.13552067675871146,0.3554388233369553,-0.35346181986394026,773,1.8854518903044957,Strikeout-Prone Power Hitters
687529-2023-126,687529,Grant McCray,2023,High-A,Northwest League,Eugene Emeralds,22,4,0.041472693163579856,0.6052638221321949,0.9780009887130064,0.27757732272195557,1.2972970510866264,1.7780540918318788,-0.0017265915630683638,774,1.9891610772224253,"Fast, Aggressive Contact Hitters "
684855-2023-126,684855,Jared Dupere,2023,High-A,Northwest League,Eugene Emeralds,24,3,0.21063533086631422,-1.0387894098882717,2.4066666651413433,0.6526283569574464,2.15698768779383,-0.3511340615739472,-0.0017265915630683638,775,2.69678543630366,Power Hitters with Moderate Speed
683447-2023-126,683447,Gabriel Martinez,2023,High-A,Northwest League,Vancouver Canadians,20,2,0.3179645350063236,-0.9588084418440336,-1.110807744968096,-0.314608520807767,-1.2817748590349813,-1.0913796726069096,0.06647388204094307,776,1.2280648739175157,Swinging Early Contact Hitters
668756-2023-126,668756,Ben Ramirez,2023,High-A,Northwest League,Everett AquaSox,24,3,0.1272137527102488,-0.28785698769514073,0.5685528078708041,-0.2948689926901096,0.5808881871639567,-0.9048479912603357,0.13399233948451192,777,1.2474074910820574,Power Hitters with Moderate Speed
696521-2023-126,696521,Garrett Spain,2023,High-A,Northwest League,Vancouver Canadians,22,1,0.31639188432251986,0.14759494943460622,0.6574830097889693,1.08689797554591,-0.10686432220180467,-0.4451098803041203,-1.239581450907824,778,0.8843028198329261,Strikeout-Prone Power Hitters
684715-2023-126,684715,Nic Kent,2023,High-A,Northwest League,Spokane Indians,23,2,0.31308244503424904,-1.203194733090318,-1.3376884151813082,0.13940062589835403,-0.22148974042943181,-0.4255239426915794,-0.4994521448894528,779,1.106287225827454,Swinging Early Contact Hitters
695603-2023-126,695603,Benny Montgomery,2023,High-A,Northwest League,Spokane Indians,20,3,0.13525887155577732,0.329773821090928,0.6313909942891016,-0.5712223863373137,0.7814826690623042,0.04223554433290786,3.3783640715594294,780,2.930887685493378,Power Hitters with Moderate Speed
691269-2023-126,691269,Adrian Placencia,2023,High-A,Northwest League,Tri-City Dust Devils,20,4,0.01949252388760155,0.7829993066749483,0.7206448064479368,-0.5909619144549711,-0.2501460949863386,0.8263206488258723,-0.35346181986394026,781,1.5675389947996565,"Fast, Aggressive Contact Hitters "
672018-2023-126,672018,Dasan Brown,2023,High-A,Northwest League,Vancouver Canadians,21,4,0.1252328001139036,-0.11012150315238729,0.2862313477051036,-1.0054920049257767,-0.7373041224537524,1.0290390089862311,-0.38966453115080063,782,1.3848389180727243,"Fast, Aggressive Contact Hitters "
682648-2023-126,682648,Juan Guerrero,2023,High-A,Northwest League,Spokane Indians,21,2,0.3435434840616473,-0.7321956990520224,-1.4665420106010933,-0.5909619144549711,-0.6799914133399388,-0.054634405755470884,-0.14022969397706628,783,0.822759397370991,Swinging Early Contact Hitters
690956-2023-126,690956,Werner Blakely,2023,High-A,Northwest League,Tri-City Dust Devils,21,3,0.06240308139719428,1.7960915685686452,2.1809463821396684,-0.5909619144549711,1.0967025691882788,0.49261797381639433,-0.6864942853119123,784,2.7767236054258246,Power Hitters with Moderate Speed
679741-2023-126,679741,Wilderd Patiño,2023,High-A,Northwest League,Hillsboro Hops,21,4,0.13415372449300791,-0.6477713438942141,0.7785855499270217,-1.3608035110436103,1.8131114331109486,2.3585943032438808,2.6322784034287765,785,3.247303917291226,"Fast, Aggressive Contact Hitters "
688460-2023-126,688460,Josh Kasevich,2023,High-A,Northwest League,Vancouver Canadians,22,2,0.3064360997371086,-0.8566105382319499,-2.0621563374676537,-1.3213244548082954,-0.04955161308799109,-0.3276197909068034,0.3975102530239391,786,1.536715284172291,Swinging Early Contact Hitters
677610-2023-126,677610,D'Shawn Knowles,2023,High-A,Northwest League,Tri-City Dust Devils,22,3,0.03881894620667544,0.005406561800401471,0.4031391402327417,-0.7686176675138878,0.8387953781761178,0.49168941635906416,1.4705313644613693,787,1.654943121129987,Power Hitters with Moderate Speed
682643-2023-126,682643,Alexander Ramirez,2023,High-A,Northwest League,Tri-City Dust Devils,20,3,0.14131282902695583,-0.6611015052349211,2.156343222957831,-0.8475757799845173,2.3862385242490842,0.5771267708696249,0.7744521913220743,788,2.7855706921829775,Power Hitters with Moderate Speed
680396-2023-126,680396,Joe Stewart,2023,High-A,Northwest League,Tri-City Dust Devils,25,4,0.2517811852723606,-0.2700834392408654,0.41957148952093326,-1.2818453985729807,0.5522318326070499,1.5051012692080734,1.1314581376725013,789,1.2539449596050856,"Fast, Aggressive Contact Hitters "
691186-2023-126,691186,Arol Vera,2023,High-A,Northwest League,Tri-City Dust Devils,20,2,0.12578537084704267,-0.714422150597747,0.4523890299018029,-1.6174173765731568,-0.020895258531084298,-0.43011904037810117,1.217836153455557,790,2.0564721590597066,Swinging Early Contact Hitters
663550-2023-112,663550,Trey Cabbage,2023,Triple-A,Pacific Coast League,Salt Lake Bees,26,3,0.15485516041892383,-0.4122718268750662,1.0887973510380635,2.7844973936644486,2.3575821696921775,0.8531376476340534,0.06647388204094307,791,3.252967047920628,Power Hitters with Moderate Speed
676595-2023-112,676595,Jake Scheiner,2023,Triple-A,Pacific Coast League,Tacoma Rainiers,27,1,0.17607613378131623,1.4184036639152906,0.1516145210648714,2.1528324938994103,-0.7373041224537524,-0.9763075543099252,0.20084228637246188,792,2.19226354621714,Strikeout-Prone Power Hitters
673995-2023-112,673995,Davis Wendzel,2023,Triple-A,Pacific Coast League,Round Rock Express,26,1,0.35344021449831603,0.778555919561382,0.04551528910620161,1.837000044016892,-1.5110256954902357,-1.0283755941255124,-1.6206613000343013,793,1.926457127534861,Strikeout-Prone Power Hitters
683737-2023-112,683737,Michael Busch,2023,Triple-A,Pacific Coast League,Oklahoma City Dodgers,25,3,-0.011420139677497656,0.4275283375894414,-0.7433104185387513,2.902934562370393,1.2686406965297197,-1.103739637968119,-0.4994521448894528,794,3.229372030801923,Power Hitters with Moderate Speed
676113-2023-112,676113,Zach DeLoach,2023,Triple-A,Pacific Coast League,Tacoma Rainiers,24,3,0.10849131801412629,0.19647220768386195,0.7305507624545794,0.9289817506046505,1.9563932058954825,-0.8227572563315549,-1.0368097708553274,795,2.101679158153633,Power Hitters with Moderate Speed
660758-2023-112,660758,Sandro Fabian,2023,Triple-A,Pacific Coast League,Round Rock Express,25,2,0.09030867431785612,-1.0387894098882717,-1.3405864242334053,1.6988233471932899,-0.42208422232777776,-0.8562812770116428,-0.1753040039111537,796,2.3348939833498714,Swinging Early Contact Hitters
642137-2023-112,642137,Cody Thomas,2023,Triple-A,Pacific Coast League,Las Vegas Aviators,28,3,0.1387518558396546,-0.11012150315238729,-0.48601725276064955,2.23179060637004,0.7528263145053974,-1.0433941427806916,1.0732526954909305,797,2.420523825617676,Power Hitters with Moderate Speed
670092-2023-112,670092,Trenton Brooks,2023,Triple-A,Pacific Coast League,Sacramento River Cats,27,1,0.05679174881855643,0.0942743040717782,-1.4045975151890937,1.6198652347226603,-0.3074588041001522,-0.9539544876315175,-0.2816335947938824,798,2.284334028516452,Strikeout-Prone Power Hitters
688760-2023-112,688760,Blaine Crim,2023,Triple-A,Pacific Coast League,Round Rock Express,26,1,0.07151212779973375,0.040953658708954135,-0.8052476228095479,1.363251369193114,0.38029370526561074,-1.315053984963447,-0.24600401618243073,799,2.1043714596422816,Strikeout-Prone Power Hitters
663796-2023-112,663796,Coco Montes,2023,Triple-A,Pacific Coast League,Albuquerque Isotopes,26,3,0.18572236896320787,9.631746868331273e-4,0.3823056792121184,1.6988233471932899,2.5295202970336184,-0.34004880176910035,-0.4994521448894528,800,2.4096875361368877,Power Hitters with Moderate Speed
694175-2023-112,694175,Pedro León,2023,Triple-A,Pacific Coast League,Sugar Land Space Cowboys,25,3,0.101385659221555,0.7341220484256946,0.8287369867969026,0.8302841100163633,0.17969922336726324,0.1424556191085902,0.5571344600880327,801,1.1217261281372273,Power Hitters with Moderate Speed
669899-2023-112,669899,Ryan Ward,2023,Triple-A,Pacific Coast League,Oklahoma City Dodgers,25,1,0.04738093577169655,0.08983091695820986,0.36388222134788856,0.8302841100163633,-0.6513350587830321,-0.5182331498753198,0.7744521913220743,802,1.6866374615159632,Strikeout-Prone Power Hitters
666149-2023-112,666149,Tyler Fitzgerald,2023,Triple-A,Pacific Coast League,Sacramento River Cats,25,1,0.06469334784500119,-0.17232892274235198,0.08423135079596117,1.264553728604827,0.9820771509606517,0.7026249369767539,-1.0368097708553274,803,2.1148101803007404,Strikeout-Prone Power Hitters
676939-2023-112,676939,Jimmy Herron,2023,Triple-A,Pacific Coast League,Albuquerque Isotopes,26,4,-0.03135003612013401,-0.15455537428807664,-0.686661248793583,1.0671584474282525,0.8674517327330246,0.756023681498947,-0.5736483803226189,804,2.2173857864577178,"Fast, Aggressive Contact Hitters "
676625-2023-112,676625,Rylan Bannon,2023,Triple-A,Pacific Coast League,Sugar Land Space Cowboys,27,1,0.23050424947461187,0.9518480169905651,-0.20396367030731025,1.1855956161341972,-1.2244621499211679,0.19663740170457922,0.2998923191606899,805,1.7137760854349693,Strikeout-Prone Power Hitters
679822-2023-112,679822,Justin Foscue,2023,Triple-A,Pacific Coast League,Round Rock Express,24,2,0.09760950627435594,-0.40338505264792757,-1.7792782363760158,1.0474189193105952,-0.9378986043520999,-0.2265098255436841,-0.5364483441874036,806,2.062014360770484,Swinging Early Contact Hitters
609274-2023-112,609274,Elier Hernandez,2023,Triple-A,Pacific Coast League,Round Rock Express,28,3,0.11972234410072302,0.2986701112959457,-0.4446426664258127,0.6526283569574464,1.2686406965297197,-0.6134406680862734,-0.35346181986394026,807,1.5184888325231778,Power Hitters with Moderate Speed
642220-2023-112,642220,Jantzen Witte,2023,Triple-A,Pacific Coast League,El Paso Chihuahuas,33,1,0.2968720325966854,0.44085849893014845,0.24943389185670237,1.1658560880165396,-0.19283338587252502,-0.5275640738128426,-0.7627865035882845,808,0.7131245895233544,Strikeout-Prone Power Hitters
656695-2023-112,656695,J.J. Matijevic,2023,Triple-A,Pacific Coast League,Sugar Land Space Cowboys,27,1,0.14195733139906463,0.5341696283150935,0.2195341188224184,0.9882003349576227,-0.336115158657059,-0.8066629717499779,0.16750004834920967,809,1.2055214874744997,Strikeout-Prone Power Hitters
677941-2023-112,677941,Jordyn Adams,2023,Triple-A,Pacific Coast League,Salt Lake Bees,23,4,0.020341394503707692,-0.31007392326298444,0.7206448064479368,0.9882003349576227,1.1540152783020925,1.6627836848443052,-0.07062300038336321,810,2.1605253291052215,"Fast, Aggressive Contact Hitters "
676632-2023-112,676632,Bligh Madris,2023,Triple-A,Pacific Coast League,Sugar Land Space Cowboys,27,1,0.2978460772547857,1.0984797917383342,0.3132850494210504,0.5736702444868171,-0.5940223496692185,-0.16123208811508621,-0.4626575607572777,811,0.7417195298475084,Strikeout-Prone Power Hitters
668845-2023-112,668845,Aaron Schunk,2023,Triple-A,Pacific Coast League,Albuquerque Isotopes,25,3,0.09754990915394827,-0.9676952160711723,0.11630995444880707,0.4354935476632151,1.497891532984974,-0.22346148558113751,-0.5364483441874036,812,1.9186350210720131,Power Hitters with Moderate Speed
678489-2023-112,678489,Jorge Barrosa,2023,Triple-A,Pacific Coast League,Reno Aces,22,1,0.05568206085248018,0.9607347912177018,-1.140789882290485,0.6723678850751038,0.036417450582729285,-0.03096547703170106,0.16750004834920967,813,2.021792288239904,Strikeout-Prone Power Hitters
621005-2023-112,621005,Tim Lopes,2023,Triple-A,Pacific Coast League,El Paso Chihuahuas,29,4,0.11233101297603997,0.6496976932678823,-0.15407747838456604,-0.17643182398416496,1.2686406965297197,1.3449661179159722,0.2670368310730256,814,1.3298614122210033,"Fast, Aggressive Contact Hitters "
656821-2023-112,656821,Kevin Padlo,2023,Triple-A,Pacific Coast League,Salt Lake Bees,26,1,0.24142228442647498,0.1431515623210359,0.1363066345498831,0.8105445818987058,0.4376064143794243,-0.385671806595655,-1.4063007727946546,815,1.2477302001064983,Strikeout-Prone Power Hitters
676946-2023-112,676946,Matthew Batten,2023,Triple-A,Pacific Coast League,El Paso Chihuahuas,28,1,0.14336363670723365,0.9607347912177018,0.10897730043272816,0.31705637895727046,-0.5940223496692185,0.8885737943604576,-0.4626575607572777,816,1.4304448301281696,Strikeout-Prone Power Hitters
670128-2023-112,670128,Taylor Kohlwey,2023,Triple-A,Pacific Coast League,El Paso Chihuahuas,28,3,-0.009441000706112222,1.5739222128902002,-1.0969849647856142,0.2578377946042981,0.12238651425344965,-0.18715392250175952,0.2998923191606899,817,2.2494548853712755,Power Hitters with Moderate Speed
682183-2023-112,682183,Drew Avans,2023,Triple-A,Pacific Coast League,Oklahoma City Dodgers,27,4,0.011548918327257242,0.44974527315728513,-0.18942601282364196,-0.43304568951371164,0.20835557792417,0.21273353222568883,0.23402067981318972,818,1.3126250123859626,"Fast, Aggressive Contact Hitters "
595943-2023-112,595943,Phillip Evans,2023,Triple-A,Pacific Coast League,Reno Aces,30,2,0.2259431429113454,-0.51446973048715,-1.7337030524164356,-0.4133061613960542,0.9247644418468381,-1.1578739065894494,0.3325887001451288,819,1.8271003625271887,Swinging Early Contact Hitters
680474-2023-112,680474,Max Schuemann,2023,Triple-A,Pacific Coast League,Las Vegas Aviators,26,4,-0.012925134267142006,0.8807538231734637,-0.5257953995281252,0.06044251342772429,0.8387953781761178,0.6531236282179632,0.2998923191606899,820,1.550303998801652,"Fast, Aggressive Contact Hitters "
669450-2023-112,669450,Cooper Hummel,2023,Triple-A,Pacific Coast League,Tacoma Rainiers,28,3,0.04963638784700735,0.8940839845141707,-0.0013701417064607793,0.5144516601338448,1.0393898600744653,0.7510341472460218,-0.4994521448894528,821,1.7338498337067567,Power Hitters with Moderate Speed
680716-2023-112,680716,Jonathan Ornelas,2023,Triple-A,Pacific Coast League,Round Rock Express,23,3,0.1712978755157676,1.2317814051454004,0.016232006992596394,-0.8278362518668598,0.5808881871639567,-0.41808089241262264,2.250450060373413,822,2.2771235539422094,Power Hitters with Moderate Speed
667663-2023-112,667663,Hunter Stovall,2023,Triple-A,Pacific Coast League,Albuquerque Isotopes,26,2,0.31726364752671127,-1.3542698949516596,-1.4652998907061283,-0.3540875770430819,-0.020895258531084298,0.11171077254467918,0.20084228637246188,823,0.9943090358749976,Swinging Early Contact Hitters
671083-2023-112,671083,Buddy Kennedy,2023,Triple-A,Pacific Coast League,Las Vegas Aviators,24,3,0.05057301940142678,-0.003480212426735216,-0.9509522608522084,-0.018515599042905458,1.8704241422247623,-0.9670473532966771,-0.8012583425989398,824,2.426886445237316,Power Hitters with Moderate Speed
683021-2023-112,683021,Michael Stefanic,2023,Triple-A,Pacific Coast League,Salt Lake Bees,27,2,0.13048776842383913,-0.51446973048715,-2.6271515411179904,-0.9067943643374896,2.185644042350737,-0.35705793891958554,-0.2816335947938824,825,3.2044426910488664,Swinging Early Contact Hitters
660634-2023-112,660634,Yonny Hernández,2023,Triple-A,Pacific Coast League,Oklahoma City Dodgers,25,4,0.166148489723582,0.5163960798608181,-0.556998954540101,-1.143668701749379,0.2370119324810768,0.7779277295459522,0.7744521913220743,826,1.1314923100509953,"Fast, Aggressive Contact Hitters "
660636-2023-112,660636,Diego Castillo,2023,Triple-A,Pacific Coast League,Reno Aces,25,3,0.06269603057846199,1.9693836659978243,-1.4887393186521214,-1.0054920049257767,1.6698296603264147,-0.10448336498220177,1.014541112678406,827,3.0440299530029606,Power Hitters with Moderate Speed
687749-2023-116,687749,Jase Bowen,2023,High-A,South Atlantic League,Greensboro Grasshoppers,22,1,0.11302985661665525,-1.149874087727494,0.20270084037567684,1.2448142004871694,-0.2788024495432454,0.4139640804413057,-0.8788659726686607,828,1.9462304482676036,Strikeout-Prone Power Hitters
681679-2023-116,681679,Stanley Consuegra,2023,High-A,South Atlantic League,Brooklyn Cyclones,22,1,0.1142485613165466,-1.2787323140209899,0.7135486448449502,2.1528324938994103,-1.4250566318195155,-0.7417121808146878,0.2998923191606899,829,2.7930963689976918,Strikeout-Prone Power Hitters
700246-2023-116,700246,Carson Williams,2023,High-A,South Atlantic League,Bowling Green Hot Rods,20,1,0.040555347752422796,0.7741125324478116,1.3932696675700238,2.0541348533111234,0.8387953781761178,0.33887073283610164,-0.6864942853119123,830,2.3563255281959856,Strikeout-Prone Power Hitters
691775-2023-116,691775,Ryan Clifford,2023,High-A,South Atlantic League,Brooklyn Cyclones,19,1,0.27730823472013966,1.2895454376217907,0.9278447370807246,1.9159581564875219,-0.7373041224537524,-1.1296163465244689,-0.7245326365063858,831,1.8074013985967639,Strikeout-Prone Power Hitters
687554-2023-116,687554,DJ Gladney,2023,High-A,South Atlantic League,Winston-Salem Dash,21,1,0.07859285852329971,-0.9054877964812076,0.7475716273054488,1.659344290957975,-0.39342786777087096,-0.31895622105573124,0.2998923191606899,832,2.1163268019673676,Strikeout-Prone Power Hitters
689200-2023-116,689200,Jacob Melton,2023,High-A,South Atlantic League,Asheville Tourists,22,4,0.07280573915988624,-0.4211586011022049,-0.36645253570711134,1.2053351442518545,-1.1384930862504474,2.2165468883967603,-0.24600401618243073,833,2.549661625034983,"Fast, Aggressive Contact Hitters "
678010-2023-116,678010,Nick Schnell,2023,High-A,South Atlantic League,Bowling Green Hot Rods,23,1,0.1702735257056142,0.7207918870849876,1.8365756446104275,1.264553728604827,-0.020895258531084298,-0.972319797486853,-0.7245326365063858,834,1.7912030356779822,Strikeout-Prone Power Hitters
691938-2023-116,691938,Willy Vasquez,2023,High-A,South Atlantic League,Bowling Green Hot Rods,21,2,0.15355029329799974,-0.8210634413233991,-0.034672512020566995,0.23809826648664068,-1.0525240225797272,0.3036482519627417,1.3593882872433571,835,1.8671586751912,Swinging Early Contact Hitters
677342-2023-116,677342,Brock Jones,2023,High-A,South Atlantic League,Bowling Green Hot Rods,22,1,0.3483032407708385,0.40531140202159777,1.5972468812892235,1.2448142004871694,-1.2531185044780746,0.024980311575138747,-1.2808769281328816,836,1.6202398895731982,Strikeout-Prone Power Hitters
678534-2023-116,678534,Rixon Wingrove,2023,High-A,South Atlantic League,Jersey Shore BlueClaws,23,3,0.26638054229325375,0.009849948913969814,1.001734458573417,0.8105445818987058,0.40895005982251753,-0.7042449743070505,2.4201628602425984,837,2.0696833829237717,Power Hitters with Moderate Speed
686948-2023-116,686948,Drake Baldwin,2023,High-A,South Atlantic League,Rome Braves,22,3,-0.01934446886584097,0.329773821090928,-0.4196833631246346,1.1461165598988823,-0.13552067675871146,-1.3685926284856165,0.5571344600880327,838,2.007683609274681,Power Hitters with Moderate Speed
681333-2023-116,681333,Dru Baker,2023,High-A,South Atlantic League,Bowling Green Hot Rods,23,4,0.039815163394821836,-0.32340408460369147,-0.08075134603444298,0.7118469413104186,2.013705915009296,1.8509589458682558,0.8955637700886011,839,2.38763172794418,"Fast, Aggressive Contact Hitters "
681488-2023-116,681488,Logan Cerny,2023,High-A,South Atlantic League,Asheville Tourists,23,1,0.18650392779033412,0.6985749515171439,2.004934671846945,0.21835873836898378,0.15104286881035645,0.6441219678315107,-1.5772412823642121,840,2.1811096372212093,Strikeout-Prone Power Hitters
682987-2023-116,682987,Spencer Jones,2023,High-A,South Atlantic League,Hudson Valley Renegades,22,3,0.10666544219774998,0.7252352741985539,0.928119015138979,0.6723678850751038,1.469235178428067,1.4861956509736518,1.4980335999565255,841,2.148796928797418,Power Hitters with Moderate Speed
700845-2023-116,700845,Adam Zebrowski,2023,High-A,South Atlantic League,Rome Braves,22,1,0.09023302708259333,1.107366565965471,1.2975953159753146,0.49471213201618736,-1.1671494408073542,-1.2868461801272473,0.8352795349709173,842,2.288517806621723,Strikeout-Prone Power Hitters
683227-2023-116,683227,Cody Freeman,2023,High-A,South Atlantic League,Hickory Crawdads,22,2,0.099436621231195,-0.07901779335740691,-0.8614887627960023,0.37627496331024274,-1.5110256954902357,-0.8109691764642981,0.23402067981318972,843,1.6933149300107408,Swinging Early Contact Hitters
682796-2023-116,682796,Eddinson Paulino,2023,High-A,South Atlantic League,Greenville Drive,20,4,0.006788886890648289,0.2142457561381373,-0.11539379973570114,0.31705637895727046,0.15104286881035645,0.6830804390969479,0.7438317783925644,844,1.3150662538461475,"Fast, Aggressive Contact Hitters "
690474-2023-116,690474,Tommy Sacco Jr.,2023,High-A,South Atlantic League,Asheville Tourists,24,1,0.3125623404425015,1.2406681793725371,0.1795105196805429,0.15914015401601148,-0.8519295406813796,0.3724874787799027,-1.0768798556962889,845,1.2126130726029316,Strikeout-Prone Power Hitters
691185-2023-116,691185,Maximo Acosta,2023,High-A,South Atlantic League,Hickory Crawdads,20,2,0.08915240198964126,-1.3187227980431089,-0.35407002095204193,-0.3540875770430819,-0.020895258531084298,0.796220250086184,0.3325887001451288,846,1.379917831355275,Swinging Early Contact Hitters
680874-2023-116,680874,Tim Borden II,2023,High-A,South Atlantic League,Asheville Tourists,23,3,0.2774363902591888,-0.5722337629635443,2.0649616231981835,-0.0974737115135352,1.8704241422247623,-0.6206850297050281,0.46181349600707255,847,2.056378768475901,Power Hitters with Moderate Speed
682793-2023-116,682793,Bryan Gonzalez,2023,High-A,South Atlantic League,Greenville Drive,21,3,0.21684201557510274,-1.0965534423646661,1.6290647554880695,0.08018204154538174,1.641173305769508,0.19274277139138876,0.8654889342656548,848,2.028927066296236,Power Hitters with Moderate Speed
683493-2023-116,683493,William Lugo,2023,High-A,South Atlantic League,Brooklyn Cyclones,21,1,0.14295677632781192,0.07205736850393452,-0.3686387729147067,0.0012239290747519788,-0.9378986043520999,-0.5933012351319152,-1.1171891663412536,849,1.2036025287844607,Strikeout-Prone Power Hitters
691006-2023-116,691006,Kevin Parada,2023,High-A,South Atlantic League,Brooklyn Cyclones,21,1,0.10893581507414592,-0.9987989258661526,0.2988160126836973,0.6723678850751038,0.6955136053915838,-1.1246311325599163,-1.4912300621525407,850,2.204602910760708,Strikeout-Prone Power Hitters
691442-2023-116,691442,Wilfred Veras,2023,High-A,South Atlantic League,Winston-Salem Dash,20,3,0.07363577894724287,-1.5275619923808448,0.29775025692479223,0.2578377946042981,0.9820771509606517,0.5129339876388782,2.724454435436406,851,2.978097853850867,Power Hitters with Moderate Speed
703070-2023-116,703070,Loidel Chapelli,2023,High-A,South Atlantic League,Winston-Salem Dash,21,1,0.16438738782508275,0.6674712417221557,0.2247135116204944,0.17887968213366892,0.5235754780501432,0.7026249369767539,-1.4912300621525407,852,1.7147212170748223,Strikeout-Prone Power Hitters
701496-2023-116,701496,Ben Cowles,2023,High-A,South Atlantic League,Hudson Valley Renegades,23,3,-0.024844953550159626,0.0809441427310712,0.6828625406158207,-0.17643182398416496,0.8387953781761178,0.47244197530364784,-0.9573760372608738,853,1.8526844141642702,Power Hitters with Moderate Speed
686863-2023-116,686863,Daniel Mateo,2023,High-A,South Atlantic League,Hickory Crawdads,21,4,-0.020014088483109094,-2.5673145769559516,-0.1208974681071192,0.0012239290747519788,0.007761096025822493,1.4654762128596917,1.2748136179899983,854,2.815008033623397,"Fast, Aggressive Contact Hitters "
694484-2023-116,694484,Max Wagner,2023,High-A,South Atlantic League,Aberdeen IronBirds,21,4,0.034525274519049125,0.303113498409514,0.27739432192969465,0.37627496331024274,-0.42208422232777776,1.2075018443908123,-0.07062300038336321,855,1.4090666099395197,"Fast, Aggressive Contact Hitters "
687637-2023-116,687637,Dylan Beavers,2023,High-A,South Atlantic League,Aberdeen IronBirds,21,1,0.0627492876745216,1.0407157592619398,-0.08851602176266281,0.8302841100163633,0.7528263145053974,0.9123585252335245,-0.7245326365063858,856,1.9736847123883787,Strikeout-Prone Power Hitters
682011-2023-116,682011,Tyler Miller,2023,High-A,South Atlantic League,Greenville Drive,23,4,-0.02192224996261529,-1.1143269908189415,0.15608172819880547,0.21835873836898378,0.4662627689363311,0.6651298852256738,-0.07062300038336321,857,1.6926216763275495,"Fast, Aggressive Contact Hitters "
687248-2023-116,687248,Keshawn Ogans,2023,High-A,South Atlantic League,Rome Braves,21,1,0.029646784595232067,0.17869865922958658,-0.6778998432807489,-0.33434804892542447,0.12238651425344965,-0.15601539644287984,-1.1985370115693785,858,1.6772182491801133,Strikeout-Prone Power Hitters
683610-2023-116,683610,Leandro Pineda,2023,High-A,South Atlantic League,Jersey Shore BlueClaws,21,3,0.023200093148540518,0.23201930459241263,0.059052123594811816,-0.0974737115135352,-0.13552067675871146,-0.7950361921479778,0.588611391124948,859,1.3812854519002133,Power Hitters with Moderate Speed
687545-2023-116,687545,Blake Robertson,2023,High-A,South Atlantic League,Bowling Green Hot Rods,22,3,0.29953151087723484,1.9960439886792383,0.44553992195768927,-0.038255127160562896,1.755798723997135,-1.198175525775706,2.151520972126279,860,2.5571102871270983,Power Hitters with Moderate Speed
686445-2023-116,686445,Sammy Siani,2023,High-A,South Atlantic League,Greensboro Grasshoppers,22,3,0.14747678388438076,-0.25230989078659005,1.3671017365164817,-0.2948689926901096,0.7241699599484906,0.4574656249370737,2.201166706676946,861,2.1329655749526695,Power Hitters with Moderate Speed
683061-2023-116,683061,Alexander Vargas,2023,High-A,South Atlantic League,Hudson Valley Renegades,21,1,0.00874343846773039,-1.4964582825858623,0.43300110018080656,-0.23565040833713727,-1.5110256954902357,0.12972509303404084,-1.6206613000343013,862,2.534215563852581,Strikeout-Prone Power Hitters
804668-2023-116,804668,Rafael Flores Jr.,2023,High-A,South Atlantic League,Hudson Valley Renegades,22,3,0.24807151896037913,1.1429136628740255,0.25853928536741577,-0.8080967237492024,0.8387953781761178,-1.0824782162335485,1.014541112678406,863,1.6502363018927348,Power Hitters with Moderate Speed
687206-2023-116,687206,Tres Gonzalez,2023,High-A,South Atlantic League,Greensboro Grasshoppers,22,4,-0.0030361607761518195,0.9562914041041355,-0.7523258374102676,-0.6501804988079432,1.068046214631372,0.6484627364643583,2.274957490107072,864,2.529777197525738,"Fast, Aggressive Contact Hitters "
700361-2023-116,700361,Shawn Goosenberg,2023,High-A,South Atlantic League,Winston-Salem Dash,23,4,0.07452984058759773,0.6896881772900033,-0.27656754799626454,-0.39356663327839675,0.38029370526561074,1.3264414650443865,-1.4063007727946546,865,1.8947795739016686,"Fast, Aggressive Contact Hitters "
695770-2023-116,695770,Wes Kath,2023,High-A,South Atlantic League,Winston-Salem Dash,20,3,0.12306713321257896,0.4230849504758731,3.254018101688345,-0.5909619144549711,0.8387953781761178,-0.8123899485712033,0.10031750918619461,866,2.9123271882289656,Power Hitters with Moderate Speed
686984-2023-116,686984,Marcus Lee Sang,2023,High-A,South Atlantic League,Jersey Shore BlueClaws,22,3,0.23590177587901473,1.3650830185524665,1.0656732358224041,0.17887968213366892,2.15698768779383,0.6396511410455094,0.6821711719565688,867,1.8833275086865888,Power Hitters with Moderate Speed
682187-2023-116,682187,Nick Ward,2023,High-A,South Atlantic League,Jersey Shore BlueClaws,27,4,0.13777048679997578,0.8540935004920498,-0.4741135639097107,-0.9265338924551471,0.5808881871639567,0.5594781404621685,-0.2816335947938824,868,1.4632097347921371,"Fast, Aggressive Contact Hitters "
805373-2023-116,805373,Nacho Alvarez Jr.,2023,High-A,South Atlantic League,Rome Braves,20,4,-0.024025533467456277,0.8096596293563624,-0.9721187896555841,-0.8080967237492024,0.8387953781761178,-0.0880387458176934,0.2998923191606899,869,1.9965775182542884,"Fast, Aggressive Contact Hitters "
682707-2023-116,682707,Jeremy De La Rosa,2023,High-A,South Atlantic League,Wilmington Blue Rocks,21,3,0.21641627425072402,0.6763580159492962,1.6982173251253447,-0.5317433301019986,1.469235178428067,0.21883665678289035,2.2993762851815718,870,2.328503553204796,Power Hitters with Moderate Speed
684519-2023-116,684519,Omar De Los Santos,2023,High-A,South Atlantic League,Brooklyn Cyclones,23,4,0.1756272474353919,0.0942743040717782,2.077673212896092,-0.8870548362198322,0.06507380513963607,2.3046188254740367,-0.4994521448894528,871,2.5680419901943567,"Fast, Aggressive Contact Hitters "
691267-2023-116,691267,Alex Ramírez,2023,High-A,South Atlantic League,Brooklyn Cyclones,20,2,0.03283592378299587,0.4852923700658378,-0.23306688864793526,-1.0252315330434343,-0.9952113134659135,0.20710041023464085,-0.35346181986394026,872,1.8407121557464556,Swinging Early Contact Hitters
688403-2023-116,688403,Michael Sandle,2023,High-A,South Atlantic League,Asheville Tourists,24,1,0.09521186400260909,-0.15899876140164498,0.5868387455106261,-0.5909619144549711,-1.3677439227057018,0.33135144354293156,-0.6110545118922478,873,1.7496680977283914,Strikeout-Prone Power Hitters
686982-2023-116,686982,Jared McKenzie,2023,High-A,South Atlantic League,Wilmington Blue Rocks,22,2,0.19373984196645141,-1.0876666681375293,0.7060321531121706,-0.7883571956315449,-0.7659604770106593,-0.49004855492277,0.3325887001451288,874,1.652489395577157,Swinging Early Contact Hitters
808206-2023-116,808206,Geisel Cepeda,2023,High-A,South Atlantic League,Hickory Crawdads,25,2,0.1968558092085168,-0.38116811708008386,-2.041490212461418,-1.4200220953965825,-0.5653659951123117,-0.21198595210728094,1.949205027040056,875,2.4115959719239317,Swinging Early Contact Hitters
682722-2023-116,682722,Isaac De León,2023,High-A,South Atlantic League,Aberdeen IronBirds,21,3,0.17107735752886494,0.9207443071955848,1.3497325463660754,-0.8870548362198322,-0.22148974042943181,-0.4305895241519723,2.250450060373413,876,2.5315373032257544,Power Hitters with Moderate Speed
681132-2023-116,681132,Max Ferguson,2023,High-A,South Atlantic League,Greenville Drive,23,4,0.07579005686254986,1.0718194690569203,0.7469156422264448,-0.6699200269256006,0.6095445417208635,1.2453976112870648,0.9553145094053951,877,1.6105258334212853,"Fast, Aggressive Contact Hitters "
687201-2023-116,687201,Kevin Kilpatrick Jr.,2023,High-A,South Atlantic League,Rome Braves,22,4,0.05806070025500736,0.4008680149080294,0.3442253317411843,-0.8080967237492024,-0.10686432220180467,0.6582686009578917,-0.5736483803226189,878,1.393466209211396,"Fast, Aggressive Contact Hitters "
702250-2023-116,702250,Jared Carr,2023,High-A,South Atlantic League,Jersey Shore BlueClaws,24,4,0.1511455264923154,0.12982140098033088,0.4066009408985753,-0.9265338924551471,0.20835557792417,0.8486227149902328,0.9849927527010691,879,1.0895429013965712,"Fast, Aggressive Contact Hitters "
694478-2023-116,694478,Michael Turner,2023,High-A,South Atlantic League,Winston-Salem Dash,24,3,0.1779587282727915,2.92026850830156,-1.296276037306667,-0.314608520807767,1.497891532984974,-1.2035856181846,1.5798744744651354,880,3.521017184951141,Power Hitters with Moderate Speed
684852-2023-116,684852,Geraldo Quintero,2023,High-A,South Atlantic League,Rome Braves,21,4,0.20118725892568606,0.22313253036527594,-0.7628284579045106,-1.4595011516318972,0.036417450582729285,1.2898569814826648,0.23402067981318972,881,1.0532724941278944,"Fast, Aggressive Contact Hitters "
695930-2023-116,695930,Frederick Bencosme,2023,High-A,South Atlantic League,Aberdeen IronBirds,20,2,0.14597578728746832,-0.9588084418440336,-1.510506792093466,-1.498980207867212,-0.6799914133399388,0.7830364611803335,0.588611391124948,882,1.7355941264147567,Swinging Early Contact Hitters
678854-2023-116,678854,Viandel Pena,2023,High-A,South Atlantic League,Wilmington Blue Rocks,22,4,0.014300694894109728,0.3608775308859084,-0.376861946755208,-1.7753336015144163,-0.6799914133399388,0.43876428229882347,0.46181349600707255,883,1.7959827481241222,"Fast, Aggressive Contact Hitters "
682265-2023-111,682265,Wes Clarke,2023,Double-A,Southern League,Biloxi Shuckers,23,1,0.2707310724015854,1.3117623731896384,0.9688081378168438,2.1330929657817532,-0.16417703131561825,-0.9375812955246537,-1.5772412823642121,884,2.086548260005238,Strikeout-Prone Power Hitters
677943-2023-111,677943,Will Banfield,2023,Double-A,Southern League,Pensacola Blue Wahoos,23,1,0.19343078718016424,-0.8299502155505358,0.2195341188224184,1.3040327848401418,-0.36477151321396417,-1.1801554860365289,-1.1171891663412536,885,1.7571085565266067,Strikeout-Prone Power Hitters
677956-2023-111,677956,Rece Hinds,2023,Double-A,Southern League,Chattanooga Lookouts,22,3,0.08452947233205767,-0.11456489026595564,1.5465714142595848,2.350227775075985,1.3259534056435331,0.3424747818798135,-0.24600401618243073,886,2.5702365985078397,Power Hitters with Moderate Speed
683357-2023-111,683357,Owen Caissie,2023,Double-A,Southern League,Tennessee Smokies,20,3,0.23773462808358578,1.4006301154610172,1.2692835180544317,1.6198652347226603,2.730114778931966,-0.43759059101095,0.20084228637246188,887,2.554602984708881,Power Hitters with Moderate Speed
694192-2023-111,694192,Jackson Chourio,2023,Double-A,Southern League,Biloxi Shuckers,19,4,0.03413259227489504,-1.0210158614339964,-0.7985570399667944,0.7513259975457335,-0.020895258531084298,1.4053461022996985,0.5255100955810418,888,1.8721133896637507,"Fast, Aggressive Contact Hitters "
686677-2023-111,686677,Landon Stephens,2023,Double-A,Southern League,Mississippi Braves,25,1,0.27255699853680476,1.2095644695775567,2.302910625897289,1.659344290957975,-1.0525240225797272,-0.9849930541952834,-1.5340987107905482,889,2.5166159511749417,Strikeout-Prone Power Hitters
687859-2023-111,687859,Troy Johnston,2023,Double-A,Southern League,Pensacola Blue Wahoos,26,1,0.007833735071072337,-1.767504896513563,-1.013520293615,2.429185887546615,0.20835557792417,0.017691249442542484,-1.1577405763992141,890,3.354959665618849,Strikeout-Prone Power Hitters
683748-2023-111,683748,Victor Mesa Jr.,2023,Double-A,Southern League,Pensacola Blue Wahoos,21,2,0.1403437346548049,-1.2165248944310252,-0.06804551302462887,0.4354935476632151,-0.7086477678968457,-0.27624355787826665,-0.2105614703409355,891,1.3486766859772017,Swinging Early Contact Hitters
679563-2023-111,679563,José Rodríguez,2023,Double-A,Southern League,Birmingham Barons,22,4,-0.007576186201670951,-1.3542698949516596,0.03433236545358311,0.7513259975457335,-0.19283338587252502,1.1513823045760316,-0.07062300038336321,892,2.0561639301696983,"Fast, Aggressive Contact Hitters "
686989-2023-111,686989,James Free,2023,Double-A,Southern League,Chattanooga Lookouts,25,1,0.11825410227862015,0.33421720820449635,-0.5342205341018197,0.7908050537810484,-0.020895258531084298,-1.2413016264911272,-0.1753040039111537,893,1.5780163094909305,Strikeout-Prone Power Hitters
680846-2023-111,680846,Pablo Aliendo,2023,Double-A,Southern League,Tennessee Smokies,22,1,0.14880289268749528,-0.24342311655945337,1.1611675956768353,1.5606466503696879,-0.3074588041001522,-0.9555236467147105,-0.14022969397706628,894,1.710939667820373,Strikeout-Prone Power Hitters
685298-2023-111,685298,Cade Bunnell,2023,Double-A,Southern League,Mississippi Braves,26,1,0.10255362756166235,1.7872047943415084,2.4589664644770624,0.3960144914279002,-0.020895258531084298,-0.7732908420889,-0.6864942853119123,895,2.532581662465193,Strikeout-Prone Power Hitters
702333-2023-111,702333,Haydn McGeary,2023,Double-A,Southern League,Tennessee Smokies,23,1,0.06789982011143421,0.49862253140654283,0.07374286367557706,0.6328888288397889,-0.020895258531084298,-0.8785628711310601,0.10031750918619461,896,1.253212858901925,Strikeout-Prone Power Hitters
681357-2023-111,681357,Cody Morissette,2023,Double-A,Southern League,Pensacola Blue Wahoos,23,1,0.3111587387671745,0.32533043397735967,0.25853928536741577,0.5539307163691597,-1.482369340933329,-1.011357883945786,-1.1171891663412536,897,1.1999150919028045,Strikeout-Prone Power Hitters
681230-2023-111,681230,BJ Murray,2023,Double-A,Southern League,Tennessee Smokies,23,1,0.19423604855466509,0.6496976932678823,0.0811210446522443,1.0079398630752803,0.6095445417208635,-0.4054528909924216,-1.1985370115693785,898,1.3378045569981432,Strikeout-Prone Power Hitters
691620-2023-111,691620,Jeferson Quero,2023,Double-A,Southern League,Biloxi Shuckers,20,2,0.13919891669641993,-1.3053926367024018,-0.893152081764754,0.613149300722132,-0.8805858952382863,-0.9619864489743627,-0.9180068908559016,899,1.791687996475616,Swinging Early Contact Hitters
683341-2023-111,683341,David Calabrese,2023,Double-A,Southern League,Rocket City Trash Pandas,20,1,0.37005742108058143,0.8274331778106357,1.2027713219591518,0.06044251342772429,-1.339087568148795,-0.05589418102648583,-1.2808769281328816,900,1.3898293495681013,Strikeout-Prone Power Hitters
675966-2023-111,675966,Jesse Franklin V,2023,Double-A,Southern League,Mississippi Braves,24,1,0.1286848695206007,0.24090607881955128,1.0491840743407062,0.7908050537810484,-0.36477151321396417,0.5836248544037181,-0.0017265915630683638,901,1.4442178054180743,Strikeout-Prone Power Hitters
680518-2023-111,680518,Zavier Warren,2023,Double-A,Southern League,Biloxi Shuckers,24,1,0.021284675701250148,-0.5055829562600113,-0.5332843479799461,0.4354935476632151,-1.3677439227057018,-0.7211039271596446,-0.8012583425989398,902,1.6502751453727909,Strikeout-Prone Power Hitters
672012-2023-111,672012,Tyler Black,2023,Double-A,Southern League,Biloxi Shuckers,22,4,0.042060531925309494,1.4939412448459621,-0.5409142648732133,1.8172605158992345,0.2370119324810768,2.866548482209675,-0.8788659726686607,903,3.47555705433725,"Fast, Aggressive Contact Hitters "
671155-2023-111,671155,Ivan Johnson,2023,Double-A,Southern League,Chattanooga Lookouts,24,1,0.15485807614073607,-0.41671521398863454,0.55299047810684,0.8105445818987058,-1.0525240225797272,0.36005524732471195,0.032459757314121325,904,1.5403279815346829,Strikeout-Prone Power Hitters
687331-2023-111,687331,Quincy McAfee,2023,Double-A,Southern League,Chattanooga Lookouts,25,1,0.2210814362947937,-0.0745744062438366,-0.5834238018499878,1.3237723129577992,-1.1958057953642611,-0.25467949663024936,-1.0368097708553274,905,1.506766889219448,Strikeout-Prone Power Hitters
677347-2023-111,677347,Kyren Paris,2023,Double-A,Southern League,Rocket City Trash Pandas,21,3,0.03622426068892618,0.6896881772900033,0.9938123453952759,0.2578377946042981,1.5265478875418808,1.4711140619114016,-0.07062300038336321,906,2.05266226810389,Power Hitters with Moderate Speed
687272-2023-111,687272,Tucker Flint,2023,Double-A,Southern League,Rocket City Trash Pandas,22,3,0.24646402265437378,1.8271952783636254,0.9474928756700335,0.27757732272195557,0.40895005982251753,-0.8915469643842192,2.585714153499476,907,2.598056028689439,Power Hitters with Moderate Speed
681715-2023-111,681715,Heriberto Hernández,2023,Double-A,Southern League,Montgomery Biscuits,23,3,0.25815923492041504,1.0362723721483695,0.7738576904921286,0.27757732272195557,0.8387953781761178,-0.7868632852682469,0.6511284070260079,908,0.8420427884709825,Power Hitters with Moderate Speed
687020-2023-111,687020,Mason Auer,2023,Double-A,Southern League,Montgomery Biscuits,22,4,-0.006751317333361317,0.34310398243163304,2.078954322229639,-0.0974737115135352,0.09373015969654286,1.9842676634969956,-1.4486318799747453,909,2.993671982505231,"Fast, Aggressive Contact Hitters "
686555-2023-111,686555,Isaac Collins,2023,Double-A,Southern League,Biloxi Shuckers,25,4,0.14973372760210232,0.9740649525584089,-1.4201607251614445,0.27757732272195557,-0.42208422232777776,1.6339208857527916,-0.14022969397706628,910,2.0237026719904057,"Fast, Aggressive Contact Hitters "
682927-2023-111,682927,Ronny Simon,2023,Double-A,Southern League,Montgomery Biscuits,23,4,0.147627215653255,0.24090607881955128,-0.2733903038030318,0.08018204154538174,-0.7086477678968457,1.2197702364421625,0.2998923191606899,911,1.2378919104853376,"Fast, Aggressive Contact Hitters "
673461-2023-111,673461,Yoelqui Céspedes,2023,Double-A,Southern League,Birmingham Barons,25,1,0.02110098896130733,-0.7055353763706104,1.0310995992481622,-0.7093990831609155,-0.36477151321396417,-0.02992135857261373,-0.5364483441874036,912,1.9474497441812804,Strikeout-Prone Power Hitters
685127-2023-111,685127,Alex McGarry,2023,Double-A,Southern League,Chattanooga Lookouts,25,3,0.22031794696423077,-0.4744792464650289,0.3954195988724214,0.06044251342772429,1.5265478875418808,0.09581968828117698,0.23402067981318972,913,1.2109755540124523,Power Hitters with Moderate Speed
672635-2023-111,672635,Luis Mieses,2023,Double-A,Southern League,Birmingham Barons,23,2,0.2591018160685115,-1.8741461872392149,-9.993210032533905e-4,-0.551482858219656,-0.6799914133399388,-1.3043572768522878,-0.35346181986394026,914,1.7390452187061267,Swinging Early Contact Hitters
680672-2023-111,680672,Luke Waddell,2023,Double-A,Southern League,Mississippi Braves,24,4,0.03281339548665549,0.3519907566587717,-1.722507829673825,-0.689659555043258,0.20835557792417,0.9874762720422504,-0.6864942853119123,915,1.9360549635082076,"Fast, Aggressive Contact Hitters "
672701-2023-111,672701,José Devers,2023,Double-A,Southern League,Pensacola Blue Wahoos,23,2,0.24392393834475484,-0.5500168273957007,-1.3981899272381648,-0.057994655278220335,0.09373015969654286,-0.8531056492717833,-0.6486690352419712,916,1.3160584097227384,Swinging Early Contact Hitters
671976-2023-111,671976,Tristan Peters,2023,Double-A,Southern League,Montgomery Biscuits,23,2,0.004390673416254402,0.8940839845141707,-1.211335757675596,-0.038255127160562896,0.17969922336726324,0.027491569700958344,-0.317452190621751,917,2.0197203148990166,Swinging Early Contact Hitters
669326-2023-111,669326,Bryce Teodosio,2023,Double-A,Southern League,Rocket City Trash Pandas,24,4,-0.0020439533655511126,-0.6255544083263703,1.6933220675910512,-0.8870548362198322,0.17969922336726324,0.36844575827368836,-0.4626575607572777,918,2.368345510083554,"Fast, Aggressive Contact Hitters "
703920-2023-111,703920,Alsander Womack,2023,Double-A,Southern League,Birmingham Barons,24,2,0.21494278776857847,0.3208870468637894,-1.2878268004785525,-1.202887286102351,-0.45074057688468455,-0.6104364533748861,1.4151885178936585,919,1.9426833918934439,Swinging Early Contact Hitters
668965-2023-111,668965,Freddy Zamora,2023,Double-A,Southern League,Biloxi Shuckers,24,4,-0.051975341947031434,0.3964246277944611,-0.4809923546267761,-0.8278362518668598,0.06507380513963607,0.026998263346686577,0.7438317783925644,920,1.5588648796296398,"Fast, Aggressive Contact Hitters "
696140-2023-111,696140,Ethan Murray,2023,Double-A,Southern League,Biloxi Shuckers,23,3,0.04578015404558818,0.2720097886145317,-0.12878790638651896,-0.6699200269256006,0.5522318326070499,-0.2560042880406712,0.2670368310730256,921,1.3348836994119002,Power Hitters with Moderate Speed
700337-2023-111,700337,Edgar Quero,2023,Double-A,Southern League,Birmingham Barons,20,2,0.10107101228651345,1.2228946309182638,-1.0804583880399663,-1.0449710611610916,-0.36477151321396417,-1.1636439027561325,1.014541112678406,922,2.4751648395876487,Swinging Early Contact Hitters
665940-2023-111,665940,Moisés Castillo,2023,Double-A,Southern League,Birmingham Barons,23,2,0.11496317453068033,0.9918385010126822,-0.8805895273197039,-1.2818453985729807,-1.2244621499211679,-1.0029817330925412,0.16750004834920967,923,2.2832451618958363,Swinging Early Contact Hitters
650506-2023-111,650506,Jose Gomez,2023,Double-A,Southern League,Rocket City Trash Pandas,26,2,0.14785542778887714,-0.20343263253733238,-0.09062805837849175,-1.0844501173964065,0.20835557792417,-0.23442210573133562,0.3325887001451288,924,1.3153300281350984,Swinging Early Contact Hitters
683083-2023-111,683083,Nasim Nuñez,2023,Double-A,Southern League,Pensacola Blue Wahoos,22,4,0.17599251450268816,0.5919336607914879,-0.8206778842930114,-1.7161150171614439,-1.0525240225797272,1.6279970084071533,0.588611391124948,925,1.912455755722495,"Fast, Aggressive Contact Hitters "
681581-2023-111,681581,Andy Weber,2023,Double-A,Southern League,Tennessee Smokies,25,2,0.15911187717114908,-0.2923003748087091,-0.41240390943996214,-1.0054920049257767,-0.47939693144159135,-1.0105375795051372,-0.8012583425989398,926,1.4655455350085982,Swinging Early Contact Hitters
695462-2023-111,695462,Cal Conley,2023,Double-A,Southern League,Mississippi Braves,23,4,0.05176612304334591,-0.38116811708008386,-0.18025739189163126,-1.5976778484554994,-0.7659604770106593,0.8904499130653498,1.1603737685001374,927,1.7268174670120526,"Fast, Aggressive Contact Hitters "
677578-2023-111,677578,Carlos Rodríguez,2023,Double-A,Southern League,Biloxi Shuckers,22,2,0.20344749551508065,-1.1409873135003554,-1.937294055197442,-1.400282567278925,0.5235754780501432,0.16661116087388142,0.7744521913220743,928,1.8903158267195628,Swinging Early Contact Hitters
687470-2023-109,687470,Chandler Redmond,2023,Double-A,Texas League,Springfield Cardinals,26,3,0.17596517875271614,1.1029231788519007,1.1552162605000873,1.9554372127228365,0.4376064143794243,-1.0863621756622368,1.6069357911670443,929,2.3231175204074836,Power Hitters with Moderate Speed
695336-2023-109,695336,Thomas Saggese,2023,Double-A,Texas League,Springfield Cardinals,21,3,0.07332372369400861,0.48084898295226747,-0.06176355796216342,1.6790838190756325,1.9277368513385758,-0.661637720628622,-0.9180068908559016,930,2.3865754423978665,Power Hitters with Moderate Speed
670870-2023-109,670870,Yunior Severino,2023,Double-A,Texas League,Wichita Wind Surge,23,3,0.24259199773169016,0.9740649525584089,1.2920969695653008,2.448925415664272,1.755798723997135,-0.7918159102020742,1.6607351951680607,931,2.713851675561621,Power Hitters with Moderate Speed
691021-2023-109,691021,A.J. Vukovich,2023,Double-A,Texas League,Amarillo Sod Poodles,21,3,0.23390491489550724,0.289783337068807,0.8342315259671766,1.4422094816637432,0.5522318326070499,0.36608518840816306,1.4151885178936585,932,1.6124475139453345,Power Hitters with Moderate Speed
593528-2023-109,593528,Jorge Bonifacio,2023,Double-A,Texas League,Northwest Arkansas Naturals,30,1,0.3167061954407166,1.1118099530790373,-0.5602443889709199,1.3435118410754567,-0.5367096405554049,-1.002409334986817,-2.405026350719221,933,2.1826491866227338,Strikeout-Prone Power Hitters
656462-2023-109,656462,Isiah Gilliam,2023,Double-A,Texas League,Arkansas Travelers,26,3,0.23706649358318072,1.1695739855554357,1.4602574450334245,1.837000044016892,2.2716131060214573,0.5655030654744561,0.5571344600880327,934,2.4865486650788045,Power Hitters with Moderate Speed
694374-2023-109,694374,Tim Tawa,2023,Double-A,Texas League,Amarillo Sod Poodles,24,1,0.17251835673778296,0.18314204634315492,0.17037207214661834,1.1263770317812247,-0.336115158657059,-0.25908324602046545,0.032459757314121325,935,1.10749768660451,Strikeout-Prone Power Hitters
677673-2023-109,677673,Imanol Vargas,2023,Double-A,Texas League,Tulsa Drillers,25,3,0.1283883910740604,1.6405730195937354,1.5997561066872459,1.2842932567224843,1.211327987415906,-1.3685926284856165,0.10031750918619461,936,2.2363283053053036,Power Hitters with Moderate Speed
685744-2023-109,685744,Kenedy Corona,2023,Double-A,Texas League,Corpus Christi Hooks,23,1,0.1449840286954311,-0.19010247119662735,0.4190567045737826,1.1263770317812247,-0.42208422232777776,1.0738489477385842,-0.426062406244488,937,1.7065580444878305,Strikeout-Prone Power Hitters
691277-2023-109,691277,Deyvison De Los Santos,2023,Double-A,Texas League,Amarillo Sod Poodles,20,3,0.08305207802441789,-0.6388845696670774,0.4390145209864023,0.5736702444868171,-0.10686432220180467,-1.0460845610328469,1.8717457895785798,938,2.0978539900541446,Power Hitters with Moderate Speed
684576-2023-109,684576,Alex Isola,2023,Double-A,Texas League,Wichita Wind Surge,24,1,0.1689314282745117,0.711905112857847,-0.2945417871261013,1.0474189193105952,0.38029370526561074,-0.9026207465097186,-0.7245326365063858,939,1.3950091460454783,Strikeout-Prone Power Hitters
682616-2023-109,682616,Diego Cartaya,2023,Double-A,Texas League,Tulsa Drillers,21,1,0.1924758176246469,-0.6299977954399407,0.9373206016094596,0.8105445818987058,-2.7432489414372263,-1.3685926284856165,-1.2808769281328816,940,2.7581036641120558,Strikeout-Prone Power Hitters
682947-2023-109,682947,Jose Ramos,2023,Double-A,Texas League,Tulsa Drillers,22,1,0.12558631726481542,0.8096596293563624,0.9101071467773036,0.3960144914279002,-0.10686432220180467,-0.7951826652730698,-0.1753040039111537,941,1.1153981481464337,Strikeout-Prone Power Hitters
690443-2023-109,690443,Mike Antico,2023,Double-A,Texas League,Springfield Cardinals,25,4,0.0814074466029315,-0.4256019882157732,-0.030409825399839385,0.6921074131927611,0.2943246415948904,1.8885826109362163,-1.239581450907824,942,2.162473520405655,"Fast, Aggressive Contact Hitters "
689750-2023-109,689750,Jacob Buchberger,2023,Double-A,Texas League,Springfield Cardinals,25,2,0.021264521987225768,-0.8788274737997955,-0.11619929364664822,0.5539307163691597,-1.0238676680228203,-0.13739647320325812,-0.426062406244488,943,1.5484351467168218,Swinging Early Contact Hitters
678689-2023-109,678689,Neyfy Castillo,2023,Double-A,Texas League,Amarillo Sod Poodles,22,3,0.09004332068534551,0.39198124068089074,1.543575127596599,1.225074672369512,0.2943246415948904,0.5642595626199443,0.46181349600707255,944,1.7228665835785817,Power Hitters with Moderate Speed
681134-2023-109,681134,Caleb Roberts,2023,Double-A,Texas League,Amarillo Sod Poodles,23,3,0.25881964317057476,0.6852447901764329,0.4847997241147631,1.9159581564875219,1.2686406965297197,-0.3784697160685132,1.2463849887118086,945,1.7783152707140804,Power Hitters with Moderate Speed
666783-2023-109,666783,Yusniel Díaz,2023,Double-A,Texas League,Tulsa Drillers,26,1,0.14453144897359266,1.7205539876379734,-0.6699087219061844,1.1461165598988823,0.036417450582729285,-0.5348886089342486,-0.2816335947938824,946,1.9130836836179868,Strikeout-Prone Power Hitters
686780-2023-109,686780,Pedro Pagés,2023,Double-A,Texas League,Springfield Cardinals,24,1,0.17670629477175498,1.6316862453665986,-0.6528760031078168,0.5736702444868171,-0.19283338587252502,-1.1809115072288505,-0.38966453115080063,947,1.8635977764604787,Strikeout-Prone Power Hitters
672596-2023-109,672596,Robert Perez Jr.,2023,Double-A,Texas League,Arkansas Travelers,23,3,0.18918414904495112,-0.8743840866862252,1.1794667798226646,0.49471213201618736,0.4949191234932379,-1.1239933181967656,0.7744521913220743,948,1.696838150159219,Power Hitters with Moderate Speed
642134-2023-109,642134,Robbie Tenerowicz,2023,Double-A,Texas League,Arkansas Travelers,28,3,0.027118641842427335,0.8496501133784794,-1.051028708594507,1.3237723129577992,0.17969922336726324,-1.126524772574741,0.6511284070260079,949,2.278173382390803,Power Hitters with Moderate Speed
641323-2023-109,641323,Luis Aviles Jr.,2023,Double-A,Texas League,Corpus Christi Hooks,28,1,0.09832225413117349,-0.08346118047097525,0.4779601520284468,0.6328888288397889,-0.3074588041001522,1.0570023711721628,-0.5364483441874036,950,1.5616070422121338,Strikeout-Prone Power Hitters
691783-2023-109,691783,Jordan Lawlar,2023,Double-A,Texas League,Amarillo Sod Poodles,20,1,0.09777350988938863,-0.16344214851521333,-0.26149182059904974,1.2448142004871694,-0.04955161308799109,1.3259443105605635,-1.0368097708553274,951,2.086692121222325,Strikeout-Prone Power Hitters
677060-2023-109,677060,Chad Stevens,2023,Double-A,Texas League,Corpus Christi Hooks,24,1,0.06157967889028386,0.41864156336230474,2.004934671846945,0.5736702444868171,0.6095445417208635,0.46642204435312573,-0.9573760372608738,952,2.1386025356298672,Strikeout-Prone Power Hitters
670860-2023-109,670860,Lazaro Armenteros,2023,Double-A,Texas League,Midland RockHounds,24,3,0.1968760886823588,1.502828019073099,1.5604213654354888,1.3237723129577992,1.5552042420987875,-0.08626861003606576,0.20084228637246188,953,1.9474813317338608,Power Hitters with Moderate Speed
689070-2023-109,689070,Spencer Packard,2023,Double-A,Texas League,Arkansas Travelers,25,2,0.04547324053794364,0.6808014030628626,-1.255074486083024,0.17887968213366892,0.4949191234932379,-1.255393766660561,-0.14022969397706628,954,2.165018619689281,Swinging Early Contact Hitters
682729-2023-109,682729,Jonatan Clase,2023,Double-A,Texas League,Arkansas Travelers,21,4,0.09781159572857845,1.2495549535996737,0.7710569663199967,0.5144516601338448,-0.5080532859984981,2.9706425554169242,-0.8399506518043474,955,2.8549412001711816,"Fast, Aggressive Contact Hitters "
669288-2023-109,669288,Daniel Johnson,2023,Double-A,Texas League,San Antonio Missions,27,1,0.012332771651512388,-0.4211586011022049,-0.7554223410254322,0.4749726038985299,-0.47939693144159135,0.6109879030395564,-0.9969760890703109,956,1.775286512976477,Strikeout-Prone Power Hitters
680577-2023-109,680577,DaShawn Keirsey Jr.,2023,Double-A,Texas League,Wichita Wind Surge,26,3,0.04100418656482364,-0.4122718268750662,0.019740484775126715,0.6921074131927611,1.8704241422247623,1.3384191981496498,1.014541112678406,957,2.189158430451199,Power Hitters with Moderate Speed
680890-2023-109,680890,Jax Biggers,2023,Double-A,Texas League,Frisco RoughRiders,26,1,0.3086803321842155,0.8407633391513427,-0.04953283744676963,0.020963457192409416,-1.0525240225797272,0.03410247551843548,-1.4486318799747453,958,1.2017083878403039,Strikeout-Prone Power Hitters
694497-2023-109,694497,Evan Carter,2023,Double-A,Texas League,Frisco RoughRiders,20,3,0.08680841927785111,0.8985273716277411,-0.16541335491170583,0.37627496331024274,1.3832661147573468,0.7199702067409091,-0.4626575607572777,959,1.795157703824644,Power Hitters with Moderate Speed
669386-2023-109,669386,Trevor Hauver,2023,Double-A,Texas League,Frisco RoughRiders,24,1,0.051336543302412184,2.0626947953827734,0.8767923313713152,0.3960144914279002,1.4119224693142536,-1.1705840128723628,-1.6206613000343013,960,2.813918862920487,Strikeout-Prone Power Hitters
678391-2023-109,678391,Jorbit Vivas,2023,Double-A,Texas League,Tulsa Drillers,22,2,0.3096177846687057,-1.332052959383816,-2.08086769502777,0.15914015401601148,-0.5653659951123117,0.18019891495941756,-0.2105614703409355,961,1.6192590744774704,Swinging Early Contact Hitters
682210-2023-109,682210,Kody Hoese,2023,Double-A,Texas League,Tulsa Drillers,25,2,0.14395859447492276,-1.0743365067968242,-0.7802107706745859,-0.057994655278220335,-1.1958057953642611,-1.2872724984648682,-1.0768798556962889,962,1.8230757272890568,Swinging Early Contact Hitters
686797-2023-109,686797,Brooks Lee,2023,Double-A,Texas League,Wichita Wind Surge,22,2,0.1291192132603909,-0.4211586011022049,-1.2300162327072415,0.6921074131927611,0.38029370526561074,-0.5966162765586183,0.8955637700886011,963,1.713069185362445,Swinging Early Contact Hitters
678760-2023-109,678760,Eddys Leonard,2023,Double-A,Texas League,Tulsa Drillers,22,2,0.04429016701625612,-0.6299977954399407,-0.22877593794839288,0.17887968213366892,-0.13552067675871146,-0.8900218225764933,-0.6864942853119123,964,1.393900411065843,Swinging Early Contact Hitters
686475-2023-109,686475,Tyler Tolbert,2023,Double-A,Texas League,Northwest Arkansas Naturals,25,4,0.15360335793121405,-1.398703766087349,-0.19306183424619353,-0.0974737115135352,0.9820771509606517,1.6333959397906301,1.3873460475989343,965,1.998622782977155,"Fast, Aggressive Contact Hitters "
681123-2023-109,681123,Luca Tresh,2023,Double-A,Texas League,Northwest Arkansas Naturals,23,1,0.04403299161413999,-0.17677230985592032,-0.7131897568317204,-0.2553899364547947,-1.5110256954902357,-1.20488489197298,-1.5772412823642121,966,2.1622923250649975,Strikeout-Prone Power Hitters
679938-2023-109,679938,Yoyner Fajardo,2023,Double-A,Texas League,Wichita Wind Surge,24,4,0.1386172836052053,-1.6164297346522214,-1.2054988477036588,-0.1369527677488501,1.211327987415906,2.153020978520307,0.49373690998719866,967,2.337646743151024,"Fast, Aggressive Contact Hitters "
660614-2023-109,660614,Arquímedes Gamboa,2023,Double-A,Texas League,Springfield Cardinals,25,3,0.08964665765792867,1.1562438242147286,0.26988690370214524,-0.4922642738666837,0.4376064143794243,0.24821500732780213,0.3651275075977309,968,1.4105050400874197,Power Hitters with Moderate Speed
696160-2023-109,696160,Jake Rucker,2023,Double-A,Texas League,Wichita Wind Surge,23,1,0.12615652092132026,-0.0745744062438366,0.4149251768545536,-0.2948689926901096,0.35163735070870394,-0.02221438900605983,-0.9180068908559016,969,1.4431351909495693,Strikeout-Prone Power Hitters
657089-2023-109,657089,Logan Warmoth,2023,Double-A,Texas League,Arkansas Travelers,27,4,0.03448485256475052,0.16536849788887958,0.5730536015437995,-0.5712223863373137,0.2943246415948904,1.2782575316414055,-1.5772412823642121,970,2.053174525070544,"Fast, Aggressive Contact Hitters "
682668-2023-109,682668,Luisangel Acuña,2023,Double-A,Texas League,Frisco RoughRiders,21,4,0.18751330135513186,-1.3053926367024018,-0.7200464928300689,-0.1961713521018224,1.9850495604523894,2.0796961980803874,0.8049343626390119,971,2.4414864578830042,"Fast, Aggressive Contact Hitters "
631222-2023-109,631222,Michael De La Cruz,2023,Double-A,Texas League,San Antonio Missions,30,2,0.23129820148182065,0.12537801386676056,-1.1265664887615694,-0.689659555043258,-0.5940223496692185,-0.6881383138397057,-0.24600401618243073,972,1.1924377918394171,Swinging Early Contact Hitters
667749-2023-109,667749,Juan Fernandez,2023,Double-A,Texas League,San Antonio Missions,24,2,0.3623899508044379,-1.2165248944310252,-1.589620414950727,-0.7488781393962304,-0.6226787042261253,-0.25335154618646505,0.6821711719565688,973,1.051630928179789,Swinging Early Contact Hitters
682182-2023-109,682182,J.C. Correa,2023,Double-A,Texas League,Corpus Christi Hooks,24,2,0.3722901999453996,-1.1587608619546308,-1.8403389554748164,-1.104189645514064,-1.339087568148795,-0.6712312247549163,0.46181349600707255,974,1.6132000819030123,Swinging Early Contact Hitters
702789-2023-109,702789,Austin Gauthier,2023,Double-A,Texas League,Tulsa Drillers,24,4,-0.033953222973723364,0.5963770479050582,-1.5596249545666299,-0.15669229586650751,0.5808881871639567,0.25888543073912795,1.0439607212235713,975,2.132836026643097,"Fast, Aggressive Contact Hitters "
685341-2023-109,685341,Ripken Reyes,2023,Double-A,Texas League,San Antonio Missions,26,2,0.14136191077937516,-0.7455258603927294,-1.3964186965307992,-0.8870548362198322,-0.22148974042943181,0.7436350002318323,-0.8399506518043474,976,1.6310375963503454,Swinging Early Contact Hitters
686523-2023-109,686523,Peyton Wilson,2023,Double-A,Texas League,Northwest Arkansas Naturals,23,3,-0.01393279723171648,-0.25230989078659005,-0.8728971079178096,-0.4527852176313691,0.953420796403745,0.041808683319722324,1.6069357911670443,977,2.0566477470962683,Power Hitters with Moderate Speed
660844-2023-109,660844,Leo Rivas,2023,Double-A,Texas League,Arkansas Travelers,25,4,0.2312636180390185,2.3870620546733,-0.473347500825267,-1.1239291736317214,0.35163735070870394,2.652365737362637,0.588611391124948,978,2.7715987712173367,"Fast, Aggressive Contact Hitters "
687005-2023-109,687005,Kellen Strahm,2023,Double-A,Texas League,Frisco RoughRiders,26,3,0.07083642888621093,0.7163484999714173,-0.1737042220525662,-1.1634082298670363,0.32298099615179715,-0.6530066902787027,1.4705313644613693,979,2.03312809139507,Power Hitters with Moderate Speed
701648-2023-109,701648,Aaron Zavala,2023,Double-A,Texas League,Frisco RoughRiders,23,3,0.021226428049211092,2.906938346960849,2.2943521063030596,-1.1239291736317214,0.6668572508346771,-0.6449812285662487,-0.5364483441874036,980,3.589083688375233,Power Hitters with Moderate Speed
676063-2023-109,676063,Shane McGuire,2023,Double-A,Texas League,Midland RockHounds,24,1,0.009731000782340014,1.582808987117341,-0.21855027613267392,-1.301584926690638,-0.5367096405554049,-0.977291984373371,0.3651275075977309,981,2.6650564767923113,Strikeout-Prone Power Hitters
702331-2023-109,702331,Noah Mendlinger,2023,Double-A,Texas League,Springfield Cardinals,22,2,0.09002626824312075,1.0140554365805259,-2.059172590512524,-1.0844501173964065,0.5522318326070499,-0.6004195012405971,1.633889078373057,982,2.9122433073673433,Swinging Early Contact Hitters
692044-2024-110,692044,Luis Suisbel,2024,Low-A,California League,Modesto Nuts,21,3,0.09189008713673356,-0.21231940676447103,0.455287492973805,0.23809826648664068,1.1540152783020925,-1.143420154293198,-0.6110545118922478,983,1.617645960155681,Power Hitters with Moderate Speed
677673-2024-110,677673,Imanol Vargas,2024,Low-A,California League,Inland Empire 66ers,26,3,0.09819066869958415,1.2406681793725371,0.450764785235396,0.8105445818987058,1.2686406965297197,-1.2367266722201022,-0.38966453115080063,984,1.721554650047868,Power Hitters with Moderate Speed
687918-2024-110,687918,Braylen Wimmer,2024,Low-A,California League,Fresno Grizzlies,23,2,0.0728981235307421,-1.7408445738321487,-0.5037887335248775,0.04070298531006685,0.7528263145053974,0.8497786390138771,-0.0017265915630683638,985,1.9702070063507549,Swinging Early Contact Hitters
687982-2024-110,687982,Carson Jones,2024,Low-A,California League,Modesto Nuts,23,4,0.025202419872251035,-1.043232797001842,1.3047861599862092,0.49471213201618736,1.068046214631372,1.3907273178983495,-0.5736483803226189,986,2.464601871775546,"Fast, Aggressive Contact Hitters "
813860-2024-110,813860,Charlie Pagliarini,2024,Low-A,California League,Modesto Nuts,23,3,0.1511115205545242,2.0804683438370466,2.404996647617256,1.1658560880165396,2.3575821696921775,-0.8872076233558372,-0.317452190621751,987,3.173664217733155,Power Hitters with Moderate Speed
703194-2024-110,703194,Randy De Jesus,2024,Low-A,California League,Inland Empire 66ers,19,3,0.3168092375061163,-0.6788750536891964,0.9768852684942413,0.6723678850751038,1.9850495604523894,-0.7897128583030324,0.8955637700886011,988,1.6664038186726706,Power Hitters with Moderate Speed
692364-2024-110,692364,Cesar Quintas,2024,Low-A,California League,San Jose Giants,21,2,0.15208841644473264,-0.5500168273957007,-0.2433475060357925,0.17887968213366892,-1.1958057953642611,-1.0863621756622368,0.46181349600707255,989,1.4894058604318108,Swinging Early Contact Hitters
815888-2024-110,815888,Leo De Vries,2024,Low-A,California League,Lake Elsinore Storm,17,1,0.3465369308112502,0.19202882057029358,0.004624792995392007,1.1066375036635674,-0.5940223496692185,-0.09550761238251299,-1.4486318799747453,990,0.9672977860400772,Strikeout-Prone Power Hitters
802504-2024-110,802504,Myles Naylor,2024,Low-A,California League,Stockton Ports,19,3,0.0345967718632341,0.25867962727382465,1.8598948956066614,-0.3540875770430819,-0.47939693144159135,-0.9958441409241152,0.6199422569912528,991,2.1527777126917376,Power Hitters with Moderate Speed
694977-2024-110,694977,Nate Nankil,2024,Low-A,California League,Stockton Ports,21,3,0.05689891382577965,0.7829993066749483,-0.896502397300104,0.5144516601338448,0.5808881871639567,-0.9372406315685593,0.13399233948451192,992,1.7787405543235348,Power Hitters with Moderate Speed
700321-2024-110,700321,Andy Perez,2024,Low-A,California League,Fresno Grizzlies,20,2,0.2730708080000274,-2.4251261893217486,-1.6228620198092762,-0.0974737115135352,0.20835557792417,-0.02772838675592049,1.1891660913590978,993,2.1763667038642462,Swinging Early Contact Hitters
806223-2024-110,806223,Aidan Smith,2024,Low-A,California League,Modesto Nuts,19,4,0.008815202139282729,-0.5455734402821323,0.16310541315833865,0.7513259975457335,1.6984860148833214,1.3812418602780294,-1.8872139205947809,994,3.0707659703601924,"Fast, Aggressive Contact Hitters "
698916-2024-110,698916,Rosman Verdugo,2024,Low-A,California League,Lake Elsinore Storm,19,1,0.1286322298764028,0.40531140202159777,0.6733500897375531,0.17887968213366892,0.7528263145053974,-0.6230690263573638,-1.2808769281328816,995,1.504448892883573,Strikeout-Prone Power Hitters
701682-2024-110,701682,Braedon Karpathios,2024,Low-A,California League,Lake Elsinore Storm,21,3,0.30652572957772917,1.3517528572117594,0.6298493312268273,-0.2948689926901096,1.239984341972813,-0.9048479912603357,0.9849927527010691,996,1.373465069648062,Power Hitters with Moderate Speed
691292-2024-110,691292,Angel Ortiz,2024,Low-A,California League,Visalia Rawhide,21,3,0.023024011238979642,-0.5722337629635443,-0.7672549378186988,0.4552330757808725,1.2972970510866264,-0.550008830511029,0.23402067981318972,997,1.755127864352001,Power Hitters with Moderate Speed
805931-2024-110,805931,Caleb Hobson,2024,Low-A,California League,Fresno Grizzlies,22,4,0.18748832261895393,0.7163484999714173,0.7457566880263912,-0.7686176675138878,1.211327987415906,1.9508672701946161,0.032459757314121325,998,1.649260164505084,"Fast, Aggressive Contact Hitters "
800306-2024-110,800306,Jansel Luis,2024,Low-A,California League,Visalia Rawhide,19,2,0.13748243105435265,-1.3853736047466418,-0.4032256307648846,0.020963457192409416,0.5808881871639567,0.3708685350768737,0.8955637700886011,999,1.6423280580673025,Swinging Early Contact Hitters
806191-2024-110,806191,Tai Peete,2024,Low-A,California League,Modesto Nuts,18,3,0.05708989772869662,0.5252828540879548,1.2072904432966358,-0.17643182398416496,2.2716131060214573,1.453064154021781,-0.07062300038336321,1000,2.4364462169630268,Power Hitters with Moderate Speed
703430-2024-110,703430,Anthony Scull,2024,Low-A,California League,Inland Empire 66ers,20,2,0.21926269230794898,-2.3362584470503718,-0.5589984325373663,-0.6501804988079432,0.32298099615179715,0.3628704754147956,-0.1753040039111537,1001,1.8380761318259298,Swinging Early Contact Hitters
702258-2024-110,702258,Druw Jones,2024,Low-A,California League,Visalia Rawhide,20,3,0.16346329366893347,1.4095168896881538,0.7725491992945116,-0.3540875770430819,2.586833006147432,0.36979091131048114,3.4197862228209184,1002,3.5381038655339805,Power Hitters with Moderate Speed
683887-2024-110,683887,Darlyn Montero,2024,Low-A,California League,Stockton Ports,22,3,0.11004682230010053,-0.40338505264792757,0.4304445563691413,-1.0252315330434343,0.8387953781761178,-0.6763909205216838,1.6607351951680607,1003,1.9212430140500116,Power Hitters with Moderate Speed
683529-2024-110,683529,Milkar Perez,2024,Low-A,California League,Modesto Nuts,22,3,0.200858486126391,1.5739222128902002,-0.3686387729147067,-0.23565040833713727,1.2686406965297197,-1.2126610426658915,0.3975102530239391,1004,1.8954763883789363,Power Hitters with Moderate Speed
700170-2024-110,700170,Felix Tena,2024,Low-A,California League,Fresno Grizzlies,20,2,0.23121436187650404,-3.087190869243505,-0.20501467029036058,-0.5120038019843411,0.06507380513963607,-0.10095546848726404,1.0732526954909305,1005,2.5430953918617716,Swinging Early Contact Hitters
703153-2024-110,703153,Samuel Munoz,2024,Low-A,California League,Rancho Cucamonga Quakes,19,2,0.21040676906797945,-0.43004537532934156,-0.45589519091966435,-0.689659555043258,-0.9952113134659135,-0.6479539666656178,-0.38966453115080063,1006,1.0685512944311328,Swinging Early Contact Hitters
699232-2024-110,699232,Anderdson Rojas,2024,Low-A,California League,Visalia Rawhide,20,4,0.0010495217265865614,-1.2831757011345581,-1.0986851401828188,-0.7686176675138878,-0.7373041224537524,1.5019003432553555,1.3873460475989343,1007,2.136089112000157,"Fast, Aggressive Contact Hitters "
700341-2024-110,700341,Kenny Castillo,2024,Low-A,California League,Visalia Rawhide,20,2,0.11560008731565422,-1.940796993942746,0.1702858681596806,-1.0449710611610916,1.4405788238711603,-1.2057397665551348,-0.24600401618243073,1008,2.59453704430659,Swinging Early Contact Hitters
694180-2024-110,694180,Wilman Diaz,2024,Low-A,California League,Rancho Cucamonga Quakes,20,3,0.13756505556584084,-0.7410824732791591,1.13289875358728,-0.5909619144549711,1.4119224693142536,0.22041949654722826,0.10031750918619461,1009,1.7706027110980649,Power Hitters with Moderate Speed
695457-2024-110,695457,Jason Hinchman,2024,Low-A,California League,Fresno Grizzlies,24,3,0.17460086326810406,0.738565435539261,1.227954801549234,-0.7686176675138878,0.5808881871639567,-0.43759059101095,0.23402067981318972,1010,1.421051513340056,Power Hitters with Moderate Speed
805782-2024-110,805782,Ryan Lasko,2024,Low-A,California League,Stockton Ports,22,4,0.07096791284544542,0.9029707587413074,0.5081993079510279,-1.0054920049257767,0.12238651425344965,0.6441219678315107,0.9255052359132501,1011,1.545890443966549,"Fast, Aggressive Contact Hitters "
800194-2024-110,800194,Capri Ortiz,2024,Low-A,California League,Inland Empire 66ers,19,3,0.023725160568737674,-1.2476286042260074,0.6847773846237835,-0.9067943643374896,1.899080496781669,0.5934537971534076,0.6511284070260079,1012,2.421359496126882,Power Hitters with Moderate Speed
800185-2024-110,800185,Ruben Santana,2024,Low-A,California League,Visalia Rawhide,19,3,0.03466040462441385,0.2009155947974303,0.547760595102462,-1.2226268142200083,-0.2501460949863386,-0.6219872784187777,1.7670647860507893,1013,2.3010056952538864,Power Hitters with Moderate Speed
800198-2024-110,800198,Cristofer Torin,2024,Low-A,California League,Visalia Rawhide,19,1,0.05334797798309371,1.7605444716600944,-1.1290735616378036,-1.1831477579846936,-0.10686432220180467,-0.17357086263503074,-0.9573760372608738,1014,2.7304347787428567,Strikeout-Prone Power Hitters
801698-2024-110,801698,Ryan Wilson,2024,Low-A,California League,Lake Elsinore Storm,22,2,0.20780903982958035,-0.554460214509269,-1.3228109941837205,-1.5976778484554994,-1.6543074682747696,-0.8614879237994254,-1.2808769281328816,1015,2.3491814160808753,Swinging Early Contact Hitters
806077-2024-110,806077,Kendall George,2024,Low-A,California League,Rancho Cucamonga Quakes,19,4,0.28212151014579795,0.5163960798608181,-0.45179154749863953,-1.9332498264556754,1.4405788238711603,2.1326037606197734,-0.14022969397706628,1016,2.0461464584388556,"Fast, Aggressive Contact Hitters "
699127-2024-122,699127,Luis Castillo,2024,Low-A,Carolina League,Carolina Mudcats,20,1,0.19690759777893782,1.7161106005244031,0.3659558572979749,0.6723678850751038,-1.9981837229576505,-1.0328923774076664,0.6821711719565688,1017,2.5218813246753364,Strikeout-Prone Power Hitters
696513-2024-122,696513,Andy Garriola,2024,Low-A,Carolina League,Myrtle Beach Pelicans,24,1,0.27817769123194586,1.107366565965471,1.2975953159753146,1.837000044016892,-0.2788024495432454,-0.4809550274659086,-1.239581450907824,1018,1.7090654386170472,Strikeout-Prone Power Hitters
805810-2024-122,805810,Blake Mitchell,2024,Low-A,Carolina League,Columbia Fireflies,19,1,0.15154445411547754,1.6672333422751493,1.1729680971860963,1.0474189193105952,0.40895005982251753,0.7026249369767539,-1.1171891663412536,1019,2.06096313339719,Strikeout-Prone Power Hitters
806210-2024-122,806210,Alfonsin Rosario,2024,Low-A,Carolina League,Myrtle Beach Pelicans,20,1,0.17695647928800737,0.36532091799947675,1.4617883291444302,0.8895026943693356,0.2656682870379836,0.2959567601472583,-1.0368097708553274,1020,1.5225621790418236,Strikeout-Prone Power Hitters
800448-2024-122,800448,Echedry Vargas,2024,Low-A,Carolina League,Down East Wood Ducks,19,2,0.03951311443700736,-2.1363060269397747,-0.3625152364706835,0.613149300722132,0.32298099615179715,1.320322693328761,-0.7245326365063858,1021,2.660641499682241,Swinging Early Contact Hitters
700283-2024-122,700283,Derlin Figueroa,2024,Low-A,Carolina League,Columbia Fireflies,20,1,0.07509875518648074,-0.4522623108971872,-0.22157432855988346,-0.11721323963119265,-1.3964002772626085,-0.004364092489679774,-1.3642334125424125,1022,1.7093223492204679,Strikeout-Prone Power Hitters
701327-2024-122,701327,Elijah Green,2024,Low-A,Carolina League,Fredericksburg Nationals,20,3,0.09208861174528703,0.39198124068089074,3.3897645879749434,-0.018515599042905458,1.6984860148833214,1.3116296613024838,-0.8012583425989398,1023,3.625613720537403,Power Hitters with Moderate Speed
815697-2024-122,815697,Arturo Disla,2024,Low-A,Carolina League,Down East Wood Ducks,23,2,0.26187201857158765,-1.1987513459767498,-0.8509141751940925,0.15914015401601148,0.35163735070870394,-1.109066147182463,0.3975102530239391,1024,1.3151396472289503,Swinging Early Contact Hitters
800051-2024-122,800051,Austin Charles,2024,Low-A,Carolina League,Columbia Fireflies,20,4,0.14483215669544305,-0.7677427959605732,0.40498921592183235,-0.3540875770430819,0.7528263145053974,1.30171194705374,-1.1985370115693785,1025,1.8952394697534363,"Fast, Aggressive Contact Hitters "
806441-2024-122,806441,Nehomar Ochoa Jr.,2024,Low-A,Carolina League,Fayetteville Woodpeckers,18,1,0.25014825840892124,-0.15899876140164498,1.0043181934551206,-0.21591088021947982,-0.3074588041001522,0.3258921433640287,-1.5772412823642121,1026,1.5872443850179248,Strikeout-Prone Power Hitters
691179-2024-122,691179,Erick Peña,2024,Low-A,Carolina League,Columbia Fireflies,21,1,0.18109508652216277,0.6852447901764329,2.7399857365473457,-0.0974737115135352,-0.6226787042261253,-0.22138273931971636,-1.0368097708553274,1027,2.454011425398596,Strikeout-Prone Power Hitters
806252-2024-122,806252,Ralphy Velazquez,2024,Low-A,Carolina League,Lynchburg Hillcats,19,1,0.17929583803447946,0.5741601123372145,-0.5233634104645721,0.4749726038985299,-0.7659604770106593,-0.5435113787657737,-0.35346181986394026,1028,1.1033573586045837,Strikeout-Prone Power Hitters
800406-2024-122,800406,Aron Estrada,2024,Low-A,Carolina League,Delmarva Shorebirds,19,4,0.09276795081725699,-1.4298074758823314,-1.0723930377452056,-0.1961713521018224,0.8674517327330246,1.6183852412189297,1.2748136179899983,1029,2.098363803376218,"Fast, Aggressive Contact Hitters "
699615-2024-122,699615,Brandon Pimentel,2024,Low-A,Carolina League,Fredericksburg Nationals,24,2,0.10633177850609873,-1.2831757011345581,-0.08336537762857653,-0.5712223863373137,0.8674517327330246,0.0730454413449101,0.8654889342656548,1030,1.7277565475665895,Swinging Early Contact Hitters
806983-2024-122,806983,Yophery Rodriguez,2024,Low-A,Carolina League,Carolina Mudcats,18,2,0.1207417202909189,-0.8343936026641062,0.07450789544963501,-0.2948689926901096,0.40895005982251753,-0.6048095020591961,0.20084228637246188,1031,1.252111901364316,Swinging Early Contact Hitters
683149-2024-122,683149,Julian Brock,2024,Low-A,Carolina League,Down East Wood Ducks,23,3,0.29463826435747553,0.3475473695452014,0.8083579087865439,-0.4922642738666837,0.9820771509606517,-0.35368134166722454,0.6821711719565688,1032,0.8437763886917317,Power Hitters with Moderate Speed
703198-2024-122,703198,Kenni Gomez,2024,Low-A,Carolina League,Fayetteville Woodpeckers,19,2,0.09640362929344795,-1.0965534423646661,-0.11280732027877638,0.020963457192409416,0.6955136053915838,0.36671933243844906,-0.6864942853119123,1033,1.7881841409802277,Swinging Early Contact Hitters
800377-2024-122,800377,Angel Mateo,2024,Low-A,Carolina League,Charleston RiverDogs,19,4,0.06862198401341456,-0.07901779335740691,0.34742072911331767,-0.5712223863373137,-0.42208422232777776,0.9806589984273103,-0.7245326365063858,1034,1.4070963098298344,"Fast, Aggressive Contact Hitters "
807511-2024-122,807511,Nelly Taylor,2024,Low-A,Carolina League,Salem Red Sox,21,4,0.07471702083743685,0.9207443071955848,0.18311913911829966,-0.3540875770430819,-0.336115158657059,1.3808742994217458,-0.7245326365063858,1035,1.5799764566727792,"Fast, Aggressive Contact Hitters "
800256-2024-122,800256,Natanael Yuten,2024,Low-A,Carolina League,Salem Red Sox,19,2,0.137826163283957,-1.5542223150622567,0.29697108237952463,-0.21591088021947982,0.12238651425344965,0.30185041077282004,0.7744521913220743,1036,1.699665481970752,Swinging Early Contact Hitters
702995-2024-122,702995,Antonio Anderson,2024,Low-A,Carolina League,Salem Red Sox,19,2,0.1412059137929268,0.18314204634315492,0.3283263916477178,-1.2621058704553232,-1.7689328865023968,-0.918937536300404,1.3031230493111623,1037,2.575379605635025,Swinging Early Contact Hitters
702693-2024-122,702693,Jaison Chourio,2024,Low-A,Carolina League,Lynchburg Hillcats,19,4,0.22051513651742183,1.8760725366128832,-1.2001072931311119,-0.37382710516073936,0.12238651425344965,2.368722141348038,1.3873460475989343,1038,2.6012734500836663,"Fast, Aggressive Contact Hitters "
694183-2024-122,694183,Cristian Hernández,2024,Low-A,Carolina League,Myrtle Beach Pelicans,20,4,0.15891568134190243,-0.31007392326298444,-0.05862611226473635,-0.21591088021947982,1.2686406965297197,1.6448362378618226,1.2463849887118086,1039,1.5147354160050917,"Fast, Aggressive Contact Hitters "
800440-2024-122,800440,Narciso Polanco,2024,Low-A,Carolina League,Charleston RiverDogs,19,4,0.11596253356075317,1.1518004371011623,-0.06767556407153187,-0.7488781393962304,-0.5653659951123117,1.0176144821180617,-0.1753040039111537,1040,1.5505994787081954,"Fast, Aggressive Contact Hitters "
703143-2024-122,703143,Cristhian Vaquero,2024,Low-A,Carolina League,Fredericksburg Nationals,19,1,0.041601242240553435,0.005406561800401471,1.7772866194362715,-0.7093990831609155,-0.47939693144159135,1.2410984042757285,-1.239581450907824,1041,2.553291518787631,Strikeout-Prone Power Hitters
804645-2024-122,804645,Caden Connor,2024,Low-A,Carolina League,Kannapolis Cannon Ballers,23,2,0.07965465081954055,-0.714422150597747,-1.00983266854679,-0.2948689926901096,1.4119224693142536,-0.7613307007380271,0.5571344600880327,1042,1.9087045061200392,Swinging Early Contact Hitters
694065-2024-122,694065,Arxy Hernandez,2024,Low-A,Carolina League,Kannapolis Cannon Ballers,20,2,0.12401608127626808,-0.5677903758499759,0.3042534659166606,-0.7093990831609155,0.12238651425344965,-1.0968152902502748,0.06647388204094307,1043,1.5093159157010079,Swinging Early Contact Hitters
691262-2024-122,691262,Reginald Preciado,2024,Low-A,Carolina League,Myrtle Beach Pelicans,21,2,0.12713796066719393,-1.6253165088793582,0.8803585437844691,-1.2818453985729807,0.2656682870379836,-0.0823793224844335,0.10031750918619461,1044,2.157230092254125,Swinging Early Contact Hitters
805075-2024-122,805075,Erick Torres,2024,Low-A,Carolina League,Columbia Fireflies,19,2,0.17720240780195584,-1.003242312979721,-1.5216109369949866,-1.6963754890437865,-1.1098367316935407,0.7425611119656036,-0.2105614703409355,1045,1.9427724678447738,Swinging Early Contact Hitters
800421-2024-122,800421,Marvin Alcantara,2024,Low-A,Carolina League,Salem Red Sox,19,2,0.2232192692696218,-1.6208731217657897,-0.11740368047521703,-1.7555940733967588,0.2656682870379836,-0.2930980443806004,0.3651275075977309,1046,1.780374522429185,Swinging Early Contact Hitters
694206-2024-122,694206,Daniel Guilarte,2024,Low-A,Carolina League,Carolina Mudcats,20,4,0.149198255042848,0.885197210287034,0.20745341707474504,-1.2818453985729807,0.6095445417208635,1.9172069839346142,2.770074808178471,1047,2.7807976264877086,"Fast, Aggressive Contact Hitters "
691405-2024-122,691405,Juan Benjamin,2024,Low-A,Carolina League,Lynchburg Hillcats,21,4,0.018061728511938772,-1.0654497325696857,-0.1819695061711546,-1.3805430391612676,0.35163735070870394,0.7558825611693746,0.6511284070260079,1048,1.480502003018009,"Fast, Aggressive Contact Hitters "
821009-2024-122,821009,Cesar Hernandez,2024,Low-A,Carolina League,Fayetteville Woodpeckers,21,4,0.07976220265704441,-1.8697028001256446,-0.17246118390436457,-1.4397616235142399,-0.45074057688468455,1.8108947586523345,0.9849927527010691,1049,2.2609932177661998,"Fast, Aggressive Contact Hitters "
694387-2024-122,694387,Christian Knapczyk,2024,Low-A,Carolina League,Lynchburg Hillcats,22,2,0.13728708037361487,-0.7632994088470048,-0.9428904127763966,-0.9462734205728045,-0.13552067675871146,0.6001253667996328,-0.9180068908559016,1050,1.5209396590097337,Swinging Early Contact Hitters
815299-2024-122,815299,Will Verdung,2024,Low-A,Carolina League,Augusta GreenJackets,21,4,-0.019421042493422722,0.9251876943091512,-0.44354116072275296,-1.7161150171614439,-0.9665549589090068,0.16318298714653504,0.20084228637246188,1051,2.2537465879883367,"Fast, Aggressive Contact Hitters "
800345-2024-122,800345,Juan Baez,2024,Low-A,Carolina League,Carolina Mudcats,19,2,0.24269064075929386,-2.8072574810886675,-2.343032051540292,-1.143668701749379,-0.42208422232777776,0.41883046918369843,0.588611391124948,1052,2.69316357814211,Swinging Early Contact Hitters
694181-2024-122,694181,Carlos Colmenarez,2024,Low-A,Carolina League,Charleston RiverDogs,20,4,0.07953398849975578,1.2717718891675174,0.988967006106137,-1.8542917139850457,-0.16417703131561825,0.5220621165471148,0.7744521913220743,1053,2.361485009774706,"Fast, Aggressive Contact Hitters "
694070-2024-122,694070,Yhoswar Garcia,2024,Low-A,Carolina League,Carolina Mudcats,22,4,0.20410572605192198,-1.940796993942746,-0.9895301398717623,-1.8542917139850457,1.1826716328589992,4.264520111637845,0.6511284070260079,1054,3.867377528880184,"Fast, Aggressive Contact Hitters "
800357-2024-122,800357,Ricardo Gonzalez,2024,Low-A,Carolina League,Charleston RiverDogs,19,2,0.12431140631320677,-0.48780940780573595,-0.44199784229264233,-2.0516869951616203,-1.5110256954902357,0.38062762382781734,0.5571344600880327,1055,2.165836913512945,Swinging Early Contact Hitters
803142-2024-122,803142,Tommy Hawke,2024,Low-A,Carolina League,Lynchburg Hillcats,21,4,0.305559018580131,0.8540935004920498,-0.5492857082164658,-1.2621058704553232,0.7814826690623042,2.2425213037917433,0.9255052359132501,1056,1.617771865856572,"Fast, Aggressive Contact Hitters "
805082-2024-122,805082,Ronny Hernandez,2024,Low-A,Carolina League,Kannapolis Cannon Ballers,19,2,0.29747015046064335,-0.621111021212802,-1.4761240783622516,-1.8345521858673886,0.38029370526561074,-1.3685926284856165,0.4297384262845607,1057,1.9996581892568077,Swinging Early Contact Hitters
807747-2024-122,807747,Rikuu Nishida,2024,Low-A,Carolina League,Kannapolis Cannon Ballers,23,4,0.15886606880899165,0.04984043293609082,-1.8173190462021516,-1.4200220953965825,0.7528263145053974,1.685059479510187,1.7406389617940385,1058,2.3809313008003934,"Fast, Aggressive Contact Hitters "
803745-2024-122,803745,Adrian Santana,2024,Low-A,Carolina League,Charleston RiverDogs,18,4,0.07975037979320151,-1.940796993942746,-1.2243368208844336,-1.6371569046908143,-0.6513350587830321,2.494432267144088,0.23402067981318972,1059,2.77973947843379,"Fast, Aggressive Contact Hitters "
694808-2024-113,694808,Zach Kokoska,2024,Double-A,Eastern League,Hartford Yard Goats,25,1,0.3397350624409714,1.0096120494669596,1.202617598465646,1.9159581564875219,-1.4250566318195155,0.0857538085236388,-1.1985370115693785,1060,1.911083540108261,Strikeout-Prone Power Hitters
669236-2024-113,669236,Jeremiah Jackson,2024,Double-A,Eastern League,Binghamton Rumble Ponies,24,2,0.011484305099280995,-0.8121766670962625,0.3622811047930666,0.3960144914279002,-2.198778204855998,-0.5386126740420971,0.2998923191606899,1061,2.365332245527871,Swinging Early Contact Hitters
691775-2024-113,691775,Ryan Clifford,2024,Double-A,Eastern League,Binghamton Rumble Ponies,20,1,0.23635117387487953,2.009374150019945,0.9138565561097338,1.521167594134373,-0.5080532859984981,-0.9859344264938995,-0.6864942853119123,1062,1.9542481083023522,Strikeout-Prone Power Hitters
682983-2024-113,682983,Jud Fabian,2024,Double-A,Eastern League,Bowie Baysox,23,1,0.3339790886511124,-0.039027309335285906,1.072433470245316,1.0079398630752803,-0.45074057688468455,-0.06596118459939748,-1.3224265329706908,1063,1.0946313173308526,Strikeout-Prone Power Hitters
680273-2024-113,680273,Chris Meyers,2024,Double-A,Eastern League,Erie SeaWolves,25,1,0.1180448897341105,-0.17232892274235198,0.41567708510712487,0.5144516601338448,0.2656682870379836,-0.9987908386134067,-0.5736483803226189,1064,1.2787394272576218,Strikeout-Prone Power Hitters
669398-2024-113,669398,Gage Workman,2024,Double-A,Eastern League,Erie SeaWolves,24,3,0.18175489484346197,0.711905112857847,0.6894921713987853,0.9684608068399653,1.6984860148833214,0.954574332484934,-0.1753040039111537,1065,1.8174377910242008,Power Hitters with Moderate Speed
682987-2024-113,682987,Spencer Jones,2024,Double-A,Eastern League,Somerset Patriots,23,3,0.26880752043735007,1.3384226958710523,2.2028262908777143,0.8895026943693356,2.558176651590525,0.5220621165471148,0.8654889342656548,1066,2.6766204011474515,Power Hitters with Moderate Speed
694212-2024-113,694212,Samuel Basallo,2024,Double-A,Eastern League,Bowie Baysox,19,2,0.18870034248585765,-1.12321376504608,-0.6950351646298151,0.5539307163691597,0.4949191234932379,-0.4047023705178326,0.2670368310730256,1067,1.4001023323955823,Swinging Early Contact Hitters
678413-2024-113,678413,Alexfri Planez,2024,Double-A,Eastern League,Akron RubberDucks,22,1,0.007779427830942448,-1.6430900573336333,0.9224140315272813,0.31705637895727046,-1.1671494408073542,-1.0764476143985242,-0.6110545118922478,1068,2.4239181512524417,Strikeout-Prone Power Hitters
694930-2024-113,694930,Carson Taylor,2024,Double-A,Eastern League,Reading Fightin Phils,25,3,-0.011336931714342422,0.5919336607914879,-0.32269864172577106,0.7908050537810484,0.4376064143794243,-0.9555236467147105,-0.07062300038336321,1069,1.501194751355794,Power Hitters with Moderate Speed
696135-2024-113,696135,Kahlil Watson,2024,Double-A,Eastern League,Akron RubberDucks,21,1,0.3333559669666026,0.43197172470300976,1.2123169088175378,0.7710655256633909,-0.7659604770106593,0.4182207176133196,-1.0768798556962889,1070,1.1595023002884317,Strikeout-Prone Power Hitters
701350-2024-113,701350,Roman Anthony,2024,Double-A,Eastern League,Portland Sea Dogs,20,3,0.15170251093988427,0.9251876943091512,0.3644484269087271,1.4224699535460859,0.6955136053915838,0.3262909011997212,0.588611391124948,1071,1.4268658868420654,Power Hitters with Moderate Speed
687637-2024-113,687637,Dylan Beavers,2024,Double-A,Eastern League,Bowie Baysox,22,1,0.2930137768638862,0.6852447901764329,-0.11648702142337526,0.4749726038985299,-0.6226787042261253,0.6479510859150668,-1.978455707481423,1072,1.6185458909284962,Strikeout-Prone Power Hitters
685313-2024-113,685313,Elijah Dunham,2024,Double-A,Eastern League,Somerset Patriots,26,1,0.22802882961159898,-0.33229085883082815,0.6304716309563299,1.1658560880165396,0.036417450582729285,0.4007691353778086,-0.9969760890703109,1073,1.4003911624674146,Strikeout-Prone Power Hitters
691182-2024-113,691182,Adael Amador,2024,Double-A,Eastern League,Hartford Yard Goats,21,4,0.12297148586117268,0.30755688552308436,-0.6488230895065639,-0.038255127160562896,-1.4537129863764222,1.6349142208547964,0.2998923191606899,1074,1.8932788979092998,"Fast, Aggressive Contact Hitters "
660650-2024-113,660650,Dérmis Garcia,2024,Double-A,Eastern League,Harrisburg Senators,26,1,0.1904101425362986,-0.35006440728510346,1.0879830164042736,0.04070298531006685,-2.3134036230836252,-1.1487121487048282,-0.9573760372608738,1075,2.290426649924849,Strikeout-Prone Power Hitters
687724-2024-113,687724,Jake Holton,2024,Double-A,Eastern League,Erie SeaWolves,26,3,0.2410371435944701,0.5519431767693689,-0.18165683652071718,0.613149300722132,0.6955136053915838,-0.765940982687785,0.8654889342656548,1076,1.0238575948376691,Power Hitters with Moderate Speed
686984-2024-113,686984,Marcus Lee Sang,2024,Double-A,Eastern League,Reading Fightin Phils,23,3,0.048047468675012764,0.738565435539261,0.03671532581119221,0.19861921025132637,-0.7659604770106593,-0.0749681408449111,1.3313142780696945,1077,1.9960355545356223,Power Hitters with Moderate Speed
691006-2024-113,691006,Kevin Parada,2024,Double-A,Eastern League,Binghamton Rumble Ponies,22,1,0.20163030174163846,0.28533994995523865,1.701323360639601,-0.038255127160562896,-0.16417703131561825,-1.2999759843198895,-1.1577405763992141,1078,1.8203054014901026,Strikeout-Prone Power Hitters
689651-2024-113,689651,Phillip Sikes,2024,Double-A,Eastern League,Portland Sea Dogs,25,1,0.18868944796174178,-0.19898924542376403,0.9593181442654517,0.4354935476632151,0.2370119324810768,0.9270840715175115,-1.9326806882253373,1079,2.0615114494615567,Strikeout-Prone Power Hitters
694514-2024-113,694514,Sterlin Thompson,2024,Double-A,Eastern League,Hartford Yard Goats,23,2,0.1683941094225892,-0.6566581181213527,0.04043237594429657,-0.1369527677488501,-0.2788024495432454,-0.41988822793567393,0.8049343626390119,1080,1.1730898725124839,Swinging Early Contact Hitters
690984-2024-113,690984,Petey Halpin,2024,Double-A,Eastern League,Akron RubberDucks,22,1,0.334931753617914,0.5830468865643512,0.024829943286821563,0.3565354351925853,-0.8805858952382863,0.06118439370170921,-1.4486318799747453,1081,0.9293149794653202,Strikeout-Prone Power Hitters
701678-2024-113,701678,Hao-Yu Lee,2024,Double-A,Eastern League,Erie SeaWolves,21,3,0.019505892168650125,-0.17677230985592032,-0.8885894157428429,0.8302841100163633,0.7241699599484906,-0.024490342460260755,0.46181349600707255,1082,1.7053389452185626,Power Hitters with Moderate Speed
701162-2024-113,701162,Ben Malgeri,2024,Double-A,Eastern League,Erie SeaWolves,24,3,0.31088985396331476,0.7696691453342414,1.3394544026738948,0.17887968213366892,1.2686406965297197,0.1845707533852086,0.8654889342656548,1083,1.0663444196341443,Power Hitters with Moderate Speed
678742-2024-113,678742,Rainer Nunez,2024,Double-A,Eastern League,New Hampshire Fisher Cats,23,3,0.09094538553804778,0.44974527315728513,-0.5257953995281252,-0.15669229586650751,0.38029370526561074,-1.224876926260812,1.8717457895785798,1084,2.0550674159074087,Power Hitters with Moderate Speed
678011-2024-113,678011,Anthony Seigler,2024,Double-A,Eastern League,Somerset Patriots,25,1,0.10626079826816288,0.40531140202159777,-0.9037670331553346,0.33679590707492785,-1.3677439227057018,0.854977097908745,-0.9180068908559016,1085,1.9754137819203026,Strikeout-Prone Power Hitters
682674-2024-113,682674,Victor Bericoto,2024,Double-A,Eastern League,Richmond Flying Squirrels,22,2,0.04550055719829754,-0.674431666575628,0.11509929949487982,-0.47252474574902625,0.4376064143794243,-0.7242256518080981,0.8352795349709173,1086,1.4919452715751407,Swinging Early Contact Hitters
691907-2024-113,691907,Tsung-Che Cheng,2024,Double-A,Eastern League,Altoona Curve,22,1,0.10438602115608368,0.3475473695452014,0.015535574152764275,-0.4922642738666837,-1.1098367316935407,0.03395809438703281,-0.5364483441874036,1087,1.3905298653579643,Strikeout-Prone Power Hitters
682775-2024-113,682775,Kervin Pichardo,2024,Double-A,Eastern League,Altoona Curve,22,3,0.1324136172907903,-0.4922527949193043,0.749838277273422,-0.5317433301019986,0.7241699599484906,-0.5637414508870615,0.2670368310730256,1088,1.324891282933679,Power Hitters with Moderate Speed
691019-2024-113,691019,Kyle Teel,2024,Double-A,Eastern League,Portland Sea Dogs,22,3,0.1514667722307251,-0.034583922221717564,-0.08677442088835362,0.297316850839613,1.6984860148833214,-0.24608705899706992,-0.6864942853119123,1089,1.6933115275783983,Power Hitters with Moderate Speed
687749-2024-113,687749,Jase Bowen,2024,Double-A,Eastern League,Altoona Curve,23,2,0.11235280826765046,-1.1765344104089062,0.040994063519965485,-0.4527852176313691,-0.42208422232777776,0.6441219678315107,-0.4994521448894528,1090,1.5040542674801125,Swinging Early Contact Hitters
675994-2024-113,675994,Devonte Brown,2024,Double-A,Eastern League,New Hampshire Fisher Cats,24,3,0.06600311140037018,1.1829041468961428,2.0507264894565784,-0.33434804892542447,1.5552042420987875,-0.11061357159883314,-1.1577405763992141,1091,2.5961729281646293,Power Hitters with Moderate Speed
690924-2024-113,690924,Braxton Fulford,2024,Double-A,Eastern League,Hartford Yard Goats,25,1,0.19988698814707834,-0.22564956810517606,0.288189949723928,0.4354935476632151,-0.16417703131561825,-0.39647489330553287,-0.6486690352419712,1092,0.8699529753668753,Strikeout-Prone Power Hitters
672613-2024-113,672613,Eliezer Alfonzo,2024,Double-A,Eastern League,Erie SeaWolves,24,2,0.3054750258277656,-0.5055829562600113,-2.5329584004237273,-0.689659555043258,-1.5969947591609561,-1.0551603199405777,0.2670368310730256,1093,2.247480148191865,Swinging Early Contact Hitters
680918-2024-113,680918,Brady Allen,2024,Double-A,Eastern League,Erie SeaWolves,24,1,0.0725413783602321,0.5830468865643512,1.7343827813592632,-0.21591088021947982,-0.45074057688468455,-0.3951131629123903,0.06647388204094307,1094,1.809501759374617,Strikeout-Prone Power Hitters
682653-2024-113,682653,Warming Bernabel,2024,Double-A,Eastern League,Hartford Yard Goats,22,2,0.3187528021997666,-2.731719900157998,-1.4853652820528542,-1.0252315330434343,-0.5653659951123117,-0.3977359501972585,-0.9180068908559016,1095,2.325130150529859,Swinging Early Contact Hitters
701496-2024-113,701496,Ben Cowles,2024,Double-A,Eastern League,Somerset Patriots,24,2,0.17541395371603025,-1.8741461872392149,-0.9132663202438491,0.5934097726044746,0.810139023619211,-0.07571310064697556,-1.1577405763992141,1096,2.3266641929086216,Swinging Early Contact Hitters
669360-2024-113,669360,Trei Cruz,2024,Double-A,Eastern League,Erie SeaWolves,25,3,0.08405285589071115,-0.35006440728510346,0.3517860116390495,-0.2553899364547947,0.8387953781761178,-0.18636347327137615,-0.4626575607572777,1097,1.4514781502389618,Power Hitters with Moderate Speed
679821-2024-113,679821,Rowdey Jordan,2024,Double-A,Eastern League,Binghamton Rumble Ponies,25,4,-0.0011887111901100055,0.08538752984464151,0.5056778332695618,-0.7291386112785729,-0.7659604770106593,0.7026249369767539,-0.4994521448894528,1098,1.6229784502731095,"Fast, Aggressive Contact Hitters "
691001-2024-113,691001,Robert Moore,2024,Double-A,Eastern League,Reading Fightin Phils,22,2,0.1930201162261759,-0.8166200542098309,-1.0676416310911772,-0.47252474574902625,-1.1098367316935407,0.7112613956839403,-0.7245326365063858,1099,1.5664818935790645,Swinging Early Contact Hitters
685300-2024-113,685300,Grant Richardson,2024,Double-A,Eastern League,Somerset Patriots,24,3,0.1948214587281713,-0.2656400521272971,0.7805306920057287,-0.07773418339587777,0.9820771509606517,0.18398485400530973,0.13399233948451192,1100,1.0423152098360917,Power Hitters with Moderate Speed
675455-2024-113,675455,Milan Tolentino,2024,Double-A,Eastern League,Akron RubberDucks,22,2,0.02428014871794617,-1.1321005392732186,0.34233944786643317,-0.37382710516073936,-0.04955161308799109,0.21690635293422453,-1.3224265329706908,1101,2.0186334668144186,Swinging Early Contact Hitters
695930-2024-113,695930,Frederick Bencosme,2024,Double-A,Eastern League,Bowie Baysox,21,2,0.19724749328388722,-0.7899597315284188,-1.1513984486785576,-0.7883571956315449,-0.9952113134659135,0.6092964452931163,-1.0368097708553274,1102,1.6974409556009808,Swinging Early Contact Hitters
677570-2024-113,677570,Aaron Bracho,2024,Double-A,Eastern League,Akron RubberDucks,23,1,0.08633323890037493,0.41864156336230474,-0.5813245654560734,-0.6107014425726283,-1.5683384046040494,-1.0620913683505586,-1.3642334125424125,1103,2.076583849274939,Strikeout-Prone Power Hitters
682942-2024-113,682942,Alex De Jesus,2024,Double-A,Eastern League,New Hampshire Fisher Cats,22,3,0.2315138718826859,-0.3278474717172598,0.76837947401144,-0.6107014425726283,1.2972970510866264,-0.5716880051897959,0.3975102530239391,1104,1.2770499864351657,Power Hitters with Moderate Speed
687981-2024-113,687981,John Rhodes,2024,Double-A,Eastern League,Bowie Baysox,23,1,0.03963048032483646,0.10760446541248521,0.06934976596285371,-0.8278362518668598,-1.74027653194549,-0.9933022730091436,-0.7245326365063858,1105,2.044527169863847,Strikeout-Prone Power Hitters
689822-2024-113,689822,Matt Rudick,2024,Double-A,Eastern League,Binghamton Rumble Ponies,25,1,0.17169141035970015,0.2009155947974303,-0.2809221273146518,-0.39356663327839675,-0.336115158657059,-0.18455673074713255,-1.9326806882253373,1106,1.6899581889002466,Strikeout-Prone Power Hitters
686798-2024-113,686798,Yordys Valdes,2024,Double-A,Eastern League,Akron RubberDucks,22,3,0.14799407118672267,0.778555919561382,1.0837567979763563,-0.7883571956315449,0.40895005982251753,0.18549234655870744,1.6607351951680607,1107,1.8069568789528625,Power Hitters with Moderate Speed
694368-2024-113,694368,Jimmy Glowenke,2024,Double-A,Eastern League,Richmond Flying Squirrels,25,2,0.05964821036430691,-0.7766295701877118,-0.14011005909219726,-0.7488781393962304,-1.91221465928693,-0.8166091533658879,-1.1985370115693785,1108,2.229523780154471,Swinging Early Contact Hitters
687627-2024-113,687627,Kody Huff,2024,Double-A,Eastern League,Akron RubberDucks,23,1,0.17127092574080754,0.9829517267855455,-0.1538479924523008,-0.5712223863373137,-0.13552067675871146,-0.8123899485712033,-0.8012583425989398,1109,1.5387376790026932,Strikeout-Prone Power Hitters
691458-2024-113,691458,Blaze Jordan,2024,Double-A,Eastern League,Portland Sea Dogs,21,2,0.3610143285388858,-1.8608160258985078,-1.8329804545620159,-0.4133061613960542,-0.8805858952382863,-1.1233521600632466,-0.317452190621751,1110,1.7596953915955102,Swinging Early Contact Hitters
687605-2024-113,687605,Andrew Pinckney,2024,Double-A,Eastern League,Harrisburg Senators,23,3,0.07641523835320543,0.30755688552308436,0.5546446644809883,-0.7883571956315449,1.1253589237451858,0.5559458972366859,1.4429166450724902,1111,1.6387927054417284,Power Hitters with Moderate Speed
690022-2024-113,690022,Ryan Ritter,2024,Double-A,Eastern League,Hartford Yard Goats,23,3,0.1553613366572461,0.12982140098033088,0.04703935781627532,-0.314608520807767,1.1826716328589992,0.021326222602709114,-0.1753040039111537,1112,1.2374240361889892,Power Hitters with Moderate Speed
683447-2024-113,683447,Gabriel Martinez,2024,Double-A,Eastern League,New Hampshire Fisher Cats,21,2,0.24613333054496522,-1.2965058624752652,-1.258222547511531,-0.7488781393962304,-2.1414654957421844,-1.0559458777484592,-0.6864942853119123,1113,2.183196299865011,Swinging Early Contact Hitters
682679-2024-113,682679,Dayan Frias,2024,Double-A,Eastern League,Akron RubberDucks,22,2,0.015441000266237084,0.6008204350186286,0.15340817241410262,-0.9462734205728045,-1.3677439227057018,-0.5082276590180329,0.2998923191606899,1114,2.0849840863190305,Swinging Early Contact Hitters
685332-2024-113,685332,Carlos Mendoza,2024,Double-A,Eastern League,Erie SeaWolves,24,4,0.1429028810830131,0.778555919561382,-0.9858199043000373,-0.8475757799845173,0.4949191234932379,0.795145276006246,1.4705313644613693,1115,1.7638333807976974,"Fast, Aggressive Contact Hitters "
691267-2024-113,691267,Alex Ramírez,2024,Double-A,Eastern League,Binghamton Rumble Ponies,21,4,0.15524614906453202,0.3875378535673224,-0.1000542882192481,-1.1634082298670363,-1.1958057953642611,1.277764686542114,0.06647388204094307,1116,1.5881983939603304,"Fast, Aggressive Contact Hitters "
678837-2024-113,678837,Bladimir Restituyo,2024,Double-A,Eastern League,Hartford Yard Goats,22,2,0.15777201647885067,-3.300473450694809,-1.1233140698951027,-1.3213244548082954,0.036417450582729285,0.9325214792886459,-0.426062406244488,1117,2.976072638632359,Swinging Early Contact Hitters
686445-2024-113,686445,Sammy Siani,2024,Double-A,Eastern League,Altoona Curve,23,2,0.21848713056214628,-1.3009492495888335,-0.44952954959573127,-0.6699200269256006,0.09373015969654286,0.1001764256547681,1.0439607212235713,1118,1.259007543630398,Swinging Early Contact Hitters
673990-2024-113,673990,Andy Thomas,2024,Double-A,Eastern League,Richmond Flying Squirrels,26,2,0.13879771835673363,-0.10567811603881895,-0.5181834707953549,-1.202887286102351,-0.9378986043520999,-0.938430605896371,-0.8788659726686607,1119,1.7092506149358482,Swinging Early Contact Hitters
686976-2024-113,686976,Silas Ardoin,2024,Double-A,Eastern League,Bowie Baysox,23,1,0.17725225595183022,1.4539507608238451,0.7385514391927243,-1.4397616235142399,-0.9092422497951932,-0.9968808120721815,-0.7245326365063858,1120,2.4113754817276654,Strikeout-Prone Power Hitters
802407-2024-113,802407,Joe Lampe,2024,Double-A,Eastern League,Akron RubberDucks,23,2,0.15667826518815903,-0.5988940856449583,-0.6699087219061844,-0.7291386112785729,-0.16417703131561825,0.4224977382294944,-0.07062300038336321,1121,0.9077132468933945,Swinging Early Contact Hitters
696281-2024-113,696281,Wyatt Young,2024,Double-A,Eastern League,Binghamton Rumble Ponies,24,4,0.04936229398792276,0.6408109190407456,-0.4117076459043331,-1.4397616235142399,1.6698296603264147,0.4640771252052603,0.06647388204094307,1122,2.0386375911037407,"Fast, Aggressive Contact Hitters "
686793-2024-113,686793,J.T. Arruda,2024,Double-A,Eastern League,Harrisburg Senators,26,2,0.35060024955743796,-0.9765819902983089,-0.3705875906970425,-1.143668701749379,-0.9378986043520999,-0.6019645861932608,0.46181349600707255,1123,1.0671622701753933,Swinging Early Contact Hitters
800765-2024-113,800765,Carter Howell,2024,Double-A,Eastern League,Richmond Flying Squirrels,25,2,0.16923372017142577,-0.4700358593514606,-0.6057307866001764,-0.5712223863373137,0.810139023619211,-0.2167828223468577,-0.4626575607572777,1124,1.4220684722912869,Swinging Early Contact Hitters
688460-2024-113,688460,Josh Kasevich,2024,Double-A,Eastern League,New Hampshire Fisher Cats,23,2,0.3173643764778141,-2.3007113501418233,-2.0650920906740504,-1.341063982925953,0.036417450582729285,-0.5076878383072478,0.5571344600880327,1125,2.1634259246775636,Swinging Early Contact Hitters
687751-2024-113,687751,Cortland Lawson,2024,Double-A,Eastern League,Harrisburg Senators,24,2,0.2423395204803989,-1.3809302176330716,-0.13071354105385308,-1.952989354573333,-0.7373041224537524,-0.1945674649176439,0.06647388204094307,1126,1.7530847599074628,Swinging Early Contact Hitters
699013-2024-123,699013,Esmerlyn Valdez,2024,Low-A,Florida State League,Bradenton Marauders,20,1,0.31815191000587145,0.5830468865643512,1.1897613669858103,1.7580419315462623,-0.794616831567566,-1.0121744383005447,-1.0368097708553274,1127,1.5724732695276282,Strikeout-Prone Power Hitters
694200-2024-123,694200,Ariel Almonte,2024,Low-A,Florida State League,Daytona Tortugas,20,1,0.34600737145700644,1.0895930175111976,1.4579580934042464,0.8697631662516782,-1.482369340933329,-1.1230303188546475,-1.1577405763992141,1128,1.7573823021466508,Strikeout-Prone Power Hitters
813880-2024-123,813880,Devin Saltiban,2024,Low-A,Florida State League,Clearwater Threshers,19,1,0.24829056000639566,0.040953658708954135,0.2475290450390776,0.8500236381340207,-0.8805858952382863,0.401315022392278,-0.35346181986394026,1129,1.0823997024567351,Strikeout-Prone Power Hitters
682627-2024-123,682627,Jose De La Cruz,2024,Low-A,Florida State League,Lakeland Flying Tigers,22,3,0.11564379149433285,-0.4966961820328746,1.8844759414470829,0.27757732272195557,0.9247644418468381,-0.5839914428763977,-0.317452190621751,1130,1.846896749506452,Power Hitters with Moderate Speed
805796-2024-123,805796,Arjun Nimmala,2024,Low-A,Florida State League,Dunedin Blue Jays,18,1,0.291410895085132,0.12982140098033088,1.308780490891809,1.9159581564875219,-0.3074588041001522,-0.5164562216495024,-1.5340987107905482,1131,1.7930847417280649,Strikeout-Prone Power Hitters
806263-2024-123,806263,Brandon Winokur,2024,Low-A,Florida State League,Fort Myers Mighty Mussels,19,4,-0.027853083006740918,-1.2565153784531462,0.7651938444764402,0.731586469428076,0.2656682870379836,0.7577332125773495,-0.317452190621751,1132,2.279355830766479,"Fast, Aggressive Contact Hitters "
703149-2024-123,703149,Roderick Arias,2024,Low-A,Florida State League,Tampa Tarpons,19,4,-8.607936332186547e-4,0.5386130154286619,1.255806762672302,0.2578377946042981,0.5522318326070499,1.335548557164248,0.10031750918619461,1133,1.8260809609473334,"Fast, Aggressive Contact Hitters "
691922-2024-123,691922,Javier Rivas,2024,Low-A,Florida State League,Bradenton Marauders,21,3,0.017258027009594938,-1.847485864557801,1.4479992485551079,0.4354935476632151,-0.16417703131561825,-0.530202026389443,1.1891660913590978,1134,2.7171128796745534,Power Hitters with Moderate Speed
703150-2024-123,703150,Ricky Cabrera,2024,Low-A,Florida State League,Daytona Tortugas,19,2,0.1834793864259883,-1.9452403810563164,-0.18918513545792848,-0.038255127160562896,-0.10686432220180467,0.4253604818808789,1.014541112678406,1135,1.7882379084374929,Swinging Early Contact Hitters
694186-2024-123,694186,Shalin Polanco,2024,Low-A,Florida State League,Bradenton Marauders,20,1,0.1782483979664143,-0.11900827737952398,1.2623953986368988,0.08018204154538174,-1.5110256954902357,0.04279085014737114,0.13399233948451192,1136,1.837394315445027,Strikeout-Prone Power Hitters
691398-2024-123,691398,Yerlin Confidan,2024,Low-A,Florida State League,Daytona Tortugas,21,3,0.1029579131163293,-0.43004537532934156,0.15464803390925833,0.4552330757808725,0.15104286881035645,0.37495688061874904,1.845727300815821,1137,1.8716655095718842,Power Hitters with Moderate Speed
815734-2024-123,815734,Dylan Jasso,2024,Low-A,Florida State League,Tampa Tarpons,21,1,0.2432326560363972,1.676120116502286,0.2466308412228182,0.1196610977806966,-0.2501460949863386,-1.2126610426658915,-0.9573760372608738,1138,1.5950791867729728,Strikeout-Prone Power Hitters
801938-2024-123,801938,Avery Owusu-Asiedu,2024,Low-A,Florida State League,Clearwater Threshers,21,1,0.21771678545774492,1.333979308757482,2.09967814968407,-0.2553899364547947,-0.6226787042261253,0.33135144354293156,-1.1577405763992141,1139,2.206693513542848,Strikeout-Prone Power Hitters
703204-2024-123,703204,Esmith Pineda,2024,Low-A,Florida State League,Daytona Tortugas,19,1,0.03137697674781843,-0.23897972944588305,0.5936025580479147,-0.27512946457245213,-0.9092422497951932,-0.6466564047360233,0.06647388204094307,1140,1.5458904318578224,Strikeout-Prone Power Hitters
700731-2024-123,700731,Keiner Delgado,2024,Low-A,Florida State League,Bradenton Marauders,20,4,-0.01501549383938463,-0.8255068284369675,-0.2488146118412041,-0.6304409706902857,-0.7659604770106593,1.070919959114723,-0.38966453115080063,1141,1.5081987324404795,"Fast, Aggressive Contact Hitters "
694215-2024-123,694215,Hans Montero,2024,Low-A,Florida State League,Tampa Tarpons,20,3,-0.019808530379436782,0.24090607881955128,0.9157168768526789,-0.4133061613960542,-0.8519295406813796,-0.04131776001218664,0.7744521913220743,1142,2.0092962996708015,Power Hitters with Moderate Speed
701206-2024-123,701206,Willy Montero,2024,Low-A,Florida State League,Tampa Tarpons,19,2,0.3478343085636187,-1.8608160258985078,-0.34559781205605833,-0.7291386112785729,-0.36477151321396417,-0.35842327185294476,0.10031750918619461,1143,1.144275644037819,Swinging Early Contact Hitters
694202-2024-123,694202,Manuel Beltre,2024,Low-A,Florida State League,Dunedin Blue Jays,20,2,0.20535195950378282,-1.1321005392732186,-0.7684260692758156,-1.1239291736317214,-0.7086477678968457,0.5302874237799057,-0.6864942853119123,1144,1.4307224695715686,Swinging Early Contact Hitters
692390-2024-123,692390,Jose Cordoba,2024,Low-A,Florida State League,Palm Beach Cardinals,21,2,0.24975488002473473,-1.847485864557801,-0.7703053512007134,-0.5712223863373137,-0.9952113134659135,0.2688570542269108,1.3593882872433571,1145,1.7848251080877127,Swinging Early Contact Hitters
698933-2024-123,698933,Ronald Hernandez,2024,Low-A,Florida State League,St. Lucie Mets,20,3,0.08987945113763239,-0.15455537428807664,0.08449279402330191,-1.1831477579846936,1.35460976020044,-0.6797885064218865,0.2998923191606899,1146,1.7839048017992514,Power Hitters with Moderate Speed
806124-2024-123,806124,Colin Houck,2024,Low-A,Florida State League,St. Lucie Mets,19,3,0.028576557813427224,0.023180110254676818,2.127709916292958,-0.9462734205728045,0.6668572508346771,-0.5839914428763977,-0.7627865035882845,1147,2.4819357409299356,Power Hitters with Moderate Speed
806146-2024-123,806146,George Lombard Jr.,2024,Low-A,Florida State League,Tampa Tarpons,19,4,0.277814688605517,0.6452543061543159,0.12088721516411097,-0.6304409706902857,-0.16417703131561825,1.4017200047207816,0.3651275075977309,1148,0.8191167078269855,"Fast, Aggressive Contact Hitters "
805951-2024-123,805951,Boston Baro,2024,Low-A,Florida State League,St. Lucie Mets,19,2,0.09605477788158523,0.018736723141108472,-0.8947774375447411,-0.7291386112785729,0.9820771509606517,-0.6190872096312928,0.032459757314121325,1149,1.6676452338371337,Swinging Early Contact Hitters
815089-2024-123,815089,Coby Morales,2024,Low-A,Florida State League,Tampa Tarpons,22,4,0.09806929436026246,1.2451115664861034,1.0271534983197939,-1.5187197359848696,1.5838605966556942,1.5889276138416721,0.2670368310730256,1150,2.372672330993354,"Fast, Aggressive Contact Hitters "
696291-2024-123,696291,Jordan McCants,2024,Low-A,Florida State League,Jupiter Hammerheads,22,4,0.27252163342274005,0.4364151118165781,0.742558135773575,-1.1239291736317214,-0.5080532859984981,1.4653300349540395,0.4297384262845607,1151,1.3414840434095867,"Fast, Aggressive Contact Hitters "
808818-2024-123,808818,David Smith,2024,Low-A,Florida State League,Lakeland Flying Tigers,23,4,0.13418551439640006,1.4717243092781185,-0.09815792805231617,-1.0844501173964065,-1.2817748590349813,1.2317672560909168,0.23402067981318972,1152,2.1683421239205614,"Fast, Aggressive Contact Hitters "
805102-2024-123,805102,Byron Chourio,2024,Low-A,Florida State League,Fort Myers Mighty Mussels,19,4,0.0854791221926646,-0.6877618279163351,0.8363482746639213,-1.538459264102527,-0.6513350587830321,0.9303822844328947,-0.10533664743557243,1153,1.8508716149987803,"Fast, Aggressive Contact Hitters "
699293-2024-123,699293,Yohairo Cuevas,2024,Low-A,Florida State League,St. Lucie Mets,20,4,0.06542421253119239,0.30755688552308436,0.4475022338471484,-1.2818453985729807,-0.2501460949863386,0.29240971581627767,-0.10533664743557243,1154,1.5943770926103409,"Fast, Aggressive Contact Hitters "
800510-2024-123,800510,Samuel Gil,2024,Low-A,Florida State League,Lakeland Flying Tigers,19,2,0.1331526254420964,0.16536849788887958,-0.36398267853744937,-1.7358545452791014,-0.45074057688468455,-0.536909949453629,1.7406389617940385,1155,2.321758203128075,Swinging Early Contact Hitters
663609-2024-117,663609,Luken Baker,2024,Triple-A,International League,Memphis Redbirds,27,1,0.27266356321818286,1.2406681793725371,0.16876928828329074,3.0608507873116517,-2.3993726867543455,-1.3685926284856165,-0.9573760372608738,1156,3.327335318308726,Strikeout-Prone Power Hitters
671286-2024-117,671286,Johnathan Rodríguez,2024,Triple-A,International League,Columbus Clippers,24,3,0.24930329151990493,1.0229422108076627,0.30961119542587207,1.7975209877815772,1.4119224693142536,-0.7606542313781675,1.0439607212235713,1157,1.8098947873270563,Power Hitters with Moderate Speed
663905-2024-117,663905,Travis Blankenhorn,2024,Triple-A,International League,Rochester Red Wings,27,1,0.2472168906167956,0.09871769118534654,0.44900429046452084,2.23179060637004,-1.2531185044780746,-0.9582412844831806,-0.036086917519480406,1158,2.0689472599150145,Strikeout-Prone Power Hitters
682239-2024-117,682239,Luke Ritter,2024,Triple-A,International League,Syracuse Mets,27,3,0.264600849942539,0.4586320473844238,1.208274460356283,1.481688537899058,0.953420796403745,-1.0403132583926742,1.3873460475989343,1159,1.700189471778113,Power Hitters with Moderate Speed
664068-2024-117,664068,Scott Kingery,2024,Triple-A,International League,Lehigh Valley IronPigs,30,1,0.20880668494749277,0.1209346267531922,0.6581913870756028,1.4224699535460859,0.4376064143794243,0.25574519019484565,-1.2808769281328816,1160,1.5484510313767452,Strikeout-Prone Power Hitters
685301-2024-117,685301,Matt Gorski,2024,Triple-A,International League,Indianapolis Indians,26,1,0.16781939732407933,-0.2700834392408654,0.8726996448925496,2.31074871884067,0.007761096025822493,0.31377041913850007,-0.6864942853119123,1161,2.1081313581009824,Strikeout-Prone Power Hitters
572204-2024-117,572204,Trayce Thompson,2024,Triple-A,International League,Iowa Cubs,33,1,0.3313816568362266,1.3428660829846228,0.7320102034868661,1.7777814596639196,-1.1958057953642611,-0.5844398336687299,-0.7627865035882845,1162,1.6286120261849104,Strikeout-Prone Power Hitters
676551-2024-117,676551,Brewer Hicklen,2024,Triple-A,International League,Nashville Sounds,28,1,0.07428278994352605,-0.12345166449309429,0.7447649576788506,1.5014280660167156,-0.07820796764489787,1.552598390821091,-0.38966453115080063,1163,2.29941879947038,Strikeout-Prone Power Hitters
621458-2024-117,621458,Edwin Rios,2024,Triple-A,International League,Louisville Bats,30,3,0.09142867103053551,1.0762628561704906,0.734169898886187,2.23179060637004,1.469235178428067,-1.220790208740529,-0.1753040039111537,1164,2.426981713723976,Power Hitters with Moderate Speed
682877-2024-117,682877,Juan Brito,2024,Triple-A,International League,Columbus Clippers,22,1,0.034957084743828366,-0.15011198717450633,-1.1784921208484858,0.7710655256633909,-0.9092422497951932,-0.5192927302992291,-0.9180068908559016,1165,1.7688996555154348,Strikeout-Prone Power Hitters
669288-2024-117,669288,Daniel Johnson,2024,Triple-A,International League,Norfolk Tides,28,1,0.2286093158213457,0.16981188500244793,0.4083236958181601,0.7908050537810484,0.036417450582729285,0.27156878434403525,-0.7627865035882845,1166,0.9316198678062583,Strikeout-Prone Power Hitters
685382-2024-117,685382,Andrew Navigato,2024,Triple-A,International League,Toledo Mud Hens,26,1,0.13431826176606226,0.2142457561381373,0.21346396358571745,1.6001257066050028,0.6095445417208635,0.5220621165471148,-0.9180068908559016,1167,1.7896676588394849,Strikeout-Prone Power Hitters
670231-2024-117,670231,John Rave,2024,Triple-A,International League,Omaha Storm Chasers,26,1,0.14537484093066858,1.214007856691123,-0.2747516103421636,1.2448142004871694,-0.2501460949863386,-0.20360564848832186,0.10031750918619461,1168,1.5424772044542123,Strikeout-Prone Power Hitters
670870-2024-117,670870,Yunior Severino,2024,Triple-A,International League,St. Paul Saints,24,3,0.16411391941581263,0.2720097886145317,0.6467194363274678,0.6328888288397889,0.2656682870379836,-1.1485828822126969,0.7438317783925644,1169,1.1505734915108798,Power Hitters with Moderate Speed
666915-2024-117,666915,Bobby Dalbec,2024,Triple-A,International League,Worcester Red Sox,29,3,0.08381134264609036,2.3292980221969013,2.093640209711759,1.5606466503696879,1.497891532984974,-0.46892681202778236,-0.317452190621751,1170,2.9651458670761524,Power Hitters with Moderate Speed
689288-2024-117,689288,Matt Koperniak,2024,Triple-A,International League,Memphis Redbirds,26,3,0.23718469979978543,0.6896881772900033,-0.7514731994891666,1.08689797554591,1.1253589237451858,-0.706950118273039,1.1024181381575964,1171,1.7032220282748007,Power Hitters with Moderate Speed
695336-2024-117,695336,Thomas Saggese,2024,Triple-A,International League,Memphis Redbirds,22,1,0.18796980619436274,-0.4389321495564802,-0.032571051859285875,0.7513259975457335,-0.45074057688468455,-0.6100495679695909,-0.9573760372608738,1172,1.0882361393256768,Strikeout-Prone Power Hitters
683357-2024-117,683357,Owen Caissie,2024,Triple-A,International League,Iowa Cubs,21,3,0.18558463162919386,0.34310398243163304,0.8363482746639213,0.9289817506046505,1.8131114331109486,-0.6387280324568039,-0.4994521448894528,1173,1.5872066595168957,Power Hitters with Moderate Speed
665052-2024-117,665052,Griffin Conine,2024,Triple-A,International League,Jacksonville Jumbo Shrimp,26,3,0.22933676916907475,0.30755688552308436,1.0170554015341537,1.1855956161341972,1.1253589237451858,-1.3685926284856165,0.588611391124948,1174,1.4510224674516,Power Hitters with Moderate Speed
687478-2024-117,687478,Cam Devanney,2024,Triple-A,International League,Omaha Storm Chasers,27,3,0.11175223042449892,-0.5500168273957007,0.4335600827699441,0.8500236381340207,0.17969922336726324,-0.6624586383083529,0.588611391124948,1175,1.3840630151594981,Power Hitters with Moderate Speed
676632-2024-117,676632,Bligh Madris,2024,Triple-A,International League,Toledo Mud Hens,28,1,0.3678787660351844,0.6452543061543159,0.420455263678455,1.4619490097814007,-1.4537129863764222,0.46642204435312573,-1.2808769281328816,1176,1.5465405627753033,Strikeout-Prone Power Hitters
671913-2024-117,671913,Damiano Palmegiani,2024,Triple-A,International League,Buffalo Bisons,24,1,0.36544310738028196,0.9696215654448385,0.7918997208177506,0.4552330757808725,-1.4537129863764222,-1.1824054952141105,-0.9573760372608738,1177,1.3872238513179187,Strikeout-Prone Power Hitters
683770-2024-117,683770,Will Robertson,2024,Triple-A,International League,Buffalo Bisons,26,1,0.0966808895084026,0.5786034994507809,1.3002800554333298,1.08689797554591,-0.45074057688468455,-1.034331634395888,0.2998923191606899,1178,1.6749316392902505,Strikeout-Prone Power Hitters
657193-2024-117,657193,Eddy Alvarez,2024,Triple-A,International League,Worcester Red Sox,34,1,0.07856757947684395,0.5519431767693689,0.11517455802603456,1.3237723129577992,-0.47939693144159135,0.30309650262056537,0.588611391124948,1179,1.7444351639240312,Strikeout-Prone Power Hitters
676625-2024-117,676625,Rylan Bannon,2024,Triple-A,International League,St. Paul Saints,28,1,0.33412234008516944,1.1606872113282989,0.31534926565895777,0.7118469413104186,-0.9952113134659135,-0.5125575794959836,-0.426062406244488,1180,0.9238988964757276,Strikeout-Prone Power Hitters
695657-2024-117,695657,Colson Montgomery,2024,Triple-A,International League,Charlotte Knights,22,1,0.28464952576527996,0.9429612427634284,0.8700610994571061,0.37627496331024274,-0.8805858952382863,-0.8290246331268715,-0.317452190621751,1181,1.039875055854328,Strikeout-Prone Power Hitters
677588-2024-117,677588,José Tena,2024,Triple-A,International League,Rochester Red Wings,23,3,0.2631740187196193,-0.31007392326298444,0.3869892219479409,0.909242222486993,1.35460976020044,0.19274277139138876,1.7933875853900716,1182,1.6343863185575638,Power Hitters with Moderate Speed
666211-2024-117,666211,Taylor Trammell,2024,Triple-A,International League,Scranton/Wilkes-Barre RailRiders,26,1,0.2394938739174171,0.778555919561382,0.5689293221420328,1.659344290957975,0.2943246415948904,0.4904947990739503,-1.4486318799747453,1183,1.7295634432738096,Strikeout-Prone Power Hitters
656484-2024-117,656484,Tristan Gray,2024,Triple-A,International League,Jacksonville Jumbo Shrimp,28,1,0.2931551629686015,-0.09234795469811195,0.5875112680285965,1.3040327848401418,-0.36477151321396417,-1.2924356866289572,-1.0368097708553274,1184,1.3552980750335233,Strikeout-Prone Power Hitters
670224-2024-117,670224,Kameron Misner,2024,Triple-A,International League,Durham Bulls,26,3,0.0343178263738781,2.480373184058245,0.9790269252578144,0.909242222486993,0.7528263145053974,0.5538577884863766,-0.10533664743557243,1185,2.490026406414067,Power Hitters with Moderate Speed
681393-2024-117,681393,Connor Norby,2024,Triple-A,International League,Jacksonville Jumbo Shrimp,24,3,0.2670443161707659,0.18758543345672327,0.7609403050405039,1.08689797554591,2.15698768779383,-0.25467949663024936,-0.036086917519480406,1186,1.5886510428857754,Power Hitters with Moderate Speed
695257-2024-117,695257,Billy Cook,2024,Triple-A,International League,Indianapolis Indians,25,1,0.16616393976009178,0.6319241448136089,0.18224216067354237,1.1658560880165396,0.953420796403745,0.530593439864535,-1.75262229816328,1187,2.0640022369523505,Strikeout-Prone Power Hitters
681987-2024-117,681987,Nate Eaton,2024,Triple-A,International League,Omaha Storm Chasers,27,1,0.10735298195596597,-0.8566105382319499,-0.004781052829928947,0.7710655256633909,-0.3074588041001522,0.6483224193419814,-1.1171891663412536,1188,1.7710236865016025,Strikeout-Prone Power Hitters
694355-2024-117,694355,Tyler Gentry,2024,Triple-A,International League,Omaha Storm Chasers,25,3,0.27098221187650945,1.2717718891675174,1.172680812603633,0.4749726038985299,0.9820771509606517,-0.7998306237782219,0.8654889342656548,1189,1.2107836408597759,Power Hitters with Moderate Speed
669742-2024-117,669742,Darick Hall,2024,Triple-A,International League,Lehigh Valley IronPigs,28,1,0.19339745812038492,0.32533043397735967,-0.09151528687489503,0.04070298531006685,-0.9092422497951932,-1.177460760405202,-0.8012583425989398,1190,1.1984859068416827,Strikeout-Prone Power Hitters
668472-2024-117,668472,Nick Pratto,2024,Triple-A,International League,Omaha Storm Chasers,25,1,0.15203573547830182,1.3117623731896384,1.1625036096961052,0.3960144914279002,0.4662627689363311,-0.3665384838147108,-1.0768798556962889,1191,1.5462127084269282,Strikeout-Prone Power Hitters
623205-2024-117,623205,Andrew Velazquez,2024,Triple-A,International League,Gwinnett Stripers,29,3,0.10459245817541525,-0.7277523119384541,1.618174775993656,0.08018204154538174,0.810139023619211,0.796220250086184,0.6199422569912528,1192,1.8967230740334906,Power Hitters with Moderate Speed
670712-2024-117,670712,Mike Brosseau,2024,Triple-A,International League,Syracuse Mets,30,2,0.20129400756959712,-0.6566581181213527,-0.4196833631246346,0.1196610977806966,-0.2501460949863386,-1.1384347410954112,0.06647388204094307,1193,1.1204710455836062,Swinging Early Contact Hitters
681198-2024-117,681198,TJ Rumfield,2024,Triple-A,International League,Scranton/Wilkes-Barre RailRiders,24,2,0.03691915117941706,0.19647220768386195,-1.1209811112145156,0.41575401954555763,0.40895005982251753,-0.9763075543099252,0.8955637700886011,1194,1.8956244479661661,Swinging Early Contact Hitters
672012-2024-117,672012,Tyler Black,2024,Triple-A,International League,Nashville Sounds,23,1,0.02084069990115163,0.0809441427310712,-0.7322071812686983,0.4552330757808725,-0.36477151321396417,0.1465602435283626,-0.35346181986394026,1195,1.4174045704579634,Strikeout-Prone Power Hitters
686555-2024-117,686555,Isaac Collins,2024,Triple-A,International League,Nashville Sounds,26,1,0.18534963135882282,0.7296786613121243,-0.6718436387616787,1.0474189193105952,0.2943246415948904,0.3896986687412015,-0.8399506518043474,1196,1.6360916226829223,Strikeout-Prone Power Hitters
680837-2024-117,680837,Ryan Fitzgerald,2024,Triple-A,International League,Omaha Storm Chasers,30,1,0.18543946319234464,-0.025697147994578905,-0.05486554510164848,0.5144516601338448,-0.5080532859984981,-0.9374394176244061,-0.5736483803226189,1197,0.9619928284007836,Strikeout-Prone Power Hitters
677956-2024-117,677956,Rece Hinds,2024,Triple-A,International League,Louisville Bats,23,3,0.07322281371180987,0.3519907566587717,2.3910349845248833,0.3960144914279002,0.036417450582729285,0.2864295952110781,0.4297384262845607,1198,2.122646083730006,Power Hitters with Moderate Speed
690291-2024-117,690291,Jace Jung,2024,Triple-A,International League,Toledo Mud Hens,23,1,0.17581383507905804,1.3650830185524665,-0.1465486808718119,0.9882003349576227,-0.13552067675871146,-1.069441632578637,-0.24600401618243073,1199,1.5075456710550252,Strikeout-Prone Power Hitters
680577-2024-117,680577,DaShawn Keirsey Jr.,2024,Triple-A,International League,St. Paul Saints,27,3,0.06993243352742298,0.6941315644035736,-0.05479035192099067,0.5539307163691597,1.6698296603264147,1.17984990325959,0.3975102530239391,1200,1.8228534713529485,Power Hitters with Moderate Speed
693409-2024-117,693409,César Prieto,2024,Triple-A,International League,Memphis Redbirds,25,2,0.3500799776996462,-2.5628711898423813,-1.886917174006969,0.3565354351925853,-0.45074057688468455,-0.791052934454508,0.588611391124948,1201,2.2633919203464545,Swinging Early Contact Hitters
671083-2024-117,671083,Buddy Kennedy,2024,Triple-A,International League,Lehigh Valley IronPigs,25,2,0.02250665686998801,-0.541130053168564,-0.8449079515472958,0.731586469428076,0.007761096025822493,-0.9670473532966771,-0.8399506518043474,1202,1.76843533805574,Swinging Early Contact Hitters
678554-2024-117,678554,Curtis Mead,2024,Triple-A,International League,Durham Bulls,23,2,0.13878694163144795,-1.2165248944310252,-1.259429121578206,0.8697631662516782,0.12238651425344965,-0.10159332850921918,-1.0368097708553274,1203,1.9688331639386671,Swinging Early Contact Hitters
678894-2024-117,678894,Liover Peguero,2024,Triple-A,International League,Indianapolis Indians,23,3,0.07950802794056225,-0.08790456758454361,0.28476647136035144,0.1196610977806966,0.38029370526561074,-0.4276760297472375,0.032459757314121325,1204,1.0191398141245933,Power Hitters with Moderate Speed
672724-2024-117,672724,Oswald Peraza,2024,Triple-A,International League,Scranton/Wilkes-Barre RailRiders,24,4,0.07121243788504707,0.18758543345672327,-0.3877333471465608,0.020963457192409416,-0.7373041224537524,0.9260929147473428,0.8352795349709173,1205,1.407813058219272,"Fast, Aggressive Contact Hitters "
686765-2024-117,686765,Nick Sogard,2024,Triple-A,International League,Worcester Red Sox,26,3,0.1095741574600944,0.9340744685362878,-0.466522575163858,0.297316850839613,0.7528263145053974,-0.25467949663024936,0.06647388204094307,1206,1.3238605053028825,Power Hitters with Moderate Speed
668723-2024-117,668723,Ryan Vilade,2024,Triple-A,International League,Toledo Mud Hens,25,3,-0.01984808280287882,-0.21231940676447103,0.18482547726873208,0.4552330757808725,1.0107335055175586,0.48053027901687007,-0.9573760372608738,1207,1.9038683569539991,Power Hitters with Moderate Speed
671221-2024-117,671221,Drew Waters,2024,Triple-A,International League,Omaha Storm Chasers,25,3,0.29305634432224975,0.6408109190407456,0.5191266178123918,1.1066375036635674,2.042362269566203,0.42154552017533553,0.6511284070260079,1208,1.5493276783241408,Power Hitters with Moderate Speed
671976-2024-117,671976,Tristan Peters,2024,Triple-A,International League,Durham Bulls,24,1,0.25111054998142246,0.791886080902085,-0.5956964296801025,0.31705637895727046,-0.9092422497951932,-0.40498603791847176,-1.0768798556962889,1209,1.1737514289522073,Strikeout-Prone Power Hitters
642197-2024-117,642197,Jamie Westbrook,2024,Triple-A,International League,Worcester Red Sox,29,2,0.019341072684222835,0.7074617257442806,-1.0415265767996986,0.49471213201618736,-0.020895258531084298,-1.0764476143985242,0.3651275075977309,1210,2.045091796620462,Swinging Early Contact Hitters
693049-2024-117,693049,Oscar Colás,2024,Triple-A,International League,Charlotte Knights,25,1,0.07900878054286764,0.28533994995523865,-0.040052974674881725,0.1196610977806966,-0.2788024495432454,-0.05252173074247973,0.06647388204094307,1211,1.2104439039039525,Strikeout-Prone Power Hitters
664731-2024-117,664731,P.J. Higgins,2024,Triple-A,International League,Louisville Bats,31,3,0.10010203243287046,0.03651027159538382,0.2197669566618843,-0.43304568951371164,0.5808881871639567,-1.3137355304494704,0.2670368310730256,1212,1.4467025083476681,Power Hitters with Moderate Speed
687859-2024-117,687859,Troy Johnston,2024,Triple-A,International League,Jacksonville Jumbo Shrimp,27,2,0.28903128319432525,-1.9363536068291776,-0.7144948741950425,0.0012239290747519788,0.4376064143794243,-0.2091188571283516,0.588611391124948,1213,1.5134984596598493,Swinging Early Contact Hitters
682650-2024-117,682650,Malcom Nuñez,2024,Triple-A,International League,Indianapolis Indians,23,2,0.10306948821010499,0.6274807577000386,-0.45379395905389236,-0.6501804988079432,-0.5080532859984981,-1.1323320122178684,0.3975102530239391,1214,1.7584207972302992,Swinging Early Contact Hitters
592622-2024-117,592622,Mark Payton,2024,Triple-A,International League,Charlotte Knights,32,2,0.08648644931568998,-0.6922052150299034,-1.046591387406952,0.09992156966303917,1.3832661147573468,-0.5969346498136088,-0.14022969397706628,1215,1.9188442731524937,Swinging Early Contact Hitters
682927-2024-117,682927,Ronny Simon,2024,Triple-A,International League,Durham Bulls,24,3,0.04229770605579965,0.18314204634315492,-0.7396685326355895,-0.038255127160562896,0.7814826690623042,0.18960158617731032,0.6199422569912528,1216,1.482589239830772,Power Hitters with Moderate Speed
660636-2024-117,660636,Diego Castillo,2024,Triple-A,International League,St. Paul Saints,26,2,0.11820941772476708,0.6630278546085893,-1.3766336726719284,-0.23565040833713727,-0.5367096405554049,-0.26050054232000885,-0.10533664743557243,1217,1.662961571694362,Swinging Early Contact Hitters
686639-2024-117,686639,Jack Dunn,2024,Triple-A,International League,Rochester Red Wings,27,2,0.05831237827948047,1.0140554365805259,-1.1541839055471763,-0.6501804988079432,-1.1958057953642611,-0.1264980638342789,-0.10533664743557243,1218,2.0993688583070824,Swinging Early Contact Hitters
678391-2024-117,678391,Jorbit Vivas,2024,Triple-A,International League,Scranton/Wilkes-Barre RailRiders,23,2,0.08109985844701727,0.24534946593311963,-1.0993807885680893,-0.1369527677488501,-1.6543074682747696,0.42627849410272944,-0.24600401618243073,1219,1.9423234980685178,Swinging Early Contact Hitters
681962-2024-117,681962,Vinny Capra,2024,Triple-A,International League,Nashville Sounds,27,1,-0.003972423034806552,1.0140554365805259,-0.7685011111006071,-0.5317433301019986,0.036417450582729285,-0.6125252427631771,-0.1753040039111537,1220,1.9597956123382727,Strikeout-Prone Power Hitters
682668-2024-117,682668,Luisangel Acuña,2024,Triple-A,International League,Syracuse Mets,22,2,0.05354603660291448,-1.954127155283453,-1.137568566664772,-1.0054920049257767,-0.36477151321396417,1.3759421779789707,1.2748136179899983,1221,2.3960889271297314,Swinging Early Contact Hitters
694362-2024-117,694362,Blake Dunn,2024,Triple-A,International League,Louisville Bats,25,4,-0.011930333552879148,-0.05235747067599291,0.578671830135041,-0.6699200269256006,0.4949191234932379,0.2902580388536777,-0.10533664743557243,1222,1.443468818782008,"Fast, Aggressive Contact Hitters "
571875-2024-117,571875,Jake Lamb,2024,Triple-A,International League,Indianapolis Indians,33,1,0.010615868733729954,0.5519431767693689,-0.49347608592811715,-0.37382710516073936,0.2370119324810768,-1.293354347861584,-0.426062406244488,1223,1.8731462654082975,Strikeout-Prone Power Hitters
805367-2024-117,805367,Chase Meidroth,2024,Triple-A,International League,Worcester Red Sox,22,3,0.03991519699549045,2.391505441786866,-1.7317145739842552,-0.7883571956315449,0.5808881871639567,-0.324373861754681,0.8352795349709173,1224,3.287565763494948,Power Hitters with Moderate Speed
676113-2024-117,676113,Zach DeLoach,2024,Triple-A,International League,Charlotte Knights,25,3,0.19313253739015648,0.05428382004965917,0.44663089097652503,-0.47252474574902625,2.2429567514645505,0.25759932016747356,0.5571344600880327,1225,1.6491145025834095,Power Hitters with Moderate Speed
570481-2024-117,570481,Erik González,2024,Triple-A,International League,Louisville Bats,32,2,0.2953992420249682,-0.963251828957602,-0.46331603681431693,-0.9265338924551471,-0.336115158657059,-0.9016239780050282,1.217836153455557,1226,1.3407868442494224,Swinging Early Contact Hitters
663968-2024-117,663968,Jake Mangum,2024,Triple-A,International League,Durham Bulls,28,2,0.07991544704796297,-2.0563250588955366,-1.022722124392683,-0.43304568951371164,1.755798723997135,0.6076681329474992,0.4297384262845607,1227,2.645589373638006,Swinging Early Contact Hitters
679881-2024-117,679881,J.P. Martínez,2024,Triple-A,International League,Gwinnett Stripers,28,4,0.19951349847658792,1.2717718891675174,0.5950026775381291,-0.6107014425726283,0.2943246415948904,1.6813524571656429,-0.2816335947938824,1228,1.6347082454384072,"Fast, Aggressive Contact Hitters "
691594-2024-117,691594,Javier Sanoja,2024,Triple-A,International League,Jacksonville Jumbo Shrimp,21,2,0.29250071425469276,-1.056562958342549,-2.8162113111056897,-0.15669229586650751,-0.42208422232777776,-0.1259480756996286,0.5571344600880327,1229,2.0667752010179807,Swinging Early Contact Hitters
694425-2024-117,694425,Justice Bigbie,2024,Triple-A,International League,Toledo Mud Hens,25,2,0.17631133375818606,-0.34117763305796484,-0.7638226971206005,-1.2226268142200083,-0.22148974042943181,-0.650365528924834,2.151520972126279,1230,2.2193803546439477,Swinging Early Contact Hitters
672463-2024-117,672463,Rafael Lantigua,2024,Triple-A,International League,Buffalo Bisons,26,2,0.05020057551548343,0.12537801386676056,-0.6728488546840471,-1.498980207867212,0.5808881871639567,-0.07875174865315457,1.0439607212235713,1231,1.948391221276474,Swinging Early Contact Hitters
664670-2024-117,664670,Alejo Lopez,2024,Triple-A,International League,Gwinnett Stripers,28,4,0.017656526861851946,0.19647220768386195,-1.5996983137598515,-1.143668701749379,1.211327987415906,0.4249509581988882,0.8654889342656548,1232,2.140299456947159,"Fast, Aggressive Contact Hitters "
668791-2024-117,668791,Anthony Prato,2024,Triple-A,International League,St. Paul Saints,26,2,0.126929161772303,0.4230849504758731,-0.44580818214551454,-0.4922642738666837,-0.45074057688468455,-0.548835098611366,0.9255052359132501,1233,1.562249797175036,Swinging Early Contact Hitters
664702-2024-117,664702,Myles Straw,2024,Triple-A,International League,Columbus Clippers,29,4,-0.03579999591903041,-0.021253760881010563,-0.6731661576898453,-1.143668701749379,-0.42208422232777776,0.5257679275184225,0.49373690998719866,1234,1.3163947984966062,"Fast, Aggressive Contact Hitters "
680672-2024-117,680672,Luke Waddell,2024,Triple-A,International League,Gwinnett Stripers,25,2,0.17852544118588276,0.5341696283150935,-1.5567456140078582,-1.202887286102351,-1.1958057953642611,-0.3763694195938436,-0.5736483803226189,1235,2.0402904227527534,Swinging Early Contact Hitters
671117-2024-117,671117,Darren Baker,2024,Triple-A,International League,Rochester Red Wings,25,4,0.15755929535156216,-0.4256019882157732,-0.7306669806535979,-1.8345521858673886,1.3259534056435331,1.2911131392562136,2.2258533501885966,1236,2.5935423318641764,"Fast, Aggressive Contact Hitters "
683006-2024-118,683006,Chris Newell,2024,High-A,Midwest League,Great Lakes Loons,23,1,0.26470014886821197,1.293988824735361,1.7337062136975818,2.0738743814287806,-1.1671494408073542,0.8182552703353219,-1.1985370115693785,1237,2.522713878735686,Strikeout-Prone Power Hitters
702253-2024-118,702253,Cam Collier,2024,High-A,Midwest League,Dayton Dragons,19,1,0.04972009808700464,1.3828565670067399,0.285464426336035,0.909242222486993,-0.3074588041001522,-1.1846024063623786,0.5255100955810418,1238,1.877783904280625,Strikeout-Prone Power Hitters
811289-2024-118,811289,Spencer Nivens,2024,High-A,Midwest League,Quad Cities River Bandits,22,1,0.3617071099507904,1.0229422108076627,0.5951840643774259,1.659344290957975,-0.6226787042261253,-0.546871380589636,-1.6206613000343013,1239,1.4394293125539084,Strikeout-Prone Power Hitters
695031-2024-118,695031,Josh Zamora,2024,High-A,Midwest League,Beloit Sky Carp,25,1,0.25281558139596627,0.9474046298769948,-0.5717938341865306,0.5736702444868171,-1.0238676680228203,-1.3685926284856165,-0.9573760372608738,1240,1.5705405108014865,Strikeout-Prone Power Hitters
687310-2024-118,687310,Will Simpson,2024,High-A,Midwest League,Lansing Lugnuts,22,1,0.20426053895439225,-0.24342311655945337,0.22560263922065002,1.225074672369512,0.6955136053915838,-0.9114037802232718,-1.7971887271577296,1241,1.9429589251942763,Strikeout-Prone Power Hitters
688780-2024-118,688780,Luke Gold,2024,High-A,Midwest League,West Michigan Whitecaps,23,1,0.28713035330422276,-0.06568763201669992,0.40088153321786024,0.19861921025132637,-0.8519295406813796,-0.7473320004224607,-1.9326806882253373,1242,1.3929910778098118,Strikeout-Prone Power Hitters
686438-2024-118,686438,Rubel Cespedes,2024,High-A,Midwest League,Cedar Rapids Kernels,23,3,-0.013923031484039325,-0.185659084083059,-0.5267750236325587,0.0012239290747519788,0.7241699599484906,-0.8343396969058173,0.3325887001451288,1243,1.439620622638992,Power Hitters with Moderate Speed
696501-2024-118,696501,Mark Coley II,2024,High-A,Midwest League,Beloit Sky Carp,23,1,0.2508722751659076,0.8007728551292217,1.1508697797530238,0.3960144914279002,-0.45074057688468455,0.7970496055151176,-0.8788659726686607,1244,1.4117472919111143,Strikeout-Prone Power Hitters
699115-2024-118,699115,Carlos Jorge,2024,High-A,Midwest League,Dayton Dragons,20,1,0.10366156174676587,-0.48780940780573595,1.274835136689458,0.5341911882515022,-0.45074057688468455,1.0200386923250693,-0.426062406244488,1245,1.933840911718275,Strikeout-Prone Power Hitters
699073-2024-118,699073,Thayron Liranzo,2024,High-A,Midwest League,West Michigan Whitecaps,20,1,0.05459221784226969,1.4006301154610172,0.07710900348143039,0.31705637895727046,-0.04955161308799109,-1.2959819968661586,0.13399233948451192,1246,1.7716278609018559,Strikeout-Prone Power Hitters
695612-2024-118,695612,Alex Mooney,2024,High-A,Midwest League,Lake County Captains,21,4,0.02807186157682686,-0.0479140835624226,-0.35407002095204193,0.19861921025132637,-0.9378986043520999,1.7055048408668112,-1.1577405763992141,1247,2.0958214191949147,"Fast, Aggressive Contact Hitters "
699302-2024-118,699302,Héctor Rodríguez,2024,High-A,Midwest League,Dayton Dragons,20,2,0.3578611614292065,-2.394022479526768,-1.6360259411122255,-0.038255127160562896,-0.42208422232777776,-0.34786053447269083,-0.07062300038336321,1248,1.8032145610107824,Swinging Early Contact Hitters
702726-2024-118,702726,Luke Adams,2024,High-A,Midwest League,Wisconsin Timber Rattlers,20,1,0.07824987376084414,2.5292504423075024,-0.3294852520150458,0.41575401954555763,-0.9092422497951932,1.3449661179159722,-0.35346181986394026,1249,2.8155514941518867,Strikeout-Prone Power Hitters
801194-2024-118,801194,Max Anderson,2024,High-A,Midwest League,West Michigan Whitecaps,22,2,0.35557926475920404,-1.1276571521596483,-1.5160523910823716,-0.5120038019843411,-0.42208422232777776,-1.3094717535431795,1.1314581376725013,1250,1.5620861827961843,Swinging Early Contact Hitters
691627-2024-118,691627,Ricardo Olivar,2024,High-A,Midwest League,Cedar Rapids Kernels,22,3,-0.0018202238045429678,0.3475473695452014,-0.5960811358936341,0.7710655256633909,0.7814826690623042,-1.1068882771297757,-0.38966453115080063,1251,1.8115812461882013,Power Hitters with Moderate Speed
675394-2024-118,675394,Johnny Olmstead,2024,High-A,Midwest League,Beloit Sky Carp,23,2,0.07945137962718969,-0.32340408460369147,-0.8459764080642223,0.1196610977806966,-1.2817748590349813,-0.6694941892914955,-0.6486690352419712,1252,1.4917809977908472,Swinging Early Contact Hitters
687731-2024-118,687731,Trevor Werner,2024,High-A,Midwest League,Quad Cities River Bandits,23,1,0.241809443523843,0.9829517267855455,1.9774588809933908,-0.15669229586650751,-0.36477151321396417,0.08501038837537028,-1.4912300621525407,1253,1.9830471983195588,Strikeout-Prone Power Hitters
695481-2024-118,695481,Jay Allen II,2024,High-A,Midwest League,Dayton Dragons,21,4,0.05281710360949896,0.3742076922266154,-0.2968573179319952,-0.5120038019843411,-1.0525240225797272,1.5664482170828027,-1.239581450907824,1254,2.0680601097032656,"Fast, Aggressive Contact Hitters "
699130-2024-118,699130,Jadher Areinamo,2024,High-A,Midwest League,Wisconsin Timber Rattlers,20,2,0.07943634267166023,-1.2165248944310252,-1.9917911596758002,-0.1369527677488501,0.20835557792417,1.194348025453812,0.6511284070260079,1255,2.1249225917887204,Swinging Early Contact Hitters
699024-2024-118,699024,Leo Bernal,2024,High-A,Midwest League,Peoria Chiefs,20,3,-0.028105760759626355,-0.5677903758499759,-0.08677442088835362,0.04070298531006685,0.6095445417208635,-0.4039924707399179,0.10031750918619461,1256,1.3521197849731135,Power Hitters with Moderate Speed
694749-2024-118,694749,Dylan Campbell,2024,High-A,Midwest League,Great Lakes Loons,21,4,0.06650318379080151,0.4541886602708535,-0.1624672916661891,-0.5120038019843411,-0.04955161308799109,1.5865176876621336,-1.7083481101487537,1257,2.1120784290818877,"Fast, Aggressive Contact Hitters "
691449-2024-118,691449,Roberto Campos,2024,High-A,Midwest League,West Michigan Whitecaps,21,3,0.009012221814191796,-0.18121569696948867,-0.02693531779039504,0.09992156966303917,0.8387953781761178,-0.5419972911128823,-0.6864942853119123,1258,1.5813155039056856,Power Hitters with Moderate Speed
801406-2024-118,801406,Jared Dickey,2024,High-A,Midwest League,Lansing Lugnuts,22,2,0.3348509737154066,-0.47892263357859927,-0.8353684007102431,-0.43304568951371164,-0.2501460949863386,-0.3417919895630295,0.16750004834920967,1259,0.4048636474462588,Swinging Early Contact Hitters
695600-2024-118,695600,Carter Jensen,2024,High-A,Midwest League,Quad Cities River Bandits,20,1,0.17739790786471726,1.0096120494669596,-0.20140325545498564,0.33679590707492785,0.6095445417208635,0.08973159608178505,-1.2808769281328816,1260,1.5703220355300416,Strikeout-Prone Power Hitters
807751-2024-118,807751,Ethan O'Donnell,2024,High-A,Midwest League,Dayton Dragons,22,4,-0.01027173302835729,0.35643414377234006,0.44499969513029003,-0.018515599042905458,1.2972970510866264,1.2257548689135624,0.8654889342656548,1261,1.5508959807632539,"Fast, Aggressive Contact Hitters "
811287-2024-118,811287,Carson Roccaforte,2024,High-A,Midwest League,Quad Cities River Bandits,22,1,0.08558554167271101,0.9163009200820145,0.43799694176951787,-0.27512946457245213,-1.2244621499211679,1.2574052212967113,-0.8788659726686607,1262,1.9910345842951178,Strikeout-Prone Power Hitters
695358-2024-118,695358,Jonny Butler,2024,High-A,Midwest League,Lansing Lugnuts,25,1,0.2309654992811856,0.8674236618327568,-0.33398565671615643,-0.2948689926901096,-0.9378986043520999,-0.08117240082587837,-1.2808769281328816,1263,1.389351966487084,Strikeout-Prone Power Hitters
682631-2024-118,682631,Eduarqui Fernandez,2024,High-A,Midwest League,Wisconsin Timber Rattlers,22,1,0.1639536056281297,-0.17232892274235198,1.7807984697768975,-0.43304568951371164,-0.9092422497951932,0.6667781636643839,-0.9573760372608738,1264,2.1359021813743055,Strikeout-Prone Power Hitters
693819-2024-118,693819,Kyle Nevin,2024,High-A,Midwest League,Great Lakes Loons,22,3,0.1993343793410653,1.6316862453665986,1.3259014707234011,-0.8080967237492024,0.953420796403745,0.04119552302768711,0.3975102530239391,1265,1.8804479309567244,Power Hitters with Moderate Speed
683454-2024-118,683454,Brayan Buelvas,2024,High-A,Midwest League,Lansing Lugnuts,22,3,0.0364173316014631,0.9918385010126822,-0.18729614980048873,0.4749726038985299,0.8674517327330246,0.9610636121473749,0.3651275075977309,1266,1.6331870600062617,Power Hitters with Moderate Speed
683481-2024-118,683481,Nerwilian Cedeño,2024,High-A,Midwest League,Fort Wayne TinCaps,22,1,0.15152698345983934,0.1564817236617429,0.4991035449551133,-0.314608520807767,-0.7086477678968457,-0.23716556315050896,-0.317452190621751,1267,1.1330079053034345,Strikeout-Prone Power Hitters
691408-2024-118,691408,Maick Collado,2024,High-A,Midwest League,Lake County Captains,21,2,0.13638512938251954,0.7430088226528313,-1.241116457704568,-0.9462734205728045,-1.91221465928693,-1.2082516470439755,0.2998923191606899,1268,2.4632221504589844,Swinging Early Contact Hitters
691410-2024-118,691410,Jose Devers,2024,High-A,Midwest League,Lake County Captains,21,2,0.12883638003778616,-0.0745744062438366,0.29660344368563174,-0.8673153081021747,-0.9378986043520999,-0.14826136422136404,1.1314581376725013,1269,1.8289611679339701,Swinging Early Contact Hitters
695780-2024-118,695780,Jake Fox,2024,High-A,Midwest League,Lake County Captains,21,1,0.14594574801625418,0.44974527315728513,-0.3644163343863117,-0.6304409706902857,-1.339087568148795,-0.6134406680862734,-1.6206613000343013,1270,1.85809491454719,Strikeout-Prone Power Hitters
687192-2024-118,687192,Cade Hunter,2024,High-A,Midwest League,Dayton Dragons,23,1,0.05367103477842507,0.3120002726366527,1.3741948753368556,-0.9265338924551471,-0.6799914133399388,-0.3671131549320033,0.23402067981318972,1271,2.119137847013384,Strikeout-Prone Power Hitters
683494-2024-118,683494,Euribiel Angeles,2024,High-A,Midwest League,Lansing Lugnuts,22,2,0.2772186549788003,-2.9894363527449896,-1.9707061912651078,-0.5712223863373137,-0.336115158657059,0.21819885981185086,-0.036086917519480406,1272,2.485403745202366,Swinging Early Contact Hitters
699114-2024-118,699114,Leo Balcazar,2024,High-A,Midwest League,Dayton Dragons,20,2,0.1395050411038317,-1.0965534423646661,0.17760059183177895,-1.143668701749379,0.7814826690623042,-0.3951131629123903,0.13399233948451192,1273,1.694217244052983,Swinging Early Contact Hitters
695653-2024-118,695653,Noah Miller,2024,High-A,Midwest League,Great Lakes Loons,21,2,0.3897745771143697,-1.0521195712289786,-1.4349254081644964,-1.3213244548082954,-0.794616831567566,-0.959139234475104,-0.14022969397706628,1274,1.317749806400879,Swinging Early Contact Hitters
687625-2024-118,687625,Kai Murphy,2024,High-A,Midwest League,Fort Wayne TinCaps,23,2,0.10966787898059623,0.3208870468637894,-0.18099430553251547,-0.5909619144549711,-0.2501460949863386,-0.2876153256744126,0.4297384262845607,1275,1.3880701595927332,Swinging Early Contact Hitters
668776-2024-118,668776,Devin Ortiz,2024,High-A,Midwest League,Fort Wayne TinCaps,25,2,0.19565971661130335,-0.21676279387803937,-0.9076825955332904,-1.4595011516318972,-0.5080532859984981,-0.20382542552906172,1.3313142780696945,1276,1.6668205583569373,Swinging Early Contact Hitters
800473-2024-118,800473,Jefferson Rojas,2024,High-A,Midwest League,South Bend Cubs,19,2,0.17822920557613767,-0.9365915062761879,-1.3143037645723818,-1.1239291736317214,-1.081180377136634,0.7184634862110824,-1.239581450907824,1277,2.0447105694689833,Swinging Early Contact Hitters
809945-2024-118,809945,Jonah Advincula,2024,High-A,Midwest League,Lake County Captains,23,4,0.24718664411070307,0.48973575717940615,-0.5233634104645721,-0.9265338924551471,-0.04955161308799109,1.504806869032558,-0.4994521448894528,1278,1.0981378013204621,"Fast, Aggressive Contact Hitters "
700931-2024-118,700931,Seth Stephenson,2024,High-A,Midwest League,West Michigan Whitecaps,23,4,0.1305852500897926,-2.0474382846683983,-0.8977448436048799,-1.341063982925953,0.17969922336726324,2.844747536063328,-0.8788659726686607,1279,2.935642888364431,"Fast, Aggressive Contact Hitters "
682618-2024-118,682618,Misael Urbina,2024,High-A,Midwest League,Cedar Rapids Kernels,22,4,-0.03608729805076967,0.5741601123372145,0.23564388382750542,-0.8278362518668598,-0.5940223496692185,0.18328235809501525,-0.07062300038336321,1280,1.6976682866327846,"Fast, Aggressive Contact Hitters "
694193-2024-118,694193,Victor Acosta,2024,High-A,Midwest League,Dayton Dragons,20,2,0.11886045361058829,-0.5055829562600113,0.43943562624710236,-0.9265338924551471,-1.6829638228316766,0.1382827078569848,1.3873460475989343,1281,2.3214878418347022,Swinging Early Contact Hitters
679751-2024-118,679751,Danny Bautista Jr.,2024,High-A,Midwest League,Lansing Lugnuts,23,2,0.2992387985600744,-0.9143745707083443,-1.662925007602974,-0.6501804988079432,-0.36477151321396417,0.12235490800837663,0.5571344600880327,1282,1.040125880451955,Swinging Early Contact Hitters
800325-2024-118,800325,Luis Lara,2024,High-A,Midwest League,Wisconsin Timber Rattlers,19,4,0.08923078258641139,-1.4475810243366047,-1.2370622650981826,-1.301584926690638,-0.7086477678968457,2.183920601447083,0.9849927527010691,1283,2.348577902919421,"Fast, Aggressive Contact Hitters "
699393-2024-118,699393,Pedro Ramírez,2024,High-A,Midwest League,South Bend Cubs,20,2,0.1447800113371482,-1.0876666681375293,-0.8587040073209449,-1.0054920049257767,0.953420796403745,-0.1804012153965583,1.7670647860507893,1284,2.1734304581343915,Swinging Early Contact Hitters
806956-2024-118,806956,Ethan Salas,2024,High-A,Midwest League,Fort Wayne TinCaps,18,2,0.15705076095725465,-0.4922527949193043,-0.39435153290851366,-0.8673153081021747,-1.5969947591609561,-0.5159185291912661,-0.6486690352419712,1285,1.6224574494503832,Swinging Early Contact Hitters
691191-2024-118,691191,Jose Salas,2024,High-A,Midwest League,Cedar Rapids Kernels,21,4,0.002514702776651597,-0.7233089248248857,0.7368724054286538,-0.8870548362198322,0.12238651425344965,0.3351113148106532,0.23402067981318972,1286,1.6016272184765652,"Fast, Aggressive Contact Hitters "
687783-2024-118,687783,Matthew Wood,2024,High-A,Midwest League,Wisconsin Timber Rattlers,23,2,0.19743216332666028,-0.039027309335285906,-1.568658030884254,-1.0054920049257767,-1.3104312135918883,-1.1227076317953162,-0.8788659726686607,1287,2.006529764056759,Swinging Early Contact Hitters
805280-2024-118,805280,Alex Iadisernia,2024,High-A,Midwest League,Peoria Chiefs,23,4,0.014364018601199135,-0.41671521398863454,0.017930623675114252,-0.9265338924551471,-0.47939693144159135,0.7627461207168021,-0.6864942853119123,1288,1.4861168786811323,"Fast, Aggressive Contact Hitters "
813386-2024-118,813386,Justin Johnson,2024,High-A,Midwest League,Quad Cities River Bandits,24,2,0.20195328051708727,-0.3633945686258105,-0.704575982233795,-0.8475757799845173,-0.5367096405554049,0.2271544608736616,-0.6110545118922478,1289,1.1477897106016126,Swinging Early Contact Hitters
690914-2024-118,690914,Brody Moore,2024,High-A,Midwest League,Peoria Chiefs,23,4,0.06739628642963003,-1.12321376504608,-0.6583397123068147,-1.498980207867212,0.2943246415948904,1.3099843394950192,-0.38966453115080063,1290,1.6433185014172214,"Fast, Aggressive Contact Hitters "
800231-2024-118,800231,Won-Bin Cho,2024,High-A,Midwest League,Peoria Chiefs,20,3,0.08130687225167728,-0.10567811603881895,1.3098397351856998,-1.3805430391612676,0.8961080872899314,0.12521925116598637,0.4297384262845607,1291,1.9666018465296293,Power Hitters with Moderate Speed
815039-2024-118,815039,Dustin Dickerson,2024,High-A,Midwest League,Quad Cities River Bandits,23,1,0.06384874521344226,1.2362247922589666,-0.043141299629048134,-2.0714265232792775,-0.22148974042943181,-0.3784697160685132,-1.4486318799747453,1292,2.9085087096992464,Strikeout-Prone Power Hitters
690992-2024-118,690992,Ed Howard,2024,High-A,Midwest League,South Bend Cubs,22,3,0.029110806033209445,-0.7099787634841788,0.7849528124783338,-1.400282567278925,0.4662627689363311,-0.6659940269257779,1.6069357911670443,1293,2.354118056007911,Power Hitters with Moderate Speed
703520-2024-118,703520,Brett Bateman,2024,High-A,Midwest League,South Bend Cubs,22,4,0.12946629717545638,0.4230849504758731,-1.2156199520421853,-1.5779383203378419,0.8961080872899314,0.8119796207448744,0.9553145094053951,1294,1.830383144110559,"Fast, Aggressive Contact Hitters "
694249-2024-126,694249,Cole Carrigg,2024,High-A,Northwest League,Spokane Indians,22,4,0.1859086794385932,-0.6922052150299034,-0.7013669289522152,0.9289817506046505,0.2370119324810768,2.2093519980217065,-0.0017265915630683638,1295,1.9997030389770971,"Fast, Aggressive Contact Hitters "
681377-2024-126,681377,Josh Hood,2024,High-A,Northwest League,Everett AquaSox,23,1,0.1549420038121457,-0.09679134181168227,0.15654706227525686,0.4749726038985299,-0.36477151321396417,0.29677746179317865,-0.2816335947938824,1296,1.086622706470834,Strikeout-Prone Power Hitters
691720-2024-126,691720,Kyle Karros,2024,High-A,Northwest League,Spokane Indians,21,3,0.20732170206564307,0.023180110254676818,-0.07938214912537647,0.5144516601338448,2.2716131060214573,-0.40017456709589644,-0.5736483803226189,1297,1.9370356094156689,Power Hitters with Moderate Speed
690957-2024-126,690957,Jace Bohrofen,2024,High-A,Northwest League,Vancouver Canadians,22,1,0.2178342547023921,-0.2345363423323147,0.06649004698049137,0.5934097726044746,0.17969922336726324,-0.5436792683845578,-1.1577405763992141,1298,1.157157473050933,Strikeout-Prone Power Hitters
687730-2024-126,687730,Caleb Cali,2024,High-A,Northwest League,Everett AquaSox,23,1,0.16328671992626306,1.3473094700981891,0.8439156512547847,0.8697631662516782,-0.3074588041001522,-0.6570883339827656,-0.07062300038336321,1299,1.3160596799984525,Strikeout-Prone Power Hitters
814194-2024-126,814194,Quinn McDaniel,2024,High-A,Northwest League,Eugene Emeralds,21,4,0.0021063602790634215,0.3786510793401837,1.5024551221336566,0.13940062589835403,0.9820771509606517,1.375466122491112,-0.8399506518043474,1300,2.346042179175514,"Fast, Aggressive Contact Hitters "
814791-2024-126,814791,Jared Sundstrom,2024,High-A,Northwest League,Everett AquaSox,23,4,-0.03174816938406607,-0.9010444093676392,0.023210291960855656,0.4552330757808725,0.6095445417208635,0.5698177391070819,-0.6486690352419712,1301,1.967786986358478,"Fast, Aggressive Contact Hitters "
700164-2024-126,700164,Bryant Betancourt,2024,High-A,Northwest League,Spokane Indians,20,2,0.13213808938584046,-0.40338505264792757,-0.29901241935179956,-0.1961713521018224,-0.8519295406813796,0.03960379893591287,-0.24600401618243073,1302,1.0513578684387235,Swinging Early Contact Hitters
694815-2024-126,694815,Jack Hurley,2024,High-A,Northwest League,Hillsboro Hops,22,3,-0.013750367182318915,-1.0921100552510976,0.5933748653486397,0.21835873836898378,0.15104286881035645,-0.15732379157606002,0.588611391124948,1303,1.692555405219025,Power Hitters with Moderate Speed
681098-2024-126,681098,Bill Knight,2024,High-A,Northwest League,Everett AquaSox,24,1,0.017353006293266998,-0.7677427959605732,0.08093192635070857,0.3565354351925853,-1.5396820500471426,0.8307450824192198,-0.426062406244488,1304,2.0648576237087948,Strikeout-Prone Power Hitters
695521-2024-126,695521,Gavin Conticello,2024,High-A,Northwest League,Hillsboro Hops,21,3,0.1254797937199874,-0.12789505160666265,-0.3416213987145714,-0.018515599042905458,1.1253589237451858,-0.01735229952878149,0.3651275075977309,1305,1.185565552081155,Power Hitters with Moderate Speed
800959-2024-126,800959,Nick Goodwin,2024,High-A,Northwest League,Vancouver Canadians,22,1,0.17078740647500495,-0.17677230985592032,0.3953323665908676,-0.6107014425726283,-1.5683384046040494,-0.6170803077230522,-1.9326806882253373,1306,2.0610633321490957,Strikeout-Prone Power Hitters
671925-2024-126,671925,Matt Coutney,2024,High-A,Northwest League,Tri-City Dust Devils,24,3,0.2732080592814517,-0.034583922221717564,0.3302566337386678,0.0012239290747519788,1.239984341972813,-1.1277709515600356,1.0439607212235713,1307,1.1306364405032576,Power Hitters with Moderate Speed
691726-2024-126,691726,Kevin Sim,2024,High-A,Northwest League,Hillsboro Hops,22,2,0.16520714103264925,-0.541130053168564,0.5390019264063282,-0.5909619144549711,-1.5683384046040494,-0.7369507391943324,1.4151885178936585,1308,2.2737875682219078,Swinging Early Contact Hitters
699912-2024-126,699912,Jose Fernandez,2024,High-A,Northwest League,Hillsboro Hops,20,2,0.2676234501937239,-1.7008540898100297,-0.21951140907465536,-1.1831477579846936,0.09373015969654286,-0.18266067942162495,0.3975102530239391,1309,1.3718543836865782,Swinging Early Contact Hitters
814408-2024-126,814408,Jackson Hornung,2024,High-A,Northwest League,Vancouver Canadians,23,3,0.17290955142840728,0.16536849788887958,0.21553514150182912,-0.6501804988079432,0.8387953781761178,-1.3685926284856165,1.3873460475989343,1310,1.6909923620903866,Power Hitters with Moderate Speed
810053-2024-126,810053,Caleb Ketchup,2024,High-A,Northwest League,Tri-City Dust Devils,22,4,0.14776925296419866,1.0229422108076627,0.5392530697066255,-0.8278362518668598,-0.8519295406813796,2.826921726951334,-1.3642334125424125,1311,2.754798468539724,"Fast, Aggressive Contact Hitters "
692046-2024-126,692046,Axel Sanchez,2024,High-A,Northwest League,Everett AquaSox,21,4,-0.025329060504419437,-0.45670569801075556,0.8083579087865439,-1.4200220953965825,-1.2531185044780746,0.48002267788414327,-0.0017265915630683638,1312,2.2130808227215026,"Fast, Aggressive Contact Hitters "
682648-2024-126,682648,Juan Guerrero,2024,High-A,Northwest League,Spokane Indians,22,2,0.14212608962344328,-1.5275619923808448,-1.5186336153390259,-0.9857524768081194,0.8961080872899314,0.5934537971534076,0.23402067981318972,1313,1.9120279075965105,Swinging Early Contact Hitters
694211-2024-126,694211,Manuel Pena,2024,High-A,Northwest League,Hillsboro Hops,20,2,0.07690470181243537,-0.8699406995726569,-0.2809221273146518,-1.0449710611610916,1.0967025691882788,-0.12346708889691486,0.9553145094053951,1314,1.867396203648465,Swinging Early Contact Hitters
690956-2024-126,690956,Werner Blakely,2024,High-A,Northwest League,Tri-City Dust Devils,22,1,0.11999704408087332,0.8185464035834991,0.9414667353037824,-0.9857524768081194,-0.22148974042943181,-0.010718000704549186,-0.4994521448894528,1315,1.8107993137568048,Strikeout-Prone Power Hitters
694170-2024-126,694170,Dyan Jorge,2024,High-A,Northwest League,Spokane Indians,21,4,0.1763480363078784,-0.35895118151224015,-0.12344075293679461,-1.8937707702203606,1.0967025691882788,1.1763783528595746,1.974828547276065,1316,2.280550294951894,"Fast, Aggressive Contact Hitters "
669899-2024-112,669899,Ryan Ward,2024,Triple-A,Pacific Coast League,Oklahoma City Baseball Club,26,1,0.16630443792682156,0.23646269170598294,0.6236018009616939,2.705539281193819,-0.5080532859984981,-0.5400666124648106,-0.036086917519480406,1317,2.273603751000525,Strikeout-Prone Power Hitters
613564-2024-112,613564,Jason Vosler,2024,Triple-A,Pacific Coast League,Tacoma Rainiers,30,1,0.13689166098248856,0.19647220768386195,-0.2848024170952041,2.4094463594289572,0.7241699599484906,-1.0724246647817044,-1.1171891663412536,1318,2.461748757528321,Strikeout-Prone Power Hitters
664247-2024-112,664247,Kyle Garlick,2024,Triple-A,Pacific Coast League,Reno Aces,32,1,0.2836968191129032,-0.07901779335740691,0.6780108852922743,1.1658560880165396,-0.6799914133399388,-1.2686366064022305,-0.5736483803226189,1319,1.2846508344920153,Strikeout-Prone Power Hitters
542208-2024-112,542208,Carlos Pérez,2024,Triple-A,Pacific Coast League,Las Vegas Aviators,33,1,0.17510073467908607,-0.30118714903584776,-1.0165124178868694,2.6857997530761613,-1.5396820500471426,-1.3685926284856165,-1.3642334125424125,1320,3.0440587535412966,Strikeout-Prone Power Hitters
680728-2024-112,680728,Adrian Del Castillo,2024,Triple-A,Pacific Coast League,Reno Aces,24,1,0.07143830551818586,-0.6477713438942141,-1.0519255342691225,2.8239764498997633,0.6382008962777702,-1.3685926284856165,-0.5736483803226189,1321,3.2999024001563506,Strikeout-Prone Power Hitters
665846-2024-112,665846,Jesús Bastidas,2024,Triple-A,Pacific Coast League,Sugar Land Space Cowboys,25,1,0.19907548778510897,-0.8032898928691238,-0.03318484467866994,1.1461165598988823,-0.9092422497951932,-0.45575910430800504,-1.4912300621525407,1322,1.6516117225769709,Strikeout-Prone Power Hitters
686531-2024-112,686531,Andre Lipcius,2024,Triple-A,Pacific Coast League,Oklahoma City Baseball Club,26,1,0.21295434876679448,1.0584893077162132,-0.08286732005900696,0.7710655256633909,0.2943246415948904,-0.7375652187783779,-0.9180068908559016,1323,1.2174189430109112,Strikeout-Prone Power Hitters
694376-2024-112,694376,Shay Whitcomb,2024,Triple-A,Pacific Coast League,Sugar Land Space Cowboys,25,1,0.07378407560806663,-0.594450698531388,-0.5817446309506973,1.7580419315462623,0.2370119324810768,0.7614168747392193,-0.35346181986394026,1324,2.3569800085166084,Strikeout-Prone Power Hitters
694175-2024-112,694175,Pedro León,2024,Triple-A,Pacific Coast League,Sugar Land Space Cowboys,26,3,0.17147192836000777,0.009849948913969814,0.6074812753304927,1.3237723129577992,1.9563932058954825,0.8881784486646818,-0.38966453115080063,1325,2.14112590729213,Power Hitters with Moderate Speed
672359-2024-112,672359,Tirso Ornelas,2024,Triple-A,Pacific Coast League,El Paso Chihuahuas,24,2,0.0683586301929981,-0.030140535108147248,-1.1860042457105426,1.0276793911929376,0.17969922336726324,-0.8605700466727468,0.7130718642393058,1326,2.001819275945173,Swinging Early Contact Hitters
672478-2024-112,672478,Jordan Diaz,2024,Triple-A,Pacific Coast League,Las Vegas Aviators,23,3,-6.896240002126512e-4,-1.2209682815445955,-0.8862555033404956,1.5803861784873454,0.4376064143794243,-1.3685926284856165,2.5152600587849494,1327,3.370014475095737,Power Hitters with Moderate Speed
668751-2024-112,668751,Cal Mitchell,2024,Triple-A,Pacific Coast League,El Paso Chihuahuas,25,1,0.18435955386611574,0.07650075561750286,-0.49903919859758494,1.7185628753109474,-0.13552067675871146,-0.19407612489238865,-0.2816335947938824,1328,1.6524471557354539,Strikeout-Prone Power Hitters
676116-2024-112,676116,Ryan Noda,2024,Triple-A,Pacific Coast League,Las Vegas Aviators,28,1,0.16615003751991939,2.507033506739659,1.0920415727737527,2.23179060637004,-0.6513350587830321,-0.9527697721760902,-0.2816335947938824,1329,2.7983656121652687,Strikeout-Prone Power Hitters
666703-2024-112,666703,Eguy Rosario,2024,Triple-A,Pacific Coast League,El Paso Chihuahuas,24,1,0.20782424028467622,0.6141505963593316,-0.3269255787358912,2.369967303193642,-0.6226787042261253,0.39298160491901524,-0.2105614703409355,1330,2.1391869646192685,Strikeout-Prone Power Hitters
688760-2024-112,688760,Blaine Crim,2024,Triple-A,Pacific Coast League,Round Rock Express,27,2,0.12850723558000707,-0.9410348933897582,-0.9933579203751625,0.8697631662516782,-0.07820796764489787,-0.9457217129813061,-0.5736483803226189,1331,1.694055469890139,Swinging Early Contact Hitters
665953-2024-112,665953,Andrés Chaparro,2024,Triple-A,Pacific Coast League,Reno Aces,25,3,0.06574408746757664,-0.7721861830741414,-0.9283260595914984,1.659344290957975,1.7271423694402284,-1.143420154293198,-0.4994521448894528,1332,2.821572144200666,Power Hitters with Moderate Speed
680693-2024-112,680693,Grant Lavigne,2024,Triple-A,Pacific Coast League,Albuquerque Isotopes,24,1,0.07269261170916455,0.2275759174788443,0.6016297997195261,0.7118469413104186,0.007761096025822493,-0.38398664013732925,-0.0017265915630683638,1333,1.0649520098302006,Strikeout-Prone Power Hitters
660758-2024-112,660758,Sandro Fabian,2024,Triple-A,Pacific Coast League,Round Rock Express,26,2,0.15520884642252836,-0.185659084083059,-1.331455893640893,0.8697631662516782,-0.5940223496692185,-0.8745426575638354,0.46181349600707255,1334,1.7240030715283472,Swinging Early Contact Hitters
682210-2024-112,682210,Kody Hoese,2024,Triple-A,Pacific Coast League,Oklahoma City Baseball Club,26,2,0.09013899831136273,-0.8121766670962625,-0.5720879253228479,0.7908050537810484,0.6382008962777702,-1.250013579949668,-0.317452190621751,1335,1.9508844268985983,Swinging Early Contact Hitters
664954-2024-112,664954,Brett Sullivan,2024,Triple-A,Pacific Coast League,El Paso Chihuahuas,30,1,0.029670082793958302,-1.029902635661135,-1.646443746381778,1.4619490097814007,-1.2244621499211679,-1.1627420316419024,-2.070947420687847,1336,3.1499270765304854,Strikeout-Prone Power Hitters
663536-2024-112,663536,Tristin English,2024,Triple-A,Pacific Coast League,Reno Aces,27,2,0.2956514933903913,-1.3231661851566792,-0.5682481633885508,0.2578377946042981,-0.3074588041001522,-0.9161416555684336,0.16750004834920967,1337,1.0905056300189728,Swinging Early Contact Hitters
675659-2024-112,675659,Greg Jones,2024,Triple-A,Pacific Coast League,Albuquerque Isotopes,26,3,0.08009350482796383,0.3519907566587717,1.9502911865760342,0.8500236381340207,2.5008639424767116,2.184901779448779,1.1024181381575964,1338,3.312626471403747,Power Hitters with Moderate Speed
681584-2024-112,681584,David Villar,2024,Triple-A,Pacific Coast League,Sacramento River Cats,27,1,0.15789760825894297,0.791886080902085,0.39623581793841534,0.6526283569574464,0.4662627689363311,-1.1750888916940683,-0.9180068908559016,1339,1.3589809176907046,Strikeout-Prone Power Hitters
680810-2024-112,680810,Quincy Hamilton,2024,Triple-A,Pacific Coast League,Sugar Land Space Cowboys,26,1,0.2815254167896717,1.3295359216439158,-0.06190436040321832,1.3829908973107714,-0.5653659951123117,-0.46892681202778236,-0.4626575607572777,1340,1.2932259646894695,Strikeout-Prone Power Hitters
676939-2024-112,676939,Jimmy Herron,2024,Triple-A,Pacific Coast League,Albuquerque Isotopes,27,2,0.20675905184898052,-0.9676952160711723,-1.515751612832126,0.49471213201618736,-0.39342786777087096,0.17815008585561326,-0.8012583425989398,1341,1.6169324379103596,Swinging Early Contact Hitters
669087-2024-112,669087,Sam Huff,2024,Triple-A,Pacific Coast League,Round Rock Express,26,3,0.20466920258290164,-0.7810729573012801,1.3324462734680351,0.4354935476632151,0.9247644418468381,-1.3685926284856165,0.46181349600707255,1342,1.7559636706897612,Power Hitters with Moderate Speed
687799-2024-112,687799,Cade Marlowe,2024,Triple-A,Pacific Coast League,Tacoma Rainiers,27,1,0.027018229138390488,0.6896881772900033,1.4819604898512504,0.23809826648664068,0.5808881871639567,2.2117397060269317,-2.259820980583694,1343,3.3404662835924688,Strikeout-Prone Power Hitters
700242-2024-112,700242,Trey Sweeney,2024,Triple-A,Pacific Coast League,Oklahoma City Baseball Club,24,3,0.25389013600690646,-0.14566860006093799,0.5749610807671159,0.4749726038985299,0.5235754780501432,-0.05017874947152746,0.8654889342656548,1344,0.7905181237620131,Power Hitters with Moderate Speed
669208-2024-112,669208,Ryan Bliss,2024,Triple-A,Pacific Coast League,Tacoma Rainiers,24,4,0.2059591862141397,0.9296310814227214,-0.14782376590091573,0.7513259975457335,0.5522318326070499,2.8676916942258717,0.7130718642393058,1345,2.2895637007602847,"Fast, Aggressive Contact Hitters "
641779-2024-112,641779,Charles Leblanc,2024,Triple-A,Pacific Coast League,Salt Lake Bees,28,1,0.23405652903821522,0.6808014030628626,0.25762841403590453,0.6921074131927611,0.38029370526561074,-0.8456971085094587,-1.239581450907824,1346,1.1688614861230415,Strikeout-Prone Power Hitters
605346-2024-112,605346,Jack López,2024,Triple-A,Pacific Coast League,Salt Lake Bees,31,3,0.19643896906356137,-0.48780940780573595,0.391048292318987,-0.018515599042905458,1.1253589237451858,0.18047872145067237,1.1024181381575964,1347,1.1890146026046449,Power Hitters with Moderate Speed
669386-2024-112,669386,Trevor Hauver,2024,Triple-A,Pacific Coast League,Round Rock Express,25,3,0.1206962598106108,2.1160154407455973,1.0567358331705594,0.5934097726044746,1.0107335055175586,-1.2204391327903465,0.13399233948451192,1348,2.0896589014540012,Power Hitters with Moderate Speed
669392-2024-112,669392,Samad Taylor,2024,Triple-A,Pacific Coast League,Tacoma Rainiers,25,4,0.14206307656968697,1.2495549535996737,0.4481598867883986,-0.5909619144549711,1.1540152783020925,1.8442322672522282,0.7130718642393058,1349,1.782469403452795,"Fast, Aggressive Contact Hitters "
677941-2024-112,677941,Jordyn Adams,2024,Triple-A,Pacific Coast League,Salt Lake Bees,24,4,0.020906493821278856,-1.016572474320428,0.5978612548306514,-0.47252474574902625,1.1540152783020925,0.7716732793485349,0.6199422569912528,1350,1.7316662898114443,"Fast, Aggressive Contact Hitters "
676946-2024-112,676946,Matthew Batten,2024,Triple-A,Pacific Coast League,El Paso Chihuahuas,29,2,0.1107488248721975,-0.35006440728510346,-0.48695985255653823,-0.4527852176313691,-0.3074588041001522,-0.08180238157862102,-0.8788659726686607,1351,1.2324434470661978,Swinging Early Contact Hitters
670092-2024-112,670092,Trenton Brooks,2024,Triple-A,Pacific Coast League,Sacramento River Cats,28,1,0.010078734498176036,0.6274807577000386,-1.3612334378844828,0.06044251342772429,0.6955136053915838,-0.536909949453629,-0.9969760890703109,1352,2.2593703291039016,Strikeout-Prone Power Hitters
687957-2024-112,687957,Dustin Harris,2024,Triple-A,Pacific Coast League,Round Rock Express,24,4,0.17373012013049394,0.44974527315728513,-0.24493030794450188,-0.5712223863373137,0.7814826690623042,1.0253893403938426,-0.8012583425989398,1353,1.396089914114469,"Fast, Aggressive Contact Hitters "
669450-2024-112,669450,Cooper Hummel,2024,Triple-A,Pacific Coast League,Sugar Land Space Cowboys,29,3,0.23847261212506524,0.9607347912177018,-0.5186977421545824,0.5736702444868171,0.8387953781761178,-0.0560206277553321,1.1314581376725013,1354,1.400823908145941,Power Hitters with Moderate Speed
546991-2024-112,546991,Albert Almora Jr.,2024,Triple-A,Pacific Coast League,Reno Aces,30,2,0.2883214966565425,-1.558665702175825,-1.5126557117016668,-0.038255127160562896,0.4949191234932379,0.060035115000529084,-0.07062300038336321,1355,1.4563756864572046,Swinging Early Contact Hitters
666183-2024-112,666183,Hunter Bishop,2024,Triple-A,Pacific Coast League,Sacramento River Cats,26,3,0.08942048639896207,-0.33229085883082815,0.6637627830109712,-0.15669229586650751,0.2656682870379836,-0.32895461883057775,0.10031750918619461,1356,1.2196103229439346,Power Hitters with Moderate Speed
660829-2024-112,660829,Hoy Park,2024,Triple-A,Pacific Coast League,Las Vegas Aviators,28,3,0.1364338549429471,1.4006301154610172,-0.11856144587816422,-0.11721323963119265,0.32298099615179715,0.10504775527922162,0.6821711719565688,1357,1.5146309531975575,Power Hitters with Moderate Speed
642727-2024-112,642727,Sergio Alcántara,2024,Triple-A,Pacific Coast League,Reno Aces,27,3,0.10609420451328035,0.8585368876056161,-0.831868429069803,0.1196610977806966,0.6955136053915838,-0.8190409247572203,0.2998923191606899,1358,1.6435979118849542,Power Hitters with Moderate Speed
682183-2024-112,682183,Drew Avans,2024,Triple-A,Pacific Coast League,Oklahoma City Baseball Club,28,3,0.10019142634183562,0.8096596293563624,0.2970337280129641,-0.47252474574902625,1.6125169512126012,0.612920112109852,0.13399233948451192,1359,1.5452157285176784,Power Hitters with Moderate Speed
667663-2024-112,667663,Hunter Stovall,2024,Triple-A,Pacific Coast League,Albuquerque Isotopes,27,2,0.32025039652801496,-2.7050595774765838,-1.9155208004771707,-0.8870548362198322,-0.5080532859984981,-0.2318380023042166,0.49373690998719866,1360,2.207768935074274,Swinging Early Contact Hitters
669200-2024-112,669200,Mason McCoy,2024,Triple-A,Pacific Coast League,El Paso Chihuahuas,29,4,0.13828904455311855,0.027623497368247135,0.1637403515404018,-0.5120038019843411,0.8961080872899314,0.9270840715175115,-0.8399506518043474,1361,1.4734154979622125,"Fast, Aggressive Contact Hitters "
670148-2024-112,670148,Nate Mondou,2024,Triple-A,Pacific Coast League,El Paso Chihuahuas,29,1,0.03690421617007239,0.329773821090928,-0.5261366831702263,-0.21591088021947982,0.5522318326070499,-0.33010870347100346,-0.8012583425989398,1362,1.6819355824955908,Strikeout-Prone Power Hitters
669326-2024-112,669326,Bryce Teodosio,2024,Triple-A,Pacific Coast League,Salt Lake Bees,25,4,0.08079254160151327,-2.3451452212775106,0.43680508559259845,-0.11721323963119265,1.7271423694402284,1.468476189024031,-0.14022969397706628,1363,2.9277639175129155,"Fast, Aggressive Contact Hitters "
519303-2024-112,519303,Elliot Soto,2024,Triple-A,Pacific Coast League,Salt Lake Bees,34,4,0.05356945439048915,0.4364151118165781,0.1025420597923213,-1.2818453985729807,-0.42208422232777776,0.3175613693883929,0.3975102530239391,1364,1.5154486917389427,"Fast, Aggressive Contact Hitters "
680890-2024-112,680890,Jax Biggers,2024,Triple-A,Pacific Coast League,Round Rock Express,27,3,-0.01922811096285388,0.618593983472902,-0.6640226363391378,-0.8080967237492024,0.953420796403745,-0.21717784087817768,-0.8788659726686607,1365,2.261256324060413,Power Hitters with Moderate Speed
702789-2024-112,702789,Austin Gauthier,2024,Triple-A,Pacific Coast League,Oklahoma City Baseball Club,25,2,0.11305765276097404,-0.11900827737952398,-0.4638969861152926,-1.301584926690638,0.2370119324810768,-0.5716880051897959,1.5798744744651354,1366,1.9536108336498614,Swinging Early Contact Hitters
676566-2024-116,676566,Shawn Ross,2024,High-A,South Atlantic League,Greensboro Grasshoppers,24,1,0.28667587300164116,1.8627423752721761,1.9467438390076268,2.3304882469583275,-2.198778204855998,-0.30578655836549873,-2.3078766245797886,1367,3.46992649793881,Strikeout-Prone Power Hitters
800232-2024-116,800232,Luis Baez,2024,High-A,South Atlantic League,Asheville Tourists,20,1,0.12254398211762366,-1.4475810243366047,0.6493527704764708,1.3435118410754567,0.09373015969654286,-0.6116075952070614,-0.9573760372608738,1368,2.206545100769735,Strikeout-Prone Power Hitters
682793-2024-116,682793,Bryan Gonzalez,2024,High-A,South Atlantic League,Greenville Drive,22,3,0.24882898484066784,-0.08790456758454361,1.3850495913590457,1.7185628753109474,1.2686406965297197,0.7140402998686569,1.217836153455557,1369,2.0815534847297648,Power Hitters with Moderate Speed
677342-2024-116,677342,Brock Jones,2024,High-A,South Atlantic League,Bowling Green Hot Rods,23,3,0.0055719359254700965,1.06737608194335,2.3502980365100057,1.4422094816637432,0.6095445417208635,1.475668590391783,-0.35346181986394026,1370,3.0140106840056133,Power Hitters with Moderate Speed
695770-2024-116,695770,Wes Kath,2024,High-A,South Atlantic League,Winston-Salem Dash,21,1,0.10658463223217748,0.5297262412015251,1.712554261747431,0.6921074131927611,0.2943246415948904,-0.7630153058534856,-0.6864942853119123,1371,1.621422339563454,Strikeout-Prone Power Hitters
807742-2024-116,807742,Colton Ledbetter,2024,High-A,South Atlantic League,Bowling Green Hot Rods,22,1,0.10819520745455541,-0.185659084083059,0.8094783806131997,1.225074672369512,1.1540152783020925,1.3740876553690202,-1.978455707481423,1372,2.8576754157037834,Strikeout-Prone Power Hitters
691369-2024-116,691369,Allan Castro,2024,High-A,South Atlantic League,Greenville Drive,21,1,0.14494398072277537,-0.11900827737952398,-0.08916037191664453,1.1461165598988823,-0.5367096405554049,-0.4020759939289302,0.13399233948451192,1373,1.3613911315834466,Strikeout-Prone Power Hitters
802459-2024-116,802459,Ryan Johnson,2024,High-A,South Atlantic League,Asheville Tourists,23,1,0.042010858449225544,0.5608299509965076,2.9388834149294443,-0.07773418339587777,0.4662627689363311,-0.546871380589636,-0.9969760890703109,1374,2.826410898441035,Strikeout-Prone Power Hitters
694966-2024-116,694966,Brayden Taylor,2024,High-A,South Atlantic League,Bowling Green Hot Rods,22,1,0.1898746491109619,1.107366565965471,0.24534568275986782,1.8962186283698643,0.7528263145053974,1.1339023676453877,-2.3078766245797886,1375,2.8473530950766253,Strikeout-Prone Power Hitters
696145-2024-116,696145,Lonnie White Jr.,2024,High-A,South Atlantic League,Greensboro Grasshoppers,21,1,0.29355789132349625,0.8807538231734637,1.8158144651191614,0.49471213201618736,-2.6572798777665056,0.3306896592864724,-0.8399506518043474,1376,2.6438756545034154,Strikeout-Prone Power Hitters
695604-2024-116,695604,T.J. White,2024,High-A,South Atlantic League,Wilmington Blue Rocks,20,1,0.30933459133447294,0.6141505963593316,1.2479463667424464,0.27757732272195557,-1.2531185044780746,-1.0798289710311701,-0.5364483441874036,1377,1.3955868113396572,Strikeout-Prone Power Hitters
802991-2024-116,802991,E.J. Exposito,2024,High-A,South Atlantic League,Rome Emperors,23,1,0.1008153095613309,-1.1054402165918047,0.13157413350569655,0.613149300722132,-0.5653659951123117,1.082343494844044,-1.6206613000343013,1378,2.2956011603333994,Strikeout-Prone Power Hitters
687431-2024-116,687431,Hudson Head,2024,High-A,South Atlantic League,Greensboro Grasshoppers,23,1,0.27462628224062563,0.49862253140654283,1.4183053323760566,0.5341911882515022,-0.7373041224537524,-0.40893992092755144,-0.4994521448894528,1379,1.0814618985831903,Strikeout-Prone Power Hitters
690991-2024-116,690991,Mac Horvath,2024,High-A,South Atlantic League,Bowling Green Hot Rods,22,1,0.2479581144242681,0.9918385010126822,0.4248373105428316,0.5736702444868171,-0.7659604770106593,1.1276394391792457,-1.6643623553734188,1380,1.7697786053186166,Strikeout-Prone Power Hitters
702261-2024-116,702261,Termarr Johnson,2024,High-A,South Atlantic League,Greensboro Grasshoppers,20,2,0.029679977853244707,0.5430564025422302,-0.2855078887047493,-0.018515599042905458,-0.6799914133399388,0.13163660098390942,0.6821711719565688,1381,1.7535946741189623,Swinging Early Contact Hitters
683079-2024-116,683079,Omar Martinez,2024,High-A,South Atlantic League,Hudson Valley Renegades,22,1,0.25564774840606114,0.6452543061543159,0.029998702663699008,0.3565354351925853,-0.5080532859984981,-1.1517696077595814,-0.426062406244488,1382,1.0322771059019364,Strikeout-Prone Power Hitters
691858-2024-116,691858,Jared Serna,2024,High-A,South Atlantic League,Hudson Valley Renegades,22,2,0.05857956879088104,-0.501139569146443,-1.3154964386408516,0.8500236381340207,-1.2531185044780746,0.10382689551699006,-0.6864942853119123,1383,1.951523638160554,Swinging Early Contact Hitters
695508-2024-116,695508,Cam Cauley,2024,High-A,South Atlantic League,Hickory Crawdads,21,1,0.05757157261296512,-0.40782843976149785,0.9660698652786764,0.5539307163691597,-0.020895258531084298,0.7933272555955524,-0.14022969397706628,1384,1.7824552736162784,Strikeout-Prone Power Hitters
691792-2024-116,691792,Roc Riggio,2024,High-A,South Atlantic League,Hudson Valley Renegades,22,1,0.11625463952151763,-0.09679134181168227,-0.5068180737564256,0.5539307163691597,-1.3677439227057018,0.704973210927816,-0.8399506518043474,1385,1.7146247081352874,Strikeout-Prone Power Hitters
689688-2024-116,689688,Ethan Workinger,2024,High-A,South Atlantic League,Rome Emperors,22,1,0.09323744792441287,0.6363675319271753,-0.5717938341865306,0.0012239290747519788,0.12238651425344965,-0.42677592495523503,-0.4626575607572777,1386,1.4046534542842761,Strikeout-Prone Power Hitters
701778-2024-116,701778,Jace Avina,2024,High-A,South Atlantic League,Hudson Valley Renegades,21,2,0.04839888623094012,-1.8563726387849395,0.6381096939460903,0.1196610977806966,0.17969922336726324,-0.978271485932624,-1.1577405763992141,1387,2.448076188318645,Swinging Early Contact Hitters
695048-2024-116,695048,Garret Guillemette,2024,High-A,South Atlantic League,Asheville Tourists,22,1,0.07350894846629814,-0.7944031186419871,0.6726608716908902,-0.2948689926901096,-1.081180377136634,-1.0445767040427143,-0.9573760372608738,1388,1.8264519005025766,Strikeout-Prone Power Hitters
695692-2024-116,695692,Cooper Kinney,2024,High-A,South Atlantic League,Bowling Green Hot Rods,21,3,0.160368164728629,-0.3633945686258105,-0.18729614980048873,1.1263770317812247,1.0967025691882788,-0.6006296929713822,0.10031750918619461,1389,1.4768030812549895,Power Hitters with Moderate Speed
806964-2024-116,806964,Sebastian Walcott,2024,High-A,South Atlantic League,Hickory Crawdads,18,3,0.052591497454342676,-0.6255544083263703,0.35239205391774103,0.6723678850751038,0.8674517327330246,0.7194559046169435,-0.35346181986394026,1390,1.7878431365748446,Power Hitters with Moderate Speed
700845-2024-116,700845,Adam Zebrowski,2024,High-A,South Atlantic League,Rome Emperors,23,3,0.006102192215071305,0.023180110254676818,0.9813156869214439,-0.1369527677488501,-0.5653659951123117,-1.118099296282537,0.6511284070260079,1391,1.8645254056670522,Power Hitters with Moderate Speed
694218-2024-116,694218,Yeison Morrobel,2024,High-A,South Atlantic League,Hickory Crawdads,20,2,0.11782369274318875,-0.8077332799826942,-0.13089127870445263,-0.7093990831609155,-1.5396820500471426,-0.6486261855821258,-0.8788659726686607,1392,1.7497126254396689,Swinging Early Contact Hitters
694742-2024-116,694742,Josh Moylan,2024,High-A,South Atlantic League,Hudson Valley Renegades,21,3,0.11236626494008611,-0.09679134181168227,0.29754970584109675,-0.2553899364547947,0.32298099615179715,-0.911084391301402,0.8654889342656548,1393,1.214117441400451,Power Hitters with Moderate Speed
691385-2024-116,691385,Ronald Rosario,2024,High-A,South Atlantic League,Greenville Drive,21,2,0.3054118396621061,-1.0743365067968242,-0.6712303864249648,-0.6501804988079432,-0.7086477678968457,-1.1502515812538716,1.4705313644613693,1394,1.6143956270894897,Swinging Early Contact Hitters
694214-2024-116,694214,Samuel Zavala,2024,High-A,South Atlantic League,Winston-Salem Dash,19,1,0.0934403302269597,1.54281850309522,-0.1694337072667543,-0.6501804988079432,-2.2274345594129046,-0.12490465591625849,0.3325887001451288,1395,2.689490366489352,Strikeout-Prone Power Hitters
801523-2024-116,801523,Chris Suero,2024,High-A,South Atlantic League,Brooklyn Cyclones,20,1,0.20327432879385982,0.5608299509965076,-0.054971910805380254,-0.5120038019843411,-0.7086477678968457,0.4139640804413057,-1.4486318799747453,1396,1.5667559757694334,Strikeout-Prone Power Hitters
691645-2024-116,691645,Jefrey De Los Santos,2024,High-A,South Atlantic League,Brooklyn Cyclones,21,1,0.2898259698243738,0.7607823711071047,0.6659766117523045,-0.21591088021947982,-1.5683384046040494,-0.9360440551247956,-0.8788659726686607,1397,1.4840836787474938,Strikeout-Prone Power Hitters
690983-2024-116,690983,Hunter Haas,2024,High-A,South Atlantic League,Bowling Green Hot Rods,22,1,0.18709016435585812,0.11204785252605355,0.513444875815149,-0.7883571956315449,-1.6543074682747696,-0.26388732365145573,-1.75262229816328,1398,2.0415872905559245,Strikeout-Prone Power Hitters
694991-2024-116,694991,Mitch Jebb,2024,High-A,South Atlantic League,Greensboro Grasshoppers,22,4,0.12936885471382278,-1.0654497325696857,-0.685805926117994,-0.9067943643374896,-0.07820796764489787,1.6778445519005032,-0.0017265915630683638,1399,1.3045369193700302,"Fast, Aggressive Contact Hitters "
691708-2024-116,691708,Junior Tilien,2024,High-A,South Atlantic League,Brooklyn Cyclones,21,2,0.26615119511835655,-0.7099787634841788,-0.6525017994372465,-0.9660129486904622,-0.9952113134659135,-1.0162018486751405,-0.5364483441874036,1400,1.2665401901164157,Swinging Early Contact Hitters
677356-2024-116,677356,Carter Young,2024,High-A,South Atlantic League,Aberdeen IronBirds,23,4,0.026959040382381883,0.13870817520746756,0.5858020807750117,-0.6699200269256006,-1.0238676680228203,0.4574656249370737,0.4297384262845607,1401,1.7561697096527613,"Fast, Aggressive Contact Hitters "
687201-2024-116,687201,Kevin Kilpatrick Jr.,2024,High-A,South Atlantic League,Rome Emperors,23,4,0.2954527754774959,-0.22564956810517606,0.41327582158331405,-1.0647105892787492,0.2943246415948904,1.8538495377982545,1.0732526954909305,1402,1.1447931643354923,"Fast, Aggressive Contact Hitters "
688500-2024-116,688500,Stephen Paolini,2024,High-A,South Atlantic League,Rome Emperors,23,3,0.12534567662341328,0.6052638221321949,1.4927041043102514,-0.8870548362198322,0.5235754780501432,0.28504181253942046,0.49373690998719866,1403,1.6952135807991413,Power Hitters with Moderate Speed
694884-2024-116,694884,Jalen Vasquez,2024,High-A,South Atlantic League,Aberdeen IronBirds,22,4,0.11803869874816754,1.7605444716600944,0.737118247099868,-0.5909619144549711,-0.10686432220180467,2.187597103956082,-0.8788659726686607,1404,2.4721991941632426,"Fast, Aggressive Contact Hitters "
702708-2024-116,702708,Emaarion Boyd,2024,High-A,South Atlantic League,Jersey Shore BlueClaws,20,4,0.02790692062554481,-1.7275144124914419,-0.6227451235535042,-1.1239291736317214,-0.42208422232777776,1.5328161642479416,1.687474990429941,1405,2.379913608836927,"Fast, Aggressive Contact Hitters "
694754-2024-116,694754,Sabin Ceballos,2024,High-A,South Atlantic League,Rome Emperors,21,2,0.09855987242709909,0.711905112857847,-0.6885136916705552,-1.0449710611610916,0.32298099615179715,-0.3913977319201664,-0.14022969397706628,1406,1.8387510963885982,Swinging Early Contact Hitters
694230-2024-116,694230,Hendry Mendez,2024,High-A,South Atlantic League,Jersey Shore BlueClaws,20,2,0.14665442072916965,-1.2387418299988708,-1.532537538961456,-0.8080967237492024,0.5235754780501432,-1.1187681774972102,2.9495349270533398,1407,3.1582924873458036,Swinging Early Contact Hitters
703492-2024-116,703492,Nick Morabito,2024,High-A,South Atlantic League,Brooklyn Cyclones,21,4,0.24158553827337237,-0.3545077943986718,-0.7478869285142298,-1.341063982925953,1.5552042420987875,2.6676759198230497,2.151520972126279,1408,2.7574702340285047,"Fast, Aggressive Contact Hitters "
801600-2024-116,801600,Bryce Willits,2024,High-A,South Atlantic League,Winston-Salem Dash,24,2,0.2569967263541891,-0.2700834392408654,-0.31636520675315444,-1.1634082298670363,-0.020895258531084298,-0.6366782799587406,0.10031750918619461,1409,1.138515672585766,Swinging Early Contact Hitters
688394-2024-116,688394,Jordan Sprinkle,2024,High-A,South Atlantic League,Winston-Salem Dash,23,2,0.08526346045529389,-1.4298074758823314,-0.3619092615100773,-1.498980207867212,-1.3104312135918883,1.1276394391792457,-0.7245326365063858,1410,2.3132500483937317,Swinging Early Contact Hitters
703151-2024-116,703151,William Bergolla Jr.,2024,High-A,South Atlantic League,Winston-Salem Dash,19,4,-0.010799668679819931,-1.2209682815445955,-2.072091116369972,-1.3213244548082954,0.5808881871639567,1.3886137838124644,0.3975102530239391,1411,2.3783418953604207,"Fast, Aggressive Contact Hitters "
701701-2024-116,701701,Quincy Scott,2024,High-A,South Atlantic League,Hickory Crawdads,21,2,0.1402434394364674,-0.14566860006093799,-0.011043430598745626,-1.8148126577497312,-0.5367096405554049,-0.248965897531715,0.6511284070260079,1412,1.7969761260448098,Swinging Early Contact Hitters
678021-2024-111,678021,Nicholas Northcut,2024,Double-A,Southern League,Chattanooga Lookouts,25,1,0.1779538098665113,-1.332052959383816,1.1149572284220826,1.975176740840494,-3.0011561324493874,-1.3685926284856165,-1.8872139205947809,1413,3.71633366986534,Strikeout-Prone Power Hitters
691788-2024-111,691788,Joe Mack,2024,Double-A,Southern League,Pensacola Blue Wahoos,21,1,0.1517276762722513,0.03651027159538382,0.38937339170272384,1.3237723129577992,-0.7373041224537524,-1.2375577626328775,0.3651275075977309,1414,1.7303444259444272,Strikeout-Prone Power Hitters
700246-2024-111,700246,Carson Williams,2024,Double-A,Southern League,Montgomery Biscuits,21,1,0.09341184784911967,1.1251401144197444,0.8526409522564911,1.264553728604827,0.5808881871639567,1.2367072612006194,-0.8399506518043474,1415,2.1907952243146402,Strikeout-Prone Power Hitters
694385-2024-111,694385,Brock Wilken,2024,Double-A,Southern League,Biloxi Shuckers,22,1,0.31066349371410806,0.8141030164699288,0.8072969099867794,0.31705637895727046,-1.8262455956162096,-1.302449969137877,-0.7245326365063858,1416,1.701545636996409,Strikeout-Prone Power Hitters
687272-2024-111,687272,Tucker Flint,2024,Double-A,Southern League,Rocket City Trash Pandas,23,3,0.10229452623831446,0.8229897906970693,1.0374833254818032,0.49471213201618736,0.810139023619211,0.017691249442542484,-0.2105614703409355,1417,1.1114751457407308,Power Hitters with Moderate Speed
687210-2024-111,687210,Nathan Martorella,2024,Double-A,Southern League,Pensacola Blue Wahoos,23,1,0.060935074873125585,-0.35895118151224015,-0.7357496426834297,0.2578377946042981,-2.456685395868159,-0.9995202477465885,-1.4063007727946546,1418,2.5560855837986645,Strikeout-Prone Power Hitters
691442-2024-111,691442,Wilfred Veras,2024,Double-A,Southern League,Birmingham Barons,21,3,0.0787029766295052,-0.9899121516390159,0.4605977368855692,0.17887968213366892,0.7528263145053974,0.5494304835447738,1.1603737685001374,1419,1.7310637555362522,Power Hitters with Moderate Speed
672569-2024-111,672569,Gustavo Campero,2024,Double-A,Southern League,Rocket City Trash Pandas,26,4,0.020622332778155266,-0.6922052150299034,-1.1815204507886268,1.3237723129577992,-0.13552067675871146,1.504806869032558,-0.1753040039111537,1420,2.4088108186600814,"Fast, Aggressive Contact Hitters "
676572-2024-111,676572,Eric Wagaman,2024,Double-A,Southern League,Rocket City Trash Pandas,26,2,0.19037750683345003,-1.189864571749613,-0.9036696177858428,1.0079398630752803,-0.7086477678968457,-0.41868410228860675,0.06647388204094307,1421,1.5735787384706514,Swinging Early Contact Hitters
667803-2024-111,667803,Ernesto Martinez Jr.,2024,Double-A,Southern League,Biloxi Shuckers,25,2,0.17720207470435673,-0.5855639243042513,-1.0566098294229673,0.6723678850751038,0.2943246415948904,0.29240971581627767,0.06647388204094307,1422,1.5249240214007218,Swinging Early Contact Hitters
702333-2024-111,702333,Haydn McGeary,2024,Double-A,Southern League,Tennessee Smokies,24,1,0.06987960527524906,0.5386130154286619,1.2525286329847574,-0.038255127160562896,-0.9665549589090068,-0.8367800693994795,0.6821711719565688,1423,1.9626379119072508,Strikeout-Prone Power Hitters
682192-2024-111,682192,Paul McIntosh,2024,Double-A,Southern League,Pensacola Blue Wahoos,26,2,0.19383105486715713,0.06317059427679783,-0.5750104559900014,-0.17643182398416496,-0.5940223496692185,-0.6619737811913691,0.5255100955810418,1424,1.14266298448528,Swinging Early Contact Hitters
690988-2024-111,690988,Austin Hendrick,2024,Double-A,Southern League,Chattanooga Lookouts,23,1,0.13883617154860833,-1.0343460227747032,2.159158793691656,-0.9265338924551471,-0.9952113134659135,-0.01665484675186026,-1.6206613000343013,1425,2.944285680792252,Strikeout-Prone Power Hitters
681357-2024-111,681357,Cody Morissette,2024,Double-A,Southern League,Pensacola Blue Wahoos,24,1,0.24937685910883597,0.28533994995523865,0.41443164507850727,-0.27512946457245213,-1.7975892410593028,0.017691249442542484,-1.7971887271577296,1426,1.8493672267362884,Strikeout-Prone Power Hitters
676473-2024-111,676473,Lamar Sparks,2024,Double-A,Southern League,Biloxi Shuckers,25,3,0.2444788174589623,-0.2656400521272971,1.0706526458712897,-0.0974737115135352,2.0710186241231097,0.18328235809501525,0.23402067981318972,1427,1.5651019948159357,Power Hitters with Moderate Speed
694351-2024-111,694351,Jacob Berry,2024,Double-A,Southern League,Pensacola Blue Wahoos,23,2,0.1914807088142237,-0.7366390861655908,-0.4638969861152926,-0.5120038019843411,-0.7659604770106593,-0.3578385807847896,-0.8012583425989398,1428,1.1033818456857931,Swinging Early Contact Hitters
681371-2024-111,681371,Dom Keegan,2024,Double-A,Southern League,Montgomery Biscuits,23,3,0.034775560559510775,0.43197172470300976,-0.4816702042901975,0.020963457192409416,0.8961080872899314,-1.3685926284856165,-0.4994521448894528,1429,1.8967674219696342,Power Hitters with Moderate Speed
695587-2024-111,695587,Bryson Horne,2024,Double-A,Southern League,Mississippi Braves,25,3,0.07921322188869044,-0.4700358593514606,0.9386537860128524,-0.6107014425726283,0.2943246415948904,-0.7448467925564305,0.2670368310730256,1430,1.57083774380253,Power Hitters with Moderate Speed
805300-2024-111,805300,Jakob Marsee,2024,Double-A,Southern League,Pensacola Blue Wahoos,23,1,0.07028482075404897,1.22733801803183,-0.10012958968760721,-0.6304409706902857,-2.1414654957421844,1.4549478286807345,-1.239581450907824,1431,2.869992234153147,Strikeout-Prone Power Hitters
695020-2024-111,695020,Tanner Murray,2024,Double-A,Southern League,Montgomery Biscuits,24,2,0.31503896637327794,-2.216286994984015,-1.1473393783075114,-0.2948689926901096,0.6668572508346771,-1.0913796726069096,-0.35346181986394026,1432,1.9759262910789883,Swinging Early Contact Hitters
701649-2024-111,701649,James Triantos,2024,Double-A,Southern League,Tennessee Smokies,21,4,0.004030014139205176,-1.6875239284693229,-2.2235743768669174,-0.21591088021947982,0.06507380513963607,2.028671879386737,0.4297384262845607,1433,2.7634929440932927,"Fast, Aggressive Contact Hitters "
681047-2024-111,681047,Christian Franklin,2024,Double-A,Southern League,Tennessee Smokies,24,4,0.08696302635855864,0.6541410803814526,-0.4029324891125356,-0.9857524768081194,0.9247644418468381,1.490696533528259,3.3366862263873553,1434,3.193323204027145,"Fast, Aggressive Contact Hitters "
694378-2024-111,694378,Jacob Gonzalez,2024,Double-A,Southern League,Birmingham Barons,22,2,0.20324097111156592,0.10316107829891687,-1.522080334553359,-1.0252315330434343,-1.8262455956162096,-0.2398957787936263,-0.4626575607572777,1435,2.039978124441979,Swinging Early Contact Hitters
687862-2024-111,687862,Cody Milligan,2024,Double-A,Southern League,Mississippi Braves,25,4,0.26365648031279254,-0.554460214509269,0.18134871315001058,-0.6304409706902857,0.17969922336726324,1.8292344229407747,-0.426062406244488,1436,1.0707817770919938,"Fast, Aggressive Contact Hitters "
695299-2024-111,695299,Terrell Tatum,2024,Double-A,Southern League,Birmingham Barons,24,4,0.19376174684915154,0.08538752984464151,0.48403790445568196,-1.2621058704553232,-0.2788024495432454,0.9380567751523198,0.3975102530239391,1437,1.1351023748982279,"Fast, Aggressive Contact Hitters "
687521-2024-111,687521,Eric Brown Jr.,2024,Double-A,Southern League,Biloxi Shuckers,23,2,0.1426641912632309,-0.9321481191626196,-0.7338940676566656,-1.400282567278925,-2.599967168652693,0.5511673470239528,-1.1985370115693785,1438,2.8966759517569174,Swinging Early Contact Hitters
694848-2024-111,694848,Sam Brown,2024,Double-A,Southern League,Rocket City Trash Pandas,22,2,0.32691723308834747,-1.0121290872068596,-0.4112812214192876,-1.1634082298670363,-1.3104312135918883,-1.0613364269401357,0.4297384262845607,1439,1.4596614402106323,Swinging Early Contact Hitters
667240-2024-111,667240,Jason Matthews,2024,Double-A,Southern League,Birmingham Barons,27,1,0.11150056394473683,0.30755688552308436,0.7668133331754534,-1.498980207867212,-1.1098367316935407,-0.6312946435171438,-1.1985370115693785,1440,2.2680995193976026,Strikeout-Prone Power Hitters
695462-2024-111,695462,Cal Conley,2024,Double-A,Southern League,Mississippi Braves,24,4,0.086966780231012,-0.9765819902983089,-0.9222619558104909,-1.5581987922201848,-0.5653659951123117,1.6312879124562516,0.8352795349709173,1441,1.8005851268304882,"Fast, Aggressive Contact Hitters "
687152-2024-111,687152,Darrien Miller,2024,Double-A,Southern League,Biloxi Shuckers,23,1,0.0964758734494015,1.5650354386630636,-0.4840590777008029,-1.3805430391612676,-0.9092422497951932,-1.214204926090849,-1.0368097708553274,1442,2.618702098791714,Strikeout-Prone Power Hitters
694478-2024-111,694478,Michael Turner,2024,Double-A,Southern League,Birmingham Barons,25,2,0.049097592600494094,1.7960915685686452,-0.5409142648732133,-1.6568964328084717,-0.9952113134659135,-0.8863213859215333,1.5254242642099545,1443,3.325779501377023,Swinging Early Contact Hitters
677605-2024-111,677605,Luis Verdugo,2024,Double-A,Southern League,Tennessee Smokies,23,2,0.33627943464518895,-0.6122242469856654,-1.1047600025360673,-1.498980207867212,-0.22148974042943181,-0.9527697721760902,-0.426062406244488,1444,1.37724766422782,Swinging Early Contact Hitters
687248-2024-111,687248,Keshawn Ogans,2024,Double-A,Southern League,Mississippi Braves,22,2,0.1396021385518326,-0.5589036016228374,-0.6908333952798529,-1.8148126577497312,-1.1098367316935407,0.48002267788414327,-0.9180068908559016,1445,2.0534529452673347,Swinging Early Contact Hitters
703185-2024-111,703185,Nelson Rada,2024,Double-A,Southern League,Rocket City Trash Pandas,18,4,0.16282512726814485,-0.27897021346800405,2.7786823149846733e-4,-2.229342748220537,0.06507380513963607,1.3656672485747463,2.250450060373413,1446,2.513606047407283,"Fast, Aggressive Contact Hitters "
681333-2024-111,681333,Dru Baker,2024,Double-A,Southern League,Montgomery Biscuits,24,4,0.2523605281241399,-0.2656400521272971,-0.44979639225276125,-2.1306451076322497,1.641173305769508,2.043831539056519,1.1603737685001374,1447,2.326607995472186,"Fast, Aggressive Contact Hitters "
699471-2024-109,699471,Ivan Melendez,2024,Double-A,Texas League,Amarillo Sod Poodles,24,1,0.1755754039519254,-0.7766295701877118,1.1105139238783566,0.9289817506046505,-0.36477151321396417,-1.0876335012445388,-0.4626575607572777,1448,1.7135405164662483,Strikeout-Prone Power Hitters
694374-2024-109,694374,Tim Tawa,2024,Double-A,Texas League,Amarillo Sod Poodles,25,1,0.06265862945522828,-0.23009295521874637,-0.3686387729147067,1.363251369193114,-0.19283338587252502,-0.22709536960170212,0.3325887001451288,1449,1.7901103953287734,Strikeout-Prone Power Hitters
681134-2024-109,681134,Caleb Roberts,2024,Double-A,Texas League,Amarillo Sod Poodles,24,3,-0.02600305506282141,-0.19898924542376403,0.23521346693985418,1.264553728604827,-0.6799914133399388,-0.5436792683845578,0.9849927527010691,1450,2.05981897418969,Power Hitters with Moderate Speed
623507-2024-109,623507,Josh Lester,2024,Double-A,Texas League,Northwest Arkansas Naturals,29,1,0.1509983980305906,-0.41671521398863454,-0.5697533340116422,0.9487212787223079,-0.5940223496692185,-1.231509980547896,-1.4063007727946546,1451,1.7395249384874787,Strikeout-Prone Power Hitters
694673-2024-109,694673,Abimelec Ortiz,2024,Double-A,Texas League,Frisco RoughRiders,22,1,0.2753214937082912,0.5519431767693689,-0.23834638403852473,0.8105445818987058,-0.9092422497951932,-0.977945530737852,-0.5364483441874036,1452,1.0418413689358967,Strikeout-Prone Power Hitters
651016-2024-109,651016,Matt Lloyd,2024,Double-A,Texas League,Springfield Cardinals,28,1,0.22078751347674866,0.5874902736779215,-0.5139740644846404,0.7118469413104186,-0.19283338587252502,-0.23442210573133562,-0.4994521448894528,1453,1.0644647370694702,Strikeout-Prone Power Hitters
682947-2024-109,682947,Jose Ramos,2024,Double-A,Texas League,Tulsa Drillers,23,1,0.1276229528832337,0.24534946593311963,1.7490560096582446,0.37627496331024274,0.036417450582729285,-0.6376313807516535,-0.6110545118922478,1454,1.5490557424844758,Strikeout-Prone Power Hitters
691021-2024-109,691021,A.J. Vukovich,2024,Double-A,Texas League,Amarillo Sod Poodles,22,3,0.3377986007562693,1.1162533401926076,1.0765238012294096,0.8105445818987058,1.5552042420987875,-0.8251591882905438,1.949205027040056,1455,1.852311052814245,Power Hitters with Moderate Speed
686770-2024-109,686770,Dillan Shrum,2024,Double-A,Texas League,Northwest Arkansas Naturals,26,1,0.1499348939081465,0.5119526927472499,1.3428070334126936,0.7118469413104186,0.2656682870379836,-1.3685926284856165,-0.8788659726686607,1456,1.617981972749873,Strikeout-Prone Power Hitters
688457-2024-109,688457,Gavin Cross,2024,Double-A,Texas League,Northwest Arkansas Naturals,23,4,-0.03226871526806191,-0.581120537190681,0.12724595737870234,0.37627496331024274,0.17969922336726324,0.840206508707244,-0.8012583425989398,1457,1.7536971690436525,"Fast, Aggressive Contact Hitters "
676812-2024-109,676812,Carson McCusker,2024,Double-A,Texas League,Wichita Wind Surge,26,3,0.15943492936704468,0.16092511077531124,0.7449992286742138,1.1855956161341972,1.6125169512126012,-0.34600094458559233,-0.4626575607572777,1458,1.555129783094593,Power Hitters with Moderate Speed
686810-2024-109,686810,Brennan Milone,2024,Double-A,Texas League,Midland RockHounds,23,1,0.20003602594209408,0.24534946593311963,-0.3199112158826472,0.297316850839613,0.6955136053915838,-0.6374116548101498,-1.75262229816328,1459,1.7884803204443216,Strikeout-Prone Power Hitters
702112-2024-109,702112,Hogan Windish,2024,Double-A,Texas League,Arkansas Travelers,25,1,0.08977224436227368,1.0496025334890766,1.4622040518566854,0.33679590707492785,-0.07820796764489787,-0.12924071701529238,-0.1753040039111537,1460,1.4835813557377784,Strikeout-Prone Power Hitters
694271-2024-109,694271,R.J. Yeager,2024,Double-A,Texas League,Springfield Cardinals,25,2,0.2356705529159545,-2.5673145769559516,-1.711428474689793,-0.018515599042905458,-1.4537129863764222,-0.5773556288334414,-1.4486318799747453,1461,2.7724401244024417,Swinging Early Contact Hitters
683227-2024-109,683227,Cody Freeman,2024,Double-A,Texas League,Frisco RoughRiders,23,2,0.013604083368638309,0.36532091799947675,-0.8442255557345231,0.3960144914279002,-0.36477151321396417,-0.41988822793567393,0.032459757314121325,1462,1.5169609610642543,Swinging Early Contact Hitters
674976-2024-109,674976,Griffin Lockwood-Powell,2024,Double-A,Texas League,Tulsa Drillers,26,1,0.21997030574328927,0.6541410803814526,-0.04539264727827546,-0.1961713521018224,-1.0525240225797272,-1.1697423127470172,-0.9180068908559016,1463,1.3532659313262994,Strikeout-Prone Power Hitters
681123-2024-109,681123,Luca Tresh,2024,Double-A,Texas League,Northwest Arkansas Naturals,24,1,0.18806299698979762,-0.18121569696948867,0.19556346324940377,0.613149300722132,-0.3074588041001522,-1.3685926284856165,-0.6110545118922478,1464,1.293901434410134,Strikeout-Prone Power Hitters
686523-2024-109,686523,Peyton Wilson,2024,Double-A,Texas League,Northwest Arkansas Naturals,24,2,0.05057764093420606,-0.2967437619222774,-0.1737042220525662,0.09992156966303917,-1.0525240225797272,0.10411971730232428,-0.036086917519480406,1465,1.3353593923389961,Swinging Early Contact Hitters
676203-2024-109,676203,Marcos Castañon,2024,Double-A,Texas League,San Antonio Missions,25,2,0.21111816300268468,-1.3276095722702475,-0.1616124306469726,-0.038255127160562896,-1.2244621499211679,-1.1684662592102033,-0.07062300038336321,1466,1.5293166091097652,Swinging Early Contact Hitters
672016-2024-109,672016,Denzel Clarke,2024,Double-A,Texas League,Midland RockHounds,24,3,0.10016458464493018,-0.07013101913026826,1.0820073675308801,0.5539307163691597,1.755798723997135,1.4372572962940828,1.2463849887118086,1467,2.1414969621313498,Power Hitters with Moderate Speed
677049-2024-109,677049,Josh Hatcher,2024,Double-A,Texas League,Frisco RoughRiders,25,3,0.1452516246806056,-0.7899597315284188,0.5838094315254969,0.020963457192409416,2.3862385242490842,0.6269441914719293,2.0257856908778784,1468,2.523631850815941,Power Hitters with Moderate Speed
642134-2024-109,642134,Robbie Tenerowicz,2024,Double-A,Texas League,San Antonio Missions,29,2,0.25196839208964994,-0.3545077943986718,-0.7937821543573738,-0.23565040833713727,-1.2817748590349813,-1.0357586028193437,0.5255100955810418,1469,1.327279503768337,Swinging Early Contact Hitters
677565-2024-109,677565,Kristian Robinson,2024,Double-A,Texas League,Amarillo Sod Poodles,23,3,0.19900779604742683,1.769431245887231,2.0448627492724913,-0.21591088021947982,0.6095445417208635,-0.3436000629344321,1.014541112678406,1470,2.1488021059425284,Power Hitters with Moderate Speed
805346-2024-109,805346,Ben Ross,2024,Double-A,Texas League,Wichita Wind Surge,23,1,0.19473878978189765,0.871867048946327,1.0456753095394122,-0.37382710516073936,-0.7659604770106593,0.4177467540092088,-0.426062406244488,1471,1.517987145290951,Strikeout-Prone Power Hitters
702113-2024-109,702113,Cole Cummings,2024,Double-A,Texas League,San Antonio Missions,26,1,0.06838177497432783,0.7563389839935344,1.6623459920506702,-0.43304568951371164,0.35163735070870394,-0.6530066902787027,-0.8012583425989398,1472,1.9123232011050981,Strikeout-Prone Power Hitters
687567-2024-109,687567,Jorel Ortega,2024,Double-A,Texas League,Wichita Wind Surge,23,1,0.21598453041637178,0.0809441427310712,0.18908763990060395,-0.2553899364547947,-1.2531185044780746,-0.12244262386742726,-1.4063007727946546,1473,1.3525477915531736,Strikeout-Prone Power Hitters
690474-2024-109,690474,Tommy Sacco Jr.,2024,Double-A,Texas League,Corpus Christi Hooks,25,2,0.11923254795289141,-0.3722813428529472,-0.782023044913356,-0.2948689926901096,-0.8232731861244728,0.12645953242814906,-0.9180068908559016,1474,1.35477495312064,Swinging Early Contact Hitters
802355-2024-109,802355,Tanner Schobel,2024,Double-A,Texas League,Wichita Wind Surge,23,1,0.14235848792500486,-0.012366986653873875,0.08855387882133146,-0.4133061613960542,-1.339087568148795,-0.24941910154442917,-1.1577405763992141,1475,1.4612332337569631,Strikeout-Prone Power Hitters
701675-2024-109,701675,Nathan Church,2024,Double-A,Texas League,Springfield Cardinals,23,2,0.30758446324832694,-1.6075429604250848,-1.9990463862743288,-0.8278362518668598,-0.7373041224537524,0.20510168598872666,-0.5736483803226189,1476,1.7246855161782468,Swinging Early Contact Hitters
663478-2024-109,663478,Brendon Davis,2024,Double-A,Texas League,Tulsa Drillers,26,1,0.24203402634358878,0.8629802747191865,-0.0023692974901029103,-0.37382710516073936,-0.794616831567566,0.19104495980089164,-0.9969760890703109,1477,1.2830660228401085,Strikeout-Prone Power Hitters
642720-2024-109,642720,Ray-Patrick Didder,2024,Double-A,Texas League,San Antonio Missions,29,1,0.13496713742422128,0.06761398139036617,0.49078545000755014,-0.4527852176313691,-2.6859362323234124,0.881883619028066,-1.1985370115693785,1478,2.7336635711036554,Strikeout-Prone Power Hitters
672596-2024-109,672596,Robert Perez Jr.,2024,Double-A,Texas League,San Antonio Missions,24,3,0.12326640333751836,-0.541130053168564,1.274493020134919,-0.5712223863373137,0.4376064143794243,0.10303177207335203,0.3975102530239391,1479,1.6139632929894148,Power Hitters with Moderate Speed
696160-2024-109,696160,Jake Rucker,2024,Double-A,Texas League,Wichita Wind Surge,24,2,0.3158962626693386,-1.7364011867185785,-1.3671675952373148,-0.7291386112785729,-0.5080532859984981,-0.8282975561710956,-1.1171891663412536,1480,1.7280570639281732,Swinging Early Contact Hitters
702284-2024-109,702284,Cole Young,2024,Double-A,Texas League,Arkansas Travelers,20,4,0.004513584570313555,0.6674712417221557,-1.2346976319452443,-0.5712223863373137,0.036417450582729285,0.495464032041568,0.032459757314121325,1481,1.6046355117253794,"Fast, Aggressive Contact Hitters "
691185-2024-109,691185,Maximo Acosta,2024,Double-A,Texas League,Frisco RoughRiders,21,2,0.15982981334181237,-2.1229758655990696,-1.6269643708604833,-0.21591088021947982,0.12238651425344965,1.0501580274176323,0.06647388204094307,1482,2.1155148413612608,Swinging Early Contact Hitters
678746-2024-109,678746,Diego Hernandez,2024,Double-A,Texas League,Northwest Arkansas Naturals,23,2,0.2571506990596826,-1.5542223150622567,0.20488596613703197,-0.7093990831609155,-0.2788024495432454,-0.43526854401294174,0.9553145094053951,1483,1.510831401163333,Swinging Early Contact Hitters
678577-2024-109,678577,Junior Perez,2024,Double-A,Texas League,Midland RockHounds,22,3,0.09463810814930816,1.3917433412338764,1.9769583099049657,0.08018204154538174,0.7241699599484906,1.164524425374118,-0.0017265915630683638,1484,2.3675829796230046,Power Hitters with Moderate Speed
677601-2024-109,677601,Keyber Rodriguez,2024,Double-A,Texas League,Frisco RoughRiders,23,2,0.3198016367037261,-0.9099311835947759,-0.6424099035464422,-0.2553899364547947,-1.1384930862504474,-0.5729818219746172,0.3651275075977309,1485,0.878388421430718,Swinging Early Contact Hitters
805834-2024-109,805834,Javi Vaz,2024,Double-A,Texas League,Northwest Arkansas Naturals,23,2,0.18332572324243043,0.18758543345672327,-1.9365763287894546,-0.6501804988079432,-0.6513350587830321,-0.2557256465504206,-0.9969760890703109,1486,1.93187494545415,Swinging Early Contact Hitters
676466-2024-109,676466,Jack Winkler,2024,Double-A,Texas League,Midland RockHounds,25,2,0.12971477449879124,-0.3944982784207909,-0.24168202044528453,-0.5317433301019986,-0.9665549589090068,0.49466971057667153,-0.38966453115080063,1487,1.3783490789098753,Swinging Early Contact Hitters
689750-2024-109,689750,Jacob Buchberger,2024,Double-A,Texas League,Springfield Cardinals,26,2,0.07632181137364538,-0.4211586011022049,0.02767573910251615,-0.5909619144549711,0.2656682870379836,0.062220326940766756,0.7130718642393058,1488,1.3554363813015293,Swinging Early Contact Hitters
695670-2024-109,695670,Harry Ford,2024,Double-A,Texas League,Arkansas Travelers,21,4,0.13823955292664442,0.711905112857847,-0.2154684024353458,-0.5712223863373137,0.32298099615179715,1.1505654507919878,-0.8788659726686607,1489,1.4333080954376782,"Fast, Aggressive Contact Hitters "
701648-2024-109,701648,Aaron Zavala,2024,Double-A,Texas League,Frisco RoughRiders,24,1,0.09130821348315278,0.13426478809389922,0.7539194025980543,-1.301584926690638,0.06507380513963607,-0.3217692011812804,-1.1171891663412536,1490,2.093267431673752,Strikeout-Prone Power Hitters
685341-2024-109,685341,Ripken Reyes,2024,Double-A,Texas League,San Antonio Missions,27,2,0.2992089868922384,-1.1321005392732186,-1.7764631983068533,-1.2226268142200083,-1.6256511137178629,0.017691249442542484,-0.7245326365063858,1491,1.9858028306788633,Swinging Early Contact Hitters
686475-2024-109,686475,Tyler Tolbert,2024,Double-A,Texas League,Northwest Arkansas Naturals,26,4,0.09682732345747797,-1.8519292516713692,-0.16541335491170583,-1.0647105892787492,0.810139023619211,1.468476189024031,1.3313142780696945,1492,2.2168096171426375,"Fast, Aggressive Contact Hitters "
805891-2024-109,805891,Taylor Young,2024,Double-A,Texas League,Tulsa Drillers,25,4,0.2910994921617907,0.30755688552308436,0.3147941659334838,-1.0844501173964065,0.32298099615179715,1.6710812970991709,-0.5736483803226189,1493,1.1795644817968642,"Fast, Aggressive Contact Hitters "
691558-2024-109,691558,Yeiner Fernandez,2024,Double-A,Texas League,Tulsa Drillers,21,2,0.3887934181142413,-0.9676952160711723,-1.62678437051144,-1.1239291736317214,-0.9378986043520999,-0.6330337152799248,0.10031750918619461,1494,1.2006633697612776,Swinging Early Contact Hitters
692405-2024-109,692405,Jeremy Rivas,2024,Double-A,Texas League,Springfield Cardinals,21,4,0.0399477685944022,-0.9676952160711723,-0.7833760683703717,-1.9727288826909903,0.38029370526561074,1.0491439228019073,0.10031750918619461,1495,1.7958233037213358,"Fast, Aggressive Contact Hitters "
679754-2024-109,679754,Alberto Rodriguez,2024,Double-A,Texas League,Arkansas Travelers,23,2,0.03125816276786918,-0.2967437619222774,0.5757359942015885,-1.1831477579846936,0.38029370526561074,-0.2518300058162296,-0.10533664743557243,1496,1.8568845228133863,Swinging Early Contact Hitters
810938-2024-109,810938,Ben Williamson,2024,Double-A,Texas League,Arkansas Travelers,23,3,0.12969760267485836,2.324854635083331,0.04842719910163016,-0.9265338924551471,1.497891532984974,0.18549234655870744,1.2748136179899983,1497,2.5627068770507995,Power Hitters with Moderate Speed
663494-2024-109,663494,Bryan Torres,2024,Double-A,Texas League,Springfield Cardinals,26,4,0.10517147769345339,0.5697167252236442,-1.4894083086674932,-1.2423663423376659,2.214300396907644,1.0730703050596508,1.1891660913590978,1498,2.6933509069672668,"Fast, Aggressive Contact Hitters "
671080-2024-109,671080,Jeremy Arocho,2024,Double-A,Texas League,Corpus Christi Hooks,25,4,0.12999355101010845,1.3650830185524665,-0.8955762257449026,-2.0122079389263052,-1.2817748590349813,1.2627269422322733,1.0732526954909305,1499,2.6681871343934938,"Fast, Aggressive Contact Hitters "
702331-2024-109,702331,Noah Mendlinger,2024,Double-A,Texas League,Springfield Cardinals,23,2,0.1815047214347756,-0.38116811708008386,-1.7734788195588904,-1.8148126577497312,0.40895005982251753,-0.752547862378343,2.0763611294464557,1500,2.71184738907308,Swinging Early Contact Hitters
692039-2025-110,692039,Carlos Jimenez,2025,Low-A,California League,Modesto Nuts,22,4,0.08458761652827336,-0.185659084083059,0.06821523532363429,0.23809826648664068,0.2943246415948904,1.2598158883823383,-0.8012583425989398,1501,1.47602054947561,"Fast, Aggressive Contact Hitters "
702607-2025-110,702607,Dakota Jordan,2025,Low-A,California League,San Jose Giants,22,3,0.15389157979680734,0.1209346267531922,-0.07668150889848685,0.7513259975457335,1.9850495604523894,0.872867302529944,0.8049343626390119,1502,1.7823603507228358,Power Hitters with Moderate Speed
808234-2025-110,808234,Eduardo Quintero,2025,Low-A,California League,Rancho Cucamonga Quakes,19,3,0.008653530746757277,2.204883183016976,-0.1680141493680909,1.5606466503696879,1.8417677876678553,2.066857174277482,-1.1577405763992141,1503,3.870357873119835,Power Hitters with Moderate Speed
804558-2025-110,804558,Raudi Rodriguez,2025,Low-A,California League,Inland Empire 66ers,21,4,-0.015284562340660219,-0.41671521398863454,-0.014858744785629546,0.8105445818987058,1.211327987415906,0.9902548461075257,-0.4994521448894528,1504,2.04282965958248,"Fast, Aggressive Contact Hitters "
701837-2025-110,701837,Kavares Tears,2025,Low-A,California League,Lake Elsinore Storm,22,3,0.1529054660377759,0.5030659185201132,0.9406549659699466,0.21835873836898378,-0.2788024495432454,-0.6546201885030758,1.2463849887118086,1505,1.4846313409019072,Power Hitters with Moderate Speed
806152-2025-110,806152,Walker Martin,2025,Low-A,California League,San Jose Giants,21,3,0.14959402740031097,-0.15011198717450633,0.8376470888279511,0.04070298531006685,0.2943246415948904,-0.2876153256744126,0.3651275075977309,1506,0.9637851526906044,Power Hitters with Moderate Speed
807957-2025-110,807957,Yassel Soler,2025,Low-A,California League,Visalia Rawhide,19,2,0.22871674328663522,-0.8299502155505358,-0.15917229385845735,0.13940062589835403,-0.7373041224537524,-0.9840470387006439,0.7130718642393058,1507,1.3102679135839483,Swinging Early Contact Hitters
813771-2025-110,813771,Robert Hipwell,2025,Low-A,California League,San Jose Giants,22,3,0.024939519221171408,0.3519907566587717,1.2978957064041843,1.2053351442518545,1.1826716328589992,-1.0072183394117122,-0.8012583425989398,1508,1.9603269207178986,Power Hitters with Moderate Speed
703153-2025-110,703153,Samuel Munoz,2025,Low-A,California League,Rancho Cucamonga Quakes,20,1,0.20007429523992967,0.4719622087251308,-0.18528569943336853,0.297316850839613,-0.336115158657059,0.2483354759417148,-0.4626575607572777,1509,0.9952206352662635,Strikeout-Prone Power Hitters
806978-2025-110,806978,Robert Calaz,2025,Low-A,California League,Fresno Grizzlies,19,2,0.07825963065360103,-1.7008540898100297,0.43179216849628105,-0.15669229586650751,0.6955136053915838,-0.641607444018637,0.588611391124948,1510,1.9676546244990898,Swinging Early Contact Hitters
815464-2025-110,815464,Lisbel Diaz,2025,Low-A,California League,San Jose Giants,19,2,0.24152023813753956,-1.8297123161035256,-0.750961388758452,-0.23565040833713727,0.20835557792417,0.36141772901691305,0.16750004834920967,1511,1.358907201941092,Swinging Early Contact Hitters
694563-2025-110,694563,Harold Coll,2025,Low-A,California League,Inland Empire 66ers,23,3,0.035568890338675205,0.009849948913969814,0.16950373746277975,-0.038255127160562896,1.4119224693142536,0.6520282303132888,-0.7245326365063858,1512,1.8308704221013372,Power Hitters with Moderate Speed
814696-2025-110,814696,Jaron Elkins,2025,Low-A,California League,Rancho Cucamonga Quakes,20,4,0.14777364677284943,-1.0876666681375293,1.0480344473654435,0.04070298531006685,1.8131114331109486,2.55258216706892,-1.1171891663412536,1513,3.000679649066637,"Fast, Aggressive Contact Hitters "
802474-2025-110,802474,Cameron Leary,2025,Low-A,California League,Stockton Ports,23,4,0.1875836373190537,0.8052162422427921,-0.013473659161386257,0.3565354351925853,0.8961080872899314,2.0573038720132466,-0.426062406244488,1514,1.7724757844934773,"Fast, Aggressive Contact Hitters "
691561-2025-110,691561,Jose Meza,2025,Low-A,California League,Rancho Cucamonga Quakes,22,4,0.09463975629029521,0.7296786613121243,0.038528350264062115,-0.6699200269256006,-0.6799914133399388,0.8963771854163953,-0.1753040039111537,1515,1.3892690785096102,"Fast, Aggressive Contact Hitters "
800185-2025-110,800185,Ruben Santana,2025,Low-A,California League,Visalia Rawhide,20,2,0.09398724299647823,-0.7855163444148485,0.568050377351493,-0.3540875770430819,-0.2788024495432454,0.12863498861767783,0.7744521913220743,1516,1.6153013241932428,Swinging Early Contact Hitters
699698-2025-110,699698,Ricardo Cova,2025,Low-A,California League,Modesto Nuts,21,4,-0.03173779157215163,-1.7364011867185785,-0.5582789033199597,-0.4527852176313691,0.4376064143794243,1.095806985468913,0.5255100955810418,1517,1.8319873078685227,"Fast, Aggressive Contact Hitters "
800302-2025-110,800302,Mairoshendrick Martinus,2025,Low-A,California League,Rancho Cucamonga Quakes,20,4,-0.03564255793419748,-1.1321005392732186,0.5889331240120197,-0.8278362518668598,0.38029370526561074,0.4007691353778086,-0.4626575607572777,1518,1.8777418129872536,"Fast, Aggressive Contact Hitters "
806958-2025-110,806958,Felnin Celesten,2025,Low-A,California League,Modesto Nuts,19,4,0.07014797014182479,-0.8521671511183815,-0.10860029448677136,-0.9660129486904622,1.5552042420987875,0.625728424277173,-0.2105614703409355,1519,1.8656017943557772,"Fast, Aggressive Contact Hitters "
822624-2025-110,822624,Kevin Fitzer,2025,Low-A,California League,Fresno Grizzlies,23,2,0.12945094115093786,-0.19898924542376403,-0.2547679786564181,-0.8475757799845173,-0.04955161308799109,-0.6455912823058119,-0.6864942853119123,1520,1.34753997229103,Swinging Early Contact Hitters
800193-2025-110,800193,Kelvin Hidalgo,2025,Low-A,California League,Fresno Grizzlies,20,4,0.1531727064253171,-1.0654497325696857,0.228878002554028,-0.9857524768081194,0.4376064143794243,1.5139977089142964,2.444063024946325,1521,2.4364652716358326,"Fast, Aggressive Contact Hitters "
805117-2025-110,805117,Jean Carlos Sió,2025,Low-A,California League,San Jose Giants,21,2,0.15146905660525858,-0.7455258603927294,-1.8587099111532215,-0.7291386112785729,1.068046214631372,0.21079559516169147,0.6199422569912528,1522,1.9299215413363504,Swinging Early Contact Hitters
800569-2025-110,800569,Alberto Barriga,2025,Low-A,California League,Visalia Rawhide,20,1,0.17208903128541822,1.134026888646885,0.8961154485367712,-1.0054920049257767,-0.6226787042261253,0.11674771872252565,-0.7245326365063858,1523,1.8685452778516622,Strikeout-Prone Power Hitters
702601-2025-110,702601,Lamar King Jr.,2025,Low-A,California League,Lake Elsinore Storm,21,4,-0.011504445376674588,-0.24342311655945337,-0.7141495088760575,-0.5120038019843411,1.0967025691882788,0.40431038830653804,-0.8399506518043474,1524,1.8721666523853373,"Fast, Aggressive Contact Hitters "
800188-2025-110,800188,Dario Laverde,2025,Low-A,California League,Inland Empire 66ers,20,2,0.22103868974789395,-0.09234795469811195,-0.3571230314736296,-1.2621058704553232,-0.9378986043520999,-1.3685926284856165,0.16750004834920967,1525,1.6721342032169564,Swinging Early Contact Hitters
694318-2025-110,694318,Austin St. Laurent,2025,Low-A,California League,Modesto Nuts,22,4,-0.0200375948930566,0.24534946593311963,-0.7670878474060709,-1.538459264102527,0.17969922336726324,0.09307376696074939,1.7933875853900716,1526,2.263214280909303,"Fast, Aggressive Contact Hitters "
828473-2025-110,828473,Zach Evans,2025,Low-A,California League,Lake Elsinore Storm,22,2,0.19492523378059345,-0.7810729573012801,-1.2640706904199694,-1.301584926690638,1.0107335055175586,-0.15939603664757854,-0.1753040039111537,1527,1.7095721358523916,Swinging Early Contact Hitters
805319-2025-110,805319,Dervy Ventura,2025,Low-A,California League,Modesto Nuts,21,4,0.27564129563728046,-0.41671521398863454,-0.2433475060357925,-1.202887286102351,1.4405788238711603,1.8604530971298048,-0.036086917519480406,1528,1.5055187695432886,"Fast, Aggressive Contact Hitters "
814091-2025-110,814091,John Wimmer,2025,Low-A,California League,Inland Empire 66ers,20,3,0.20803948685011278,-0.09679134181168227,2.1123202616966608,-0.6501804988079432,1.5838605966556942,-0.511773566036332,-0.1753040039111537,1529,2.1336373719534407,Power Hitters with Moderate Speed
703192-2025-110,703192,Abdias De La Cruz,2025,Low-A,California League,Visalia Rawhide,20,1,0.0829777594387553,0.3964246277944611,0.387435818932531,-1.4595011516318972,-0.42208422232777776,-0.31895622105573124,-1.239581450907824,1530,2.118858331282349,Strikeout-Prone Power Hitters
691571-2025-110,691571,Johan Macias,2025,Low-A,California League,Inland Empire 66ers,22,2,0.31229245869932276,-2.1629663496211866,-1.5056570198408525,-1.2226268142200083,0.09373015969654286,-0.1454455769238579,0.13399233948451192,1531,1.717195322255515,Swinging Early Contact Hitters
807975-2025-110,807975,Yeiker Reyes,2025,Low-A,California League,Fresno Grizzlies,19,4,0.28975198003078023,0.1431515623210359,0.35256702675410895,-1.8345521858673886,-0.19283338587252502,1.8926412070107033,0.6199422569912528,1532,1.4726567249021831,"Fast, Aggressive Contact Hitters "
800206-2025-110,800206,Yerald Nin,2025,Low-A,California League,Visalia Rawhide,19,4,0.2623085999768199,0.1431515623210359,-0.1613050298574226,-1.7753336015144163,0.32298099615179715,1.4358219788048352,0.6511284070260079,1533,1.1790733077679036,"Fast, Aggressive Contact Hitters "
694953-2025-110,694953,C.J. Pittaro,2025,Low-A,California League,Stockton Ports,23,3,0.03529505407905886,0.6896881772900033,-0.44580818214551454,-1.400282567278925,0.2656682870379836,-0.6962881023491411,2.6090364201384446,1534,2.952349002040673,Power Hitters with Moderate Speed
702409-2025-110,702409,Jorge Ruiz,2025,Low-A,California League,Inland Empire 66ers,21,4,-0.007294740167556493,-0.3944982784207909,-1.0765344307805715,-1.3608035110436103,1.0107335055175586,0.3414268782571748,1.633889078373057,1535,2.2274943309581987,"Fast, Aggressive Contact Hitters "
800724-2025-122,800724,Eric Bitonti,2025,Low-A,Carolina League,Carolina Mudcats,19,1,0.15238795557454343,0.9385178556498581,1.6628474738435295,0.6723678850751038,0.6955136053915838,0.25574519019484565,-1.6206613000343013,1536,2.076101268265157,Strikeout-Prone Power Hitters
805804-2025-122,805804,George Wolkow,2025,Low-A,Carolina League,Kannapolis Cannon Ballers,19,1,0.04417594459008827,-0.21676279387803937,1.0363095435614242,-0.1961713521018224,-0.336115158657059,0.9919203780149064,-0.8012583425989398,1537,1.8362162651897551,Strikeout-Prone Power Hitters
807722-2025-122,807722,Maxton Martin,2025,Low-A,Carolina League,Hickory Crawdads,20,2,0.09201979663255652,-0.7855163444148485,-0.20501467029036058,0.6723678850751038,0.09373015969654286,-0.4957234256858299,-0.036086917519480406,1538,1.4281192737838462,Swinging Early Contact Hitters
808153-2025-122,808153,Luis Merejo,2025,Low-A,Carolina League,Hill City Howlers,19,1,0.24971079891203982,-0.012366986653873875,1.4502436093605582,-0.1369527677488501,-1.8262455956162096,-0.427556727087213,-0.7245326365063858,1539,1.8773842648841252,Strikeout-Prone Power Hitters
815121-2025-122,815121,Alexey Lumpuy,2025,Low-A,Carolina League,Myrtle Beach Pelicans,21,4,0.01627439673107402,-0.6388845696670774,2.0608873957309046,0.1196610977806966,0.17969922336726324,1.3449661179159722,0.23402067981318972,1540,2.4459591228183215,"Fast, Aggressive Contact Hitters "
815352-2025-122,815352,Caleb Bonemer,2025,Low-A,Carolina League,Kannapolis Cannon Ballers,19,1,0.1085847267777254,0.8807538231734637,-0.36664484360963134,0.5934097726044746,0.9247644418468381,1.060930852904679,-1.8872139205947809,1541,2.454104562178007,Strikeout-Prone Power Hitters
806985-2025-122,806985,Yoeilin Cespedes,2025,Low-A,Carolina League,Salem Red Sox,19,2,0.04822350789788032,-1.0121290872068596,-0.34877472247923924,0.04070298531006685,-1.2244621499211679,-0.27648044277659684,-1.239581450907824,1542,1.7893766431247973,Swinging Early Contact Hitters
806995-2025-122,806995,Filippo Di Turi,2025,Low-A,Carolina League,Carolina Mudcats,19,1,0.2559083830062045,0.5252828540879548,0.49094040408076683,-0.4922642738666837,-1.0238676680228203,-0.4701610923446579,-1.0368097708553274,1543,1.2265378501497775,Strikeout-Prone Power Hitters
801561-2025-122,801561,Matt Halbach,2025,Low-A,Carolina League,Myrtle Beach Pelicans,22,2,0.10486887537854366,-0.14122521294736964,-0.43581040968751866,-0.23565040833713727,-0.47939693144159135,-1.0837846929389758,-0.317452190621751,1544,1.2379803392726596,Swinging Early Contact Hitters
695707-2025-122,695707,Brennon McNair,2025,Low-A,Carolina League,Columbia Fireflies,22,1,0.24572056995576344,-0.35895118151224015,0.9000204205840813,0.08018204154538174,-1.482369340933329,-0.12263789003293471,-1.239581450907824,1545,1.5205696281275767,Strikeout-Prone Power Hitters
800393-2025-122,800393,Yeremy Cabrera,2025,Low-A,Carolina League,Hickory Crawdads,19,4,0.24378578907539825,0.18758543345672327,-0.6933265072045758,-0.7488781393962304,-0.04955161308799109,1.7229859243919856,-0.4994521448894528,1546,1.079606942097958,"Fast, Aggressive Contact Hitters "
806980-2025-122,806980,Angel Cepeda,2025,Low-A,Carolina League,Myrtle Beach Pelicans,19,3,0.07719876313972665,-0.3722813428529472,1.3262656052452007,-0.43304568951371164,1.5838605966556942,0.988823879295913,0.8654889342656548,1547,1.9530588425029896,Power Hitters with Moderate Speed
824615-2025-122,824615,Connor Hujsak,2025,Low-A,Carolina League,Charleston RiverDogs,23,1,0.0474953579116912,0.009849948913969814,0.9112953398756095,-0.018515599042905458,0.06507380513963607,0.7537398388357587,-0.4626575607572777,1548,1.6139088225233114,Strikeout-Prone Power Hitters
808245-2025-122,808245,Starlyn Nunez,2025,Low-A,Carolina League,Salem Red Sox,19,2,0.2172237988716814,-3.1627284501741744,-0.45982062113598854,0.19861921025132637,-0.336115158657059,0.47244197530364784,-0.07062300038336321,1549,2.5749577404275774,Swinging Early Contact Hitters
703143-2025-122,703143,Cristhian Vaquero,2025,Low-A,Carolina League,Fredericksburg Nationals,20,4,-0.026924246087357398,-0.3189606974901231,0.23142192941267722,-0.15669229586650751,0.5522318326070499,0.7970496055151176,-1.4063007727946546,1550,1.9949395923853614,"Fast, Aggressive Contact Hitters "
808535-2025-122,808535,John Gil,2025,Low-A,Carolina League,Augusta GreenJackets,19,4,0.14602809758514246,-0.9987989258661526,-1.5469733066568754,-0.551482858219656,-0.5940223496692185,2.677397017184372,-0.14022969397706628,1551,2.314465332495818,"Fast, Aggressive Contact Hitters "
808326-2025-122,808326,Pablo Guerrero,2025,Low-A,Carolina League,Hickory Crawdads,18,2,0.07150618058844477,-0.06568763201669992,0.27739432192969465,-0.7488781393962304,-1.2244621499211679,-1.3685926284856165,0.20084228637246188,1552,1.9295409728214519,Swinging Early Contact Hitters
808631-2025-122,808631,Frederik Jimenez,2025,Low-A,Carolina League,Salem Red Sox,20,1,0.19084485809442275,0.5386130154286619,0.9000204205840813,-1.0252315330434343,-1.3104312135918883,0.12068910921021642,-0.8788659726686607,1553,1.9248322816512249,Strikeout-Prone Power Hitters
703612-2025-122,703612,Nick Peoples,2025,Low-A,Carolina League,Fredericksburg Nationals,20,3,0.15948973408252853,0.6985749515171439,2.5457626843108128,-0.4133061613960542,0.6095445417208635,0.20680554241925472,0.4297384262845607,1554,2.2123703520027873,Power Hitters with Moderate Speed
703178-2025-122,703178,Braylin Tavera,2025,Low-A,Carolina League,Delmarva Shorebirds,20,1,0.09147788153309097,1.3828565670067399,1.1732852126732851,-0.7488781393962304,0.4949191234932379,0.47647726036554344,-1.1577405763992141,1555,2.259880540332065,Strikeout-Prone Power Hitters
696083-2025-122,696083,Leonel Espinoza,2025,Low-A,Carolina League,Myrtle Beach Pelicans,22,4,-0.013669141725124937,-1.3764868305195033,-0.20396367030731025,-0.9462734205728045,0.7814826690623042,0.7728432098418855,-0.2816335947938824,1556,1.7411222278120007,"Fast, Aggressive Contact Hitters "
807083-2025-122,807083,Nathan Flewelling,2025,Low-A,Carolina League,Charleston RiverDogs,18,3,0.16365248225319715,1.5206015675273763,0.6968007730245793,-0.8080967237492024,0.4949191234932379,-0.5967899672595208,0.49373690998719866,1557,1.6974457106462886,Power Hitters with Moderate Speed
800377-2025-122,800377,Angel Mateo,2025,Low-A,Carolina League,Charleston RiverDogs,20,2,0.1592303076630929,-1.3409397336109545,-0.8193079078061618,-0.9265338924551471,0.6095445417208635,0.4273573605236193,-0.38966453115080063,1558,1.510458896189982,Swinging Early Contact Hitters
806611-2025-122,806611,Jancel Villarroel,2025,Low-A,Carolina League,Fayetteville Woodpeckers,20,4,-0.017745579569834594,-0.07013101913026826,-0.9984631521178501,-0.4133061613960542,-0.3074588041001522,0.8165520497820724,-0.0017265915630683638,1559,1.224961870713394,"Fast, Aggressive Contact Hitters "
814453-2025-122,814453,Nathan Archer,2025,Low-A,Carolina League,Kannapolis Cannon Ballers,22,4,0.07051844467508045,-0.7588560217334345,1.543575127596599,-0.7883571956315449,0.4949191234932379,0.8626948753518892,-0.5364483441874036,1560,2.1492918550401026,"Fast, Aggressive Contact Hitters "
806061-2025-122,806061,Isaiah Drake,2025,Low-A,Carolina League,Augusta GreenJackets,19,4,0.31450867778018626,0.36532091799947675,-0.12726377044536974,-0.8870548362198322,0.5522318326070499,2.19017373486533,-0.7627865035882845,1561,1.4407149671199722,"Fast, Aggressive Contact Hitters "
803241-2025-122,803241,Jose Escobar,2025,Low-A,Carolina League,Myrtle Beach Pelicans,20,2,0.11952725595852802,-0.594450698531388,-0.4060087277864001,-1.2423663423376659,0.5808881871639567,-0.044136601446956455,0.9255052359132501,1562,1.5579206345852206,Swinging Early Contact Hitters
807080-2025-122,807080,Eric Hartman,2025,Low-A,Carolina League,Augusta GreenJackets,19,4,0.3120186286798697,-0.5677903758499759,-0.05435240244986249,-0.43304568951371164,0.2370119324810768,2.509976511006725,0.10031750918619461,1563,1.2711050190463893,"Fast, Aggressive Contact Hitters "
807277-2025-122,807277,Nick Montgomery,2025,Low-A,Carolina League,Augusta GreenJackets,19,1,0.12973846645144924,0.12537801386676056,1.641241966601208,-1.301584926690638,-1.74027653194549,-1.281358299739615,-0.6486690352419712,1564,2.76297377917457,Strikeout-Prone Power Hitters
826928-2025-122,826928,Owen Carey,2025,Low-A,Carolina League,Augusta GreenJackets,18,2,0.2611442783413685,-1.1720910232953377,-1.2579084552148092,-1.202887286102351,-0.2501460949863386,0.19539117292092767,0.6821711719565688,1565,1.1672110656173993,Swinging Early Contact Hitters
821100-2025-122,821100,Justin Gonzales,2025,Low-A,Carolina League,Salem Red Sox,18,2,0.11063829176162468,-1.5542223150622567,-1.430280460053965,-0.4527852176313691,0.953420796403745,0.16546673225070593,2.6322784034287765,1566,3.0010326117557335,Swinging Early Contact Hitters
815908-2025-122,815908,Jesús Made,2025,Low-A,Carolina League,Carolina Mudcats,18,4,0.31277856255529307,-0.3545077943986718,-0.4370020633744317,-0.5317433301019986,0.810139023619211,2.432693963148447,1.0439607212235713,1567,1.4499327236683728,"Fast, Aggressive Contact Hitters "
800540-2025-122,800540,Hector Osorio,2025,Low-A,Carolina League,Hickory Crawdads,20,2,0.2152915852229521,-0.2345363423323147,-1.8483793812175249,-1.1831477579846936,-0.9378986043520999,0.0782324035047042,-1.3224265329706908,1568,2.1342878075345864,Swinging Early Contact Hitters
800440-2025-122,800440,Narciso Polanco,2025,Low-A,Carolina League,Charleston RiverDogs,20,4,0.05316757043433248,-0.034583922221717564,-1.2530301343047516,-1.104189645514064,-1.2531185044780746,1.473651042133448,0.06647388204094307,1569,1.9047854948157006,"Fast, Aggressive Contact Hitters "
800426-2025-122,800426,Raylin Ramos,2025,Low-A,Carolina League,Delmarva Shorebirds,20,4,-0.018065480995803424,-1.2565153784531462,0.3187230384348923,-1.1239291736317214,1.0393898600744653,0.3175613693883929,0.588611391124948,1570,1.9860941792483617,"Fast, Aggressive Contact Hitters "
806212-2025-122,806212,Stone Russell,2025,Low-A,Carolina League,Columbia Fireflies,21,2,0.33505537070414215,-0.7277523119384541,-0.8124926604933924,-0.9660129486904622,-1.2244621499211679,-0.6949972806522539,1.1603737685001374,1571,1.4494289517116843,Swinging Early Contact Hitters
808307-2025-122,808307,Kleyver Salazar,2025,Low-A,Carolina League,Salem Red Sox,19,2,0.24084859464905528,-0.23009295521874637,-0.492301873577991,-1.7161150171614439,-1.2244621499211679,-0.8328646930575374,-0.24600401618243073,1572,1.7726402343065901,Swinging Early Contact Hitters
806988-2025-122,806988,Welbyn Francisca,2025,Low-A,Carolina League,Hill City Howlers,19,4,0.2210459245717578,0.2275759174788443,-1.022722124392683,-1.4792406797495548,-1.1098367316935407,2.5304902373998144,0.6199422569912528,1573,2.1382858690153195,"Fast, Aggressive Contact Hitters "
808141-2025-122,808141,Jose Pirela,2025,Low-A,Carolina League,Hill City Howlers,19,1,0.182998398256542,-0.007923599540305533,1.550318790289774,-0.551482858219656,0.007761096025822493,0.39952265754266025,-1.5340987107905482,1574,2.063650541350084,Strikeout-Prone Power Hitters
800256-2025-122,800256,Natanael Yuten,2025,Low-A,Carolina League,Salem Red Sox,20,3,0.16080742343502982,-0.6922052150299034,0.3550116675614068,-0.5317433301019986,1.4119224693142536,-0.04483944170440996,0.8654889342656548,1575,1.5057504114434879,Power Hitters with Moderate Speed
695538-2025-122,695538,Randal Diaz,2025,Low-A,Carolina League,Fredericksburg Nationals,22,2,0.09594084038051362,-1.1009968294782364,-1.2903931574590548,-1.8542917139850457,-1.2244621499211679,1.1500514072241879,-0.14022969397706628,1576,2.2658600614074227,Swinging Early Contact Hitters
808706-2025-122,808706,Asbel Gonzalez,2025,Low-A,Carolina League,Columbia Fireflies,19,4,0.24709273235386509,-0.11456489026595564,-1.0270381778254358,-1.9135102983380181,-0.39342786777087096,4.4713399184311875,1.2463849887118086,1577,3.5903917672340437,"Fast, Aggressive Contact Hitters "
803475-2025-122,803475,Colby Jones,2025,Low-A,Carolina League,Augusta GreenJackets,21,4,0.266186414983858,0.38309446645375406,-0.40088284894972115,-2.0122079389263052,-0.9378986043520999,3.557684849432139,0.8352795349709173,1578,2.870994072633806,"Fast, Aggressive Contact Hitters "
805950-2025-122,805950,Antonis Macias,2025,Low-A,Carolina League,Hickory Crawdads,20,2,0.21460755865218398,0.263123014387395,-1.0796510901000658,-1.5976778484554994,0.2943246415948904,-0.8288912351231955,0.46181349600707255,1579,1.8274662422022274,Swinging Early Contact Hitters
800357-2025-122,800357,Ricardo Gonzalez,2025,Low-A,Carolina League,Charleston RiverDogs,20,2,0.07251860834786514,-1.056562958342549,-0.7383715572804116,-2.1701241638675643,-0.7659604770106593,0.7299288124432382,1.217836153455557,1580,2.3002912806052853,Swinging Early Contact Hitters
807257-2025-122,807257,Ty Southisene,2025,Low-A,Carolina League,Myrtle Beach Pelicans,19,4,0.15924715650866642,0.8229897906970693,-1.3739481989964824,-2.2885613325735092,-0.336115158657059,2.2600479272309646,3.1887537786737514,1581,3.7495386373677904,"Fast, Aggressive Contact Hitters "
691775-2025-113,691775,Ryan Clifford,2025,Double-A,Eastern League,Binghamton Rumble Ponies,21,1,0.26565007690209924,1.6672333422751493,0.41783629906978187,2.034395325193466,-0.9665549589090068,-0.9433189630693095,-0.4626575607572777,1582,2.0171327060065507,Strikeout-Prone Power Hitters
701177-2025-113,701177,Nick Cimillo,2025,Double-A,Eastern League,Altoona Curve,25,1,0.19166349443026995,-0.35895118151224015,-0.32509661560651254,1.6988233471932899,-1.3677439227057018,-0.8924573922752863,-0.5736483803226189,1583,1.8643658152347327,Strikeout-Prone Power Hitters
676205-2025-113,676205,Tyler Hardman,2025,Double-A,Eastern League,Somerset Patriots,26,1,0.32062665259464646,0.38309446645375406,1.3522146511741326,1.6198652347226603,-0.47939693144159135,-0.35266396185104965,-1.4486318799747453,1584,1.5137911136414577,Strikeout-Prone Power Hitters
687724-2025-113,687724,Jake Holton,2025,Double-A,Eastern League,Erie SeaWolves,27,1,0.14853904320274147,0.36976430511304703,0.3479381656196002,1.4619490097814007,0.12238651425344965,-0.9016239780050282,-0.317452190621751,1585,1.3369465568434162,Strikeout-Prone Power Hitters
807727-2025-113,807727,Charles McAdoo,2025,Double-A,Eastern League,New Hampshire Fisher Cats,23,1,0.16559451954908447,0.4097547891351661,0.7246480029758187,0.3565354351925853,0.2656682870379836,1.059579002081411,-1.6643623553734188,1586,1.8690422656772954,Strikeout-Prone Power Hitters
695735-2025-113,695735,Creed Willems,2025,Double-A,Eastern League,Chesapeake Baysox,22,2,0.02434616147099668,-1.056562958342549,-0.6842125427465338,0.7710655256633909,-0.8232731861244728,-1.1537611094222142,-1.1171891663412536,1587,2.032937499074857,Swinging Early Contact Hitters
694249-2025-113,694249,Cole Carrigg,2025,Double-A,Eastern League,Hartford Yard Goats,23,4,0.14005839318365068,0.04984043293609082,0.6050225270742481,0.17887968213366892,-0.10686432220180467,1.7249683398524005,-0.4626575607572777,1588,1.4568788062178122,"Fast, Aggressive Contact Hitters "
694025-2025-113,694025,Felix Reyes,2025,Double-A,Eastern League,Reading Fightin Phils,24,2,0.06050094175094904,-1.4431376372230362,-1.286714495883459,1.7580419315462623,1.4405788238711603,-0.20623751077878572,-0.9969760890703109,1589,3.201071053546899,Swinging Early Contact Hitters
801194-2025-113,801194,Max Anderson,2025,Double-A,Eastern League,Erie SeaWolves,23,2,0.24790253970317938,-2.456229899116731,-1.429940877696126,0.8697631662516782,0.5235754780501432,-0.9859344264938995,0.6199422569912528,1590,2.4913579071824334,Swinging Early Contact Hitters
684222-2025-113,684222,Jorge Burgos,2025,Double-A,Eastern League,Akron RubberDucks,22,1,0.28297413388514825,0.7696691453342414,0.005965183800965714,0.6328888288397889,-2.198778204855998,-1.1395615952514604,-1.3642334125424125,1591,1.9627389023199977,Strikeout-Prone Power Hitters
682003-2025-113,682003,Garrett Martin,2025,Double-A,Eastern League,Somerset Patriots,25,2,0.07032733618780726,-1.5408921537215496,0.07682849183094247,0.37627496331024274,-1.5110256954902357,0.4139640804413057,-0.6864942853119123,1592,2.144027322658655,Swinging Early Contact Hitters
678926-2025-113,678926,Carlos De La Cruz,2025,Double-A,Eastern League,Harrisburg Senators,25,3,-0.01193286755508462,0.6363675319271753,1.583205896615186,0.3960144914279002,0.007761096025822493,-0.3246038581940093,0.06647388204094307,1593,1.5069033321064629,Power Hitters with Moderate Speed
815734-2025-113,815734,Dylan Jasso,2025,Double-A,Eastern League,Somerset Patriots,22,1,0.12605771140561103,0.7252352741985539,0.14786689198882458,-0.11721323963119265,0.2943246415948904,-1.1948526125983991,-0.7245326365063858,1594,1.4592493543269944,Strikeout-Prone Power Hitters
805795-2025-113,805795,Aidan Miller,2025,Double-A,Eastern League,Reading Fightin Phils,21,4,0.13080879827431624,1.4806110835052553,0.06821523532363429,0.3960144914279002,0.5522318326070499,2.579762299016301,-1.0368097708553274,1595,2.5884942796420005,"Fast, Aggressive Contact Hitters "
806273-2025-113,806273,Adam Retzbach,2025,Double-A,Eastern League,Chesapeake Baysox,24,3,0.11212287422152815,0.48973575717940615,1.3599101654582058,0.19861921025132637,-0.04955161308799109,-1.0901420983615304,0.7130718642393058,1596,1.5055747143481581,Power Hitters with Moderate Speed
682674-2025-113,682674,Victor Bericoto,2025,Double-A,Eastern League,Richmond Flying Squirrels,23,3,0.11400993624728474,0.4141981762487364,0.01711805386261209,0.3565354351925853,0.4949191234932379,-1.1314336742364335,0.23402067981318972,1597,1.1683226238756972,Power Hitters with Moderate Speed
694425-2025-113,694425,Justice Bigbie,2025,Double-A,Eastern League,Erie SeaWolves,26,2,0.3767632011967744,-1.4831281212451553,-1.3157728382175604,-0.3540875770430819,0.06507380513963607,-1.1622881130165883,0.3325887001451288,1598,1.2457829064232713,Swinging Early Contact Hitters
699073-2025-113,699073,Thayron Liranzo,2025,Double-A,Eastern League,Erie SeaWolves,21,1,0.16691605288298914,1.0895930175111976,1.3781647559539114,-0.057994655278220335,-0.7373041224537524,-1.3685926284856165,-0.14022969397706628,1599,1.8211524574641191,Strikeout-Prone Power Hitters
691385-2025-113,691385,Ronald Rosario,2025,Double-A,Eastern League,Portland Sea Dogs,22,2,0.07005075626805846,-0.22564956810517606,0.053479036983625376,-0.551482858219656,-2.084152786628371,-0.754065312337519,0.10031750918619461,1600,2.069011242355755,Swinging Early Contact Hitters
683233-2025-113,683233,Douglas Hodo III,2025,Double-A,Eastern League,Chesapeake Baysox,24,1,0.17731753241850126,1.0496025334890766,0.964021067178112,-0.2948689926901096,-1.081180377136634,1.3090992339253524,-2.1176727938730973,1601,2.4645345605121873,Strikeout-Prone Power Hitters
802407-2025-113,802407,Joe Lampe,2025,Double-A,Eastern League,Akron RubberDucks,24,3,0.006058905969984421,0.027623497368247135,0.0773633340445394,0.297316850839613,-0.47939693144159135,-0.07887937834829356,1.1603737685001374,1602,1.6747984974594676,Power Hitters with Moderate Speed
691024-2025-113,691024,Cayden Wallace,2025,Double-A,Eastern League,Harrisburg Senators,23,1,-0.0029330277856568013,-0.6966486021434718,0.030710860211562482,-0.27512946457245213,-0.36477151321396417,-0.22284634664652,-1.1577405763992141,1603,1.5825427183273706,Strikeout-Prone Power Hitters
702518-2025-113,702518,Jett Williams,2025,Double-A,Eastern League,Binghamton Rumble Ponies,21,1,0.07293382485253326,0.7207918870849876,-0.08219496205733132,0.9487212787223079,1.2972970510866264,1.3943114639584568,-1.9326806882253373,1604,2.8390856981856865,Strikeout-Prone Power Hitters
694876-2025-113,694876,Cooper Ingle,2025,Double-A,Eastern League,Akron RubberDucks,23,1,0.13410708464624183,1.267328502053951,-0.9713892534643215,0.3960144914279002,0.20835557792417,-1.214204926090849,-0.5736483803226189,1605,1.995586572547181,Strikeout-Prone Power Hitters
702261-2025-113,702261,Termarr Johnson,2025,Double-A,Eastern League,Altoona Curve,21,4,0.020872075877031125,-0.039027309335285906,-0.7881963825552055,-0.7291386112785729,0.40895005982251753,0.5548686498431616,0.23402067981318972,1606,1.0836284944965024,"Fast, Aggressive Contact Hitters "
683610-2025-113,683610,Leandro Pineda,2025,Double-A,Eastern League,Reading Fightin Phils,23,1,0.16125295613736382,0.5741601123372145,-0.07568298709694098,0.1196610977806966,-1.6256511137178629,-0.819386572630523,-0.14022969397706628,1607,1.5300887591265153,Strikeout-Prone Power Hitters
806146-2025-113,806146,George Lombard Jr.,2025,Double-A,Eastern League,Somerset Patriots,20,1,0.19913573656649422,1.6583465680480087,0.5129415697301053,-0.0974737115135352,-0.6513350587830321,0.5650587736199377,-0.5364483441874036,1608,1.670340386034466,Strikeout-Prone Power Hitters
691369-2025-113,691369,Allan Castro,2025,Double-A,Eastern League,Portland Sea Dogs,22,2,0.02737735504443498,0.08983091695820986,-0.48186106788743666,-0.314608520807767,0.4662627689363311,0.045635921735563766,-0.7245326365063858,1609,1.639674479975661,Swinging Early Contact Hitters
681132-2025-113,681132,Max Ferguson,2025,Double-A,Eastern League,Portland Sea Dogs,25,4,0.053403842377216675,0.18758543345672327,-0.265361373398765,-1.0449710611610916,-2.198778204855998,1.5168644876259112,-0.8399506518043474,1610,2.7259674729900416,"Fast, Aggressive Contact Hitters "
800765-2025-113,800765,Carter Howell,2025,Double-A,Eastern League,Richmond Flying Squirrels,26,1,-0.0020146167774520757,-0.4611490851243239,-0.27249413617248724,-0.6699200269256006,-1.1384930862504474,-0.5275640738128426,-1.5340987107905482,1611,1.9710787051558099,Strikeout-Prone Power Hitters
700681-2025-113,700681,Nick Lorusso,2025,Double-A,Eastern League,Binghamton Rumble Ponies,24,1,0.03189462695047289,-0.3944982784207909,0.14896023879919346,-0.4133061613960542,-0.13552067675871146,-0.6087570932317512,-0.9969760890703109,1612,1.479296953850829,Strikeout-Prone Power Hitters
692348-2025-113,692348,Aeverson Arteaga,2025,Double-A,Eastern League,Richmond Flying Squirrels,22,1,0.01656574739088908,-0.44337553667004853,0.4672971585295261,-1.341063982925953,-1.8835583047300233,-0.9763075543099252,-1.3642334125424125,1613,2.6723209905748324,Strikeout-Prone Power Hitters
694754-2025-113,694754,Sabin Ceballos,2025,Double-A,Eastern League,Richmond Flying Squirrels,22,2,0.09778758823979107,0.8052162422427921,-0.9695520960556893,-0.8278362518668598,-1.1098367316935407,-0.8531056492717833,-0.07062300038336321,1614,1.9367175586893528,Swinging Early Contact Hitters
701298-2025-113,701298,Phillip Glasser,2025,Double-A,Eastern League,Harrisburg Senators,25,2,0.055307763413386335,-1.3142794109295406,-1.9771293355885216,-0.9857524768081194,0.35163735070870394,1.1374295043019746,1.2748136179899983,1615,2.3900401020183386,Swinging Early Contact Hitters
683493-2025-113,683493,William Lugo,2025,Double-A,Eastern League,Binghamton Rumble Ponies,23,2,0.041221904115726966,-0.09679134181168227,0.5169460159586493,-1.202887286102351,-1.1384930862504474,-0.9334285605278368,-0.2816335947938824,1616,2.01214595190121,Swinging Early Contact Hitters
703492-2025-113,703492,Nick Morabito,2025,Double-A,Eastern League,Binghamton Rumble Ponies,22,4,0.20739639169542148,0.11649123963962386,0.011277708335252903,-0.7093990831609155,1.239984341972813,2.2199885097865955,1.845727300815821,1617,2.0129660431245853,"Fast, Aggressive Contact Hitters "
691449-2025-113,691449,Roberto Campos,2025,Double-A,Eastern League,Erie SeaWolves,22,2,0.1432049713254643,-0.6299977954399407,0.2875470339247676,-0.7291386112785729,0.17969922336726324,-0.9077036659557913,-0.14022969397706628,1618,1.4506752468131667,Swinging Early Contact Hitters
683103-2025-113,683103,Cade Doughty,2025,Double-A,Eastern League,New Hampshire Fisher Cats,24,2,0.2057982644053535,-1.2254116686581638,-0.17234632229174263,-1.2423663423376659,-0.45074057688468455,-0.8709291073658075,-1.1985370115693785,1619,1.8079164061715525,Swinging Early Contact Hitters
684715-2025-113,684715,Nic Kent,2025,Double-A,Eastern League,Hartford Yard Goats,25,2,0.24811337737749536,-0.7677427959605732,-0.40452950040606195,-1.400282567278925,-1.0525240225797272,-0.8052127519263147,-0.6864942853119123,1620,1.5516714650284618,Swinging Early Contact Hitters
699157-2025-113,699157,Ahbram Liendo,2025,Double-A,Eastern League,Portland Sea Dogs,21,4,0.31680705870673936,0.3964246277944611,0.14483893529855416,-1.5581987922201848,0.12238651425344965,1.7686685892002547,0.588611391124948,1621,1.1315868352111411,"Fast, Aggressive Contact Hitters "
806005-2025-113,806005,Ryan McCarty,2025,Double-A,Eastern League,New Hampshire Fisher Cats,26,1,0.1891752191169004,1.2317814051454004,0.1797182306667481,-1.0449710611610916,-0.36477151321396417,-0.23146788300451668,-0.9573760372608738,1622,1.8478310347569482,Strikeout-Prone Power Hitters
695612-2025-113,695612,Alex Mooney,2025,Double-A,Eastern League,Akron RubberDucks,22,1,0.06463343188991547,0.30755688552308436,0.9624037724208171,-1.1831477579846936,-0.794616831567566,0.6132379354077298,-0.9969760890703109,1623,2.1341490537062566,Strikeout-Prone Power Hitters
683172-2025-113,683172,Joe Naranjo,2025,Double-A,Eastern League,Harrisburg Senators,24,3,-0.0028014505791732315,0.7430088226528313,0.022896436081900295,-1.498980207867212,-0.2501460949863386,-1.2197319535208835,1.687474990429941,1624,2.681104776860104,Power Hitters with Moderate Speed
682648-2025-113,682648,Juan Guerrero,2025,Double-A,Eastern League,Hartford Yard Goats,23,2,0.2744188277970435,-2.5273240929338323,-1.3176139404827532,-1.6963754890437865,-0.336115158657059,0.03410247551843548,0.13399233948451192,1625,2.148115449422013,Swinging Early Contact Hitters
694170-2025-113,694170,Dyan Jorge,2025,Double-A,Eastern League,Hartford Yard Goats,22,2,0.06079044859766935,-0.15011198717450633,-0.5041363508595997,-1.9727288826909903,-1.7689328865023968,0.4684243076642911,1.8717457895785798,1626,2.887863780690824,Swinging Early Contact Hitters
694196-2025-113,694196,Diego Velasquez,2025,Double-A,Eastern League,Richmond Flying Squirrels,21,2,0.13563424530904375,0.23201930459241263,-1.471993292966982,-1.7555940733967588,-0.2501460949863386,-0.020662332261402117,0.8955637700886011,1627,1.965075243408201,Swinging Early Contact Hitters
694991-2025-113,694991,Mitch Jebb,2025,Double-A,Eastern League,Altoona Curve,23,2,0.14486588254701235,-1.2565153784531462,-2.0275879547373665,-1.8937707702203606,-0.336115158657059,0.8599446436650814,-0.6110545118922478,1628,2.3589483471691235,Swinging Early Contact Hitters
806957-2025-123,806957,Alfredo Duno,2025,Low-A,Florida State League,Daytona Tortugas,19,1,0.083027030199208,1.5472618902087862,-0.8054180505064769,1.6396047628403176,0.5235754780501432,-0.621580813134188,-0.35346181986394026,1629,2.2647282804435376,Strikeout-Prone Power Hitters
694184-2025-123,694184,Cristian Santana,2025,Low-A,Florida State League,Lakeland Flying Tigers,21,1,0.31131957255281656,1.1829041468961428,0.2566250684575396,0.8697631662516782,-2.3993726867543455,-0.7417121808146878,-2.405026350719221,1630,2.5651374603647645,Strikeout-Prone Power Hitters
703154-2025-123,703154,Yordany De Los Santos,2025,Low-A,Florida State League,Bradenton Marauders,20,4,0.25886613410151654,-1.2076381202038884,0.565080934477592,-0.17643182398416496,0.40895005982251753,2.358714679787869,0.3651275075977309,1631,1.7667923144194975,"Fast, Aggressive Contact Hitters "
703177-2025-123,703177,Jhonny Severino,2025,Low-A,Florida State League,Bradenton Marauders,20,2,0.11785863569073303,-1.3942603789737786,0.31236477435716925,-0.07773418339587777,-1.2531185044780746,-0.19161324219082496,-0.4626575607572777,1632,1.7152656847792203,Swinging Early Contact Hitters
703160-2025-123,703160,Yasser Mercedes,2025,Low-A,Florida State League,Fort Myers Mighty Mussels,20,1,0.14383253210386968,1.3117623731896384,0.28715934086529,-0.5317433301019986,-2.3993726867543455,1.1333643133930904,-1.1985370115693785,1633,2.7725189943631694,Strikeout-Prone Power Hitters
699014-2025-123,699014,Eddy Rodriguez,2025,Low-A,Florida State League,Bradenton Marauders,21,1,0.19115670818200084,0.23201930459241263,0.9704972233201359,0.1196610977806966,-1.7975892410593028,-0.36249724340574585,0.20084228637246188,1634,1.7984825400031592,Strikeout-Prone Power Hitters
700720-2025-123,700720,Luis Pino,2025,Low-A,Florida State League,Palm Beach Cardinals,21,1,0.30698064755820975,0.7207918870849876,1.2978033345289623,-0.23565040833713727,-0.7086477678968457,-0.6962881023491411,-1.1577405763992141,1635,1.3461877676135647,Strikeout-Prone Power Hitters
800246-2025-123,800246,Engelth Urena,2025,Low-A,Florida State League,Tampa Tarpons,20,2,0.09136284622737058,-0.6833184408027647,-0.6636605528936497,-0.4922642738666837,-2.1128091411852776,-0.5225511656733903,-1.1171891663412536,1636,2.171412849286178,Swinging Early Contact Hitters
808516-2025-123,808516,Andres Valor,2025,Low-A,Florida State League,Jupiter Hammerheads,19,4,0.11411327486959408,-0.7010919892570421,0.9327496836549675,-0.1369527677488501,0.20835557792417,2.139174128745276,-1.5772412823642121,1637,2.466413497424133,"Fast, Aggressive Contact Hitters "
800257-2025-123,800257,Yonatan Henriquez,2025,Low-A,Florida State League,St. Lucie Mets,20,4,0.0790456914870734,-1.1187703779325118,-0.9046069701189503,-0.314608520807767,-0.10686432220180467,1.6387564538105284,-0.10533664743557243,1638,1.4916395819238926,"Fast, Aggressive Contact Hitters "
808864-2025-123,808864,Raider Tello,2025,Low-A,Florida State League,Clearwater Threshers,24,3,0.13357787355294504,-0.3189606974901231,0.010107597597086678,-0.5317433301019986,1.1826716328589992,-1.2903334853044175,1.3031230493111623,1639,1.7428120373378788,Power Hitters with Moderate Speed
703149-2025-123,703149,Roderick Arias,2025,Low-A,Florida State League,Tampa Tarpons,20,4,0.2048504283931229,0.5786034994507809,0.9021245333598714,-0.8080967237492024,-0.47939693144159135,1.450975485875465,0.13399233948451192,1640,1.4318464862957543,"Fast, Aggressive Contact Hitters "
703159-2025-123,703159,Simon Juan,2025,Low-A,Florida State League,St. Lucie Mets,19,2,0.08816375481810737,-1.5897694119708095,1.0173542142514738,-0.5909619144549711,-0.22148974042943181,0.3262909011997212,0.2670368310730256,1641,2.1123771364403905,Swinging Early Contact Hitters
807239-2025-123,807239,Bernard Moon,2025,Low-A,Florida State League,Daytona Tortugas,20,2,0.2086174393203441,-0.8566105382319499,-0.5481719906985164,-0.33434804892542447,-0.7659604770106593,0.3793703417944537,0.7744521913220743,1642,1.0729429592219444,Swinging Early Contact Hitters
703204-2025-123,703204,Esmith Pineda,2025,Low-A,Florida State League,Daytona Tortugas,20,2,0.249912416550027,-1.7141842511507348,-0.37488063856537723,-0.4527852176313691,0.09373015969654286,-0.9942033519546046,-0.9180068908559016,1643,1.6605464772864116,Swinging Early Contact Hitters
800140-2025-123,800140,Kendry Chirinos,2025,Low-A,Florida State League,Dunedin Blue Jays,20,3,0.1653295389902827,9.631746868331273e-4,0.34165939419170344,-0.6501804988079432,0.7814826690623042,-1.2870598965758826,2.1015074880430604,1644,2.084969780540421,Power Hitters with Moderate Speed
808365-2025-123,808365,Dameury Pena,2025,Low-A,Florida State League,Fort Myers Mighty Mussels,19,2,0.1873071225539764,-1.7319577996050102,-2.3619942853842417,-1.4200220953965825,-1.74027653194549,1.0065947818984986,-0.07062300038336321,1645,2.7667909501467753,Swinging Early Contact Hitters
800266-2025-123,800266,Yordalin Peña,2025,Low-A,Florida State League,Palm Beach Cardinals,20,4,0.01707167600913286,-0.7233089248248857,0.47601291095952664,-0.2948689926901096,-0.3074588041001522,0.8233809069004882,-0.7627865035882845,1646,1.6919693792975534,"Fast, Aggressive Contact Hitters "
702283-2025-123,702283,Tucker Toman,2025,Low-A,Florida State League,Dunedin Blue Jays,21,3,0.11481525789482873,-0.061244244903129595,0.24430906909399744,-0.6501804988079432,0.8387953781761178,-0.9510997510845753,0.23402067981318972,1647,1.3497931150420115,Power Hitters with Moderate Speed
694202-2025-123,694202,Manuel Beltre,2025,Low-A,Florida State League,Dunedin Blue Jays,21,2,0.14897481850096952,-1.203194733090318,-0.9282343384411794,-0.9857524768081194,-0.9378986043520999,0.9322187251257121,-0.07062300038336321,1648,1.5302793123862835,Swinging Early Contact Hitters
815551-2025-123,815551,Trey Snyder,2025,Low-A,Florida State League,St. Lucie Mets,19,4,0.13498835796570066,0.3519907566587717,-0.7454914115739405,-1.5976778484554994,-1.2244621499211679,1.4817148241051796,1.1891660913590978,1649,2.0511026849257803,"Fast, Aggressive Contact Hitters "
828319-2025-123,828319,Marshall Toole,2025,Low-A,Florida State League,Tampa Tarpons,22,4,0.17285619152841747,-0.2745268263544357,-0.6025073843099916,0.5341911882515022,1.9850495604523894,2.5643511600235636,0.2998923191606899,1650,2.4687374648863942,"Fast, Aggressive Contact Hitters "
806987-2025-123,806987,Daiverson Gutierrez,2025,Low-A,Florida State League,St. Lucie Mets,19,2,0.3621416628697892,-1.3053926367024018,-1.4110145343851663,-1.5976778484554994,-0.9378986043520999,-0.5888957127705026,0.16750004834920967,1651,1.4612417863537617,Swinging Early Contact Hitters
702977-2025-123,702977,Dillon Head,2025,Low-A,Florida State League,Jupiter Hammerheads,20,4,0.15477196165675267,-0.20343263253733238,-0.6949488223890551,-1.0449710611610916,-1.0525240225797272,1.7701017480062484,0.032459757314121325,1652,1.5175412059146485,"Fast, Aggressive Contact Hitters "
807276-2025-123,807276,Dante Nori,2025,Low-A,Florida State League,Clearwater Threshers,20,4,-0.04736170885412382,-1.1454307006139257,-1.3690034323948814,-0.5909619144549711,-0.16417703131561825,1.2516406053008553,0.4297384262845607,1653,1.7088150338353414,"Fast, Aggressive Contact Hitters "
806230-2025-123,806230,Sammy Stafura,2025,Low-A,Florida State League,Bradenton Marauders,20,4,0.06833615702596822,-0.40338505264792757,0.199460170805608,0.06044251342772429,1.211327987415906,0.9902548461075257,-0.9573760372608738,1654,1.895691193873735,"Fast, Aggressive Contact Hitters "
815793-2025-123,815793,Carter Johnson,2025,Low-A,Florida State League,Jupiter Hammerheads,19,1,0.19635068302400088,1.0007252752398228,0.9021245333598714,-1.2621058704553232,-1.6543074682747696,-0.4435088474462732,-0.9573760372608738,1655,2.2898065391734153,Strikeout-Prone Power Hitters
829035-2025-123,829035,Andrew Salas,2025,Low-A,Florida State League,Jupiter Hammerheads,17,4,0.09443411859862091,0.6274807577000386,0.159976975037445,-1.7555940733967588,-1.6829638228316766,1.8344847810764129,-1.4063007727946546,1656,2.9186144103812643,"Fast, Aggressive Contact Hitters "
699027-2025-123,699027,José Suárez,2025,Low-A,Florida State League,Palm Beach Cardinals,20,4,-0.00635685640492002,-0.16788553562878364,0.6127666935702312,-1.4200220953965825,0.953420796403745,0.5320850162613298,2.491611034681919,1657,2.6907246927049675,"Fast, Aggressive Contact Hitters "
803679-2025-123,803679,Sammy Hernandez,2025,Low-A,Florida State League,Palm Beach Cardinals,21,2,0.20010560251116224,-0.05680085778956125,-0.768222205651799,-1.7753336015144163,-0.47939693144159135,-0.2622794119090798,-0.8012583425989398,1658,1.7975412370847828,Swinging Early Contact Hitters
801276-2025-123,801276,Juan Matheus,2025,Low-A,Florida State League,Tampa Tarpons,21,4,0.13094698588895734,-1.4475810243366047,-0.7402990982059017,-0.9857524768081194,0.6095445417208635,1.8617506590593995,-0.4626575607572777,1659,1.8581338556678966,"Fast, Aggressive Contact Hitters "
800510-2025-123,800510,Samuel Gil,2025,Low-A,Florida State League,Lakeland Flying Tigers,20,2,0.30337914170145,-0.7544126346198661,-1.5988380732261447,-1.6963754890437865,-0.7659604770106593,-0.268285074767521,0.3651275075977309,1660,1.499032959630337,Swinging Early Contact Hitters
806120-2025-123,806120,Kyle Henley,2025,Low-A,Florida State League,Daytona Tortugas,20,4,0.09172711637952782,-1.4031471532009172,1.409097686657121,-1.7753336015144163,2.730114778931966,3.153111757986557,3.5425494135033606,1661,5.0337510126203036,"Fast, Aggressive Contact Hitters "
807007-2025-123,807007,Jeremy Rodriguez,2025,Low-A,Florida State League,St. Lucie Mets,18,4,0.06515203490127737,-0.18121569696948867,-0.6872784023501562,-2.2688218044558517,-1.6543074682747696,1.4767429225892938,1.4429166450724902,1662,2.7721719599240213,"Fast, Aggressive Contact Hitters "
813620-2025-123,813620,Carson Rucker,2025,Low-A,Florida State League,Lakeland Flying Tigers,20,2,0.21697503992625183,-1.492014895472294,0.15340817241410262,-1.7555940733967588,0.15104286881035645,-0.3671131549320033,0.10031750918619461,1663,1.8099912593408374,Swinging Early Contact Hitters
814297-2025-123,814297,Edgleen Perez,2025,Low-A,Florida State League,Bradenton Marauders,19,2,0.22849931598233492,0.12982140098033088,-0.7860463525498557,-2.367519445044139,-1.3677439227057018,-0.959139234475104,0.5571344600880327,1664,2.4571092340223673,Swinging Early Contact Hitters
800254-2025-123,800254,Abrahan Ramirez,2025,Low-A,Florida State League,Jupiter Hammerheads,20,4,-0.03221602675583612,-0.012366986653873875,-0.32161568577963034,-1.6568964328084717,0.17969922336726324,0.06811909235870182,1.1024181381575964,1665,1.8579938613804536,"Fast, Aggressive Contact Hitters "
670351-2025-117,670351,Jose Rojas,2025,Triple-A,International League,Scranton/Wilkes-Barre RailRiders,32,1,0.19947695711443078,1.2051210824639864,-0.3952964892719223,3.2385065403705684,-0.020895258531084298,-0.35962491992295637,-1.2808769281328816,1666,2.9217488672847383,Strikeout-Prone Power Hitters
676044-2025-117,676044,Bob Seymour,2025,Triple-A,International League,Durham Bulls,26,1,0.08637982366800209,-1.2831757011345581,0.3974621732664645,2.8042369217821057,-0.5653659951123117,-1.298274104460481,0.3325887001451288,1667,3.1997136051379624,Strikeout-Prone Power Hitters
542208-2025-117,542208,Carlos Pérez,2025,Triple-A,International League,Iowa Cubs,34,1,0.18617355640542854,0.005406561800401471,-1.1040513568666126,2.7252788093114764,-0.6226787042261253,-1.2347458470984483,-1.0368097708553274,1668,2.80018296685705,Strikeout-Prone Power Hitters
671284-2025-117,671284,Tim Elko,2025,Triple-A,International League,Charlotte Knights,26,3,0.26020972148599325,0.6808014030628626,1.0482647297875065,2.212051078252383,1.5838605966556942,-1.218297146306978,2.5152600587849494,1669,2.955819113051667,Power Hitters with Moderate Speed
621458-2025-117,621458,Edwin Rios,2025,Triple-A,International League,Louisville Bats,31,3,0.153208898631041,1.0407157592619398,1.58129261958268,1.4619490097814007,0.5522318326070499,-1.3115271922660428,0.8955637700886011,1670,1.9980788022645481,Power Hitters with Moderate Speed
666915-2025-117,666915,Bobby Dalbec,2025,Triple-A,International League,Omaha Storm Chasers,30,3,0.15915454251525404,1.6539031809344422,1.7611406606382645,2.1330929657817532,1.755798723997135,-1.0277558786408307,0.3325887001451288,1671,2.744392404494323,Power Hitters with Moderate Speed
677956-2025-117,677956,Rece Hinds,2025,Triple-A,International League,Louisville Bats,24,3,0.04590359722028253,-0.16344214851521333,0.427542686480687,2.23179060637004,1.4405788238711603,0.4377976713547278,-0.6110545118922478,1672,2.5060514083742547,Power Hitters with Moderate Speed
700246-2025-117,700246,Carson Williams,2025,Triple-A,International League,Durham Bulls,22,1,0.2345805932823906,0.43197172470300976,1.7743002733984294,1.6988233471932899,-0.8519295406813796,0.5098569430070728,-0.5736483803226189,1673,1.9783644733564956,Strikeout-Prone Power Hitters
683357-2025-117,683357,Owen Caissie,2025,Triple-A,International League,Iowa Cubs,22,3,0.12936234203012087,1.3117623731896384,0.7593081548043865,2.31074871884067,1.5838605966556942,-0.7270242433564428,0.06647388204094307,1674,2.3951069920535883,Power Hitters with Moderate Speed
676812-2025-117,676812,Carson McCusker,2025,Triple-A,International League,St. Paul Saints,27,3,0.06586767034814774,1.147357049987592,1.7159733443914278,1.6790838190756325,0.5808881871639567,-0.8741230052457439,0.23402067981318972,1675,2.080604690922208,Power Hitters with Moderate Speed
675455-2025-117,675455,Milan Tolentino,2025,Triple-A,International League,Columbus Clippers,23,1,0.23147267628204066,1.5250449546409426,1.807275592909045,1.4422094816637432,-0.5940223496692185,0.346094081527236,-0.8399506518043474,1676,2.0422576950409517,Strikeout-Prone Power Hitters
687478-2025-117,687478,Cam Devanney,2025,Triple-A,International League,Indianapolis Indians,28,1,0.23035165923023548,0.15203833654817456,0.21155340115244933,1.5606466503696879,0.17969922336726324,-0.8002625095023004,-0.9180068908559016,1677,1.3481244181224334,Strikeout-Prone Power Hitters
678760-2025-117,678760,Eddys Leonard,2025,Triple-A,International League,Gwinnett Stripers,24,2,0.033582193803566716,-0.5988940856449583,-0.6668078936121222,0.9487212787223079,-1.6256511137178629,-0.3745243365715257,-0.036086917519480406,1678,1.9367415468658171,Swinging Early Contact Hitters
675085-2025-117,675085,Jonathon Long,2025,Triple-A,International League,Iowa Cubs,23,3,0.21158160258948824,1.7116672134108366,-0.6865111798233189,0.49471213201618736,1.35460976020044,-1.2660061800854583,0.8352795349709173,1679,2.1300950986706146,Power Hitters with Moderate Speed
669004-2025-117,669004,MJ Melendez,2025,Triple-A,International League,Omaha Storm Chasers,26,1,0.1464182356650976,-0.18121569696948867,0.7888371886815122,1.6001257066050028,0.4949191234932379,0.39952265754266025,-0.9969760890703109,1680,1.803101790724351,Strikeout-Prone Power Hitters
687605-2025-117,687605,Andrew Pinckney,2025,Triple-A,International League,Rochester Red Wings,24,3,0.16913143740986009,0.8940839845141707,0.9445810872012209,0.27757732272195557,1.2686406965297197,0.933803244802862,0.8049343626390119,1681,1.4357551163159703,Power Hitters with Moderate Speed
666801-2025-117,666801,Rodolfo Castro,2025,Triple-A,International League,Lehigh Valley IronPigs,26,1,0.14446019561506418,0.07650075561750286,-0.10448301857832933,0.7513259975457335,-1.1384930862504474,0.13884310268170658,0.032459757314121325,1682,1.3331233019280724,Strikeout-Prone Power Hitters
687637-2025-117,687637,Dylan Beavers,2025,Triple-A,International League,Norfolk Tides,23,1,0.1571047842386012,1.3473094700981891,-0.8384810237106345,1.2448142004871694,0.8387953781761178,0.6534466060209805,-1.6206613000343013,1683,2.4990657374064473,Strikeout-Prone Power Hitters
686531-2025-117,686531,Andre Lipcius,2025,Triple-A,International League,Charlotte Knights,27,1,0.1370752342480139,-0.16788553562878364,-0.8208107886252771,1.1855956161341972,-1.6829638228316766,-1.0003917494357102,-0.9180068908559016,1684,1.9978163583759918,Strikeout-Prone Power Hitters
605353-2025-117,605353,Vimael Machín,2025,Triple-A,International League,Norfolk Tides,31,2,0.02177327619730948,-0.10123472892525061,-0.8974051343715103,0.8105445818987058,0.20835557792417,-0.2167828223468577,-0.24600401618243073,1685,1.6685049109619001,Swinging Early Contact Hitters
691788-2025-117,691788,Joe Mack,2025,Triple-A,International League,Jacksonville Jumbo Shrimp,22,1,0.23244952599174176,0.040953658708954135,0.7540789356012915,1.2053351442518545,-0.13552067675871146,-0.546871380589636,-0.5736483803226189,1686,0.9809688143164328,Strikeout-Prone Power Hitters
695020-2025-117,695020,Tanner Murray,2025,Triple-A,International League,Durham Bulls,25,2,0.1748735988761344,-1.2431852171124391,0.13433338018093435,0.21835873836898378,-0.5653659951123117,-0.8817201733045837,0.06647388204094307,1687,1.390637550759207,Swinging Early Contact Hitters
687282-2025-117,687282,Gabriel Rincones Jr.,2025,Triple-A,International League,Lehigh Valley IronPigs,24,1,0.1718715743581977,0.4541886602708535,-0.1269083395341927,0.8105445818987058,-0.8232731861244728,0.19405129828033388,0.2670368310730256,1688,1.3786540822887752,Strikeout-Prone Power Hitters
682634-2025-117,682634,Kevin Alcántara,2025,Triple-A,International League,Iowa Cubs,22,3,0.31637966440397425,0.29422672418237733,1.057642044230142,1.08689797554591,1.2686406965297197,-0.3694052625263259,0.9553145094053951,1689,1.0211050199029952,Power Hitters with Moderate Speed
666150-2025-117,666150,Dominic Fletcher,2025,Triple-A,International League,Charlotte Knights,27,1,0.17753525751102767,-0.17677230985592032,-0.6216442599838141,0.8895026943693356,-0.6513350587830321,-0.6087570932317512,-1.1985370115693785,1690,1.3435762520911898,Strikeout-Prone Power Hitters
687208-2025-117,687208,Nathan Hickey,2025,Triple-A,International League,Worcester Red Sox,25,1,0.1894256708719313,0.7696691453342414,0.675404334966129,0.5144516601338448,-0.36477151321396417,-1.2474808172734109,-0.2105614703409355,1691,1.1871542226264087,Strikeout-Prone Power Hitters
690291-2025-117,690291,Jace Jung,2025,Triple-A,International League,Toledo Mud Hens,24,1,0.21652108793675845,2.0404778598149296,0.3187230384348923,0.909242222486993,0.17969922336726324,-0.8686019239719127,-1.1985370115693785,1692,1.856945050966524,Strikeout-Prone Power Hitters
668723-2025-117,668723,Ryan Vilade,2025,Triple-A,International League,Louisville Bats,26,1,0.12007578227276922,0.2142457561381373,-0.6545189276831614,1.4619490097814007,0.5808881871639567,-0.5013254497093009,-0.6864942853119123,1693,1.8112847374132202,Strikeout-Prone Power Hitters
682868-2025-117,682868,Bryan Ramos,2025,Triple-A,International League,Charlotte Knights,23,1,0.2985859366527452,1.06737608194335,-0.16878321379810923,0.6526283569574464,-1.9695273684007435,-0.16214802427070488,-0.9573760372608738,1694,1.6449470420365464,Strikeout-Prone Power Hitters
681198-2025-117,681198,TJ Rumfield,2025,Triple-A,International League,Scranton/Wilkes-Barre RailRiders,25,1,0.0261029111768743,0.023180110254676818,-0.8029960609872624,0.27757732272195557,0.4949191234932379,-0.9988952163871797,-0.9573760372608738,1695,1.8353376276583224,Strikeout-Prone Power Hitters
668731-2025-117,668731,Akil Baddoo,2025,Triple-A,International League,Toledo Mud Hens,26,3,0.005440572723783018,-0.021253760881010563,0.19681688996879546,1.08689797554591,1.239984341972813,0.5501488042411544,-0.9180068908559016,1696,2.016766318107666,Power Hitters with Moderate Speed
650559-2025-117,650559,Bryan De La Cruz,2025,Triple-A,International League,Scranton/Wilkes-Barre RailRiders,28,1,0.08104927711225544,1.1562438242147286,0.28734941422656746,0.3960144914279002,0.32298099615179715,-0.693051727004139,-0.35346181986394026,1697,1.279683299979311,Strikeout-Prone Power Hitters
682983-2025-117,682983,Jud Fabian,2025,Triple-A,International League,Norfolk Tides,24,1,0.2622746344922311,1.5206015675273763,1.350119035488031,0.3565354351925853,-2.026840077514557,-0.7240776810063434,-0.036086917519480406,1698,2.2241304344545685,Strikeout-Prone Power Hitters
667452-2025-117,667452,Corey Julks,2025,Triple-A,International League,Charlotte Knights,29,3,0.1532841102336053,0.24979285304668797,-0.4871445014693265,0.5736702444868171,1.3832661147573468,-0.051992499870763056,-0.2816335947938824,1699,1.509893447849014,Power Hitters with Moderate Speed
671976-2025-117,671976,Tristan Peters,2025,Triple-A,International League,Durham Bulls,25,1,0.007286936663304902,-0.19898924542376403,-0.8063116443768592,0.31705637895727046,-0.16417703131561825,-0.37320221294099254,-0.9573760372608738,1700,1.490420618079192,Strikeout-Prone Power Hitters
699625-2025-117,699625,Jimmy Crooks,2025,Triple-A,International League,Memphis Redbirds,23,3,0.27143583259829557,-0.016810373767442217,0.5247899411956899,0.37627496331024274,1.1540152783020925,-1.3685926284856165,0.5571344600880327,1701,1.15654470765475,Power Hitters with Moderate Speed
690984-2025-117,690984,Petey Halpin,2025,Triple-A,International League,Columbus Clippers,23,1,0.23176581069376437,0.4097547891351661,0.8027099608357209,0.31705637895727046,0.5808881871639567,-0.3696592936033998,-1.978455707481423,1702,1.6890166598318426,Strikeout-Prone Power Hitters
689288-2025-117,689288,Matt Koperniak,2025,Triple-A,International League,Memphis Redbirds,27,2,0.286716118942091,-0.4833660206921676,-0.6691566553423259,-0.23565040833713727,-0.8232731861244728,-0.6780938930564323,0.3325887001451288,1703,0.7607859469129558,Swinging Early Contact Hitters
701678-2025-117,701678,Hao-Yu Lee,2025,Triple-A,International League,Toledo Mud Hens,22,1,0.11216878065546215,0.5830468865643512,-0.3939296482454025,0.297316850839613,-0.5653659951123117,0.05279904577923144,0.032459757314121325,1704,1.2901094322768596,Strikeout-Prone Power Hitters
805300-2025-117,805300,Jakob Marsee,2025,Triple-A,International League,Jacksonville Jumbo Shrimp,24,4,0.13249624881429653,0.6941315644035736,-0.7240322703116266,0.8500236381340207,-0.8519295406813796,2.713861507971099,-0.4994521448894528,1705,2.5688849748878595,"Fast, Aggressive Contact Hitters "
669256-2025-117,669256,Nick Solak,2025,Triple-A,International League,Indianapolis Indians,30,3,0.041918888149858384,-0.030140535108147248,-1.5731375444918194,0.23809826648664068,1.497891532984974,-0.5386126740420971,1.687474990429941,1706,2.516562750424509,Power Hitters with Moderate Speed
691185-2025-117,691185,Maximo Acosta,2025,Triple-A,International League,Jacksonville Jumbo Shrimp,22,4,0.07370920648030586,1.1429136628740255,0.5149677826144101,-0.1369527677488501,-0.7086477678968457,1.32819480684098,0.16750004834920967,1707,1.7255738677958687,"Fast, Aggressive Contact Hitters "
694208-2025-117,694208,Moisés Ballesteros,2025,Triple-A,International League,Iowa Cubs,21,2,0.22925883356350574,-1.4298074758823314,-1.6598588157864238,0.17887968213366892,0.8674517327330246,-0.9426274396903135,1.0439607212235713,1708,2.0409330971315023,Swinging Early Contact Hitters
687093-2025-117,687093,Vaughn Grissom,2025,Triple-A,International League,Worcester Red Sox,24,2,0.24270881032190142,-0.41671521398863454,-0.9559415864096167,0.4354935476632151,-0.3074588041001522,-0.5585145586947637,0.5255100955810418,1709,1.1204859379134946,Swinging Early Contact Hitters
622268-2025-117,622268,Donovan Walton,2025,Triple-A,International League,Lehigh Valley IronPigs,31,2,0.19772498406394937,0.1564817236617429,-1.6384868932040981,-0.4133061613960542,-0.6799914133399388,-0.8774603964621926,-0.5364483441874036,1710,1.5929947572392111,Swinging Early Contact Hitters
691277-2025-117,691277,Deyvison De Los Santos,2025,Triple-A,International League,Jacksonville Jumbo Shrimp,22,2,0.13706853525150223,-0.3189606974901231,-0.16493464390971516,-0.4922642738666837,-0.6513350587830321,0.1396079496373749,1.1891660913590978,1711,1.4536296882306579,Swinging Early Contact Hitters
681047-2025-117,681047,Christian Franklin,2025,Triple-A,International League,Rochester Red Wings,25,3,0.10830306972231084,0.36976430511304703,-0.4491413392504575,0.13940062589835403,0.6955136053915838,0.22230795103793075,0.3975102530239391,1712,1.2232238711230863,Power Hitters with Moderate Speed
694661-2025-117,694661,Riley Tirotta,2025,Triple-A,International League,Buffalo Bisons,26,3,0.25482744307802735,1.0140554365805259,1.028541512839492,0.020963457192409416,1.8131114331109486,-0.30908513849463254,-0.14022969397706628,1713,1.406428630862427,Power Hitters with Moderate Speed
702358-2025-117,702358,Trey Lipscomb,2025,Triple-A,International League,Rochester Red Wings,25,2,0.3505592989610846,-1.638646670220065,-0.6346264956727286,-0.0974737115135352,-0.5367096405554049,-0.24125595087588114,0.6821711719565688,1714,1.0561222380460542,Swinging Early Contact Hitters
608841-2025-117,608841,Joey Meneses,2025,Triple-A,International League,Syracuse Mets,33,2,0.2443439438385691,-1.6253165088793582,-1.3924239160571468,0.6723678850751038,-0.5940223496692185,-1.2200863850404704,-0.4994521448894528,1715,1.8709746765672701,Swinging Early Contact Hitters
640458-2025-117,640458,Óscar Mercado,2025,Triple-A,International League,Lehigh Valley IronPigs,30,4,0.09180656854474721,0.6541410803814526,-1.4810255973008735,-0.4922642738666837,-1.1384930862504474,1.7401795330375176,-1.1985370115693785,1716,2.54306763772635,"Fast, Aggressive Contact Hitters "
691002-2025-117,691002,Yohandy Morales,2025,Triple-A,International League,Rochester Red Wings,23,3,0.32528590026238735,-0.034583922221717564,1.137279788431596,0.08018204154538174,0.9820771509606517,-1.0105375795051372,1.1603737685001374,1717,1.1539365851248273,Power Hitters with Moderate Speed
682239-2025-117,682239,Luke Ritter,2025,Triple-A,International League,Syracuse Mets,28,3,0.2072467484411769,0.9651781783312722,1.3423164554403282,-0.1369527677488501,0.32298099615179715,-1.1557163603440048,0.9849927527010691,1718,1.542760882565442,Power Hitters with Moderate Speed
668843-2025-117,668843,Conner Capel,2025,Triple-A,International League,Gwinnett Stripers,28,1,0.003948791210619703,0.46307543449799216,-0.5330079017156975,-0.4527852176313691,-1.081180377136634,0.45996459486482116,-0.38966453115080063,1719,1.7723023540984382,Strikeout-Prone Power Hitters
665482-2025-117,665482,Gilberto Celestino,2025,Triple-A,International League,Syracuse Mets,26,3,0.1180521555615544,0.3519907566587717,-0.24125196548059946,-0.7488781393962304,0.8387953781761178,-0.2893758683073935,3.3575573078556022,1720,3.0598191693447885,Power Hitters with Moderate Speed
701496-2025-117,701496,Ben Cowles,2025,Triple-A,International League,Charlotte Knights,25,2,0.01798420956323072,-1.4031471532009172,0.9062652472715884,-0.2553899364547947,0.38029370526561074,0.1332578451198714,-0.9573760372608738,1721,2.329327656840857,Swinging Early Contact Hitters
668472-2025-117,668472,Nick Pratto,2025,Triple-A,International League,Omaha Storm Chasers,26,1,0.2827489061479767,1.4761676963916888,1.0221905534169748,-0.27512946457245213,-1.2531185044780746,-0.7842897811940626,-0.5736483803226189,1722,1.696716691810895,Strikeout-Prone Power Hitters
693409-2025-117,693409,César Prieto,2025,Triple-A,International League,Memphis Redbirds,26,2,0.24184301320895848,-1.189864571749613,-1.589620414950727,0.08018204154538174,0.6668572508346771,0.16740445859411268,0.16750004834920967,1723,1.5320318763854792,Swinging Early Contact Hitters
663494-2025-117,663494,Bryan Torres,2025,Triple-A,International League,Memphis Redbirds,27,4,0.046107041331918563,1.1606872113282989,-1.5608351121927801,-0.23565040833713727,1.641173305769508,0.9533167259668305,1.0439607212235713,1724,2.4975332922557754,"Fast, Aggressive Contact Hitters "
694351-2025-117,694351,Jacob Berry,2025,Triple-A,International League,Jacksonville Jumbo Shrimp,24,4,-0.019696170302675314,-0.35006440728510346,-0.7782063071017751,-0.2948689926901096,-0.04955161308799109,0.8759910819878912,-1.4063007727946546,1725,1.9922024104293878,"Fast, Aggressive Contact Hitters "
686554-2025-117,686554,Oliver Dunn,2025,Triple-A,International League,Nashville Sounds,27,3,0.0825252961077556,1.107366565965471,1.324477352354921,-0.3540875770430819,-0.19283338587252502,0.5811829914895518,1.1024181381575964,1726,1.9678116884526589,Power Hitters with Moderate Speed
663796-2025-117,663796,Coco Montes,2025,Triple-A,International League,Durham Bulls,28,1,0.08708948498736963,-0.039027309335285906,1.0365480711323924,-0.6501804988079432,-0.336115158657059,-0.6994936147660208,-0.1753040039111537,1727,1.6987233297692887,Strikeout-Prone Power Hitters
677578-2025-117,677578,Carlos Rodríguez,2025,Triple-A,International League,Gwinnett Stripers,24,2,0.27538355651673957,-0.8743840866862252,-1.7261567208053807,-1.4200220953965825,-1.1384930862504474,0.06090839817805966,-0.9573760372608738,1728,1.9039416029763,Swinging Early Contact Hitters
672279-2025-117,672279,Michael Siani,2025,Triple-A,International League,Memphis Redbirds,25,4,0.0889609829410004,0.6763580159492962,0.22030302517600356,-0.551482858219656,-1.3104312135918883,0.9373764096831394,0.49373690998719866,1729,1.804127315268743,"Fast, Aggressive Contact Hitters "
702222-2025-117,702222,Justin Crawford,2025,Triple-A,International League,Lehigh Valley IronPigs,21,4,0.07502388017964012,-0.1945458583101957,-0.8708252366277458,-0.5909619144549711,2.730114778931966,1.9603202060367149,2.70152813334487,1730,3.5734722156538075,"Fast, Aggressive Contact Hitters "
694362-2025-117,694362,Blake Dunn,2025,Triple-A,International League,Louisville Bats,26,3,0.10774404881722772,0.6763580159492962,0.14165593075385677,-0.7488781393962304,2.2429567514645505,0.5655030654744561,0.5571344600880327,1731,1.9564531300584789,Power Hitters with Moderate Speed
664731-2025-117,664731,P.J. Higgins,2025,Triple-A,International League,Louisville Bats,32,2,0.08828361716527075,0.43197172470300976,-0.8056611606035659,-0.8475757799845173,-0.8805858952382863,-1.2922492557407639,-0.5364483441874036,1732,1.8543206464716955,Swinging Early Contact Hitters
682119-2025-117,682119,Levi Jordan,2025,Triple-A,International League,Louisville Bats,29,2,0.3389984443420093,-1.163204249068201,-1.4355509845015555,-0.7686176675138878,-1.339087568148795,-0.10904037553360955,0.6821711719565688,1733,1.33359489557762,Swinging Early Contact Hitters
672463-2025-117,672463,Rafael Lantigua,2025,Triple-A,International League,Lehigh Valley IronPigs,27,2,0.264880132719332,-0.30118714903584776,-1.400551568181319,-0.9462734205728045,-1.482369340933329,0.10795542878767675,0.2670368310730256,1734,1.5034607738524592,Swinging Early Contact Hitters
701649-2025-117,701649,James Triantos,2025,Triple-A,International League,Iowa Cubs,22,4,-5.604843212422374e-4,-0.7099787634841788,-1.3444785528148078,-0.7291386112785729,-0.5367096405554049,1.1924084182071382,1.949205027040056,1735,2.270900602837481,"Fast, Aggressive Contact Hitters "
642197-2025-117,642197,Jamie Westbrook,2025,Triple-A,International League,Durham Bulls,30,2,0.31588490601176566,-0.4922527949193043,-1.1498880969125869,-0.27512946457245213,-0.13552067675871146,-1.2238765813683476,0.46181349600707255,1736,1.1052657352745547,Swinging Early Contact Hitters
694377-2025-117,694377,Nick Yorke,2025,Triple-A,International League,Indianapolis Indians,23,3,0.1448669137788688,0.831876564924206,-0.20615166118111464,-0.551482858219656,1.4405788238711603,0.22041949654722826,1.2748136179899983,1737,1.5892087925711287,Power Hitters with Moderate Speed
687627-2025-117,687627,Kody Huff,2025,Triple-A,International League,Columbus Clippers,24,3,-0.025836240400738935,0.3964246277944611,0.36787070130593763,-0.7883571956315449,-0.5653659951123117,-0.9122003049301017,0.9255052359132501,1738,2.013639954753226,Power Hitters with Moderate Speed
683021-2025-117,683021,Michael Stefanic,2025,Triple-A,International League,Buffalo Bisons,29,2,0.19993379797822747,0.36976430511304703,-2.1849369460519066,-1.0252315330434343,-0.10686432220180467,-0.5331966372872674,1.4429166450724902,1739,2.3206588131789867,Swinging Early Contact Hitters
669384-2025-117,669384,Raynel Delgado,2025,Triple-A,International League,Nashville Sounds,25,4,0.25974115637897316,-0.3856115041936522,-0.5340087071786742,-1.0054920049257767,1.1253589237451858,1.6396415593801952,0.3651275075977309,1740,1.120338745584825,"Fast, Aggressive Contact Hitters "
686765-2025-117,686765,Nick Sogard,2025,Triple-A,International League,Worcester Red Sox,27,4,0.004956049476938965,1.7249973747515397,-0.893047055282289,-0.7686176675138878,0.7528263145053974,0.1202940289597269,-0.4994521448894528,1741,2.487738670508168,"Fast, Aggressive Contact Hitters "
688005-2025-117,688005,Francisco Urbaez,2025,Triple-A,International League,Louisville Bats,27,2,0.2900604289719445,-0.9321481191626196,-2.221333844585268,0.04070298531006685,0.7814826690623042,-0.693051727004139,-0.10533664743557243,1742,1.9351212737085124,Swinging Early Contact Hitters
678391-2025-117,678391,Jorbit Vivas,2025,Triple-A,International League,Scranton/Wilkes-Barre RailRiders,24,2,0.3100554752128203,-1.5764392506301024,-2.2096219712948297,-1.0647105892787492,-0.47939693144159135,0.02655223890188308,-0.4994521448894528,1743,1.8160563539080279,Swinging Early Contact Hitters
686551-2025-117,686551,Christian Cairo,2025,Triple-A,International League,Columbus Clippers,24,4,0.21587927080091748,1.0407157592619398,0.0020020090633314125,-1.0844501173964065,0.15104286881035645,1.4945407556831845,1.4705313644613693,1744,1.6288655099967004,"Fast, Aggressive Contact Hitters "
691789-2025-118,691789,Izaac Pacheco,2025,High-A,Midwest League,West Michigan Whitecaps,22,1,0.0862967296134794,1.1784607597825763,0.9224140315272813,1.8172605158992345,0.8961080872899314,-1.3685926284856165,-0.9969760890703109,1745,2.3197966605532887,Strikeout-Prone Power Hitters
806252-2025-118,806252,Ralphy Velazquez,2025,High-A,Midwest League,Lake County Captains,20,1,0.2871977315018032,0.5830468865643512,-0.4860993356136884,1.5014280660167156,-1.1384930862504474,-1.1455672284553091,-0.8399506518043474,1746,1.6091032944673775,Strikeout-Prone Power Hitters
806263-2025-118,806263,Brandon Winokur,2025,High-A,Midwest League,Cedar Rapids Kernels,20,2,0.007794624303717673,-0.581120537190681,0.23872189344184463,0.27757732272195557,-1.0525240225797272,0.3516735165886057,0.06647388204094307,1747,1.6593029803653172,Swinging Early Contact Hitters
695372-2025-118,695372,Jake Gelof,2025,High-A,Midwest League,Great Lakes Loons,23,1,0.3182012802854575,-0.06568763201669992,0.5260516273117937,1.6198652347226603,-1.3964002772626085,0.14478390700338467,-0.7627865035882845,1748,1.5097493385703382,Strikeout-Prone Power Hitters
702488-2025-118,702488,Logan Wagner,2025,High-A,Midwest League,Great Lakes Loons,21,1,0.33422603768047,0.4364151118165781,0.48465822290228905,0.31705637895727046,-0.9952113134659135,-0.16345409608593575,-0.7245326365063858,1749,0.5747936978175666,Strikeout-Prone Power Hitters
691410-2025-118,691410,Jose Devers,2025,High-A,Midwest League,Lake County Captains,22,1,0.03576820154081354,-0.46559247223789224,0.6897203540396869,0.5341911882515022,0.007761096025822493,-0.3577009080288961,-0.0017265915630683638,1750,1.4207385162050246,Strikeout-Prone Power Hitters
702114-2025-118,702114,John Michael Faile,2025,High-A,Midwest League,Dayton Dragons,25,1,0.3084166607441076,0.8185464035834991,0.7594117086766135,0.49471213201618736,-0.5367096405554049,-1.198175525775706,-0.8399506518043474,1751,0.9897351483736955,Strikeout-Prone Power Hitters
682633-2025-118,682633,Eduardo Garcia,2025,High-A,Midwest League,Wisconsin Timber Rattlers,22,1,0.09178426694720443,0.23646269170598294,0.44663089097652503,0.6921074131927611,0.2943246415948904,1.5278032561084893,-1.7083481101487537,1752,2.2466589819817235,Strikeout-Prone Power Hitters
814307-2025-118,814307,Zyhir Hope,2025,High-A,Midwest League,Great Lakes Loons,20,3,0.012500388204922431,1.0362723721483695,0.5272595392740945,0.31705637895727046,1.239984341972813,0.48002267788414327,-0.9969760890703109,1753,1.928547892995788,Power Hitters with Moderate Speed
698916-2025-118,698916,Rosman Verdugo,2025,High-A,Midwest League,Fort Wayne TinCaps,20,1,0.2746010172539686,0.9518480169905651,1.4631067640318673,0.020963457192409416,-0.42208422232777776,-0.8009808632907238,-1.1577405763992141,1754,1.415293144226527,Strikeout-Prone Power Hitters
800543-2025-118,800543,Josue De Paula,2025,High-A,Midwest League,Great Lakes Loons,20,4,0.15055843333558522,0.9474046298769948,-0.5101796700637146,0.19861921025132637,0.17969922336726324,1.4302577379267625,-0.24600401618243073,1755,1.4480514478180726,"Fast, Aggressive Contact Hitters "
701682-2025-118,701682,Braedon Karpathios,2025,High-A,Midwest League,Fort Wayne TinCaps,22,3,0.30602979375582534,1.4761676963916888,0.6459166647162236,0.15914015401601148,0.8961080872899314,-0.4460651161153652,1.949205027040056,1756,1.7402283173774675,Power Hitters with Moderate Speed
699130-2025-118,699130,Jadher Areinamo,2025,High-A,Midwest League,Wisconsin Timber Rattlers,21,2,0.2089079163725911,-0.8521671511183815,-1.9211938088781186,0.3565354351925853,-0.07820796764489787,0.31360598195302625,-0.9969760890703109,1757,1.9299329981191233,Swinging Early Contact Hitters
822578-2025-118,822578,Brandon Butterworth,2025,High-A,Midwest League,Fort Wayne TinCaps,22,1,0.08214501369686383,-0.3944982784207909,-0.4280441149693641,0.7908050537810484,0.06507380513963607,-0.15180946883296126,-0.7245326365063858,1758,1.4000168093111205,Strikeout-Prone Power Hitters
694320-2025-118,694320,Jack Costello,2025,High-A,Midwest League,Fort Wayne TinCaps,24,2,0.23768785673606008,-1.4209207016551926,-0.9808250313549591,-0.5120038019843411,-1.7975892410593028,-0.5967899672595208,-0.9180068908559016,1759,1.8882735305175524,Swinging Early Contact Hitters
815888-2025-118,815888,Leo De Vries,2025,High-A,Midwest League,Lansing Lugnuts,18,1,0.29653259099996326,0.7252352741985539,-0.5257953995281252,0.5934097726044746,-0.42208422232777776,-0.2369944860018864,-1.4063007727946546,1760,1.1348676915132172,Strikeout-Prone Power Hitters
687543-2025-118,687543,Andrew Jenkins,2025,High-A,Midwest League,West Michigan Whitecaps,24,3,-0.023051892607135117,-0.48780940780573595,0.010107597597086678,0.06044251342772429,0.4662627689363311,-1.3685926284856165,0.032459757314121325,1761,1.6925576160895592,Power Hitters with Moderate Speed
687260-2025-118,687260,Brian Kalmer,2025,High-A,Midwest League,South Bend Cubs,24,1,0.24107713538782868,-0.25230989078659005,0.3228559100854116,0.23809826648664068,-1.482369340933329,-0.938430605896371,-2.3562767564189437,1762,2.056483800876377,Strikeout-Prone Power Hitters
807726-2025-118,807726,John Peck,2025,High-A,Midwest League,West Michigan Whitecaps,22,3,0.20524112740087716,-0.3767247299665155,0.31711803973566105,-0.07773418339587777,2.5008639424767116,0.25375315849972596,1.1024181381575964,1763,1.932900758646067,Power Hitters with Moderate Speed
694185-2025-118,694185,Danny De Andrade,2025,High-A,Midwest League,Cedar Rapids Kernels,21,2,0.08603790126017523,-0.44337553667004853,-0.011906693606687052,0.19861921025132637,-0.6226787042261253,-0.0728349453044,0.20084228637246188,1764,1.206472820324249,Swinging Early Contact Hitters
691416-2025-118,691416,Esteban González,2025,High-A,Midwest League,Lake County Captains,22,2,0.08428627894457329,-1.6253165088793582,-0.2626527320006362,0.17887968213366892,0.6382008962777702,0.7225122534098991,-0.4626575607572777,1765,1.9748228071131617,Swinging Early Contact Hitters
827294-2025-118,827294,Edgar Alvarez,2025,High-A,Midwest League,South Bend Cubs,24,3,-0.021091375519408897,0.48973575717940615,-0.30177385594450995,-0.6107014425726283,0.17969922336726324,-0.7342741063540926,0.3651275075977309,1766,1.5836963992763327,Power Hitters with Moderate Speed
814414-2025-118,814414,Kyle DeBarge,2025,High-A,Midwest League,Cedar Rapids Kernels,21,4,0.3190859484019255,0.23201930459241263,-0.16717479981405817,-0.47252474574902625,-0.2788024495432454,2.6157537195871305,-0.317452190621751,1767,1.4808413286364028,"Fast, Aggressive Contact Hitters "
814522-2025-118,814522,Caden Kendle,2025,High-A,Midwest League,Cedar Rapids Kernels,23,2,0.07221360951012626,-0.012366986653873875,-0.7703053512007134,-0.038255127160562896,-1.1384930862504474,0.10892720531126088,-0.38966453115080063,1768,1.4107785214308977,Swinging Early Contact Hitters
700931-2025-118,700931,Seth Stephenson,2025,High-A,Midwest League,West Michigan Whitecaps,24,4,0.01875216162514428,-1.8830329614663517,-1.4377958073176187,-0.2553899364547947,0.38029370526561074,1.8879790041079365,-0.5364483441874036,1769,2.5006761953970416,"Fast, Aggressive Contact Hitters "
694838-2025-118,694838,Joe Vetrano,2025,High-A,Midwest League,Great Lakes Loons,23,4,0.008976455285003678,0.04539704582252248,0.5738829403365459,-0.21591088021947982,-0.42208422232777776,0.5309231060064556,1.3313142780696945,1770,1.7249583423696402,"Fast, Aggressive Contact Hitters "
694200-2025-118,694200,Ariel Almonte,2025,High-A,Midwest League,Dayton Dragons,21,1,0.18252451817188228,-0.07013101913026826,1.7020262627425573,-0.37382710516073936,-0.9092422497951932,-1.0230350520938676,-0.35346181986394026,1771,1.9442488608264241,Strikeout-Prone Power Hitters
689931-2025-118,689931,Peyton Graham,2025,High-A,Midwest League,West Michigan Whitecaps,24,3,0.03314053763981201,0.07205736850393452,-0.4128659774517313,-0.15669229586650751,1.1540152783020925,0.26534662623582267,-0.6864942853119123,1772,1.83608527296527,Power Hitters with Moderate Speed
694183-2025-118,694183,Cristian Hernández,2025,High-A,Midwest League,South Bend Cubs,21,4,0.2623240912522946,-0.6922052150299034,-0.4247047614219129,-0.689659555043258,-0.020895258531084298,2.1744904294343055,0.23402067981318972,1773,1.0818790209988967,"Fast, Aggressive Contact Hitters "
694387-2025-118,694387,Christian Knapczyk,2025,High-A,Midwest League,Lake County Captains,23,2,0.3256452697905576,-0.9899121516390159,-0.7647911423947641,-0.7291386112785729,-0.020895258531084298,-0.35549303176656927,-0.5736483803226189,1774,0.8601690116420985,Swinging Early Contact Hitters
801978-2025-118,801978,Callan Moss,2025,High-A,Midwest League,Quad Cities River Bandits,21,3,0.11591276115411281,0.17425527211601824,-0.19110296059105414,0.0012239290747519788,0.7814826690623042,0.10382689551699006,-0.10533664743557243,1775,1.2090503284672491,Power Hitters with Moderate Speed
691948-2025-118,691948,Jordan Thompson,2025,High-A,Midwest League,Great Lakes Loons,23,2,0.08925170650690126,-0.09234795469811195,0.6234452168463471,-0.9265338924551471,-1.0238676680228203,-0.002552991574954842,0.5571344600880327,1776,1.897502207371512,Swinging Early Contact Hitters
800231-2025-118,800231,Won-Bin Cho,2025,High-A,Midwest League,Peoria Chiefs,21,4,0.2059558990741767,0.18758543345672327,0.055027858124556496,-0.8475757799845173,-0.10686432220180467,0.9969888409209664,0.9255052359132501,1777,0.8819878024982558,"Fast, Aggressive Contact Hitters "
801406-2025-118,801406,Jared Dickey,2025,High-A,Midwest League,Lansing Lugnuts,23,2,0.10332108163262817,1.1295835015333147,-1.5883492559809358,-0.2948689926901096,-0.9952113134659135,-0.5478544142763742,0.3975102530239391,1778,2.2437942985718986,Swinging Early Contact Hitters
826545-2025-118,826545,Brendan Durfee,2025,High-A,Midwest League,Fort Wayne TinCaps,23,2,0.11678495588086035,-0.8210634413233991,0.45150253188776046,-0.7488781393962304,-0.5940223496692185,-1.3685926284856165,-0.35346181986394026,1779,1.7617014824626809,Swinging Early Contact Hitters
699115-2025-118,699115,Carlos Jorge,2025,High-A,Midwest League,Dayton Dragons,21,4,0.22693915515622942,0.018736723141108472,-0.7782063071017751,-0.8870548362198322,-0.19283338587252502,1.6098191084334694,0.2670368310730256,1780,0.7998056541255129,"Fast, Aggressive Contact Hitters "
813666-2025-118,813666,Ariel Armas,2025,High-A,Midwest League,South Bend Cubs,22,2,0.31383145547332875,-1.0965534423646661,-0.8072404191082807,-0.6699200269256006,-0.8805858952382863,-0.1643406106387008,-0.6110545118922478,1781,0.9777542494984526,Swinging Early Contact Hitters
695501-2025-118,695501,Blake Burke,2025,High-A,Midwest League,Wisconsin Timber Rattlers,22,3,0.21961853362667463,1.0407157592619398,-0.04351100622830876,-0.6699200269256006,1.8417677876678553,-0.16897349368849593,1.3593882872433571,1782,1.7755468882073484,Power Hitters with Moderate Speed
695634-2025-118,695634,Jaime Ferrer,2025,High-A,Midwest League,Cedar Rapids Kernels,22,2,0.24166437238755442,-1.1409873135003554,-0.12846918627013895,-0.5120038019843411,-1.1958057953642611,-1.2018208289590493,-0.036086917519480406,1783,1.427251934026971,Swinging Early Contact Hitters
814413-2025-118,814413,Ian Petrutz,2025,High-A,Midwest League,Peoria Chiefs,22,2,0.3641143158438252,-0.923261344935483,-1.6525787601526358,-0.8673153081021747,-0.9665549589090068,-0.29452282233239085,0.4297384262845607,1784,1.110557738122086,Swinging Early Contact Hitters
672013-2025-118,672013,T.J. Schofield-Sam,2025,High-A,Midwest League,Lansing Lugnuts,24,2,0.08575543832820924,-0.9188179578219126,-0.33356005283265766,-0.551482858219656,1.2686406965297197,-1.1576363413944384,-0.317452190621751,1785,1.9696693614229832,Swinging Early Contact Hitters
691398-2025-118,691398,Yerlin Confidan,2025,High-A,Midwest League,Dayton Dragons,22,3,0.07753127101141345,-0.17232892274235198,0.7780472547837948,-1.0252315330434343,0.17969922336726324,-0.20623751077878572,1.014541112678406,1786,1.7099640960874134,Power Hitters with Moderate Speed
824028-2025-118,824028,Gage Miller,2025,High-A,Midwest League,Beloit Sky Carp,22,2,0.17236625181474338,-0.3856115041936522,-1.3776118086829285,-0.9462734205728045,-2.1128091411852776,0.6660147396623787,-0.8399506518043474,1787,2.3909816087144464,Swinging Early Contact Hitters
701481-2025-118,701481,Ryan Campos,2025,High-A,Midwest League,Peoria Chiefs,22,2,0.06297078454857764,0.9829517267855455,-0.9374343401886368,-0.8475757799845173,-0.6513350587830321,-0.0629309251113366,1.4980335999565255,1788,2.341282350203584,Swinging Early Contact Hitters
815150-2025-118,815150,Carter Frederick,2025,High-A,Midwest League,Quad Cities River Bandits,22,3,0.22824914586451575,0.4852923700658378,1.5200110648526297,-0.5712223863373137,0.9247644418468381,0.06118439370170921,0.3325887001451288,1789,1.3735933408826893,Power Hitters with Moderate Speed
806077-2025-118,806077,Kendall George,2025,High-A,Midwest League,Great Lakes Loons,20,4,0.24375083123263636,0.3120002726366527,-1.3305661307374985,-1.4397616235142399,1.1540152783020925,5.371224821972851,1.7141093029906374,1790,4.528449051589933,"Fast, Aggressive Contact Hitters "
682662-2025-118,682662,Rafael Morel,2025,High-A,Midwest League,South Bend Cubs,23,1,0.07260890906085013,-0.016810373767442217,1.2494183338779001,-1.4792406797495548,-1.5683384046040494,0.7140402998686569,-1.1985370115693785,1791,2.7571870870923574,Strikeout-Prone Power Hitters
694977-2025-118,694977,Nate Nankil,2025,High-A,Midwest League,Lansing Lugnuts,22,2,0.2272181565023682,-0.2345363423323147,-1.4634518586672778,-0.9265338924551471,0.810139023619211,-0.6996929446214266,-0.9180068908559016,1792,1.9161642657518114,Swinging Early Contact Hitters
814528-2025-118,814528,Sam Kulasingam,2025,High-A,Midwest League,Quad Cities River Bandits,23,4,0.038163811740813874,0.18758543345672327,-1.2410393446241477,-0.8870548362198322,1.0393898600744653,0.40446042283542843,1.6069357911670443,1793,2.141300921928043,"Fast, Aggressive Contact Hitters "
805075-2025-118,805075,Erick Torres,2025,High-A,Midwest League,Quad Cities River Bandits,20,2,0.26130270435410424,-1.2209682815445955,-1.2087714971518204,-1.5779383203378419,-0.9952113134659135,0.13300495320022812,0.8654889342656548,1794,1.5998906472076673,Swinging Early Contact Hitters
694193-2025-118,694193,Victor Acosta,2025,High-A,Midwest League,Dayton Dragons,21,2,0.25794389328975836,-1.189864571749613,-0.7585717917977722,-1.8345521858673886,-0.7659604770106593,-0.04131776001218664,0.5571344600880327,1795,1.525092212091874,Swinging Early Contact Hitters
822501-2025-118,822501,Jon Jon Gazdar,2025,High-A,Midwest League,Peoria Chiefs,23,2,0.17171451809374655,-1.2876190882481264,-2.240478252848484,-1.9332498264556754,0.20835557792417,0.4514250485400322,0.49373690998719866,1796,2.30640585199208,Swinging Early Contact Hitters
694187-2025-118,694187,Daniel Vazquez,2025,High-A,Midwest League,Quad Cities River Bandits,21,4,0.007907085284241982,-0.963251828957602,-0.5267750236325587,-1.1634082298670363,0.4949191234932379,0.7785456767831515,0.5255100955810418,1797,1.3450556601636288,"Fast, Aggressive Contact Hitters "
671748-2025-118,671748,Casey Yamauchi,2025,High-A,Midwest League,Lansing Lugnuts,24,2,0.2562409188274648,-2.8739082877921986,-2.5892376297603263,-1.5581987922201848,-0.5080532859984981,-0.09810117155007202,0.9553145094053951,1798,2.9983487853529796,Swinging Early Contact Hitters
800345-2025-118,800345,Juan Baez,2025,High-A,Midwest League,Wisconsin Timber Rattlers,20,2,0.26166255156346985,-1.4075905403144855,-2.0368267945943668,-2.466217085632426,-2.456685395868159,-0.8091829711204527,0.49373690998719866,1799,3.2100387438344327,Swinging Early Contact Hitters
811965-2025-118,811965,Joshua Kuroda-Grauer,2025,High-A,Midwest League,Lansing Lugnuts,22,4,0.07757930923780396,0.26756640150096334,-2.1596449119915344,-1.5581987922201848,0.5235754780501432,1.2453976112870648,0.23402067981318972,1800,2.231269275635088,"Fast, Aggressive Contact Hitters "
692044-2025-126,692044,Luis Suisbel,2025,High-A,Northwest League,Everett AquaSox,22,1,0.3274217781227534,0.31644365975022104,0.6857153071979478,1.0474189193105952,-1.8835583047300233,-0.8021264596767602,-0.7245326365063858,1801,1.5089918729866334,Strikeout-Prone Power Hitters
813860-2025-126,813860,Charlie Pagliarini,2025,High-A,Northwest League,Everett AquaSox,24,1,0.29784262376691373,0.48084898295226747,0.5305636451920718,1.5606466503696879,-1.081180377136634,-1.120589316020563,-0.2816335947938824,1802,1.4498619583658046,Strikeout-Prone Power Hitters
805126-2025-126,805126,Charlie Szykowny,2025,High-A,Northwest League,Eugene Emeralds,25,1,0.20166484880335897,0.19647220768386195,-0.7734391092106516,1.0671584474282525,-0.22148974042943181,-0.8056486032549594,-1.0368097708553274,1803,1.4386294096248224,Strikeout-Prone Power Hitters
815873-2025-126,815873,Sean Keys,2025,High-A,Northwest League,Vancouver Canadians,22,1,0.2747754956811704,0.7474522097663977,-0.19440930562207653,0.8500236381340207,-1.7689328865023968,-0.8424765526959556,-0.5736483803226189,1804,1.508416285046698,Strikeout-Prone Power Hitters
806191-2025-126,806191,Tai Peete,2025,High-A,Northwest League,Everett AquaSox,19,1,0.30833529500973833,0.9385178556498581,1.1977981199405268,0.7710655256633909,-0.8519295406813796,0.6846259907771032,-0.9180068908559016,1805,1.408024613958687,Strikeout-Prone Power Hitters
703194-2025-126,703194,Randy De Jesus,2025,High-A,Northwest League,Tri-City Dust Devils,20,1,0.28184040261615395,0.4675188216115605,1.7428952071978427,0.1196610977806966,-1.8549019501731163,-1.0474131450920572,-0.4626575607572777,1806,2.0828573207518106,Strikeout-Prone Power Hitters
701860-2025-126,701860,Carter Cunningham,2025,High-A,Northwest League,Vancouver Canadians,24,1,0.2876945140857819,1.333979308757482,1.4980216888791402,0.909242222486993,-0.2501460949863386,-0.27165942620602085,-1.4486318799747453,1807,1.5654308492530835,Strikeout-Prone Power Hitters
691269-2025-126,691269,Adrian Placencia,2025,High-A,Northwest League,Tri-City Dust Devils,22,1,0.3592785078514653,0.8096596293563624,1.1185698153498502,0.4552330757808725,-0.794616831567566,-0.752243472624865,-1.1577405763992141,1808,0.977422643436031,Strikeout-Prone Power Hitters
815067-2025-126,815067,Aidan Longwell,2025,High-A,Northwest League,Spokane Indians,23,1,0.006965857824162187,-1.0343460227747032,-0.6741272906318263,0.8302841100163633,0.09373015969654286,-0.9483672802491449,-1.4486318799747453,1809,2.1749309794411755,Strikeout-Prone Power Hitters
804446-2025-126,804446,Eddie Micheletti Jr.,2025,High-A,Northwest League,Vancouver Canadians,23,1,0.09451670657543401,0.41864156336230474,-1.3451140829381405,0.8302841100163633,-2.026840077514557,-1.1676064192460185,-0.8788659726686607,1810,2.4460327249413756,Strikeout-Prone Power Hitters
690804-2025-126,690804,Ryan Nicholson,2025,High-A,Northwest League,Tri-City Dust Devils,24,3,0.059250652393310455,0.31644365975022104,0.031901745888822,0.731586469428076,0.32298099615179715,-1.2130499011025744,0.2670368310730256,1811,1.3526716247666544,Power Hitters with Moderate Speed
687918-2025-126,687918,Braylen Wimmer,2025,High-A,Northwest League,Spokane Indians,24,2,0.02964267421764838,-2.269607640346839,-0.21019887746063912,1.0474189193105952,1.497891532984974,0.7399168522475822,0.23402067981318972,1812,3.0713210197576486,Swinging Early Contact Hitters
805796-2025-126,805796,Arjun Nimmala,2025,High-A,Northwest League,Vancouver Canadians,19,2,0.1649024794626691,-1.1809777975224744,-0.31787619701533043,0.15914015401601148,-1.3104312135918883,-0.24057627490618416,-0.426062406244488,1813,1.415987740479122,Swinging Early Contact Hitters
703430-2025-126,703430,Anthony Scull,2025,High-A,Northwest League,Tri-City Dust Devils,21,2,0.26386208861270793,-1.3676000562923665,-0.0481693093789893,-0.23565040833713727,0.12238651425344965,-0.5739954486588921,0.06647388204094307,1814,1.1243962921659325,Swinging Early Contact Hitters
800959-2025-126,800959,Nick Goodwin,2025,High-A,Northwest League,Vancouver Canadians,23,1,0.1315014249297333,0.34310398243163304,-0.880990560687409,0.21835873836898378,-1.0525240225797272,-0.3329386398114482,-1.1577405763992141,1815,1.482364135299539,Strikeout-Prone Power Hitters
702690-2025-126,702690,Cutter Coffey,2025,High-A,Northwest League,Vancouver Canadians,21,3,0.060768128747983034,-0.2478665036730217,-0.0945641266170819,0.1196610977806966,0.8387953781761178,-0.4605300934739632,-0.38966453115080063,1816,1.3943522428998303,Power Hitters with Moderate Speed
694806-2025-126,694806,Brandon Eike,2025,High-A,Northwest League,Everett AquaSox,23,1,0.07437404699285043,-0.9321481191626196,1.3029231710237787,0.23809826648664068,-0.9378986043520999,-1.2881119330016764,0.10031750918619461,1817,2.21050480571365,Strikeout-Prone Power Hitters
806068-2025-126,806068,Colt Emerson,2025,High-A,Northwest League,Everett AquaSox,19,2,0.17990405414770003,-0.32340408460369147,-1.1129358012791297,0.49471213201618736,0.12238651425344965,-0.6206850297050281,0.7130718642393058,1818,1.4051946535108835,Swinging Early Contact Hitters
691292-2025-126,691292,Angel Ortiz,2025,High-A,Northwest League,Hillsboro Hops,22,2,0.01507499580165548,-0.05235747067599291,-0.6336779913124095,0.13940062589835403,-0.10686432220180467,-0.9920940655011535,-0.6110545118922478,1819,1.4755463969831,Swinging Early Contact Hitters
813841-2025-126,813841,Jonah Cox,2025,High-A,Northwest League,Eugene Emeralds,23,4,0.2924254690027764,0.28533994995523865,-0.14066952894951315,-0.1369527677488501,0.40895005982251753,2.0423275216466727,0.588611391124948,1820,0.9265318768307853,"Fast, Aggressive Contact Hitters "
815306-2025-126,815306,Rio Foster,2025,High-A,Northwest League,Tri-City Dust Devils,22,3,0.024976237060648634,1.4761676963916888,0.34233944786643317,0.4749726038985299,1.2972970510866264,-0.6347646020400386,-0.8788659726686607,1821,1.9302130756220748,Power Hitters with Moderate Speed
676038-2025-126,676038,Skyler Messinger,2025,High-A,Northwest League,Spokane Indians,26,2,0.21936411397946254,-1.149874087727494,-0.023714898322457482,-0.39356663327839675,-0.5940223496692185,-0.0469434932631857,-0.426062406244488,1822,1.10550073692439,Swinging Early Contact Hitters
814194-2025-126,814194,Quinn McDaniel,2025,High-A,Northwest League,Eugene Emeralds,22,1,0.23042992653673003,0.20980236902456895,0.8892138260814018,-0.39356663327839675,0.06507380513963607,-0.08385137894749232,-1.3642334125424125,1823,1.4338050133501998,Strikeout-Prone Power Hitters
814154-2025-126,814154,Scott Bandura,2025,High-A,Northwest League,Eugene Emeralds,23,3,0.029480168318539175,0.19202882057029358,0.13479362985948268,-0.314608520807767,2.6441457152612453,1.1983056088975004,0.10031750918619461,1824,2.4503894242808553,Power Hitters with Moderate Speed
701783-2025-126,701783,Cole Messina,2025,High-A,Northwest League,Spokane Indians,22,2,0.2620867298871898,-0.31007392326298444,-1.0990233471166715,-0.4922642738666837,-0.22148974042943181,0.036431111113495035,-0.036086917519480406,1825,0.7534935658308979,Swinging Early Contact Hitters
700321-2025-126,700321,Andy Perez,2025,High-A,Northwest League,Spokane Indians,21,2,0.2049156881367103,-3.433775064101873,-1.069511115975713,-0.5712223863373137,0.12238651425344965,0.08219231109587219,1.7670647860507893,1826,3.118087847610319,Swinging Early Contact Hitters
800198-2025-126,800198,Cristofer Torin,2025,High-A,Northwest League,Hillsboro Hops,20,2,0.042713699421571855,1.1162533401926076,-1.467528399929448,-0.9660129486904622,0.5522318326070499,-0.13221891996769114,0.46181349600707255,1827,2.351063244547103,Swinging Early Contact Hitters
702258-2025-126,702258,Druw Jones,2025,High-A,Northwest League,Hillsboro Hops,21,4,0.051157220408767114,0.07205736850393452,-3.801524896409198e-4,-0.8475757799845173,0.5808881871639567,0.41078489167334115,0.8352795349709173,1828,1.2143809362209383,"Fast, Aggressive Contact Hitters "
800306-2025-126,800306,Jansel Luis,2025,High-A,Northwest League,Hillsboro Hops,20,2,0.1178319055581077,-1.8830329614663517,-1.1413733621245645,-0.5712223863373137,1.068046214631372,0.5917520945806262,1.014541112678406,1829,2.201196214255057,Swinging Early Contact Hitters
800194-2025-126,800194,Capri Ortiz,2025,High-A,Northwest League,Tri-City Dust Devils,20,2,0.11036874874125813,-1.96745731662416,-0.4916926957422117,-1.0844501173964065,-0.8232731861244728,1.1095970596234515,0.46181349600707255,1830,2.0206715990592086,Swinging Early Contact Hitters
823185-2025-126,823185,Zane Zielinski,2025,High-A,Northwest League,Eugene Emeralds,23,4,0.24328518098213786,-0.0479140835624226,0.3536342523771703,-1.6766359609261292,0.4949191234932379,1.1723082253201194,0.3325887001451288,1831,1.2011393192148814,"Fast, Aggressive Contact Hitters "
699232-2025-126,699232,Anderdson Rojas,2025,High-A,Northwest League,Hillsboro Hops,21,2,0.14268853402327158,-0.7899597315284188,-1.1900366881599083,-1.5779383203378419,-0.9665549589090068,0.35908767671227226,1.8717457895785798,1832,2.25637172303178,Swinging Early Contact Hitters
669899-2025-112,669899,Ryan Ward,2025,Triple-A,Pacific Coast League,Oklahoma City Comets,27,1,0.10849143076034001,0.10316107829891687,-0.7517667841721223,2.350227775075985,0.007761096025822493,-0.3336597286776695,-0.0017265915630683638,1833,2.353185907260617,Strikeout-Prone Power Hitters
694359-2025-112,694359,Niko Kavadas,2025,Triple-A,Pacific Coast League,Salt Lake Bees,26,1,0.24463770501533602,1.6316862453665986,1.2478741449881725,1.8962186283698643,-0.336115158657059,-1.2504627440884502,-1.1577405763992141,1834,2.150637076835344,Strikeout-Prone Power Hitters
669134-2025-112,669134,Luis Campusano,2025,Triple-A,Pacific Coast League,El Paso Chihuahuas,26,3,0.1988800643479528,0.8496501133784794,-0.9888305439653318,2.212051078252383,1.6698296603264147,-1.2375577626328775,1.4151885178936585,1835,2.881642897268144,Power Hitters with Moderate Speed
694376-2025-112,694376,Shay Whitcomb,2025,Triple-A,Pacific Coast League,Sugar Land Space Cowboys,26,1,0.20681367772584247,0.36976430511304703,0.37335801547801023,1.8567395721345494,0.12238651425344965,-0.19407612489238865,-0.6864942853119123,1836,1.4383934337418867,Strikeout-Prone Power Hitters
682617-2025-112,682617,Marco Luciano,2025,Triple-A,Pacific Coast League,Sacramento River Cats,23,1,0.19826858669719782,1.72944076186511,1.198913000761798,1.0079398630752803,-1.0238676680228203,-0.6465278204578769,0.13399233948451192,1837,1.8857034834847073,Strikeout-Prone Power Hitters
691021-2025-112,691021,A.J. Vukovich,2025,Triple-A,Pacific Coast League,Reno Aces,23,3,0.30749211830329426,0.263123014387395,0.6212214592418406,1.3040327848401418,1.2972970510866264,-1.237832469656344,1.633889078373057,1838,1.7365778624714452,Power Hitters with Moderate Speed
688760-2025-112,688760,Blaine Crim,2025,Triple-A,Pacific Coast League,Albuquerque Isotopes,28,1,0.14941720770612996,0.3875378535673224,-0.8203367091473773,1.2842932567224843,-0.04955161308799109,-0.9280126160910062,-0.24600401618243073,1839,1.712365367428421,Strikeout-Prone Power Hitters
669374-2025-112,669374,Keston Hiura,2025,Triple-A,Pacific Coast League,Albuquerque Isotopes,28,1,0.036637030876465304,0.43197172470300976,0.7095348115896574,1.7185628753109474,0.9247644418468381,-1.228743729593965,-0.6864942853119123,1840,2.0801562692066184,Strikeout-Prone Power Hitters
679822-2025-112,679822,Justin Foscue,2025,Triple-A,Pacific Coast League,Round Rock Express,26,1,0.08270797218328535,0.16981188500244793,-1.538058503096625,1.2842932567224843,-1.3104312135918883,-0.8903712855691107,-0.8399506518043474,1841,2.2858126914130956,Strikeout-Prone Power Hitters
683227-2025-112,683227,Cody Freeman,2025,Triple-A,Pacific Coast League,Round Rock Express,24,2,0.15473502056146773,-0.18121569696948867,-2.392673602145522,1.3040327848401418,0.4662627689363311,-0.4311318041612425,0.20084228637246188,1842,2.6108363772751697,Swinging Early Contact Hitters
682988-2025-112,682988,Tyler Locklear,2025,Triple-A,Pacific Coast League,Tacoma Rainiers,24,3,0.23129644862304738,-0.44337553667004853,-0.23169166525183812,1.521167594134373,1.8131114331109486,0.3099964810087058,1.3031230493111623,1843,2.0951316883558184,Power Hitters with Moderate Speed
666632-2025-112,666632,Yonathan Perlaza,2025,Triple-A,Pacific Coast League,El Paso Chihuahuas,26,3,0.21352314963196595,-0.2345363423323147,-0.5356686970090921,1.08689797554591,1.5552042420987875,-0.28801595324373774,1.949205027040056,1844,2.0912153271387224,Power Hitters with Moderate Speed
805672-2025-112,805672,Collin Price,2025,Triple-A,Pacific Coast League,Sugar Land Space Cowboys,25,1,0.3157043490387962,0.5786034994507809,1.1430882611978046,1.0079398630752803,-0.16417703131561825,-0.9546097504760969,-1.6643623553734188,1845,1.3852523559849075,Strikeout-Prone Power Hitters
677060-2025-112,677060,Chad Stevens,2025,Triple-A,Pacific Coast League,Salt Lake Bees,26,3,0.10755042000680196,-0.5100263433735815,-0.18755373875377593,0.8302841100163633,1.1253589237451858,-0.0388568207966786,-0.317452190621751,1846,1.62074200437352,Power Hitters with Moderate Speed
691740-2025-112,691740,Daniel Susac,2025,Triple-A,Pacific Coast League,Las Vegas Aviators,24,3,0.3005365575419884,0.30755688552308436,0.5689293221420328,1.1855956161341972,0.8674517327330246,-0.6116075952070614,1.4429166450724902,1847,1.245796976050616,Power Hitters with Moderate Speed
694514-2025-112,694514,Sterlin Thompson,2025,Triple-A,Pacific Coast League,Albuquerque Isotopes,24,3,0.2358085656871215,-0.061244244903129595,-0.4005416417959117,1.481688537899058,1.1826716328589992,-0.41078215456912703,1.4429166450724902,1848,1.8104149700195329,Power Hitters with Moderate Speed
656541-2025-112,656541,Sam Hilliard,2025,Triple-A,Pacific Coast League,Albuquerque Isotopes,31,3,0.009003792801299289,0.5297262412015251,0.455287492973805,2.5476230562525592,1.4119224693142536,-0.18603380712945528,-0.7245326365063858,1849,2.6510658095286033,Power Hitters with Moderate Speed
694728-2025-112,694728,Brice Matthews,2025,Triple-A,Pacific Coast League,Sugar Land Space Cowboys,23,4,0.01668933914207394,0.5075093056336815,0.7539194025980543,0.9882003349576227,0.9820771509606517,1.7287698414855266,-0.2816335947938824,1850,2.2060703818959633,"Fast, Aggressive Contact Hitters "
669392-2025-112,669392,Samad Taylor,2025,Triple-A,Pacific Coast League,Tacoma Rainiers,26,4,0.02374713382639201,0.8629802747191865,-0.7501621226858294,0.33679590707492785,1.0967025691882788,1.0947598871696778,0.8955637700886011,1851,1.8138422570334352,"Fast, Aggressive Contact Hitters "
695670-2025-112,695670,Harry Ford,2025,Triple-A,Pacific Coast League,Tacoma Rainiers,22,3,0.18321947264958302,1.3561962443253297,-0.6695566627985614,0.5539307163691597,0.5235754780501432,-0.6284310820766895,1.1024181381575964,1852,1.7628224777609385,Power Hitters with Moderate Speed
690976-2025-112,690976,Alex Freeland,2025,Triple-A,Pacific Coast League,Oklahoma City Comets,23,1,0.04552265190733343,1.7072238262972663,-0.2380756540091451,0.7908050537810484,0.09373015969654286,0.07102844765381991,0.16750004834920967,1853,1.8783689746421264,Strikeout-Prone Power Hitters
665923-2025-112,665923,Esteury Ruiz,2025,Triple-A,Pacific Coast League,Oklahoma City Comets,26,4,0.17848426433675121,0.5786034994507809,-0.8655873074103996,1.1658560880165396,1.239984341972813,2.9845684992251575,0.3975102530239391,1854,2.7673255974436053,"Fast, Aggressive Contact Hitters "
680769-2025-112,680769,CJ Alexander,2025,Triple-A,Pacific Coast League,Oklahoma City Comets,28,1,0.12955979206950208,0.03206688448181547,0.7033903174808452,1.3829908973107714,0.7528263145053974,-0.8444415980444109,-1.1171891663412536,1855,1.715655903800323,Strikeout-Prone Power Hitters
687529-2025-112,687529,Grant McCray,2025,Triple-A,Pacific Coast League,Sacramento River Cats,24,3,0.10115061039970064,1.3517528572117594,0.6143449164955977,0.37627496331024274,0.2943246415948904,0.4139640804413057,0.46181349600707255,1856,1.3871669109301878,Power Hitters with Moderate Speed
670097-2025-112,670097,Zack Short,2025,Triple-A,Pacific Coast League,Sugar Land Space Cowboys,30,1,0.32138112776420147,1.9649402788842578,0.3204631949193215,0.31705637895727046,-1.9695273684007435,-0.9123592769279527,-2.259820980583694,1857,2.5712623459422317,Strikeout-Prone Power Hitters
678545-2025-112,678545,Osleivis Basabe,2025,Triple-A,Pacific Coast League,Sacramento River Cats,24,2,0.32453980862224135,-1.412033927428056,-0.9320554761752327,0.297316850839613,-0.9665549589090068,-0.8498904059891433,0.5571344600880327,1858,1.3056635646114194,Swinging Early Contact Hitters
687867-2025-112,687867,Clay Dungan,2025,Triple-A,Pacific Coast League,El Paso Chihuahuas,29,3,0.18210684272672767,0.2053589819110006,-0.09575439365243124,0.5341911882515022,0.9247644418468381,0.4250505548532406,1.014541112678406,1859,1.113575438070722,Power Hitters with Moderate Speed
663536-2025-112,663536,Tristin English,2025,Triple-A,Pacific Coast League,Reno Aces,28,2,0.12151292244488712,-1.571995863516532,-1.380808929505455,0.8302841100163633,1.2686406965297197,-1.3685926284856165,0.7438317783925644,1860,2.584203925247344,Swinging Early Contact Hitters
683090-2025-112,683090,Matthew Lugo,2025,Triple-A,Pacific Coast League,Salt Lake Bees,24,3,0.34542887649741455,0.4275283375894414,1.0035989119495918,0.6723678850751038,1.2686406965297197,-0.1766162463777314,1.014541112678406,1861,0.7601343089129202,Power Hitters with Moderate Speed
665846-2025-112,665846,Jesús Bastidas,2025,Triple-A,Pacific Coast League,Sugar Land Space Cowboys,26,1,0.17716416756611983,-0.7055353763706104,0.022896436081900295,0.9684608068399653,0.4376064143794243,-0.5585145586947637,-1.5772412823642121,1862,1.8175086678504218,Strikeout-Prone Power Hitters
669386-2025-112,669386,Trevor Hauver,2025,Triple-A,Pacific Coast League,Round Rock Express,26,3,0.18126460815476805,0.9429612427634284,0.12861094251098404,0.4552330757808725,1.1540152783020925,-1.0863621756622368,0.032459757314121325,1863,1.2344095238584092,Power Hitters with Moderate Speed
669222-2025-112,669222,Nick Senzel,2025,Triple-A,Pacific Coast League,Oklahoma City Comets,30,2,0.17337123380957295,-0.7366390861655908,-0.7878005538356481,0.15914015401601148,-0.8232731861244728,-0.7673932453837105,-0.5736483803226189,1864,1.1618570498007732,Swinging Early Contact Hitters
687957-2025-112,687957,Dustin Harris,2025,Triple-A,Pacific Coast League,Round Rock Express,25,4,0.12081255265319076,0.06761398139036617,-0.9645092980417779,0.06044251342772429,0.5235754780501432,1.234702294650548,-0.9969760890703109,1865,1.7366967433525606,"Fast, Aggressive Contact Hitters "
680911-2025-112,680911,Owen Miller,2025,Triple-A,Pacific Coast League,Albuquerque Isotopes,28,2,0.3007550739769873,-0.7099787634841788,-1.179232074080017,0.08018204154538174,-0.2501460949863386,-0.25716089798359076,-0.1753040039111537,1866,0.7702735172583954,Swinging Early Contact Hitters
691728-2025-112,691728,Zac Veen,2025,Triple-A,Pacific Coast League,Albuquerque Isotopes,23,3,0.0017099996490775335,-1.1321005392732186,-0.4773563163836673,0.5934097726044746,1.0107335055175586,0.10970554816254839,1.1024181381575964,1867,1.979817281326379,Power Hitters with Moderate Speed
669722-2025-112,669722,Logan Davidson,2025,Triple-A,Pacific Coast League,Sugar Land Space Cowboys,27,3,0.30327970842409835,1.4317338252559975,0.790046273472888,-0.057994655278220335,1.0967025691882788,-0.7120156997334319,1.0732526954909305,1868,1.293872899016067,Power Hitters with Moderate Speed
689070-2025-112,689070,Spencer Packard,2025,Triple-A,Pacific Coast League,Tacoma Rainiers,27,2,0.07562670846226571,0.9740649525584089,-1.6607049626035089,-0.2553899364547947,-0.10686432220180467,-1.305526374046192,-0.2816335947938824,1869,2.3011285193671123,Swinging Early Contact Hitters
641796-2025-112,641796,Tim Locastro,2025,Triple-A,Pacific Coast League,El Paso Chihuahuas,32,2,0.09386918829023005,-1.8119387676492502,-1.1655169543169792,0.297316850839613,-0.07820796764489787,1.3009931495375946,-0.7245326365063858,1870,2.274598739174698,Swinging Early Contact Hitters
687005-2025-112,687005,Kellen Strahm,2025,Triple-A,Pacific Coast League,Round Rock Express,28,4,0.22139638484403687,0.4764055958386991,-0.342536425648266,-0.9067943643374896,-0.36477151321396417,1.2114059472161232,0.6821711719565688,1871,0.9228899295096837,"Fast, Aggressive Contact Hitters "
678489-2025-112,678489,Jorge Barrosa,2025,Triple-A,Pacific Coast League,Reno Aces,24,3,0.25140983775409453,0.6496976932678823,-0.40452950040606195,-0.21591088021947982,1.641173305769508,-0.4255239426915794,0.46181349600707255,1872,1.3546304379120169,Power Hitters with Moderate Speed
685744-2025-112,685744,Kenedy Corona,2025,Triple-A,Pacific Coast League,Sugar Land Space Cowboys,25,4,-0.03796112448818087,0.2720097886145317,0.0033648875499676903,-0.8278362518668598,-0.9092422497951932,0.24545439577962683,1.0439607212235713,1873,1.822392277335297,"Fast, Aggressive Contact Hitters "
689041-2025-112,689041,Rhylan Thomas,2025,Triple-A,Pacific Coast League,Tacoma Rainiers,25,2,0.17214790658190002,-3.0072099011992646,-2.966709298890896,-1.2226268142200083,0.5808881871639567,0.7291625506678886,0.16750004834920967,1874,3.4272629662887093,Swinging Early Contact Hitters
670148-2025-112,670148,Nate Mondou,2025,Triple-A,Pacific Coast League,El Paso Chihuahuas,30,2,0.1852668613476564,-0.48780940780573595,-1.471888526670725,-0.689659555043258,1.3259534056435331,-0.5875007604211837,-0.2816335947938824,1875,1.9349572213495787,Swinging Early Contact Hitters
664670-2025-112,664670,Alejo Lopez,2025,Triple-A,Pacific Coast League,Las Vegas Aviators,29,2,0.27128028927583603,-0.7855163444148485,-1.5731375444918194,-1.2423663423376659,-0.13552067675871146,-0.10068418342806805,0.8955637700886011,1876,1.3337044551312902,Swinging Early Contact Hitters
702789-2025-112,702789,Austin Gauthier,2025,Triple-A,Pacific Coast League,Oklahoma City Comets,26,3,0.06360760213089373,0.9962818881262525,-0.6641741356887142,-1.0449710611610916,0.4662627689363311,-0.9795698852080664,1.7141093029906374,1877,2.386308359175094,Power Hitters with Moderate Speed
687231-2025-112,687231,Darell Hernaiz,2025,Triple-A,Pacific Coast League,Las Vegas Aviators,23,2,0.293741211556509,-0.7588560217334345,-1.9384749973905397,-0.5712223863373137,0.810139023619211,-0.5387542530818517,-0.0017265915630683638,1878,1.646462777726034,Swinging Early Contact Hitters
570560-2025-112,570560,Yolmer Sánchez,2025,Triple-A,Pacific Coast League,Salt Lake Bees,33,3,0.07099899068671171,0.9296310814227214,-0.02198686836405203,-1.301584926690638,0.4949191234932379,-0.6170803077230522,0.16750004834920967,1879,1.9475560026518388,Power Hitters with Moderate Speed
642727-2025-112,642727,Sergio Alcántara,2025,Triple-A,Pacific Coast League,Reno Aces,28,3,-0.00620077727652821,1.2051210824639864,-0.5854480655155486,-1.143668701749379,0.2656682870379836,-0.8079258031239773,0.20084228637246188,1880,2.253134672393749,Power Hitters with Moderate Speed
800419-2025-116,800419,Jeral Perez,2025,High-A,South Atlantic League,Winston-Salem Dash,20,1,0.32063553724764343,0.791886080902085,-0.40071987011368354,1.1066375036635674,-1.1671494408073542,-0.6226117465797569,-0.8788659726686607,1881,1.2021947599019898,Strikeout-Prone Power Hitters
699213-2025-116,699213,Gleider Figuereo,2025,High-A,South Atlantic League,Hub City Spartanburgers,21,1,0.18679547822146617,-0.2923003748087091,0.8417450714489418,0.08018204154538174,-1.9695273684007435,-0.7694786438783906,-0.6486690352419712,1882,1.8157956578523073,Strikeout-Prone Power Hitters
691922-2025-116,691922,Javier Rivas,2025,High-A,South Atlantic League,Greensboro Grasshoppers,22,2,0.1436133515137735,-2.536210867160969,0.05651411212428253,0.9289817506046505,-0.16417703131561825,-0.9702953603140513,1.5254242642099545,1883,2.8205379677556923,Swinging Early Contact Hitters
690991-2025-116,690991,Mac Horvath,2025,High-A,South Atlantic League,Bowling Green Hot Rods,23,1,0.06397541741786301,0.46307543449799216,-0.38194924138832204,0.27757732272195557,-1.4537129863764222,1.7722988139265163,-1.4912300621525407,1884,2.536351506105404,Strikeout-Prone Power Hitters
700731-2025-116,700731,Keiner Delgado,2025,High-A,South Atlantic League,Greensboro Grasshoppers,21,1,0.09022151190817854,0.6808014030628626,-0.24797889527839806,-0.038255127160562896,-0.39342786777087096,0.17032024594696127,0.06647388204094307,1885,1.4127662715034,Strikeout-Prone Power Hitters
806223-2025-116,806223,Aidan Smith,2025,High-A,South Atlantic League,Bowling Green Hot Rods,20,4,0.03601346932076297,0.6008204350186286,1.284680490870094,0.06044251342772429,0.4662627689363311,1.671644674303646,-0.9969760890703109,1886,2.205547323973,"Fast, Aggressive Contact Hitters "
702662-2025-116,702662,Dylan Dreiling,2025,High-A,South Atlantic League,Hub City Spartanburgers,22,1,0.27084823181515233,0.9562914041041355,-0.39182284533148287,0.13940062589835403,-1.2817748590349813,-0.10325671223412165,-1.1577405763992141,1887,1.3295852088426694,Strikeout-Prone Power Hitters
801075-2025-116,801075,Walker Janek,2025,High-A,South Atlantic League,Asheville Tourists,22,4,-0.006020199350361842,-0.1945458583101957,0.5337566611536632,0.4354935476632151,0.7814826690623042,1.0373229781628208,-0.9180068908559016,1888,1.9265781693451651,"Fast, Aggressive Contact Hitters "
701062-2025-116,701062,Alec Briley,2025,High-A,South Atlantic League,Winston-Salem Dash,24,1,0.10582803328838243,-0.9499216676168949,0.5202712997479092,0.27757732272195557,-0.5940223496692185,-0.664584128320581,-0.9969760890703109,1889,1.5294860902347638,Strikeout-Prone Power Hitters
826164-2025-116,826164,Drew Vogel,2025,High-A,South Atlantic League,Asheville Tourists,23,1,0.1924099690027543,0.5297262412015251,2.3084480085987833,-0.3540875770430819,-1.1958057953642611,0.7979903105161644,-1.0368097708553274,1890,2.5050517770748026,Strikeout-Prone Power Hitters
691252-2025-116,691252,Jhon Diaz,2025,High-A,South Atlantic League,Bowling Green Hot Rods,22,2,0.18734338688173943,-1.7408445738321487,0.1332478228993722,-0.11721323963119265,-2.6286235232096,-0.04483944170440996,1.1314581376725013,1891,2.8204577236118458,Swinging Early Contact Hitters
692371-2025-116,692371,Lizandro Espinoza,2025,High-A,South Atlantic League,Rome Emperors,22,1,1.2666551638353593e-4,-1.7364011867185785,0.8308921724197249,0.020963457192409416,-1.5683384046040494,1.2483073000704246,-1.0368097708553274,1892,3.012745637199492,Strikeout-Prone Power Hitters
815697-2025-116,815697,Arturo Disla,2025,High-A,South Atlantic League,Hub City Spartanburgers,24,2,0.2047890676305152,-0.6166676340992336,-0.031213539273348634,-0.37382710516073936,-1.081180377136634,-0.7673932453837105,0.2998923191606899,1893,1.1923875307855702,Swinging Early Contact Hitters
828335-2025-116,828335,Titus Dumitru,2025,High-A,South Atlantic League,Greensboro Grasshoppers,22,4,-0.01664744189843103,0.5786034994507809,0.35692755390837905,-0.551482858219656,-0.07820796764489787,0.27144097209696044,0.7130718642393058,1894,1.4815527891591729,"Fast, Aggressive Contact Hitters "
692150-2025-116,692150,Émilien Pitre,2025,High-A,South Atlantic League,Bowling Green Hot Rods,22,2,0.1160129893686865,-0.039027309335285906,-0.4722013301035035,-0.4527852176313691,0.40895005982251753,-0.20043163676176728,0.10031750918619461,1895,1.2038173992233878,Swinging Early Contact Hitters
694214-2025-116,694214,Samuel Zavala,2025,High-A,South Atlantic League,Winston-Salem Dash,20,4,0.01514189040071045,0.6541410803814526,-0.3119225615703421,-0.6107014425726283,0.12238651425344965,0.2567101262920882,-0.35346181986394026,1896,1.509508571134438,"Fast, Aggressive Contact Hitters "
683569-2025-116,683569,Jose Colmenares,2025,High-A,South Atlantic League,Jersey Shore BlueClaws,23,1,0.04515537672141473,-0.25230989078659005,0.24430906909399744,0.17887968213366892,-0.9378986043520999,0.6651298852256738,0.032459757314121325,1897,1.6365499180946081,Strikeout-Prone Power Hitters
805168-2025-116,805168,Alejandro Nunez,2025,High-A,South Atlantic League,Asheville Tourists,20,4,0.023304716729776728,-1.4609111856773116,0.09419090697381963,-0.33434804892542447,0.810139023619211,0.9480980555966577,-0.8399506518043474,1898,2.0447982114326146,"Fast, Aggressive Contact Hitters "
815089-2025-116,815089,Coby Morales,2025,High-A,South Atlantic League,Hudson Valley Renegades,23,3,0.08385862566139637,0.8407633391513427,0.1274424866516749,-0.2948689926901096,0.35163735070870394,0.06734524954796878,0.13399233948451192,1899,1.2366134538615117,Power Hitters with Moderate Speed
694742-2025-116,694742,Josh Moylan,2025,High-A,South Atlantic League,Hudson Valley Renegades,22,3,-0.02264080995922895,0.9163009200820145,1.0377695574545212,-0.39356663327839675,0.17969922336726324,-0.618723116067117,-0.24600401618243073,1900,1.5604414859419398,Power Hitters with Moderate Speed
702501-2025-116,702501,Eli Serrano III,2025,High-A,South Atlantic League,Brooklyn Cyclones,22,2,0.11731443553895994,-0.3767247299665155,-0.5238216573159725,-0.23565040833713727,-1.3104312135918883,-0.4064725565374561,-0.4994521448894528,1901,1.3008176350524974,Swinging Early Contact Hitters
807511-2025-116,807511,Nelly Taylor,2025,High-A,South Atlantic League,Greenville Drive,22,1,0.09497583387782683,1.8405254397043325,0.7877559141217836,-0.2948689926901096,-0.16417703131561825,1.2238543067037666,-1.1985370115693785,1902,2.348011203492057,Strikeout-Prone Power Hitters
695604-2025-116,695604,T.J. White,2025,High-A,South Atlantic League,Wilmington Blue Rocks,21,2,0.020799256853946943,-0.15899876140164498,0.5552742870032821,-0.8278362518668598,-0.10686432220180467,-0.8614879237994254,-0.2816335947938824,1903,1.7568052970285912,Swinging Early Contact Hitters
808265-2025-116,808265,Franklin Arias,2025,High-A,South Atlantic League,Greenville Drive,19,2,0.30067908707683105,-3.158285063060604,-2.3528832785082248,-0.6501804988079432,-0.9665549589090068,-0.2742258790891993,0.2670368310730256,1904,2.823703523511424,Swinging Early Contact Hitters
695517-2025-116,695517,Casey Cook,2025,High-A,South Atlantic League,Hub City Spartanburgers,22,4,0.08709825965806722,0.831876564924206,-0.2952557033177766,-1.1634082298670363,-1.5969947591609561,1.1227730504368532,-0.35346181986394026,1905,2.201112325161963,"Fast, Aggressive Contact Hitters "
698945-2025-116,698945,Anderson De Los Santos,2025,High-A,South Atlantic League,Aberdeen IronBirds,21,1,0.046147928811093586,0.5830468865643512,-0.2488146118412041,-0.33434804892542447,-0.5367096405554049,0.5365035394457606,-0.38966453115080063,1906,1.5195405189681022,Strikeout-Prone Power Hitters
703198-2025-116,703198,Kenni Gomez,2025,High-A,South Atlantic League,Asheville Tourists,20,4,0.01687500262606308,-1.5097884439265694,0.669734055328349,-0.6107014425726283,-0.13552067675871146,1.0157072410574828,-0.8399506518043474,1907,2.1411878051779696,"Fast, Aggressive Contact Hitters "
698933-2025-116,698933,Ronald Hernandez,2025,High-A,South Atlantic League,Brooklyn Cyclones,21,4,0.0382412527187943,0.06317059427679783,-0.2327471634817873,-0.7093990831609155,-0.9665549589090068,0.7777457236678831,0.9849927527010691,1908,1.5106814817594778,"Fast, Aggressive Contact Hitters "
671956-2025-116,671956,Noah Myers,2025,High-A,South Atlantic League,Bowling Green Hot Rods,25,4,0.0513679606392459,1.3695264056660328,0.5591810253742219,-0.6501804988079432,1.0393898600744653,1.2661133522853194,0.6199422569912528,1909,1.7930616470807004,"Fast, Aggressive Contact Hitters "
804858-2025-116,804858,Bryan Rincon,2025,High-A,South Atlantic League,Jersey Shore BlueClaws,21,4,0.006434511498944818,1.9960439886792383,0.8814382648343483,-0.6107014425726283,-1.7689328865023968,2.3142695302369067,-0.9969760890703109,1910,3.414199090328584,"Fast, Aggressive Contact Hitters "
805801-2025-116,805801,Nazzan Zanetello,2025,High-A,South Atlantic League,Greenville Drive,20,1,0.18626191190793676,1.2362247922589666,2.2542072001614395,-0.9067943643374896,-0.8232731861244728,0.335998409353312,-1.0768798556962889,1911,2.6159625398848583,Strikeout-Prone Power Hitters
814431-2025-116,814431,Jackson Castillo,2025,High-A,South Atlantic League,Hudson Valley Renegades,22,2,0.19106464424434055,-0.6877618279163351,-0.548976418437774,-1.0647105892787492,-0.36477151321396417,0.2771070217876565,0.23402067981318972,1912,0.9085978068411652,Swinging Early Contact Hitters
701689-2025-116,701689,Vance Honeycutt,2025,High-A,South Atlantic League,Aberdeen IronBirds,22,1,0.11189387281438203,1.174017372669006,2.8674536104343122,-0.8673153081021747,-0.07820796764489787,1.303213455019495,-2.3078766245797886,1913,3.7126034399345405,Strikeout-Prone Power Hitters
823277-2025-116,823277,Cole McConnell,2025,High-A,South Atlantic League,Winston-Salem Dash,24,3,0.17008842419364795,0.6985749515171439,1.0774166833291856,-1.1634082298670363,0.12238651425344965,-0.4247825690672599,1.217836153455557,1914,1.8997397177437152,Power Hitters with Moderate Speed
806983-2025-116,806983,Yophery Rodriguez,2025,High-A,South Atlantic League,Greenville Drive,19,2,0.1588094415397694,-0.7010919892570421,-0.7525783797044507,-0.6304409706902857,-1.5110256954902357,-0.2369944860018864,-1.0768798556962889,1915,1.6900739225560855,Swinging Early Contact Hitters
694222-2025-116,694222,Ambioris Tavarez,2025,High-A,South Atlantic League,Rome Emperors,21,3,0.13111418616188594,0.9829517267855455,1.9016751851816984,-1.5779383203378419,0.6095445417208635,0.010876816509858915,1.7141093029906374,1916,2.667071210919136,Power Hitters with Moderate Speed
696264-2025-116,696264,Tyler Whitaker,2025,High-A,South Atlantic League,Asheville Tourists,22,1,0.1442451217265753,0.7163484999714173,1.7633775765717916,-0.43304568951371164,-0.07820796764489787,0.14560050412031503,-0.8399506518043474,1917,1.8542160897081812,Strikeout-Prone Power Hitters
805951-2025-116,805951,Boston Baro,2025,High-A,South Atlantic League,Brooklyn Cyclones,20,2,0.1620153124276901,-1.163204249068201,-0.4879982361654043,-1.0054920049257767,-1.081180377136634,0.7205533889571042,-0.8399506518043474,1918,1.754008007707976,Swinging Early Contact Hitters
701616-2025-116,701616,Caleb Lomavita,2025,High-A,South Atlantic League,Wilmington Blue Rocks,22,2,0.24227738255729753,-1.8385990903306622,-0.4928961570901579,-1.1831477579846936,0.810139023619211,-0.8393586785983381,0.8654889342656548,1919,1.9339325346546365,Swinging Early Contact Hitters
803172-2025-116,803172,Griff O'Ferrall,2025,High-A,South Atlantic League,Aberdeen IronBirds,22,4,0.0643990323906606,0.2142457561381373,-1.3626756305233911,-1.4792406797495548,-1.3964002772626085,1.6993281846658277,-0.9969760890703109,1920,2.568319866863562,"Fast, Aggressive Contact Hitters "
802117-2025-116,802117,Patrick Clohisy,2025,High-A,South Atlantic League,Rome Emperors,23,4,0.2633215495678575,-0.6877618279163351,-0.7429657677875116,-1.301584926690638,-0.22148974042943181,3.7997073944477955,-0.036086917519480406,1921,2.683964478587945,"Fast, Aggressive Contact Hitters "
691913-2025-116,691913,Jesus Castillo,2025,High-A,South Atlantic League,Greensboro Grasshoppers,21,4,0.010378245777186912,-0.8477237640048112,-0.14515797100379702,-2.0122079389263052,0.09373015969654286,0.5359216466733072,1.845727300815821,1922,2.3767370824898384,"Fast, Aggressive Contact Hitters "
703152-2025-116,703152,Anthony Gutierrez,2025,High-A,South Atlantic League,Hub City Spartanburgers,20,4,0.1375323044373503,-2.625078609432344,-0.4206379371541507,-1.6963754890437865,0.4949191234932379,2.9793801583521335,0.10031750918619461,1923,3.2447170853020992,"Fast, Aggressive Contact Hitters "
803745-2025-116,803745,Adrian Santana,2025,High-A,South Atlantic League,Bowling Green Hot Rods,19,4,0.08704083719611017,-1.5142318310401377,-1.8534092109434035,-1.6766359609261292,-0.5367096405554049,2.566157979847151,0.23402067981318972,1924,2.835289497115185,"Fast, Aggressive Contact Hitters "
804614-2025-116,804614,Marco Vargas,2025,High-A,South Atlantic League,Brooklyn Cyclones,20,4,0.25302379120275853,0.3964246277944611,-0.5248689984653132,-1.8148126577497312,-0.22148974042943181,1.8942674814716012,-0.317452190621751,1925,1.5701797794551957,"Fast, Aggressive Contact Hitters "
702140-2025-111,702140,Ruben Ibarra,2025,Double-A,Southern League,Chattanooga Lookouts,26,1,0.28299500844226433,1.0496025334890766,0.400140609950131,1.7777814596639196,-1.339087568148795,-1.3685926284856165,-0.24600401618243073,1926,1.9189626783421248,Strikeout-Prone Power Hitters
681230-2025-111,681230,BJ Murray,2025,Double-A,Southern League,Knoxville Smokies,25,1,0.23029288969501038,0.831876564924206,-0.6750132511649378,0.5539307163691597,-1.2817748590349813,0.21653086603458854,-0.8399506518043474,1927,1.4599204636740863,Strikeout-Prone Power Hitters
696521-2025-111,696521,Garrett Spain,2025,Double-A,Southern League,Biloxi Shuckers,24,1,0.15950159113206877,-0.7721861830741414,0.5973092015440002,0.4354935476632151,-1.74027653194549,-0.5453544140992894,-0.9180068908559016,1928,1.7641943029620593,Strikeout-Prone Power Hitters
689688-2025-111,689688,Ethan Workinger,2025,Double-A,Southern League,Columbus Clingstones,23,2,0.06531974296915183,-0.3056305361494161,-0.8264093499241267,0.2578377946042981,-1.8835583047300233,-0.31133028821608355,-0.35346181986394026,1929,1.8387436947084774,Swinging Early Contact Hitters
694580-2025-111,694580,Kemp Alderman,2025,Double-A,Southern League,Pensacola Blue Wahoos,22,3,0.016812682661243663,-1.4475810243366047,-0.1371672969352148,0.33679590707492785,0.7241699599484906,0.5624431298185993,2.562311046953195,1930,2.9129995625191745,Power Hitters with Moderate Speed
680846-2025-111,680846,Pablo Aliendo,2025,Double-A,Southern League,Knoxville Smokies,24,1,0.2161135116941728,-0.3633945686258105,1.8930292240790259,0.04070298531006685,-0.794616831567566,-1.1296163465244689,-0.8012583425989398,1931,1.9843093907194191,Strikeout-Prone Power Hitters
695692-2025-111,695692,Cooper Kinney,2025,Double-A,Southern League,Montgomery Biscuits,22,2,0.09445986495402484,-0.581120537190681,0.269227569566392,-0.07773418339587777,-0.2788024495432454,-1.3064066613357197,0.7130718642393058,1932,1.6544665433051473,Swinging Early Contact Hitters
687310-2025-111,687310,Will Simpson,2025,Double-A,Southern League,Montgomery Biscuits,23,1,0.19988962465805207,0.7296786613121243,-0.08990493937014908,-0.2948689926901096,-1.482369340933329,-0.6605152063769991,-0.7627865035882845,1933,1.447441980884228,Strikeout-Prone Power Hitters
694203-2025-111,694203,Denzer Guzman,2025,Double-A,Southern League,Rocket City Trash Pandas,21,1,0.3305264471156032,0.28533994995523865,0.08659698303782466,0.49471213201618736,-0.39342786777087096,-0.4922928967748661,-1.5772412823642121,1934,0.8737726190968055,Strikeout-Prone Power Hitters
675394-2025-111,675394,Johnny Olmstead,2025,Double-A,Southern League,Pensacola Blue Wahoos,24,2,0.08412550035183484,-0.46559247223789224,-1.0937661787454196,0.09992156966303917,-1.8835583047300233,0.3395560470701915,-0.8399506518043474,1935,2.066242131030574,Swinging Early Contact Hitters
680518-2025-111,680518,Zavier Warren,2025,Double-A,Southern League,Biloxi Shuckers,26,1,0.3082305182254715,0.7474522097663977,0.05484177740170719,-0.0974737115135352,-0.9378986043520999,-0.5317595953874226,-1.6206613000343013,1936,1.222717531673532,Strikeout-Prone Power Hitters
687554-2025-111,687554,DJ Gladney,2025,Double-A,Southern League,Birmingham Barons,23,3,0.08787081834153518,-1.2165248944310252,1.2775492613554713,-0.2948689926901096,0.2370119324810768,-0.3087636241109071,1.4980335999565255,1937,2.1723135084272815,Power Hitters with Moderate Speed
687210-2025-111,687210,Nathan Martorella,2025,Double-A,Southern League,Pensacola Blue Wahoos,24,1,0.01804506903461082,-0.34117763305796484,-0.6987605912615918,-0.2553899364547947,-2.3707163321974387,-0.6642307690530747,-1.4486318799747453,1938,2.5395519236656887,Strikeout-Prone Power Hitters
678173-2025-111,678173,David McCabe,2025,Double-A,Southern League,Columbus Clingstones,25,3,0.05847202269485599,0.5519431767693689,-0.465667498270647,0.0012239290747519788,1.0107335055175586,-1.1542532817299416,-0.4994521448894528,1939,1.7863519931270198,Power Hitters with Moderate Speed
684852-2025-111,684852,Geraldo Quintero,2025,Double-A,Southern League,Columbus Clingstones,23,4,0.07094207721984083,-0.061244244903129595,-0.2455848500872017,-0.038255127160562896,-1.7116201773885833,1.6108794145004595,-0.2816335947938824,1940,2.1317942430440397,"Fast, Aggressive Contact Hitters "
691442-2025-111,691442,Wilfred Veras,2025,Double-A,Southern League,Birmingham Barons,22,3,0.028973796341384264,-0.061244244903129595,1.0886485243636121,-0.7093990831609155,-0.47939693144159135,0.20415669099774952,1.1314581376725013,1941,2.02518473442851,Power Hitters with Moderate Speed
695481-2025-111,695481,Jay Allen II,2025,Double-A,Southern League,Chattanooga Lookouts,22,4,0.027852159041070246,-0.0745744062438366,0.1925075390663223,-0.6304409706902857,-0.5940223496692185,0.5753004578132697,-0.036086917519480406,1942,1.2812028090959626,"Fast, Aggressive Contact Hitters "
681941-2025-111,681941,Jaylen Palmer,2025,Double-A,Southern League,Knoxville Smokies,24,3,0.0760717473049457,0.44974527315728513,1.9158840552307117,-1.0844501173964065,1.899080496781669,0.96803416474509,0.13399233948451192,1943,2.5445234033297184,Power Hitters with Moderate Speed
806198-2025-111,806198,Cooper Pratt,2025,Double-A,Southern League,Biloxi Shuckers,20,2,0.1265368638416112,0.05428382004965917,-1.329720265055144,-0.7488781393962304,-1.2817748590349813,0.6921662125057221,-0.4994521448894528,1944,1.8540043853281831,Swinging Early Contact Hitters
699393-2025-111,699393,Pedro Ramírez,2025,Double-A,Southern League,Knoxville Smokies,21,4,-0.005143191982218313,0.009849948913969814,-1.3432345844384093,-0.8278362518668598,0.17969922336726324,0.6683469887851093,0.8955637700886011,1945,1.517271961882704,"Fast, Aggressive Contact Hitters "
694966-2025-111,694966,Brayden Taylor,2025,Double-A,Southern League,Montgomery Biscuits,23,1,0.2647880837402945,1.9338365690892776,0.7174458503019678,-0.6699200269256006,-2.3707163321974387,0.026998263346686577,-2.2121049552833076,1946,3.0216519553517824,Strikeout-Prone Power Hitters
814436-2025-111,814436,Ryan Galanie,2025,Double-A,Southern League,Birmingham Barons,25,2,0.3150666998158094,-0.7766295701877118,-1.2931979534744202,-0.5317433301019986,-0.47939693144159135,-0.31895622105573124,-0.6864942853119123,1947,0.9658667837833451,Swinging Early Contact Hitters
807742-2025-111,807742,Colton Ledbetter,2025,Double-A,Southern League,Montgomery Biscuits,23,4,0.17758125962708743,0.2186891432517076,0.10149621448607905,-0.6699200269256006,0.7814826690623042,1.3109438648188807,-1.1171891663412536,1948,1.5858700980670797,"Fast, Aggressive Contact Hitters "
694420-2025-111,694420,Tatem Levins,2025,Double-A,Southern League,Montgomery Biscuits,26,3,0.2505950086167392,1.871629149499313,0.3187230384348923,-0.15669229586650751,0.6668572508346771,-1.2114827133742945,1.923483893157969,1949,2.2643763673760215,Power Hitters with Moderate Speed
807751-2025-111,807751,Ethan O'Donnell,2025,Double-A,Southern League,Chattanooga Lookouts,23,3,0.03560290838505644,0.8452067262649091,0.38313996435949393,-1.143668701749379,0.06507380513963607,0.025777223004718793,1.014541112678406,1950,1.858485661162978,Power Hitters with Moderate Speed
686541-2025-111,686541,Drew Compton,2025,Double-A,Southern League,Columbus Clingstones,24,3,0.11509144355660174,0.28533994995523865,0.4600524886267726,-1.143668701749379,0.8674517327330246,-1.2296781351367938,-0.07062300038336321,1951,1.8667173325000335,Power Hitters with Moderate Speed
804645-2025-111,804645,Caden Connor,2025,Double-A,Southern League,Birmingham Barons,24,2,0.2620503388345627,0.10316107829891687,-1.3382405802196369,-1.0252315330434343,-0.07820796764489787,-0.5011567481630408,0.6199422569912528,1952,1.341023313334183,Swinging Early Contact Hitters
695490-2025-111,695490,Edwin Arroyo,2025,Double-A,Southern League,Chattanooga Lookouts,21,2,0.24778784079713553,-2.220730382097583,-1.049804825572143,-1.2226268142200083,0.7814826690623042,-0.2515292110381628,0.8955637700886011,1953,2.0848601292101434,Swinging Early Contact Hitters
691858-2025-111,691858,Jared Serna,2025,Double-A,Southern League,Pensacola Blue Wahoos,23,2,0.16384501281780503,-0.45670569801075556,-1.2300162327072415,-1.8542917139850457,-1.4250566318195155,0.36635147242614974,0.9255052359132501,1954,2.087865056863333,Swinging Early Contact Hitters
703520-2025-111,703520,Brett Bateman,2025,Double-A,Southern League,Knoxville Smokies,23,4,0.10706173529155019,1.2362247922589666,-0.4251938586586608,-2.0122079389263052,0.7814826690623042,0.5405867694187003,1.3593882872433571,1955,2.3693212226401896,"Fast, Aggressive Contact Hitters "
687144-2025-111,687144,Corey Joyce,2025,Double-A,Southern League,Knoxville Smokies,26,4,-0.017778991801865356,0.30755688552308436,-0.4062825179442003,-1.4595011516318972,1.3259534056435331,-0.03463761600199417,0.5571344600880327,1956,2.0433216946753285,"Fast, Aggressive Contact Hitters "
800325-2025-111,800325,Luis Lara,2025,Double-A,Southern League,Biloxi Shuckers,20,4,0.0865993501139975,-0.25230989078659005,-1.1666796547813196,-1.2226268142200083,0.007761096025822493,1.1276394391792457,0.6199422569912528,1957,1.2619021920722326,"Fast, Aggressive Contact Hitters "
695462-2025-111,695462,Cal Conley,2025,Double-A,Southern League,Columbus Clingstones,25,2,0.12901210984834108,-0.6566581181213527,-0.48926559667263525,-2.110905579514592,-1.8549019501731163,0.19104495980089164,1.7141093029906374,1958,2.7711852222390982,Swinging Early Contact Hitters
703185-2025-111,703185,Nelson Rada,2025,Double-A,Southern League,Rocket City Trash Pandas,19,4,0.18225733351586104,0.8585368876056161,-0.3553185029179147,-1.8345521858673886,1.5552042420987875,2.125489945905121,2.274957490107072,1959,2.875167598582975,"Fast, Aggressive Contact Hitters "
703151-2025-111,703151,William Bergolla Jr.,2025,Double-A,Southern League,Birmingham Barons,20,2,0.11200422278247572,-2.76282360995298,-3.0418791653742976,-1.992468410808648,-0.3074588041001522,1.3920966274034694,0.9255052359132501,1960,3.785629109900331,Swinging Early Contact Hitters
683344-2025-111,683344,Homer Bush Jr.,2025,Double-A,Southern League,Montgomery Biscuits,23,4,0.23192706407173014,-0.8166200542098309,-0.8766306081769707,-1.7555940733967588,1.8131114331109486,2.342674049466842,0.7744521913220743,1961,2.436374377863921,"Fast, Aggressive Contact Hitters "
807747-2025-111,807747,Rikuu Nishida,2025,Double-A,Southern League,Birmingham Barons,24,4,0.15089911486925264,1.0229422108076627,-1.5646150467700788,-2.229342748220537,0.4376064143794243,1.7052668169379717,3.0156214854528733,1962,3.5887495338168005,"Fast, Aggressive Contact Hitters "
693850-2025-109,693850,Kala'i Rosario,2025,Double-A,Texas League,Wichita Wind Surge,22,1,0.09919222455043124,1.107366565965471,0.6801887040347527,1.6396047628403176,0.35163735070870394,0.6643137796034693,-0.426062406244488,1963,1.8723151393477617,Strikeout-Prone Power Hitters
693459-2025-109,693459,Kyler Fedko,2025,Double-A,Texas League,Wichita Wind Surge,25,1,0.2600446229529855,0.831876564924206,-0.4027302291070232,1.8172605158992345,-1.1384930862504474,1.1592717090504947,-1.4063007727946546,1964,2.265943888689473,Strikeout-Prone Power Hitters
683006-2025-109,683006,Chris Newell,2025,Double-A,Texas League,Tulsa Drillers,24,1,0.1252153636085716,-0.23897972944588305,1.1940788044138269,0.7710655256633909,0.38029370526561074,-0.03421787331280373,-0.8399506518043474,1965,1.4651817297518868,Strikeout-Prone Power Hitters
692416-2025-109,692416,Christian Cerda,2025,Double-A,Texas League,Amarillo Sod Poodles,22,1,0.13115226861747883,-0.021253760881010563,-0.9511368462469949,1.264553728604827,-2.026840077514557,-1.2872724984648682,-0.9180068908559016,1966,2.367941186676724,Strikeout-Prone Power Hitters
688457-2025-109,688457,Gavin Cross,2025,Double-A,Texas League,Northwest Arkansas Naturals,24,1,0.15327554009794797,-0.6655448923484893,0.5114273497135642,0.4749726038985299,-0.42208422232777776,0.30784753900543715,-0.7245326365063858,1967,1.3492516202091778,Strikeout-Prone Power Hitters
699912-2025-109,699912,Jose Fernandez,2025,Double-A,Texas League,Amarillo Sod Poodles,21,2,0.18798731125879498,-1.203194733090318,-0.4832643448636154,0.6921074131927611,0.09373015969654286,-0.4070905864358101,-0.14022969397706628,1968,1.398116807301574,Swinging Early Contact Hitters
694673-2025-109,694673,Abimelec Ortiz,2025,Double-A,Texas League,Frisco RoughRiders,23,1,0.24889538404323647,-0.04347069644885425,-0.17257075777011419,0.9684608068399653,-0.7373041224537524,-1.0511725631175057,-0.9180068908559016,1969,1.1404468587640901,Strikeout-Prone Power Hitters
695508-2025-109,695508,Cam Cauley,2025,Double-A,Texas League,Frisco RoughRiders,22,1,0.1377040772275299,-0.6833184408027647,0.2272937962070675,0.9289817506046505,0.036417450582729285,0.7830364611803335,-0.8012583425989398,1970,1.7694957385403791,Strikeout-Prone Power Hitters
687730-2025-109,687730,Caleb Cali,2025,Double-A,Texas League,Arkansas Travelers,24,1,0.30749410570734076,1.3473094700981891,1.348335089893232,0.23809826648664068,-0.5080532859984981,-0.07040127624137218,-1.4063007727946546,1971,1.4659228097334962,Strikeout-Prone Power Hitters
680636-2025-109,680636,Ramon Mendoza,2025,Double-A,Texas League,Springfield Cardinals,24,1,0.15051840943389935,0.9696215654448385,-0.5733225257366948,0.5736702444868171,0.2370119324810768,-0.8328646930575374,-0.5364483441874036,1972,1.471446374695264,Strikeout-Prone Power Hitters
672635-2025-109,672635,Luis Mieses,2025,Double-A,Texas League,Frisco RoughRiders,25,1,0.03823155366820264,-0.26119666501372873,-0.5638574962789026,0.13940062589835403,-1.3964002772626085,-1.1507599463871405,-0.9573760372608738,1973,1.7665312269877975,Strikeout-Prone Power Hitters
694211-2025-109,694211,Manuel Pena,2025,Double-A,Texas League,Amarillo Sod Poodles,21,3,-0.0037132323485414426,-1.149874087727494,-0.15787620296546942,0.4749726038985299,0.9820771509606517,-1.104300773909123,0.4297384262845607,1974,1.897765539761643,Power Hitters with Moderate Speed
678577-2025-109,678577,Junior Perez,2025,Double-A,Texas League,Midland RockHounds,23,1,0.3411253828046024,1.4583941479374116,0.8734462555268747,0.9882003349576227,-1.6256511137178629,0.06118439370170921,-0.6486690352419712,1975,1.6186805714453083,Strikeout-Prone Power Hitters
805346-2025-109,805346,Ben Ross,2025,Double-A,Texas League,Wichita Wind Surge,24,1,0.14702630583591358,-0.20787601965090072,-0.10670970861044596,-0.07773418339587777,-1.5683384046040494,0.06193492019695867,-1.4486318799747453,1976,1.6715310781781194,Strikeout-Prone Power Hitters
701648-2025-109,701648,Aaron Zavala,2025,Double-A,Texas League,Frisco RoughRiders,25,3,0.08207508842096092,0.4275283375894414,1.0157831741403867,0.5341911882515022,0.7241699599484906,-0.5839914428763977,-0.24600401618243073,1977,1.051632840573368,Power Hitters with Moderate Speed
699024-2025-109,699024,Leo Bernal,2025,Double-A,Texas League,Springfield Cardinals,21,2,0.2461401819626366,-0.7277523119384541,-1.0444887798288491,-0.038255127160562896,-1.081180377136634,-0.29077469995634603,-0.426062406244488,1978,1.045275506889587,Swinging Early Contact Hitters
691627-2025-109,691627,Ricardo Olivar,2025,Double-A,Texas League,Wichita Wind Surge,23,1,0.11430682523565432,0.8763104360598973,-0.8384810237106345,0.0012239290747519788,-0.36477151321396417,-0.16608212967823435,-0.5736483803226189,1979,1.4902871088136749,Strikeout-Prone Power Hitters
806964-2025-109,806964,Sebastian Walcott,2025,Double-A,Texas League,Frisco RoughRiders,19,4,0.04630446377911278,-0.24342311655945337,-0.6120715332908575,-0.33434804892542447,-0.2501460949863386,0.9183349475458785,0.2670368310730256,1980,0.9124877049168162,"Fast, Aggressive Contact Hitters "
676203-2025-109,676203,Marcos Castañon,2025,Double-A,Texas League,San Antonio Missions,26,2,0.19130166958482428,-1.1720910232953377,-0.24472832626241625,0.15914015401601148,0.35163735070870394,-0.7950361921479778,0.23402067981318972,1981,1.274014357211864,Swinging Early Contact Hitters
695521-2025-109,695521,Gavin Conticello,2025,Double-A,Texas League,Amarillo Sod Poodles,22,3,0.0012634043278949311,-0.541130053168564,-0.33198441292353476,0.23809826648664068,0.7241699599484906,-0.8303697400465204,0.49373690998719866,1982,1.430785738989644,Power Hitters with Moderate Speed
694410-2025-109,694410,LuJames Groover,2025,Double-A,Texas League,Amarillo Sod Poodles,23,2,0.17292897919456568,-0.17677230985592032,-1.4504784710453673,-0.43304568951371164,1.0107335055175586,-1.0848213148604042,-0.2105614703409355,1983,1.8634873685512985,Swinging Early Contact Hitters
681377-2025-109,681377,Josh Hood,2025,Double-A,Texas League,Arkansas Travelers,24,1,0.21750769330241485,-0.27897021346800405,1.1464810071977,-0.2553899364547947,-1.1958057953642611,0.29796832219474156,-0.9573760372608738,1984,1.648518734855389,Strikeout-Prone Power Hitters
686810-2025-109,686810,Brennan Milone,2025,Double-A,Texas League,Midland RockHounds,24,1,0.28594918112599393,0.6630278546085893,-0.1265808032008548,0.23809826648664068,-0.42208422232777776,-0.8207648269268831,-0.9573760372608738,1985,0.8514676038149278,Strikeout-Prone Power Hitters
703804-2025-109,703804,Romeo Sanabria,2025,Double-A,Texas League,San Antonio Missions,23,2,0.22881833866316328,-0.3278474717172598,-0.3047691015473243,-0.5712223863373137,-0.19283338587252502,-1.0576603201176624,0.10031750918619461,1986,1.0641982062014603,Swinging Early Contact Hitters
814791-2025-109,814791,Jared Sundstrom,2025,Double-A,Texas League,Arkansas Travelers,24,4,-0.01809357115304061,-0.8477237640048112,1.0388061971757547,0.13940062589835403,-0.42208422232777776,1.0244468300898175,-0.4994521448894528,1987,2.0093400383916937,"Fast, Aggressive Contact Hitters "
694371-2025-109,694371,Tommy Troy,2025,Double-A,Texas League,Amarillo Sod Poodles,23,2,0.12499102766260403,-0.7855163444148485,-0.9428904127763966,0.5341911882515022,0.4662627689363311,0.5266594854936498,-0.0017265915630683638,1988,1.595202119236744,Swinging Early Contact Hitters
678218-2025-109,678218,Brandon Valenzuela,2025,Double-A,Texas League,San Antonio Missions,24,1,0.21048486888603238,0.40531140202159777,-0.18208376156926448,0.21835873836898378,-1.3104312135918883,-0.7085414890472407,-0.6486690352419712,1989,1.1194772229636336,Strikeout-Prone Power Hitters
680996-2025-109,680996,Luke Mann,2025,Double-A,Texas League,Midland RockHounds,25,1,0.31869486777736333,0.4941791442929745,1.109872754391528,-0.0974737115135352,-1.3964002772626085,-0.7669099361666761,-0.8788659726686607,1990,1.3711521894756031,Strikeout-Prone Power Hitters
690971-2025-109,690971,Chase Davis,2025,Double-A,Texas League,Springfield Cardinals,23,3,0.30608593214480956,0.6941315644035736,1.0228171236732346,-0.7291386112785729,0.953420796403745,-0.6817805381170062,1.2748136179899983,1991,1.3994114214626086,Power Hitters with Moderate Speed
703766-2025-109,703766,Dakota Harris,2025,Double-A,Texas League,Springfield Cardinals,23,2,0.21108577632904568,-1.8341557032170939,-1.0006767413159376,-0.7883571956315449,-0.2501460949863386,0.4720255395065251,1.217836153455557,1992,1.6936357681138594,Swinging Early Contact Hitters
692405-2025-109,692405,Jeremy Rivas,2025,Double-A,Texas League,Springfield Cardinals,22,1,0.0023059902949051792,-0.43448876244291185,0.7226751751181354,-0.6501804988079432,-1.1384930862504474,0.4353026048402418,-0.2105614703409355,1993,1.9699133864801266,Strikeout-Prone Power Hitters
681134-2025-109,681134,Caleb Roberts,2025,Double-A,Texas League,Amarillo Sod Poodles,25,1,0.1585261196423877,0.18314204634315492,0.043324360029549154,0.04070298531006685,-0.47939693144159135,-0.5933012351319152,-0.4626575607572777,1994,0.8773036255183962,Strikeout-Prone Power Hitters
689531-2025-109,689531,Brett Squires,2025,Double-A,Texas League,Northwest Arkansas Naturals,25,3,0.06725433586150303,-0.13678182583379933,0.6073574617695767,0.297316850839613,0.6095445417208635,-0.015130629249914956,-0.24600401618243073,1995,1.1035605798111026,Power Hitters with Moderate Speed
686438-2025-109,686438,Rubel Cespedes,2025,Double-A,Texas League,Wichita Wind Surge,24,2,0.2439961983394404,-0.46559247223789224,-1.0590392997333462,0.04070298531006685,-0.9952113134659135,-1.2122702350518995,0.16750004834920967,1996,1.2773031120222984,Swinging Early Contact Hitters
677049-2025-109,677049,Josh Hatcher,2025,Double-A,Texas League,Frisco RoughRiders,26,2,0.12605392959856396,-1.7097408640371665,0.7997189518038912,-0.7291386112785729,-0.22148974042943181,-0.14863582317413024,1.4980335999565255,1997,2.308712870329102,Swinging Early Contact Hitters
672696-2025-109,672696,Francisco Acuna,2025,Double-A,Texas League,San Antonio Missions,25,4,0.013288884567865032,0.6274807577000386,-0.17722155962747674,-0.8278362518668598,0.17969922336726324,0.533597627014256,-0.9969760890703109,1998,1.71961912309721,"Fast, Aggressive Contact Hitters "
686638-2025-109,686638,Hunter Fitz-Gerald,2025,Double-A,Texas League,Arkansas Travelers,24,3,0.3024447393602836,0.0942743040717782,0.8208824810845081,-0.15669229586650751,1.0107335055175586,-0.44448791542087235,1.8976643990600028,1999,1.4262337590357255,Power Hitters with Moderate Speed
814299-2025-109,814299,Pascanel Ferreras,2025,Double-A,Texas League,Corpus Christi Hooks,23,2,0.03946232310300775,-0.26119666501372873,0.18727223087210587,-0.4922642738666837,0.12238651425344965,-0.024149440177365478,0.5571344600880327,2000,1.3849763118174063,Swinging Early Contact Hitters
664332-2025-109,664332,Moisés Gómez,2025,Double-A,Texas League,San Antonio Missions,26,1,0.26513381414863446,0.8896405974006004,0.9040270235355252,-0.314608520807767,0.15104286881035645,-0.6739925973913495,-2.3078766245797886,2001,2.0110576028624574,Strikeout-Prone Power Hitters
687981-2025-109,687981,John Rhodes,2025,Double-A,Texas League,Tulsa Drillers,24,1,0.13974235003181074,0.778555919561382,0.41060734768830764,-1.104189645514064,-1.5396820500471426,-0.5102012226304079,-0.6864942853119123,2002,2.0116104680773104,Strikeout-Prone Power Hitters
811289-2025-109,811289,Spencer Nivens,2025,Double-A,Texas League,Northwest Arkansas Naturals,23,1,0.0058374563062723065,0.6319241448136089,-0.3502404194045745,-1.0252315330434343,0.007761096025822493,-0.355769543629392,-0.7627865035882845,2003,1.9004215549477779,Strikeout-Prone Power Hitters
668776-2025-109,668776,Devin Ortiz,2025,Double-A,Texas League,San Antonio Missions,26,2,0.17901560884761814,0.009849948913969814,-0.8300909835178502,-1.4397616235142399,-0.5367096405554049,-0.048646217851653885,0.588611391124948,2004,1.3976947923341314,Swinging Early Contact Hitters
681036-2025-109,681036,Anthony Vilar,2025,Double-A,Texas League,San Antonio Missions,26,1,0.19654763263550645,1.0851496303976274,0.5130329202237254,-0.7883571956315449,-0.8805858952382863,-0.08897714388574783,-0.317452190621751,2005,1.6617325643309078,Strikeout-Prone Power Hitters
669413-2025-109,669413,Frainyer Chavez,2025,Double-A,Texas League,Frisco RoughRiders,26,4,7.998634444671973e-4,0.8985273716277411,-0.2508808417025626,-1.3608035110436103,0.32298099615179715,-0.20623751077878572,0.23402067981318972,2006,1.9953911884602684,"Fast, Aggressive Contact Hitters "
815039-2025-109,815039,Dustin Dickerson,2025,Double-A,Texas League,Northwest Arkansas Naturals,24,1,0.037335253150427745,2.3781752804461633,0.1363066345498831,-1.5187197359848696,-0.9665549589090068,0.7112613956839403,-0.8788659726686607,2007,3.073885759650722,Strikeout-Prone Power Hitters
690985-2025-109,690985,Colby Halter,2025,Double-A,Texas League,Midland RockHounds,23,3,0.17771235006164562,0.618593983472902,0.5788764328570819,-0.0974737115135352,2.300269460578364,0.6184648276000276,-0.0017265915630683638,2008,1.805200170962125,Power Hitters with Moderate Speed
683169-2025-109,683169,Sean McLain,2025,Double-A,Texas League,Tulsa Drillers,24,1,0.05126567077988333,0.5119526927472499,-0.27249413617248724,-1.301584926690638,-1.6543074682747696,-0.32080363342633544,-1.3224265329706908,2009,2.3610032373911047,Strikeout-Prone Power Hitters
681098-2025-109,681098,Bill Knight,2025,Double-A,Texas League,Arkansas Travelers,25,4,0.1517559519740038,-0.8921576351405005,-0.4250475623170493,-1.538459264102527,0.036417450582729285,1.4780741739247008,0.49373690998719866,2010,1.2971911209248632,"Fast, Aggressive Contact Hitters "
805834-2025-109,805834,Javi Vaz,2025,Double-A,Texas League,Northwest Arkansas Naturals,24,2,0.16080483634739032,0.06761398139036617,-2.3104191577034334,-1.538459264102527,-0.9665549589090068,0.4435666001697765,-0.4626575607572777,2011,2.336392916978106,Swinging Early Contact Hitters
691558-2025-109,691558,Yeiner Fernandez,2025,Double-A,Texas League,Tulsa Drillers,22,2,0.31916202907575675,-0.3856115041936522,-1.9997992567299818,-1.9135102983380181,-0.8805858952382863,-1.0876335012445388,0.032459757314121325,2012,2.1063537994667807,Swinging Early Contact Hitters
677601-2025-109,677601,Keyber Rodriguez,2025,Double-A,Texas League,Frisco RoughRiders,24,2,0.23466665658045008,-0.7410824732791591,-0.7178458512089773,-1.6371569046908143,-0.10686432220180467,-0.16041138646916586,-0.7245326365063858,2013,1.4916385229543663,Swinging Early Contact Hitters
805891-2025-109,805891,Taylor Young,2025,Double-A,Texas League,Tulsa Drillers,26,4,0.12974800388584842,0.831876564924206,-1.2240240416825976,-1.8148126577497312,-0.8805858952382863,1.3811031465159957,0.06647388204094307,2014,2.11006009844514,"Fast, Aggressive Contact Hitters "
687625-2025-109,687625,Kai Murphy,2025,Double-A,Texas League,San Antonio Missions,24,2,0.20952630082189555,-0.7632994088470048,-0.8345553408763676,-2.0714265232792775,-1.1671494408073542,-0.15810747404961747,1.2748136179899983,2015,2.102725544981022,Swinging Early Contact Hitters
800683-2025-109,800683,Blake Rambusch,2025,Double-A,Texas League,Arkansas Travelers,25,4,0.1710323207156132,0.2009155947974303,-1.2738522357501185,-1.6963754890437865,0.12238651425344965,1.4374090250478861,1.1891660913590978,2016,1.7633433810391816,"Fast, Aggressive Contact Hitters "
